{
    "output_file": "/scratch/40840318/tmpgshpkd5e",
    "model": "C",
    "likelihood": -68.51398,
    "criteria": 0.00032,
    "params_mle": {
        "eps": 4.49947e-06,
        "eps_cont": 0,
        "lambda": 0,
        "theta_bar": 0.0007116434,
        "a": -1,
        "S_d": -27.56766,
        "b": 0.1351927,
        "p_b": 0.0009292512,
        "S_b": 0.007920446,
        "r": [
            0.742239,
            0.8485021,
            0.8438759,
            0.7173425,
            0.7509971,
            0.6755119,
            0.9235879,
            1.164484
        ]
    },
    "n": 10,
    "expec": [
        {
            "E[P_z(1)]": 0.0007116406,
            "E[P_z(2)]": 0.0002641039,
            "E[P_z(3)]": 0.0002012764,
            "E[P_z(4)]": 0.0001501344,
            "E[P_z(5)]": 0.0001020984,
            "E[P_z(6)]": 8.9074e-05,
            "E[P_z(7)]": 6.86754e-05,
            "E[P_z(8)]": 8.2159e-05,
            "E[P_z(9)]": 9.20802e-05,
            "E[D_z]": null,
            "E[mis_z]": null
        },
        {
            "E[P_z(1)]": 0.0005169928,
            "E[P_z(2)]": 0.0001720429,
            "E[P_z(3)]": 0.0001238547,
            "E[P_z(4)]": 8.89914e-05,
            "E[P_z(5)]": 5.88654e-05,
            "E[P_z(6)]": 5.02419e-05,
            "E[P_z(7)]": 3.80387e-05,
            "E[P_z(8)]": 4.48063e-05,
            "E[P_z(9)]": 4.9541e-05,
            "E[D_z]": null,
            "E[mis_z]": null
        }
    ],
    "alpha": 0.002740833519250323,
    "execution_time": 279.63202929496765
}