{
    "py/object": "fastdfe.polydfe.PolyDFE",
    "logger": {
        "py/reduce": [
            {
                "py/function": "logging.getLogger"
            },
            {
                "py/tuple": [
                    "fastdfe.PolyDFE"
                ]
            }
        ]
    },
    "bootstraps": null,
    "config": {
        "py/object": "fastdfe.config.Config",
        "data": {
            "model": "GammaExpParametrization",
            "intervals_del": {
                "py/tuple": [
                    -100000000.0,
                    -1e-05,
                    1000
                ]
            },
            "intervals_ben": {
                "py/tuple": [
                    1e-05,
                    10000.0,
                    1000
                ]
            },
            "integration_mode": "midpoint",
            "linearized": true,
            "seed": 0,
            "opts_mle": {},
            "n_runs": 10,
            "x0": {
                "all": {
                    "S_b": 0.03800569,
                    "S_d": -68.01433,
                    "a": -1,
                    "b": 0.1127644,
                    "eps": 4.49744e-06,
                    "eps_cont": 0,
                    "lambda": 0,
                    "p_b": 0.003905648,
                    "r": [
                        0.5669393,
                        0.5649833,
                        0.5475162,
                        0.4995644,
                        0.5648594,
                        0.6039999,
                        0.4662727,
                        0.5802472,
                        0.5323765,
                        0.5838853,
                        0.5587549,
                        0.5490204,
                        0.5681745,
                        0.5012596,
                        0.6027202,
                        0.6738647,
                        0.7739941,
                        1.427315
                    ],
                    "theta_bar": 0.0008503307
                }
            },
            "bounds": {},
            "scales": {},
            "fixed_params": {},
            "shared_params": [],
            "covariates": [],
            "sfs_neut": {
                "py/object": "fastdfe.spectrum.Spectra",
                "data": {
                    "all": [
                        1040416.81958835,
                        903.0,
                        235.0,
                        199.0,
                        109.0,
                        85.0,
                        75.0,
                        73.0,
                        68.0,
                        59.0,
                        35.0,
                        65.0,
                        41.0,
                        37.0,
                        27.0,
                        24.0,
                        35.0,
                        40.0,
                        38.0,
                        55.0,
                        0.0
                    ]
                }
            },
            "sfs_sel": {
                "py/object": "fastdfe.spectrum.Spectra",
                "data": {
                    "all": [
                        2843078.18041165,
                        1785.0,
                        450.0,
                        285.0,
                        234.0,
                        123.0,
                        139.0,
                        103.0,
                        82.0,
                        93.0,
                        66.0,
                        57.0,
                        58.0,
                        52.0,
                        68.0,
                        50.0,
                        38.0,
                        42.0,
                        47.0,
                        89.0,
                        0.0
                    ]
                }
            },
            "do_bootstrap": false,
            "n_bootstraps": 10,
            "parallelize": false,
            "loss_type": "likelihood"
        }
    },
    "output_file": null,
    "execution_time": 447.7969756126404,
    "summary": {
        "py/object": "fastdfe.polydfe.PolyDFEResult",
        "output_file": "results/polydfe/hgdp/inference/1/opts.n.20.config.default/bootstraps/92/all.polydfe.txt",
        "postprocessing_source": "../resources/polydfe/postprocessing/script.R",
        "data": {
            "output_file": "/scratch/40841263/tmpdlslst02",
            "model": "C",
            "likelihood": -137.2862,
            "criteria": 8e-05,
            "params_mle": {
                "eps": 4.49817e-06,
                "eps_cont": 0,
                "lambda": 0,
                "theta_bar": 0.0008624473,
                "a": -1,
                "S_d": -60.52816,
                "b": 0.1220545,
                "p_b": 0.00390231,
                "S_b": 0.03800225,
                "r": [
                    0.5453259,
                    0.598015,
                    0.5776214,
                    0.4449135,
                    0.5561995,
                    0.5391642,
                    0.5297126,
                    0.6083986,
                    0.4521475,
                    0.6043106,
                    0.5378059,
                    0.5263072,
                    0.6076914,
                    0.5092539,
                    0.5379133,
                    0.6442817,
                    0.7095069,
                    1.272697
                ]
            },
            "n": 20,
            "expec": [
                {
                    "E[P_z(1)]": 0.0008624437,
                    "E[P_z(2)]": 0.0002351565,
                    "E[P_z(3)]": 0.0001719182,
                    "E[P_z(4)]": 0.0001245416,
                    "E[P_z(5)]": 7.67427e-05,
                    "E[P_z(6)]": 7.99486e-05,
                    "E[P_z(7)]": 6.64285e-05,
                    "E[P_z(8)]": 5.71061e-05,
                    "E[P_z(9)]": 5.83013e-05,
                    "E[P_z(10)]": 3.89953e-05,
                    "E[P_z(11)]": 4.73806e-05,
                    "E[P_z(12)]": 3.86525e-05,
                    "E[P_z(13)]": 3.49165e-05,
                    "E[P_z(14)]": 3.7436e-05,
                    "E[P_z(15)]": 2.92805e-05,
                    "E[P_z(16)]": 2.89955e-05,
                    "E[P_z(17)]": 3.26865e-05,
                    "E[P_z(18)]": 3.3996e-05,
                    "E[P_z(19)]": 5.77739e-05,
                    "E[D_z]": null,
                    "E[mis_z]": null
                },
                {
                    "E[P_z(1)]": 0.0006283188,
                    "E[P_z(2)]": 0.0001544912,
                    "E[P_z(3)]": 0.0001070469,
                    "E[P_z(4)]": 7.48705e-05,
                    "E[P_z(5)]": 4.49569e-05,
                    "E[P_z(6)]": 4.58892e-05,
                    "E[P_z(7)]": 3.74933e-05,
                    "E[P_z(8)]": 3.17745e-05,
                    "E[P_z(9)]": 3.20393e-05,
                    "E[P_z(10)]": 2.11956e-05,
                    "E[P_z(11)]": 2.55011e-05,
                    "E[P_z(12)]": 2.06188e-05,
                    "E[P_z(13)]": 1.84745e-05,
                    "E[P_z(14)]": 1.96593e-05,
                    "E[P_z(15)]": 1.52696e-05,
                    "E[P_z(16)]": 1.5023e-05,
                    "E[P_z(17)]": 1.68325e-05,
                    "E[P_z(18)]": 1.74068e-05,
                    "E[P_z(19)]": 2.94224e-05,
                    "E[D_z]": null,
                    "E[mis_z]": null
                }
            ],
            "alpha": 0.008964039180461758,
            "execution_time": 447.7969756126404
        }
    }
}