{
    "output_file": "/scratch/40840469/tmpn_os9p37",
    "model": "C",
    "likelihood": -69.57838,
    "criteria": 9e-05,
    "params_mle": {
        "eps": 4.50048e-06,
        "eps_cont": 0,
        "lambda": 0,
        "theta_bar": 0.0007097601,
        "a": -1,
        "S_d": -13.62153,
        "b": 0.184263,
        "p_b": 0.0009290968,
        "S_b": 0.0079203,
        "r": [
            0.784631,
            0.7834671,
            0.9108331,
            0.8351502,
            0.8460304,
            0.8230173,
            0.8622173,
            0.9321787
        ]
    },
    "n": 10,
    "expec": [
        {
            "E[P_z(1)]": 0.0007097573,
            "E[P_z(2)]": 0.000278449,
            "E[P_z(3)]": 0.0001853575,
            "E[P_z(4)]": 0.000161618,
            "E[P_z(5)]": 0.0001185513,
            "E[P_z(6)]": 0.0001000801,
            "E[P_z(7)]": 8.34497e-05,
            "E[P_z(8)]": 7.64968e-05,
            "E[P_z(9)]": 7.35166e-05,
            "E[D_z]": null,
            "E[mis_z]": null
        },
        {
            "E[P_z(1)]": 0.0005332493,
            "E[P_z(2)]": 0.0001843821,
            "E[P_z(3)]": 0.0001141947,
            "E[P_z(4)]": 9.48243e-05,
            "E[P_z(5)]": 6.70592e-05,
            "E[P_z(6)]": 5.49854e-05,
            "E[P_z(7)]": 4.47517e-05,
            "E[P_z(8)]": 4.01817e-05,
            "E[P_z(9)]": 3.79229e-05,
            "E[D_z]": null,
            "E[mis_z]": null
        }
    ],
    "alpha": 0.00286328313303608,
    "execution_time": 37.620455265045166
}