{
    "py/object": "fastdfe.polydfe.PolyDFE",
    "logger": {
        "py/reduce": [
            {
                "py/function": "logging.getLogger"
            },
            {
                "py/tuple": [
                    "fastdfe.PolyDFE"
                ]
            }
        ]
    },
    "bootstraps": null,
    "config": {
        "py/object": "fastdfe.config.Config",
        "data": {
            "model": "GammaExpParametrization",
            "intervals_del": {
                "py/tuple": [
                    -100000000.0,
                    -1e-05,
                    1000
                ]
            },
            "intervals_ben": {
                "py/tuple": [
                    1e-05,
                    10000.0,
                    1000
                ]
            },
            "integration_mode": "midpoint",
            "linearized": true,
            "seed": 0,
            "opts_mle": {},
            "n_runs": 10,
            "x0": {
                "all": {
                    "S_b": 0.1083917,
                    "S_d": -45.46375,
                    "a": -1,
                    "b": 0.1287808,
                    "eps": 4.50268e-06,
                    "eps_cont": 0,
                    "lambda": 0,
                    "p_b": 0.009184894,
                    "r": [
                        0.5642878,
                        0.496756,
                        0.4953868,
                        0.4840476,
                        0.4906511,
                        0.4906073,
                        0.5437098,
                        0.5553355,
                        0.5124802,
                        0.5092361,
                        0.6175192,
                        0.5977393,
                        0.4504409,
                        0.522028,
                        0.3860458,
                        0.4756257,
                        0.5506624,
                        0.3834732,
                        0.531485,
                        0.4975372,
                        0.5880576,
                        0.5381713,
                        0.7063446,
                        0.5665509,
                        0.6574706,
                        0.6611074,
                        0.9643355,
                        1.73894
                    ],
                    "theta_bar": 0.0009259123
                }
            },
            "bounds": {},
            "scales": {},
            "fixed_params": {},
            "shared_params": [],
            "covariates": [],
            "sfs_neut": {
                "py/object": "fastdfe.spectrum.Spectra",
                "data": {
                    "all": [
                        1037577.3337252,
                        921.0,
                        287.0,
                        151.0,
                        112.0,
                        92.0,
                        77.0,
                        71.0,
                        51.0,
                        53.0,
                        50.0,
                        56.0,
                        49.0,
                        48.0,
                        28.0,
                        37.0,
                        27.0,
                        33.0,
                        41.0,
                        14.0,
                        24.0,
                        26.0,
                        31.0,
                        18.0,
                        21.0,
                        24.0,
                        24.0,
                        33.0,
                        26.0,
                        47.0,
                        0.0
                    ]
                }
            },
            "sfs_sel": {
                "py/object": "fastdfe.spectrum.Spectra",
                "data": {
                    "all": [
                        2845019.6662748,
                        1965.0,
                        496.0,
                        292.0,
                        208.0,
                        143.0,
                        118.0,
                        99.0,
                        100.0,
                        97.0,
                        75.0,
                        76.0,
                        77.0,
                        74.0,
                        49.0,
                        51.0,
                        42.0,
                        23.0,
                        38.0,
                        35.0,
                        35.0,
                        47.0,
                        49.0,
                        25.0,
                        47.0,
                        20.0,
                        45.0,
                        35.0,
                        44.0,
                        85.0,
                        0.0
                    ]
                }
            },
            "do_bootstrap": false,
            "n_bootstraps": 10,
            "parallelize": false,
            "loss_type": "likelihood"
        }
    },
    "output_file": null,
    "execution_time": 1036.700747013092,
    "summary": {
        "py/object": "fastdfe.polydfe.PolyDFEResult",
        "output_file": "results/polydfe/hgdp/inference/1/opts.n.30.config.default/bootstraps/87/all.polydfe.txt",
        "postprocessing_source": "../resources/polydfe/postprocessing/script.R",
        "data": {
            "output_file": "/scratch/40841679/tmpwuj5lp9c",
            "model": "C",
            "likelihood": -189.0837,
            "criteria": 0.00019,
            "params_mle": {
                "eps": 4.5078e-06,
                "eps_cont": 0,
                "lambda": 0,
                "theta_bar": 0.0008978543,
                "a": -1,
                "S_d": -59.31853,
                "b": 0.1192218,
                "p_b": 0.009471984,
                "S_b": 0.110678,
                "r": [
                    0.5788542,
                    0.5081207,
                    0.5002908,
                    0.4666751,
                    0.4705807,
                    0.4835817,
                    0.4951841,
                    0.5575579,
                    0.5196741,
                    0.6072114,
                    0.6356608,
                    0.6699911,
                    0.4574091,
                    0.5623982,
                    0.4721384,
                    0.4085769,
                    0.612315,
                    0.4021378,
                    0.5111966,
                    0.6659717,
                    0.7666219,
                    0.4318648,
                    0.7143683,
                    0.482597,
                    0.7888089,
                    0.8089793,
                    0.8653706,
                    1.693232
                ]
            },
            "n": 30,
            "expec": [
                {
                    "E[P_z(1)]": 0.0008978505,
                    "E[P_z(2)]": 0.0002598623,
                    "E[P_z(3)]": 0.0001520722,
                    "E[P_z(4)]": 0.0001122967,
                    "E[P_z(5)]": 8.3801e-05,
                    "E[P_z(6)]": 7.04186e-05,
                    "E[P_z(7)]": 6.20264e-05,
                    "E[P_z(8)]": 5.55753e-05,
                    "E[P_z(9)]": 5.56227e-05,
                    "E[P_z(10)]": 4.66591e-05,
                    "E[P_z(11)]": 4.95623e-05,
                    "E[P_z(12)]": 4.75608e-05,
                    "E[P_z(13)]": 4.62733e-05,
                    "E[P_z(14)]": 2.93348e-05,
                    "E[P_z(15)]": 3.36634e-05,
                    "E[P_z(16)]": 2.64945e-05,
                    "E[P_z(17)]": 2.15791e-05,
                    "E[P_z(18)]": 3.05428e-05,
                    "E[P_z(19)]": 1.90034e-05,
                    "E[P_z(20)]": 2.29491e-05,
                    "E[P_z(21)]": 2.84737e-05,
                    "E[P_z(22)]": 3.12871e-05,
                    "E[P_z(23)]": 1.6859e-05,
                    "E[P_z(24)]": 2.67251e-05,
                    "E[P_z(25)]": 1.73324e-05,
                    "E[P_z(26)]": 2.72402e-05,