{
    "output_file": "/scratch/40841086/tmpo804pjss",
    "model": "C",
    "likelihood": -109.1994,
    "criteria": 9e-05,
    "params_mle": {
        "eps": 4.50205e-06,
        "eps_cont": 0,
        "lambda": 0,
        "theta_bar": 0.0008827985,
        "a": -1,
        "S_d": -113.4433,
        "b": 0.09799147,
        "p_b": 0.01045182,
        "S_b": 0.09557333,
        "r": [
            0.6217933,
            0.6776328,
            0.6588623,
            0.5593165,
            0.6929314,
            0.7651289,
            0.5937661,
            0.6209613,
            0.5900373,
            0.652062,
            0.6955344,
            0.7359431,
            1.207721
        ]
    },
    "n": 15,
    "expec": [
        {
            "E[P_z(1)]": 0.0008827948,
            "E[P_z(2)]": 0.0002744581,
            "E[P_z(3)]": 0.0001994037,
            "E[P_z(4)]": 0.0001454102,
            "E[P_z(5)]": 9.87525e-05,
            "E[P_z(6)]": 0.0001019529,
            "E[P_z(7)]": 9.64934e-05,
            "E[P_z(8)]": 6.55221e-05,
            "E[P_z(9)]": 6.09095e-05,
            "E[P_z(10)]": 5.20886e-05,
            "E[P_z(11)]": 5.23313e-05,
            "E[P_z(12)]": 5.11687e-05,
            "E[P_z(13)]": 4.99771e-05,
            "E[P_z(14)]": 7.61589e-05,
            "E[D_z]": null,
            "E[mis_z]": null
        },
        {
            "E[P_z(1)]": 0.0006216871,
            "E[P_z(2)]": 0.0001770985,
            "E[P_z(3)]": 0.0001232699,
            "E[P_z(4)]": 8.74355e-05,
            "E[P_z(5)]": 5.81856e-05,
            "E[P_z(6)]": 5.91176e-05,
            "E[P_z(7)]": 5.52189e-05,
            "E[P_z(8)]": 3.70768e-05,
            "E[P_z(9)]": 3.41322e-05,
            "E[P_z(10)]": 2.89384e-05,
            "E[P_z(11)]": 2.88491e-05,
            "E[P_z(12)]": 2.80109e-05,
            "E[P_z(13)]": 2.71834e-05,
            "E[P_z(14)]": 4.118e-05,
            "E[D_z]": null,
            "E[mis_z]": null
        }
    ],
    "alpha": 0.021996170376142977,
    "execution_time": 293.1238181591034
}