{
    "output_file": "/scratch/40840275/tmpra5_waqb",
    "model": "C",
    "likelihood": -63.72046,
    "criteria": 9e-05,
    "params_mle": {
        "eps": 4.49975e-06,
        "eps_cont": 0,
        "lambda": 0,
        "theta_bar": 0.0007234144,
        "a": -1,
        "S_d": -12.58004,
        "b": 0.1989986,
        "p_b": 0.0009288265,
        "S_b": 0.007920202,
        "r": [
            0.7636449,
            0.8642865,
            0.7811048,
            0.7647397,
            0.6782153,
            0.6718218,
            0.861935,
            0.9686797
        ]
    },
    "n": 10,
    "expec": [
        {
            "E[P_z(1)]": 0.0007234115,
            "E[P_z(2)]": 0.000276215,
            "E[P_z(3)]": 0.0002084118,
            "E[P_z(4)]": 0.0001412653,
            "E[P_z(5)]": 0.0001106447,
            "E[P_z(6)]": 8.17721e-05,
            "E[P_z(7)]": 6.943e-05,
            "E[P_z(8)]": 7.79429e-05,
            "E[P_z(9)]": 7.78648e-05,
            "E[D_z]": null,
            "E[mis_z]": null
        },
        {
            "E[P_z(1)]": 0.0005433239,
            "E[P_z(2)]": 0.000181844,
            "E[P_z(3)]": 0.000127092,
            "E[P_z(4)]": 8.1767e-05,
            "E[P_z(5)]": 6.15835e-05,
            "E[P_z(6)]": 4.41129e-05,
            "E[P_z(7)]": 3.64938e-05,
            "E[P_z(8)]": 4.00664e-05,
            "E[P_z(9)]": 3.92546e-05,
            "E[D_z]": null,
            "E[mis_z]": null
        }
    ],
    "alpha": 0.0029322162443917144,
    "execution_time": 26.09569025039673
}