{
    "output_file": "/scratch/40841185/tmpk8ftawju",
    "model": "C",
    "likelihood": -143.5838,
    "criteria": 8e-05,
    "params_mle": {
        "eps": 4.49825e-06,
        "eps_cont": 0,
        "lambda": 0,
        "theta_bar": 0.0008339134,
        "a": -1,
        "S_d": -31.33036,
        "b": 0.1425326,
        "p_b": 0.003900463,
        "S_b": 0.03799141,
        "r": [
            0.5686698,
            0.5459766,
            0.5856596,
            0.4949995,
            0.5549035,
            0.6081183,
            0.4740433,
            0.6241894,
            0.5563431,
            0.7129179,
            0.6819303,
            0.6272192,
            0.606448,
            0.4683604,
            0.4942062,
            0.7706253,
            0.6725502,
            1.635077
        ]
    },
    "n": 20,
    "expec": [
        {
            "E[P_z(1)]": 0.0008339099,
            "E[P_z(2)]": 0.0002371097,
            "E[P_z(3)]": 0.0001517652,
            "E[P_z(4)]": 0.0001220969,
            "E[P_z(5)]": 8.25571e-05,
            "E[P_z(6)]": 7.71234e-05,
            "E[P_z(7)]": 7.24453e-05,
            "E[P_z(8)]": 4.94139e-05,
            "E[P_z(9)]": 5.78355e-05,
            "E[P_z(10)]": 4.63942e-05,
            "E[P_z(11)]": 5.40465e-05,
            "E[P_z(12)]": 4.73892e-05,
            "E[P_z(13)]": 4.02345e-05,
            "E[P_z(14)]": 3.61234e-05,
            "E[P_z(15)]": 2.60384e-05,
            "E[P_z(16)]": 2.57583e-05,
            "E[P_z(17)]": 3.78026e-05,
            "E[P_z(18)]": 3.11592e-05,
            "E[P_z(19)]": 7.17673e-05,
            "E[D_z]": null,
            "E[mis_z]": null
        },
        {
            "E[P_z(1)]": 0.0006345569,
            "E[P_z(2)]": 0.000161851,
            "E[P_z(3)]": 9.75676e-05,
            "E[P_z(4)]": 7.54152e-05,
            "E[P_z(5)]": 4.95003e-05,
            "E[P_z(6)]": 4.51678e-05,
            "E[P_z(7)]": 4.16122e-05,
            "E[P_z(8)]": 2.79181e-05,
            "E[P_z(9)]": 3.22099e-05,
            "E[P_z(10)]": 2.55113e-05,
            "E[P_z(11)]": 2.93821e-05,
            "E[P_z(12)]": 2.54979e-05,
            "E[P_z(13)]": 2.14444e-05,
            "E[P_z(14)]": 1.90861e-05,
            "E[P_z(15)]": 1.36468e-05,
            "E[P_z(16)]": 1.33985e-05,
            "E[P_z(17)]": 1.95249e-05,
            "E[P_z(18)]": 1.59869e-05,
            "E[P_z(19)]": 3.65915e-05,
            "E[D_z]": null,
            "E[mis_z]": null
        }
    ],
    "alpha": 0.00891144352669138,
    "execution_time": 222.05016493797302
}