{
    "py/object": "fastdfe.polydfe.PolyDFE",
    "logger": {
        "py/reduce": [
            {
                "py/function": "logging.getLogger"
            },
            {
                "py/tuple": [
                    "fastdfe.PolyDFE"
                ]
            }
        ]
    },
    "bootstraps": null,
    "config": {
        "py/object": "fastdfe.config.Config",
        "data": {
            "model": "GammaExpParametrization",
            "intervals_del": {
                "py/tuple": [
                    -100000000.0,
                    -1e-05,
                    1000
                ]
            },
            "intervals_ben": {
                "py/tuple": [
                    1e-05,
                    10000.0,
                    1000
                ]
            },
            "integration_mode": "midpoint",
            "linearized": true,
            "seed": 0,
            "opts_mle": {},
            "n_runs": 10,
            "x0": {
                "all": {
                    "S_b": 0.1083917,
                    "S_d": -45.46375,
                    "a": -1,
                    "b": 0.1287808,
                    "eps": 4.50268e-06,
                    "eps_cont": 0,
                    "lambda": 0,
                    "p_b": 0.009184894,
                    "r": [
                        0.5642878,
                        0.496756,
                        0.4953868,
                        0.4840476,
                        0.4906511,
                        0.4906073,
                        0.5437098,
                        0.5553355,
                        0.5124802,
                        0.5092361,
                        0.6175192,
                        0.5977393,
                        0.4504409,
                        0.522028,
                        0.3860458,
                        0.4756257,
                        0.5506624,
                        0.3834732,
                        0.531485,
                        0.4975372,
                        0.5880576,
                        0.5381713,
                        0.7063446,
                        0.5665509,
                        0.6574706,
                        0.6611074,
                        0.9643355,
                        1.73894
                    ],
                    "theta_bar": 0.0009259123
                }
            },
            "bounds": {},
            "scales": {},
            "fixed_params": {},
            "shared_params": [],
            "covariates": [],
            "sfs_neut": {
                "py/object": "fastdfe.spectrum.Spectra",
                "data": {
                    "all": [
                        1037509.3337252,
                        989.0,
                        261.0,
                        144.0,
                        122.0,
                        103.0,
                        81.0,
                        93.0,
                        58.0,
                        58.0,
                        55.0,
                        53.0,
                        52.0,
                        37.0,
                        42.0,
                        33.0,
                        22.0,
                        35.0,
                        22.0,
                        21.0,
                        28.0,
                        14.0,
                        18.0,
                        21.0,
                        23.0,
                        31.0,
                        29.0,
                        19.0,
                        22.0,
                        54.0,
                        0.0
                    ]
                }
            },
            "sfs_sel": {
                "py/object": "fastdfe.spectrum.Spectra",
                "data": {
                    "all": [
                        2844958.6662748,
                        1938.0,
                        550.0,
                        275.0,
                        232.0,
                        148.0,
                        120.0,
                        88.0,
                        127.0,
                        109.0,
                        77.0,
                        61.0,
                        77.0,
                        68.0,
                        44.0,
                        50.0,
                        34.0,
                        52.0,
                        35.0,
                        34.0,
                        30.0,
                        46.0,
                        42.0,
                        30.0,
                        38.0,
                        34.0,
                        28.0,
                        23.0,
                        70.0,
                        91.0,
                        0.0
                    ]
                }
            },
            "do_bootstrap": false,
            "n_bootstraps": 10,
            "parallelize": false,
            "loss_type": "likelihood"
        }
    },
    "output_file": null,
    "execution_time": 848.561338186264,
    "summary": {
        "py/object": "fastdfe.polydfe.PolyDFEResult",
        "output_file": "results/polydfe/hgdp/inference/1/opts.n.30.config.default/bootstraps/13/all.polydfe.txt",
        "postprocessing_source": "../resources/polydfe/postprocessing/script.R",
        "data": {
            "output_file": "/scratch/40841676/tmpgeqzhmz9",
            "model": "C",
            "likelihood": -201.9038,
            "criteria": 0.00029,
            "params_mle": {
                "eps": 4.50489e-06,
                "eps_cont": 0,
                "lambda": 0,
                "theta_bar": 0.0009387963,
                "a": -1,
                "S_d": -200.1294,
                "b": 0.08673479,
                "p_b": 0.009411532,
                "S_b": 0.1105932,
                "r": [
                    0.5838314,
                    0.4640746,
                    0.5313133,
                    0.4765393,
                    0.462196,
                    0.489256,
                    0.5751733,
                    0.587332,
                    0.5184011,
                    0.4945799,
                    0.6129408,
                    0.5424096,
                    0.4799994,
                    0.4978517,
                    0.3592897,
                    0.5946294,
                    0.4135093,
                    0.4221463,
                    0.4696215,
                    0.5111615,
                    0.536555,
                    0.4776995,
                    0.5972691,
                    0.6640789,
                    0.6066348,
                    0.4648964,
                    1.057724,
                    1.728929
                ]
            },
            "n": 30,
            "expec": [
                {
                    "E[P_z(1)]": 0.0009387923,
                    "E[P_z(2)]": 0.0002740483,
                    "E[P_z(3)]": 0.0001452233,
                    "E[P_z(4)]": 0.0001246983,
                    "E[P_z(5)]": 8.94744e-05,
                    "E[P_z(6)]": 7.23178e-05,
                    "E[P_z(7)]": 6.56157e-05,
                    "E[P_z(8)]": 6.74961e-05,
                    "E[P_z(9)]": 6.12648e-05,
                    "E[P_z(10)]": 4.86672e-05,
                    "E[P_z(11)]": 4.22099e-05,
                    "E[P_z(12)]": 4.79521e-05,
                    "E[P_z(13)]": 3.91701e-05,
                    "E[P_z(14)]": 3.21872e-05,
                    "E[P_z(15)]": 3.11588e-05,
                    "E[P_z(16)]": 2.10813e-05,
                    "E[P_z(17)]": 3.28374e-05,
                    "E[P_z(18)]": 2.15668e-05,
                    "E[P_z(19)]": 2.08585e-05,
                    "E[P_z(20)]": 2.20441e-05,
                    "E[P_z(21)]": 2.28514e-05,
                    "E[P_z(22)]": 2.28964e-05,
                    "E[P_z(23)]": 1.94986e-05,
                    "E[P_z(24)]": 2.33633e-05,
                    "E[P_z(25)]": 2.49377e-05,