{
    "py/object": "fastdfe.polydfe.PolyDFE",
    "logger": {
        "py/reduce": [
            {
                "py/function": "logging.getLogger"
            },
            {
                "py/tuple": [
                    "fastdfe.PolyDFE"
                ]
            }
        ]
    },
    "bootstraps": null,
    "config": {
        "py/object": "fastdfe.config.Config",
        "data": {
            "model": "GammaExpParametrization",
            "intervals_del": {
                "py/tuple": [
                    -100000000.0,
                    -1e-05,
                    1000
                ]
            },
            "intervals_ben": {
                "py/tuple": [
                    1e-05,
                    10000.0,
                    1000
                ]
            },
            "integration_mode": "midpoint",
            "linearized": true,
            "seed": 0,
            "opts_mle": {},
            "n_runs": 10,
            "x0": {
                "all": {
                    "S_b": 0.05328228,
                    "S_d": -33.44406,
                    "a": -1,
                    "b": 0.1398527,
                    "eps": 4.50451e-06,
                    "eps_cont": 0,
                    "lambda": 0,
                    "p_b": 0.005009714,
                    "r": [
                        0.5834314,
                        0.499803,
                        0.5581096,
                        0.5076067,
                        0.557493,
                        0.6522272,
                        0.6050956,
                        0.5227928,
                        0.5765882,
                        0.4982845,
                        0.5150672,
                        0.5206269,
                        0.482151,
                        0.5460091,
                        0.5199818,
                        0.523935,
                        0.5814646,
                        0.6159988,
                        0.7697745,
                        0.7047025,
                        0.6593795,
                        0.914738,
                        1.558127
                    ],
                    "theta_bar": 0.0008647194
                }
            },
            "bounds": {},
            "scales": {},
            "fixed_params": {},
            "shared_params": [],
            "covariates": [],
            "sfs_neut": {
                "py/object": "fastdfe.spectrum.Spectra",
                "data": {
                    "all": [
                        1039392.17546773,
                        923.0,
                        251.0,
                        130.0,
                        143.0,
                        82.0,
                        87.0,
                        70.0,
                        60.0,
                        42.0,
                        61.0,
                        43.0,
                        47.0,
                        37.0,
                        30.0,
                        30.0,
                        20.0,
                        25.0,
                        42.0,
                        32.0,
                        36.0,
                        33.0,
                        29.0,
                        35.0,
                        46.0,
                        0.0
                    ]
                }
            },
            "sfs_sel": {
                "py/object": "fastdfe.spectrum.Spectra",
                "data": {
                    "all": [
                        2843583.82453227,
                        1922.0,
                        512.0,
                        278.0,
                        201.0,
                        139.0,
                        123.0,
                        152.0,
                        126.0,
                        88.0,
                        61.0,
                        56.0,
                        50.0,
                        50.0,
                        40.0,
                        39.0,
                        40.0,
                        32.0,
                        38.0,
                        43.0,
                        36.0,
                        41.0,
                        32.0,
                        54.0,
                        96.0,
                        0.0
                    ]
                }
            },
            "do_bootstrap": false,
            "n_bootstraps": 10,
            "parallelize": false,
            "loss_type": "likelihood"
        }
    },
    "output_file": null,
    "execution_time": 443.06978273391724,
    "summary": {
        "py/object": "fastdfe.polydfe.PolyDFEResult",
        "output_file": "results/polydfe/hgdp/inference/1/opts.n.25.config.default/bootstraps/71/all.polydfe.txt",
        "postprocessing_source": "../resources/polydfe/postprocessing/script.R",
        "data": {
            "output_file": "/scratch/40841225/tmpkc5p1188",
            "model": "C",
            "likelihood": -167.0004,
            "criteria": 8e-05,
            "params_mle": {
                "eps": 4.50758e-06,
                "eps_cont": 0,
                "lambda": 0,
                "theta_bar": 0.000870246,
                "a": -1,
                "S_d": -26.55813,
                "b": 0.1572268,
                "p_b": 0.004998311,
                "S_b": 0.05326644,
                "r": [
                    0.5774507,
                    0.4828076,
                    0.5580054,
                    0.4573684,
                    0.5299761,
                    0.6623078,
                    0.641276,
                    0.5091065,
                    0.5353587,
                    0.4815108,
                    0.5181859,
                    0.5066251,
                    0.4414868,
                    0.4687158,
                    0.4368741,
                    0.4429767,
                    0.6611053,
                    0.6568543,
                    0.6662881,
                    0.7216177,
                    0.6253003,
                    0.9568651,
                    1.597962
                ]
            },
            "n": 25,
            "expec": [
                {
                    "E[P_z(1)]": 0.0008702424,
                    "E[P_z(2)]": 0.0002512611,
                    "E[P_z(3)]": 0.0001400533,
                    "E[P_z(4)]": 0.0001214001,
                    "E[P_z(5)]": 7.96044e-05,
                    "E[P_z(6)]": 7.68681e-05,
                    "E[P_z(7)]": 8.23384e-05,
                    "E[P_z(8)]": 6.97583e-05,
                    "E[P_z(9)]": 4.92274e-05,
                    "E[P_z(10)]": 4.65893e-05,
                    "E[P_z(11)]": 3.80939e-05,
                    "E[P_z(12)]": 3.75791e-05,
                    "E[P_z(13)]": 3.39145e-05,
                    "E[P_z(14)]": 2.74431e-05,
                    "E[P_z(15)]": 2.71933e-05,
                    "E[P_z(16)]": 2.37619e-05,
                    "E[P_z(17)]": 2.26766e-05,
                    "E[P_z(18)]": 3.19627e-05,
                    "E[P_z(19)]": 3.00857e-05,
                    "E[P_z(20)]": 2.8992e-05,
                    "E[P_z(21)]": 2.99045e-05,
                    "E[P_z(22)]": 2.47353e-05,
                    "E[P_z(23)]": 3.62057e-05,
                    "E[P_z(24)]": 5.79462e-05,
                    "E[D_z]": null,
                    "E[mis_z]": null
                },
                {
                    "E[P_z(1)]": 0.0006806718,
                    "E[P_z(2)]": 0.0001760125,
                    "E[P_z(3)]": 9.20378e-05,
                    "E[P_z(4)]": 7.63856e-05,
                    "E[P_z(5)]": 4.8484e-05,
                    "E[P_z(6)]": 4.56225e-05,
                    "E[P_z(7)]": 4.78351e-05,
                    "E[P_z(8)]": 3.97952e-05,
                    "E[P_z(9)]": 2.76415e-05,
                    "E[P_z(10)]": 2.57961e-05,
                    "E[P_z(11)]": 2.08289e-05,
                    "E[P_z(12)]": 2.03149e-05,
                    "E[P_z(13)]": 1.8144e-05,