neutral,selected
285640.05144897103,979678.9485510291
10.0,9.0
4.0,6.0
1.0,2.0
0.0,0.0
0.0,0.0
3.0,1.0
0.0,1.0
1.0,3.0
2.0,2.0
13.0,3.0
