{
    "py/object": "fastdfe.polydfe.PolyDFE",
    "logger": {
        "py/reduce": [
            {
                "py/function": "logging.getLogger"
            },
            {
                "py/tuple": [
                    "fastdfe.PolyDFE"
                ]
            }
        ]
    },
    "bootstraps": null,
    "config": {
        "py/object": "fastdfe.config.Config",
        "data": {
            "model": "GammaExpParametrization",
            "intervals_del": {
                "py/tuple": [
                    -100000000.0,
                    -1e-05,
                    1000
                ]
            },
            "intervals_ben": {
                "py/tuple": [
                    1e-05,
                    10000.0,
                    1000
                ]
            },
            "integration_mode": "midpoint",
            "linearized": true,
            "seed": 0,
            "opts_mle": {},
            "n_runs": 10,
            "x0": {
                "all": {
                    "S_b": 0.03800569,
                    "S_d": -68.01433,
                    "a": -1,
                    "b": 0.1127644,
                    "eps": 4.49744e-06,
                    "eps_cont": 0,
                    "lambda": 0,
                    "p_b": 0.003905648,
                    "r": [
                        0.5669393,
                        0.5649833,
                        0.5475162,
                        0.4995644,
                        0.5648594,
                        0.6039999,
                        0.4662727,
                        0.5802472,
                        0.5323765,
                        0.5838853,
                        0.5587549,
                        0.5490204,
                        0.5681745,
                        0.5012596,
                        0.6027202,
                        0.6738647,
                        0.7739941,
                        1.427315
                    ],
                    "theta_bar": 0.0008503307
                }
            },
            "bounds": {},
            "scales": {},
            "fixed_params": {},
            "shared_params": [],
            "covariates": [],
            "sfs_neut": {
                "py/object": "fastdfe.spectrum.Spectra",
                "data": {
                    "all": [
                        1040429.81958835,
                        940.0,
                        233.0,
                        141.0,
                        106.0,
                        92.0,
                        64.0,
                        76.0,
                        62.0,
                        75.0,
                        46.0,
                        65.0,
                        39.0,
                        39.0,
                        30.0,
                        27.0,
                        32.0,
                        40.0,
                        20.0,
                        63.0,
                        0.0
                    ]
                }
            },
            "sfs_sel": {
                "py/object": "fastdfe.spectrum.Spectra",
                "data": {
                    "all": [
                        2842971.18041165,
                        1852.0,
                        439.0,
                        304.0,
                        194.0,
                        144.0,
                        146.0,
                        120.0,
                        81.0,
                        103.0,
                        86.0,
                        57.0,
                        59.0,
                        53.0,
                        52.0,
                        56.0,
                        37.0,
                        45.0,
                        51.0,
                        89.0,
                        0.0
                    ]
                }
            },
            "do_bootstrap": false,
            "n_bootstraps": 10,
            "parallelize": false,
            "loss_type": "likelihood"
        }
    },
    "output_file": null,
    "execution_time": 274.0521078109741,
    "summary": {
        "py/object": "fastdfe.polydfe.PolyDFEResult",
        "output_file": "results/polydfe/hgdp/inference/1/opts.n.20.config.default/bootstraps/14/all.polydfe.txt",
        "postprocessing_source": "../resources/polydfe/postprocessing/script.R",
        "data": {
            "output_file": "/scratch/40841191/tmp1lmylocn",
            "model": "C",
            "likelihood": -135.7713,
            "criteria": 0.00061,
            "params_mle": {
                "eps": 4.49732e-06,
                "eps_cont": 0,
                "lambda": 0,
                "theta_bar": 0.0008859343,
                "a": -1,
                "S_d": -69.70307,
                "b": 0.1049925,
                "p_b": 0.003897869,
                "S_b": 0.03797956,
                "r": [
                    0.5110959,
                    0.5230612,
                    0.4793165,
                    0.477985,
                    0.5160199,
                    0.5669229,
                    0.4763216,
                    0.6714119,
                    0.5564473,
                    0.5686422,
                    0.5006271,
                    0.5113162,
                    0.4927139,
                    0.5362922,
                    0.4771615,
                    0.6265091,
                    0.5557627,
                    1.259313
                ]
            },
            "n": 20,
            "expec": [
                {
                    "E[P_z(1)]": 0.0008859306,
                    "E[P_z(2)]": 0.0002263978,
                    "E[P_z(3)]": 0.0001544654,
                    "E[P_z(4)]": 0.0001061604,
                    "E[P_z(5)]": 8.46924e-05,
                    "E[P_z(6)]": 7.61931e-05,
                    "E[P_z(7)]": 7.17507e-05,
                    "E[P_z(8)]": 5.27486e-05,
                    "E[P_z(9)]": 6.60918e-05,
                    "E[P_z(10)]": 4.92976e-05,
                    "E[P_z(11)]": 4.57982e-05,
                    "E[P_z(12)]": 3.69603e-05,
                    "E[P_z(13)]": 3.48457e-05,
                    "E[P_z(14)]": 3.11796e-05,
                    "E[P_z(15)]": 3.16749e-05,
                    "E[P_z(16)]": 2.64212e-05,
                    "E[P_z(17)]": 3.26503e-05,
                    "E[P_z(18)]": 2.73547e-05,
                    "E[P_z(19)]": 5.87231e-05,
                    "E[D_z]": null,
                    "E[mis_z]": null
                },
                {
                    "E[P_z(1)]": 0.0006562657,
                    "E[P_z(2)]": 0.0001531335,
                    "E[P_z(3)]": 9.97389e-05,
                    "E[P_z(4)]": 6.65018e-05,
                    "E[P_z(5)]": 5.18835e-05,
                    "E[P_z(6)]": 4.58632e-05,
                    "E[P_z(7)]": 4.2568e-05,
                    "E[P_z(8)]": 3.09116e-05,
                    "E[P_z(9)]": 3.83187e-05,
                    "E[P_z(10)]": 2.83122e-05,
                    "E[P_z(11)]": 2.60803e-05,
                    "E[P_z(12)]": 2.08862e-05,
                    "E[P_z(13)]": 1.95532e-05,
                    "E[P_z(14)]": 1.7383e-05,
                    "E[P_z(15)]": 1.75532e-05,
                    "E[P_z(16)]": 1.45599e-05,
                    "E[P_z(17)]": 1.78982e-05,
                    "E[P_z(18)]": 1.49213e-05,
                    "E[P_z(19)]": 3.18831e-05,
                    "E[D_z]": null,
                    "E[mis_z]": null
                }
            ],
            "alpha": 0.008474741511647546,
            "execution_time": 274.0521078109741
        }
    }
}