{
    "output_file": "/scratch/40841252/tmp5m071wgt",
    "model": "C",
    "likelihood": -177.3447,
    "criteria": 8e-05,
    "params_mle": {
        "eps": 4.50893e-06,
        "eps_cont": 0,
        "lambda": 0,
        "theta_bar": 0.0008271657,
        "a": -1,
        "S_d": -20.37959,
        "b": 0.1445629,
        "p_b": 0.005029371,
        "S_b": 0.05335536,
        "r": [
            0.5503592,
            0.5048597,
            0.5478794,
            0.5015597,
            0.6007989,
            0.6284348,
            0.6562964,
            0.528239,
            0.6490293,
            0.4744592,
            0.526297,
            0.4447455,
            0.5259056,
            0.436636,
            0.4752236,
            0.5695163,
            0.6137546,
            0.6239568,
            0.7984274,
            0.7531778,
            0.5757214,
            1.153566,
            1.320007
        ]
    },
    "n": 25,
    "expec": [
        {
            "E[P_z(1)]": 0.0008271622,
            "E[P_z(2)]": 0.0002276183,
            "E[P_z(3)]": 0.0001392003,
            "E[P_z(4)]": 0.0001132964,
            "E[P_z(5)]": 8.29744e-05,
            "E[P_z(6)]": 8.28265e-05,
            "E[P_z(7)]": 7.42598e-05,
            "E[P_z(8)]": 6.78581e-05,
            "E[P_z(9)]": 4.85489e-05,
            "E[P_z(10)]": 5.36853e-05,
            "E[P_z(11)]": 3.56778e-05,
            "E[P_z(12)]": 3.62779e-05,
            "E[P_z(13)]": 2.82984e-05,
            "E[P_z(14)]": 3.10722e-05,
            "E[P_z(15)]": 2.40782e-05,
            "E[P_z(16)]": 2.45681e-05,
            "E[P_z(17)]": 2.7711e-05,
            "E[P_z(18)]": 2.82045e-05,
            "E[P_z(19)]": 2.71642e-05,
            "E[P_z(20)]": 3.30218e-05,
            "E[P_z(21)]": 2.96672e-05,
            "E[P_z(22)]": 2.16468e-05,
            "E[P_z(23)]": 4.14874e-05,
            "E[P_z(24)]": 4.54979e-05,
            "E[D_z]": null,
            "E[mis_z]": null
        },
        {
            "E[P_z(1)]": 0.0006718569,
            "E[P_z(2)]": 0.0001678063,
            "E[P_z(3)]": 9.69127e-05,
            "E[P_z(4)]": 7.58379e-05,
            "E[P_z(5)]": 5.39234e-05,
            "E[P_z(6)]": 5.25742e-05,
            "E[P_z(7)]": 4.62252e-05,
            "E[P_z(8)]": 4.1543e-05,
            "E[P_z(9)]": 2.92941e-05,
            "E[P_z(10)]": 3.19803e-05,
            "E[P_z(11)]": 2.101e-05,
            "E[P_z(12)]": 2.11416e-05,
            "E[P_z(13)]": 1.63346e-05,
            "E[P_z(14)]": 1.77788e-05,
            "E[P_z(15)]": 1.3665e-05,
            "E[P_z(16)]": 1.38375e-05,
            "E[P_z(17)]": 1.54969e-05,
            "E[P_z(18)]": 1.56675e-05,
            "E[P_z(19)]": 1.49945e-05,
            "E[P_z(20)]": 1.81189e-05,
            "E[P_z(21)]": 1.61859e-05,
            "E[P_z(22)]": 1.17462e-05,
            "E[P_z(23)]": 2.23962e-05,
            "E[P_z(24)]": 2.44405e-05,
            "E[D_z]": null,
            "E[mis_z]": null
        }
    ],
    "alpha": 0.010684349439480195,
    "execution_time": 431.2406961917877
}