{
    "py/object": "fastdfe.polydfe.PolyDFE",
    "logger": {
        "py/reduce": [
            {
                "py/function": "logging.getLogger"
            },
            {
                "py/tuple": [
                    "fastdfe.PolyDFE"
                ]
            }
        ]
    },
    "bootstraps": null,
    "config": {
        "py/object": "fastdfe.config.Config",
        "data": {
            "model": "GammaExpParametrization",
            "intervals_del": {
                "py/tuple": [
                    -100000000.0,
                    -1e-05,
                    1000
                ]
            },
            "intervals_ben": {
                "py/tuple": [
                    1e-05,
                    10000.0,
                    1000
                ]
            },
            "integration_mode": "midpoint",
            "linearized": true,
            "seed": 0,
            "opts_mle": {},
            "n_runs": 10,
            "x0": {
                "all": {
                    "S_b": 0.05328228,
                    "S_d": -33.44406,
                    "a": -1,
                    "b": 0.1398527,
                    "eps": 4.50451e-06,
                    "eps_cont": 0,
                    "lambda": 0,
                    "p_b": 0.005009714,
                    "r": [
                        0.5834314,
                        0.499803,
                        0.5581096,
                        0.5076067,
                        0.557493,
                        0.6522272,
                        0.6050956,
                        0.5227928,
                        0.5765882,
                        0.4982845,
                        0.5150672,
                        0.5206269,
                        0.482151,
                        0.5460091,
                        0.5199818,
                        0.523935,
                        0.5814646,
                        0.6159988,
                        0.7697745,
                        0.7047025,
                        0.6593795,
                        0.914738,
                        1.558127
                    ],
                    "theta_bar": 0.0008647194
                }
            },
            "bounds": {},
            "scales": {},
            "fixed_params": {},
            "shared_params": [],
            "covariates": [],
            "sfs_neut": {
                "py/object": "fastdfe.spectrum.Spectra",
                "data": {
                    "all": [
                        1039486.17546773,
                        851.0,
                        259.0,
                        121.0,
                        130.0,
                        85.0,
                        97.0,
                        62.0,
                        64.0,
                        40.0,
                        60.0,
                        45.0,
                        49.0,
                        33.0,
                        33.0,
                        26.0,
                        22.0,
                        38.0,
                        40.0,
                        33.0,
                        33.0,
                        25.0,
                        29.0,
                        33.0,
                        32.0,
                        0.0
                    ]
                }
            },
            "sfs_sel": {
                "py/object": "fastdfe.spectrum.Spectra",
                "data": {
                    "all": [
                        2843528.82453227,
                        1924.0,
                        456.0,
                        300.0,
                        204.0,
                        155.0,
                        139.0,
                        147.0,
                        125.0,
                        94.0,
                        87.0,
                        52.0,
                        49.0,
                        43.0,
                        50.0,
                        38.0,
                        43.0,
                        35.0,
                        34.0,
                        38.0,
                        53.0,
                        52.0,
                        27.0,
                        74.0,
                        85.0,
                        0.0
                    ]
                }
            },
            "do_bootstrap": false,
            "n_bootstraps": 10,
            "parallelize": false,
            "loss_type": "likelihood"
        }
    },
    "output_file": null,
    "execution_time": 431.2406961917877,
    "summary": {
        "py/object": "fastdfe.polydfe.PolyDFEResult",
        "output_file": "results/polydfe/hgdp/inference/1/opts.n.25.config.default/bootstraps/45/all.polydfe.txt",
        "postprocessing_source": "../resources/polydfe/postprocessing/script.R",
        "data": {
            "output_file": "/scratch/40841252/tmp5m071wgt",
            "model": "C",
            "likelihood": -177.3447,
            "criteria": 8e-05,
            "params_mle": {
                "eps": 4.50893e-06,
                "eps_cont": 0,
                "lambda": 0,
                "theta_bar": 0.0008271657,
                "a": -1,
                "S_d": -20.37959,
                "b": 0.1445629,
                "p_b": 0.005029371,
                "S_b": 0.05335536,
                "r": [
                    0.5503592,
                    0.5048597,
                    0.5478794,
                    0.5015597,
                    0.6007989,
                    0.6284348,
                    0.6562964,
                    0.528239,
                    0.6490293,
                    0.4744592,
                    0.526297,
                    0.4447455,
                    0.5259056,
                    0.436636,
                    0.4752236,
                    0.5695163,
                    0.6137546,
                    0.6239568,
                    0.7984274,
                    0.7531778,
                    0.5757214,
                    1.153566,
                    1.320007
                ]
            },
            "n": 25,
            "expec": [
                {
                    "E[P_z(1)]": 0.0008271622,
                    "E[P_z(2)]": 0.0002276183,
                    "E[P_z(3)]": 0.0001392003,
                    "E[P_z(4)]": 0.0001132964,
                    "E[P_z(5)]": 8.29744e-05,
                    "E[P_z(6)]": 8.28265e-05,
                    "E[P_z(7)]": 7.42598e-05,
                    "E[P_z(8)]": 6.78581e-05,
                    "E[P_z(9)]": 4.85489e-05,
                    "E[P_z(10)]": 5.36853e-05,
                    "E[P_z(11)]": 3.56778e-05,
                    "E[P_z(12)]": 3.62779e-05,
                    "E[P_z(13)]": 2.82984e-05,
                    "E[P_z(14)]": 3.10722e-05,
                    "E[P_z(15)]": 2.40782e-05,
                    "E[P_z(16)]": 2.45681e-05,
                    "E[P_z(17)]": 2.7711e-05,
                    "E[P_z(18)]": 2.82045e-05,
                    "E[P_z(19)]": 2.71642e-05,
                    "E[P_z(20)]": 3.30218e-05,
                    "E[P_z(21)]": 2.96672e-05,
                    "E[P_z(22)]": 2.16468e-05,
                    "E[P_z(23)]": 4.14874e-05,
                    "E[P_z(24)]": 4.54979e-05,
                    "E[D_z]": null,
                    "E[mis_z]": null
                },
                {
                    "E[P_z(1)]": 0.0006718569,
                    "E[P_z(2)]": 0.0001678063,
                    "E[P_z(3)]": 9.69127e-05,
                    "E[P_z(4)]": 7.58379e-05,
                    "E[P_z(5)]": 5.39234e-05,
                    "E[P_z(6)]": 5.25742e-05,
                    "E[P_z(7)]": 4.62252e-05,
                    "E[P_z(8)]": 4.1543e-05,
                    "E[P_z(9)]": 2.92941e-05,
                    "E[P_z(10)]": 3.19803e-05,
                    "E[P_z(11)]": 2.101e-05,
                    "E[P_z(12)]": 2.11416e-05,
                    "E[P_z(13)]": 1.63346e-05,