{
    "output_file": "/scratch/40841153/tmp73jgih2g",
    "model": "C",
    "likelihood": -142.135,
    "criteria": 8e-05,
    "params_mle": {
        "eps": 4.498e-06,
        "eps_cont": 0,
        "lambda": 0,
        "theta_bar": 0.0008159392,
        "a": -1,
        "S_d": -18.1532,
        "b": 0.1874652,
        "p_b": 0.0038814,
        "S_b": 0.03794763,
        "r": [
            0.5487507,
            0.5353667,
            0.5995486,
            0.5129398,
            0.5912224,
            0.6481509,
            0.4863612,
            0.518937,
            0.6399747,
            0.6406964,
            0.5283332,
            0.4803831,
            0.5971007,
            0.6286555,
            0.5860421,
            0.6516659,
            1.122216,
            1.480218
        ]
    },
    "n": 20,
    "expec": [
        {
            "E[P_z(1)]": 0.0008159358,
            "E[P_z(2)]": 0.0002238729,
            "E[P_z(3)]": 0.0001456084,
            "E[P_z(4)]": 0.0001222984,
            "E[P_z(5)]": 8.37053e-05,
            "E[P_z(6)]": 8.04e-05,
            "E[P_z(7)]": 7.555e-05,
            "E[P_z(8)]": 4.96051e-05,
            "E[P_z(9)]": 4.70468e-05,
            "E[P_z(10)]": 5.2218e-05,
            "E[P_z(11)]": 4.75245e-05,
            "E[P_z(12)]": 3.5924e-05,
            "E[P_z(13)]": 3.01512e-05,
            "E[P_z(14)]": 3.48001e-05,
            "E[P_z(15)]": 3.41965e-05,
            "E[P_z(16)]": 2.98863e-05,
            "E[P_z(17)]": 3.12781e-05,
            "E[P_z(18)]": 5.08708e-05,
            "E[P_z(19)]": 6.35701e-05,
            "E[D_z]": null,
            "E[mis_z]": null
        },
        {
            "E[P_z(1)]": 0.0006376274,
            "E[P_z(2)]": 0.0001551071,
            "E[P_z(3)]": 9.38501e-05,
            "E[P_z(4)]": 7.49896e-05,
            "E[P_z(5)]": 4.9431e-05,
            "E[P_z(6)]": 4.60754e-05,
            "E[P_z(7)]": 4.22311e-05,
            "E[P_z(8)]": 2.71452e-05,
            "E[P_z(9)]": 2.52726e-05,
            "E[P_z(10)]": 2.75935e-05,
            "E[P_z(11)]": 2.47458e-05,
            "E[P_z(12)]": 1.84569e-05,
            "E[P_z(13)]": 1.53025e-05,
            "E[P_z(14)]": 1.74635e-05,
            "E[P_z(15)]": 1.69817e-05,
            "E[P_z(16)]": 1.46969e-05,
            "E[P_z(17)]": 1.5241e-05,
            "E[P_z(18)]": 2.45749e-05,
            "E[P_z(19)]": 3.04611e-05,
            "E[D_z]": null,
            "E[mis_z]": null
        }
    ],
    "alpha": 0.009436989473389239,
    "execution_time": 276.0244116783142
}