{
    "output_file": "/scratch/38996441/tmpoja409mt",
    "model": "C",
    "likelihood": -133.2849,
    "criteria": 0.00025,
    "params_mle": {
        "eps": 0.001419799,
        "eps_cont": 0,
        "lambda": 0,
        "theta_bar": 0.007789587,
        "a": -1,
        "S_d": -82535.85,
        "b": 0.1615719,
        "p_b": 0.0338182,
        "S_b": 2.336145,
        "r": [
            0.8347283,
            0.7177514,
            0.6678005,
            0.6034711,
            0.5316995,
            0.527747,
            0.5071148,
            0.4434151,
            0.4376217,
            0.4395026,
            0.5861878,
            0.4192019,
            0.4738367,
            0.569266,
            0.689497,
            0.5910881,
            0.8688548,
            1.123031
        ]
    },
    "n": 20,
    "expec": [
        {
            "E[P_z(1)]": 0.007779181,
            "E[P_z(2)]": 0.003247013,
            "E[P_z(3)]": 0.001861401,
            "E[P_z(4)]": 0.001299103,
            "E[P_z(5)]": 0.000939243,
            "E[P_z(6)]": 0.0006896809,
            "E[P_z(7)]": 0.0005867987,
            "E[P_z(8)]": 0.000493616,
            "E[P_z(9)]": 0.0003836771,
            "E[P_z(10)]": 0.0003408892,
            "E[P_z(11)]": 0.0003113343,
            "E[P_z(12)]": 0.0003806742,
            "E[P_z(13)]": 0.0002516625,
            "E[P_z(14)]": 0.0002642481,
            "E[P_z(15)]": 0.0002965383,
            "E[P_z(16)]": 0.0003370509,
            "E[P_z(17)]": 0.0002731046,
            "E[P_z(18)]": 0.0003800832,
            "E[P_z(19)]": 0.0004708244,
            "E[D_z]": null,
            "E[mis_z]": null
        },
        {
            "E[P_z(1)]": 0.001935462,
            "E[P_z(2)]": 0.0007057721,
            "E[P_z(3)]": 0.0003820523,
            "E[P_z(4)]": 0.0002578899,
            "E[P_z(5)]": 0.0001824529,
            "E[P_z(6)]": 0.000132026,
            "E[P_z(7)]": 0.0001112339,
            "E[P_z(8)]": 9.2994e-05,
            "E[P_z(9)]": 7.20495e-05,
            "E[P_z(10)]": 6.39707e-05,
            "E[P_z(11)]": 5.852e-05,
            "E[P_z(12)]": 7.18283e-05,
            "E[P_z(13)]": 4.77716e-05,
            "E[P_z(14)]": 5.05755e-05,
            "E[P_z(15)]": 5.736e-05,
            "E[P_z(16)]": 6.60594e-05,
            "E[P_z(17)]": 5.43956e-05,
            "E[P_z(18)]": 7.71989e-05,
            "E[P_z(19)]": 9.81833e-05,
            "E[D_z]": null,
            "E[mis_z]": null
        }
    ],
    "alpha": 0.4266168386738313,
    "execution_time": 2172.2397315502167
}