{
    "likelihood": -34.40135622335154,
    "L2_residual": 15.304980917687256,
    "params_mle": {
        "S_d": -75.6905980983474,
        "b": 0.12571373266853453,
        "p_b": 0.0,
        "S_b": 8.225351412054819,
        "eps": 0.0
    },
    "alpha": 0.0,
    "result": {
        "fun": 28.00885296752692,
        "jac": [
            2.4868995902744106e-06,
            1.421085464379588e-06,
            20.135689027256376,
            0.0,
            54.22239297558917
        ],
        "nfev": 138,
        "njev": 23,
        "nit": 18,
        "status": 0,
        "message": "CONVERGENCE: NORM_OF_PROJECTED_GRADIENT_<=_PGTOL",
        "x": [
            -1.879041936995536,
            -0.9006172784285473,
            0.0,
            0.9151544614008713,
            0.0
        ],
        "success": true,
        "hess_inv": "<5x5 LbfgsInvHessProduct with dtype=float64>"
    },
    "execution_time": 148.16547918319702,
    "sfs_mle": [
        0.0,
        94.60887540683697,
        30.049712388543462,
        15.719523945015641,
        18.060910162940065,
        13.372476626112514,
        10.341569496746578,
        13.55537337469828,
        7.347626392703099,
        11.211905765168057,
        0.0
    ],
    "fixed_params": {},
    "bounds": {
        "S_d": [
            -100000.0,
            -0.01
        ],
        "b": [
            0.01,
            10
        ],
        "p_b": [
            0,
            0.5
        ],
        "S_b": [
            0.0001,
            100
        ],
        "eps": [
            0,
            0.15
        ]
    },
    "config": {
        "model": "GammaExpParametrization",
        "intervals_del": [
            -100000000.0,
            -1e-05,
            1000
        ],
        "intervals_ben": [
            1e-05,
            10000.0,
            1000
        ],
        "integration_mode": "midpoint",
        "linearized": true,
        "seed": 0,
        "opts_mle": {},
        "n_runs": 100,
        "x0": {
            "all": {
                "S_d": -1000,
                "b": 0.4,
                "p_b": 0.05,
                "S_b": 1,
                "eps": 0.0
            }
        },
        "bounds": {
            "S_d": [
                -100000.0,
                -0.01
            ],
            "b": [
                0.01,
                10
            ],
            "p_b": [
                0,
                0.5
            ],
            "S_b": [
                0.0001,
                100
            ],
            "eps": [
                0,
                0.15
            ]
        },
        "scales": {
            "S_d": "log",
            "b": "log",
            "p_b": "lin",
            "S_b": "log",
            "eps": "lin"
        },
        "fixed_params": {},
        "shared_params": [],
        "covariates": [],
        "sfs_neut": {
            "all": [
                2212.0,
                107.0,
                38.0,
                21.0,
                25.0,
                19.0,
                15.0,
                20.0,
                11.0,
                17.0,
                48.0
            ]
        },
        "sfs_sel": {
            "all": [
                3155.0,
                90.0,
                29.0,
                28.0,
                17.0,
                15.0,
                8.0,
                9.0,
                11.0,
                7.0,
                37.0
            ]
        },
        "do_bootstrap": true,
        "n_bootstraps": 1000,
        "parallelize": false,
        "loss_type": "likelihood"
    }
}