{
    "output_file": "/scratch/38996473/tmpayitss74",
    "model": "C",
    "likelihood": -137.2225,
    "criteria": 0.00167,
    "params_mle": {
        "eps": 0.001940559,
        "eps_cont": 0,
        "lambda": 0,
        "theta_bar": 0.00774999,
        "a": -1,
        "S_d": -49990.02,
        "b": 0.1698165,
        "p_b": 0.04071278,
        "S_b": 1.496604,
        "r": [
            0.7930049,
            0.6941303,
            0.6465038,
            0.6027303,
            0.5495228,
            0.4687912,
            0.4774666,
            0.4367243,
            0.404732,
            0.4452027,
            0.447007,
            0.5211965,
            0.4585852,
            0.5757788,
            0.6110025,
            0.6784449,
            0.6421416,
            1.122664
        ]
    },
    "n": 20,
    "expec": [
        {
            "E[P_z(1)]": 0.00773584,
            "E[P_z(2)]": 0.003067464,
            "E[P_z(3)]": 0.001790288,
            "E[P_z(4)]": 0.001250743,
            "E[P_z(5)]": 0.0009329952,
            "E[P_z(6)]": 0.0007089146,
            "E[P_z(7)]": 0.0005186139,
            "E[P_z(8)]": 0.0004622078,
            "E[P_z(9)]": 0.0003759466,
            "E[P_z(10)]": 0.0003136669,
            "E[P_z(11)]": 0.0003137863,
            "E[P_z(12)]": 0.000289029,
            "E[P_z(13)]": 0.0003111171,
            "E[P_z(14)]": 0.0002547441,
            "E[P_z(15)]": 0.000298721,
            "E[P_z(16)]": 0.0002978104,
            "E[P_z(17)]": 0.0003121702,
            "E[P_z(18)]": 0.0002819039,
            "E[P_z(19)]": 0.0004720789,
            "E[D_z]": null,
            "E[mis_z]": null
        },
        {
            "E[P_z(1)]": 0.001995136,
            "E[P_z(2)]": 0.0006882623,
            "E[P_z(3)]": 0.0003786086,
            "E[P_z(4)]": 0.0002554696,
            "E[P_z(5)]": 0.0001862381,
            "E[P_z(6)]": 0.0001392641,
            "E[P_z(7)]": 0.0001007363,
            "E[P_z(8)]": 8.90796e-05,
            "E[P_z(9)]": 7.20845e-05,
            "E[P_z(10)]": 5.99696e-05,
            "E[P_z(11)]": 5.99365e-05,
            "E[P_z(12)]": 5.52533e-05,
            "E[P_z(13)]": 5.96227e-05,
            "E[P_z(14)]": 4.90194e-05,
            "E[P_z(15)]": 5.78079e-05,
            "E[P_z(16)]": 5.8057e-05,
            "E[P_z(17)]": 6.14208e-05,
            "E[P_z(18)]": 5.61567e-05,
            "E[P_z(19)]": 9.57998e-05,
            "E[D_z]": null,
            "E[mis_z]": null
        }
    ],
    "alpha": 0.4021598436537811,
    "execution_time": 565.6308243274689
}