{
    "py/object": "fastdfe.polydfe.PolyDFE",
    "logger": {
        "py/reduce": [
            {
                "py/function": "logging.getLogger"
            },
            {
                "py/tuple": [
                    "fastdfe.PolyDFE"
                ]
            }
        ]
    },
    "bootstraps": null,
    "config": {
        "py/object": "fastdfe.config.Config",
        "data": {
            "model": "GammaExpParametrization",
            "intervals_del": {
                "py/tuple": [
                    -100000000.0,
                    -1e-05,
                    1000
                ]
            },
            "intervals_ben": {
                "py/tuple": [
                    1e-05,
                    10000.0,
                    1000
                ]
            },
            "integration_mode": "midpoint",
            "linearized": true,
            "seed": 0,
            "opts_mle": {},
            "n_runs": 10,
            "x0": {
                "all": {
                    "S_b": 0.1083917,
                    "S_d": -45.46375,
                    "a": -1,
                    "b": 0.1287808,
                    "eps": 4.50268e-06,
                    "eps_cont": 0,
                    "lambda": 0,
                    "p_b": 0.009184894,
                    "r": [
                        0.5642878,
                        0.496756,
                        0.4953868,
                        0.4840476,
                        0.4906511,
                        0.4906073,
                        0.5437098,
                        0.5553355,
                        0.5124802,
                        0.5092361,
                        0.6175192,
                        0.5977393,
                        0.4504409,
                        0.522028,
                        0.3860458,
                        0.4756257,
                        0.5506624,
                        0.3834732,
                        0.531485,
                        0.4975372,
                        0.5880576,
                        0.5381713,
                        0.7063446,
                        0.5665509,
                        0.6574706,
                        0.6611074,
                        0.9643355,
                        1.73894
                    ],
                    "theta_bar": 0.0009259123
                }
            },
            "bounds": {},
            "scales": {},
            "fixed_params": {},
            "shared_params": [],
            "covariates": [],
            "sfs_neut": {
                "py/object": "fastdfe.spectrum.Spectra",
                "data": {
                    "all": [
                        1037528.3337252,
                        981.0,
                        277.0,
                        167.0,
                        100.0,
                        98.0,
                        69.0,
                        70.0,
                        50.0,
                        60.0,
                        45.0,
                        47.0,
                        58.0,
                        46.0,
                        40.0,
                        36.0,
                        27.0,
                        29.0,
                        26.0,
                        16.0,
                        40.0,
                        15.0,
                        34.0,
                        17.0,
                        23.0,
                        21.0,
                        27.0,
                        35.0,
                        22.0,
                        45.0,
                        0.0
                    ]
                }
            },
            "sfs_sel": {
                "py/object": "fastdfe.spectrum.Spectra",
                "data": {
                    "all": [
                        2844900.6662748,
                        2053.0,
                        526.0,
                        275.0,
                        225.0,
                        162.0,
                        106.0,
                        106.0,
                        111.0,
                        111.0,
                        77.0,
                        92.0,
                        76.0,
                        71.0,
                        42.0,
                        45.0,
                        19.0,
                        26.0,
                        44.0,
                        30.0,
                        25.0,
                        32.0,
                        45.0,
                        34.0,
                        51.0,
                        22.0,
                        34.0,
                        36.0,
                        62.0,
                        71.0,
                        0.0
                    ]
                }
            },
            "do_bootstrap": false,
            "n_bootstraps": 10,
            "parallelize": false,
            "loss_type": "likelihood"
        }
    },
    "output_file": null,
    "execution_time": 888.8730463981628,
    "summary": {
        "py/object": "fastdfe.polydfe.PolyDFEResult",
        "output_file": "results/polydfe/hgdp/inference/1/opts.n.30.config.default/bootstraps/69/all.polydfe.txt",
        "postprocessing_source": "../resources/polydfe/postprocessing/script.R",
        "data": {
            "output_file": "/scratch/40841746/tmpf4m2dxjn",
            "model": "C",
            "likelihood": -199.6975,
            "criteria": 0.00052,
            "params_mle": {
                "eps": 4.50397e-06,
                "eps_cont": 0,
                "lambda": 0,
                "theta_bar": 0.0009407,
                "a": -1,
                "S_d": -55.06301,
                "b": 0.1208268,
                "p_b": 0.009193612,
                "S_b": 0.1086063,
                "r": [
                    0.5648421,
                    0.4824991,
                    0.4837315,
                    0.491679,
                    0.4022286,
                    0.4769026,
                    0.5029876,
                    0.6056063,
                    0.4832976,
                    0.6093267,
                    0.64427,
                    0.6123825,
                    0.4642944,
                    0.4934257,
                    0.3000093,
                    0.3825458,
                    0.5172478,
                    0.3599109,
                    0.536963,
                    0.4087874,
                    0.7218592,
                    0.4884183,
                    0.7413166,
                    0.4496986,
                    0.6650506,
                    0.8055366,
                    0.990345,
                    1.419219
                ]
            },
            "n": 30,
            "expec": [
                {
                    "E[P_z(1)]": 0.000940696,
                    "E[P_z(2)]": 0.0002656725,
                    "E[P_z(3)]": 0.0001512951,
                    "E[P_z(4)]": 0.0001137611,
                    "E[P_z(5)]": 9.25041e-05,
                    "E[P_z(6)]": 6.30626e-05,
                    "E[P_z(7)]": 6.40887e-05,
                    "E[P_z(8)]": 5.91449e-05,
                    "E[P_z(9)]": 6.32991e-05,
                    "E[P_z(10)]": 4.54637e-05,
                    "E[P_z(11)]": 5.21084e-05,
                    "E[P_z(12)]": 5.05053e-05,
                    "E[P_z(13)]": 4.43128e-05,
                    "E[P_z(14)]": 3.11972e-05,
                    "E[P_z(15)]": 3.09444e-05,
                    "E[P_z(16)]": 1.76387e-05,
                    "E[P_z(17)]": 2.11684e-05,
                    "E[P_z(18)]": 2.7032e-05,
                    "E[P_z(19)]": 1.78195e-05,
                    "E[P_z(20)]": 2.52561e-05,
                    "E[P_z(21)]": 1.83119e-05,
                    "E[P_z(22)]": 3.08662e-05,
                    "E[P_z(23)]": 1.99765e-05,
                    "E[P_z(24)]": 2.90567e-05,
                    "E[P_z(25)]": 1.69216e-05,
                    "E[P_z(26)]": 2.40624e-05,