{
    "output_file": "/scratch/40841746/tmpf4m2dxjn",
    "model": "C",
    "likelihood": -199.6975,
    "criteria": 0.00052,
    "params_mle": {
        "eps": 4.50397e-06,
        "eps_cont": 0,
        "lambda": 0,
        "theta_bar": 0.0009407,
        "a": -1,
        "S_d": -55.06301,
        "b": 0.1208268,
        "p_b": 0.009193612,
        "S_b": 0.1086063,
        "r": [
            0.5648421,
            0.4824991,
            0.4837315,
            0.491679,
            0.4022286,
            0.4769026,
            0.5029876,
            0.6056063,
            0.4832976,
            0.6093267,
            0.64427,
            0.6123825,
            0.4642944,
            0.4934257,
            0.3000093,
            0.3825458,
            0.5172478,
            0.3599109,
            0.536963,
            0.4087874,
            0.7218592,
            0.4884183,
            0.7413166,
            0.4496986,
            0.6650506,
            0.8055366,
            0.990345,
            1.419219
        ]
    },
    "n": 30,
    "expec": [
        {
            "E[P_z(1)]": 0.000940696,
            "E[P_z(2)]": 0.0002656725,
            "E[P_z(3)]": 0.0001512951,
            "E[P_z(4)]": 0.0001137611,
            "E[P_z(5)]": 9.25041e-05,
            "E[P_z(6)]": 6.30626e-05,
            "E[P_z(7)]": 6.40887e-05,
            "E[P_z(8)]": 5.91449e-05,
            "E[P_z(9)]": 6.32991e-05,
            "E[P_z(10)]": 4.54637e-05,
            "E[P_z(11)]": 5.21084e-05,
            "E[P_z(12)]": 5.05053e-05,
            "E[P_z(13)]": 4.43128e-05,
            "E[P_z(14)]": 3.11972e-05,
            "E[P_z(15)]": 3.09444e-05,
            "E[P_z(16)]": 1.76387e-05,
            "E[P_z(17)]": 2.11684e-05,
            "E[P_z(18)]": 2.7032e-05,
            "E[P_z(19)]": 1.78195e-05,
            "E[P_z(20)]": 2.52561e-05,
            "E[P_z(21)]": 1.83119e-05,
            "E[P_z(22)]": 3.08662e-05,
            "E[P_z(23)]": 1.99765e-05,
            "E[P_z(24)]": 2.90567e-05,
            "E[P_z(25)]": 1.69216e-05,
            "E[P_z(26)]": 2.40624e-05,
            "E[P_z(27)]": 2.8066e-05,
            "E[P_z(28)]": 3.32731e-05,
            "E[P_z(29)]": 4.60405e-05,
            "E[D_z]": null,
            "E[mis_z]": null
        },
        {
            "E[P_z(1)]": 0.0007214152,
            "E[P_z(2)]": 0.0001848461,
            "E[P_z(3)]": 9.98823e-05,
            "E[P_z(4)]": 7.2533e-05,
            "E[P_z(5)]": 5.74795e-05,
            "E[P_z(6)]": 3.83961e-05,
            "E[P_z(7)]": 3.83722e-05,
            "E[P_z(8)]": 3.49118e-05,
            "E[P_z(9)]": 3.69053e-05,
            "E[P_z(10)]": 2.62193e-05,
            "E[P_z(11)]": 2.97597e-05,
            "E[P_z(12)]": 2.85908e-05,
            "E[P_z(13)]": 2.4884e-05,
            "E[P_z(14)]": 1.73896e-05,
            "E[P_z(15)]": 1.71307e-05,
            "E[P_z(16)]": 9.7026e-06,
            "E[P_z(17)]": 1.15748e-05,
            "E[P_z(18)]": 1.46984e-05,
            "E[P_z(19)]": 9.6381e-06,
            "E[P_z(20)]": 1.35921e-05,
            "E[P_z(21)]": 9.8083e-06,
            "E[P_z(22)]": 1.64581e-05,
            "E[P_z(23)]": 1.06058e-05,
            "E[P_z(24)]": 1.53632e-05,
            "E[P_z(25)]": 8.9118e-06,
            "E[P_z(26)]": 1.26246e-05,
            "E[P_z(27)]": 1.46717e-05,
            "E[P_z(28)]": 1.73329e-05,
            "E[P_z(29)]": 2.39037e-05,
            "E[D_z]": null,
            "E[mis_z]": null
        }
    ],
    "alpha": 0.01999528773506058,
    "execution_time": 888.8730463981628
}