{
    "output_file": "/scratch/38996074/tmp5b108i7w",
    "model": "C",
    "likelihood": -254.5555,
    "criteria": 0.00051,
    "params_mle": {
        "eps": 0,
        "eps_cont": 0,
        "lambda": 0,
        "theta_bar": 0.003130685,
        "a": -1,
        "S_d": -91.80675,
        "b": 0.3476136,
        "p_b": 0,
        "S_b": 1,
        "r": [
            0.9184814,
            0.8693584,
            0.9675582,
            0.9923775,
            0.8493119,
            0.9541829,
            0.8730959,
            0.8859014,
            0.9674587,
            0.8468527,
            1.028011,
            0.904971,
            0.9992421,
            0.9108213,
            1.046697,
            1.255332,
            1.418699,
            1.576644
        ]
    },
    "n": 20,
    "expec": [
        {
            "E[P_z(1)]": 0.003130685,
            "E[P_z(2)]": 0.001437738,
            "E[P_z(3)]": 0.0009072292,
            "E[P_z(4)]": 0.0007572801,
            "E[P_z(5)]": 0.0006213644,
            "E[P_z(6)]": 0.0004431547,
            "E[P_z(7)]": 0.0004267495,
            "E[P_z(8)]": 0.0003416736,
            "E[P_z(9)]": 0.0003081643,
            "E[P_z(10)]": 0.0003028809,
            "E[P_z(11)]": 0.0002410209,
            "E[P_z(12)]": 0.0002681983,
            "E[P_z(13)]": 0.0002179369,
            "E[P_z(14)]": 0.0002234509,
            "E[P_z(15)]": 0.0001900997,
            "E[P_z(16)]": 0.0002048049,
            "E[P_z(17)]": 0.0002311793,
            "E[P_z(18)]": 0.0002467501,
            "E[P_z(19)]": 0.0002597882,
            "E[D_z]": null,
            "E[mis_z]": null
        },
        {
            "E[P_z(1)]": 0.001560069,
            "E[P_z(2)]": 0.0005357539,
            "E[P_z(3)]": 0.0002889238,
            "E[P_z(4)]": 0.0002175742,
            "E[P_z(5)]": 0.0001655476,
            "E[P_z(6)]": 0.0001112825,
            "E[P_z(7)]": 0.000102086,
            "E[P_z(8)]": 7.84461e-05,
            "E[P_z(9)]": 6.82812e-05,
            "E[P_z(10)]": 6.50401e-05,
            "E[P_z(11)]": 5.0327e-05,
            "E[P_z(12)]": 5.46017e-05,
            "E[P_z(13)]": 4.33559e-05,
            "E[P_z(14)]": 4.35183e-05,
            "E[P_z(15)]": 3.63018e-05,
            "E[P_z(16)]": 3.84001e-05,
            "E[P_z(17)]": 4.26087e-05,
            "E[P_z(18)]": 4.47518e-05,
            "E[P_z(19)]": 4.64059e-05,
            "E[D_z]": null,
            "E[mis_z]": null
        }
    ],
    "alpha": 0.0,
    "execution_time": 202.7782757282257
}