{
    "py/object": "fastdfe.polydfe.PolyDFE",
    "logger": {
        "py/reduce": [
            {
                "py/function": "logging.getLogger"
            },
            {
                "py/tuple": [
                    "fastdfe.PolyDFE"
                ]
            }
        ]
    },
    "bootstraps": null,
    "config": {
        "py/object": "fastdfe.config.Config",
        "data": {
            "model": "GammaExpParametrization",
            "intervals_del": {
                "py/tuple": [
                    -100000000.0,
                    -1e-05,
                    1000
                ]
            },
            "intervals_ben": {
                "py/tuple": [
                    1e-05,
                    10000.0,
                    1000
                ]
            },
            "integration_mode": "midpoint",
            "linearized": true,
            "seed": 0,
            "opts_mle": {},
            "n_runs": 10,
            "x0": {
                "all": {
                    "S_b": 0.03800569,
                    "S_d": -68.01433,
                    "a": -1,
                    "b": 0.1127644,
                    "eps": 4.49744e-06,
                    "eps_cont": 0,
                    "lambda": 0,
                    "p_b": 0.003905648,
                    "r": [
                        0.5669393,
                        0.5649833,
                        0.5475162,
                        0.4995644,
                        0.5648594,
                        0.6039999,
                        0.4662727,
                        0.5802472,
                        0.5323765,
                        0.5838853,
                        0.5587549,
                        0.5490204,
                        0.5681745,
                        0.5012596,
                        0.6027202,
                        0.6738647,
                        0.7739941,
                        1.427315
                    ],
                    "theta_bar": 0.0008503307
                }
            },
            "bounds": {},
            "scales": {},
            "fixed_params": {},
            "shared_params": [],
            "covariates": [],
            "sfs_neut": {
                "py/object": "fastdfe.spectrum.Spectra",
                "data": {
                    "all": [
                        1040472.81958835,
                        856.0,
                        249.0,
                        153.0,
                        118.0,
                        84.0,
                        79.0,
                        80.0,
                        46.0,
                        64.0,
                        45.0,
                        46.0,
                        48.0,
                        40.0,
                        32.0,
                        28.0,
                        33.0,
                        41.0,
                        40.0,
                        65.0,
                        0.0
                    ]
                }
            },
            "sfs_sel": {
                "py/object": "fastdfe.spectrum.Spectra",
                "data": {
                    "all": [
                        2842957.18041165,
                        1796.0,
                        480.0,
                        308.0,
                        246.0,
                        155.0,
                        133.0,
                        98.0,
                        82.0,
                        84.0,
                        89.0,
                        69.0,
                        50.0,
                        56.0,
                        56.0,
                        46.0,
                        38.0,
                        48.0,
                        53.0,
                        95.0,
                        0.0
                    ]
                }
            },
            "do_bootstrap": false,
            "n_bootstraps": 10,
            "parallelize": false,
            "loss_type": "likelihood"
        }
    },
    "output_file": null,
    "execution_time": 462.316641330719,
    "summary": {
        "py/object": "fastdfe.polydfe.PolyDFEResult",
        "output_file": "results/polydfe/hgdp/inference/1/opts.n.20.config.default/bootstraps/58/all.polydfe.txt",
        "postprocessing_source": "../resources/polydfe/postprocessing/script.R",
        "data": {
            "output_file": "/scratch/40841184/tmpf6ivr818",
            "model": "C",
            "likelihood": -128.2214,
            "criteria": 0.00012,
            "params_mle": {
                "eps": 4.49717e-06,
                "eps_cont": 0,
                "lambda": 0,
                "theta_bar": 0.0008032833,
                "a": -1,
                "S_d": -17.89177,
                "b": 0.1668506,
                "p_b": 0.003880154,
                "S_b": 0.03792009,
                "r": [
                    0.5918477,
                    0.585755,
                    0.6345909,
                    0.5320107,
                    0.57585,
                    0.5718936,
                    0.4755091,
                    0.6247938,
                    0.6341489,
                    0.6034101,
                    0.5650133,
                    0.6035237,
                    0.5993634,
                    0.5430099,
                    0.5585965,
                    0.7475538,
                    0.830843,
                    1.515181
                ]
            },
            "n": 20,
            "expec": [
                {
                    "E[P_z(1)]": 0.0008032799,
                    "E[P_z(2)]": 0.0002377098,
                    "E[P_z(3)]": 0.0001568418,
                    "E[P_z(4)]": 0.0001274386,
                    "E[P_z(5)]": 8.54708e-05,
                    "E[P_z(6)]": 7.70949e-05,
                    "E[P_z(7)]": 6.56274e-05,
                    "E[P_z(8)]": 4.7746e-05,
                    "E[P_z(9)]": 5.57651e-05,
                    "E[P_z(10)]": 5.09401e-05,
                    "E[P_z(11)]": 4.40645e-05,
                    "E[P_z(12)]": 3.78222e-05,
                    "E[P_z(13)]": 3.72925e-05,
                    "E[P_z(14)]": 3.43901e-05,
                    "E[P_z(15)]": 2.90796e-05,
                    "E[P_z(16)]": 2.80449e-05,
                    "E[P_z(17)]": 3.53239e-05,
                    "E[P_z(18)]": 3.70788e-05,
                    "E[P_z(19)]": 6.40623e-05,
                    "E[D_z]": null,
                    "E[mis_z]": null
                },
                {
                    "E[P_z(1)]": 0.0006373368,
                    "E[P_z(2)]": 0.0001690095,
                    "E[P_z(3)]": 0.0001044879,
                    "E[P_z(4)]": 8.11863e-05,
                    "E[P_z(5)]": 5.26486e-05,
                    "E[P_z(6)]": 4.62323e-05,
                    "E[P_z(7)]": 3.84894e-05,
                    "E[P_z(8)]": 2.74756e-05,
                    "E[P_z(9)]": 3.15635e-05,
                    "E[P_z(10)]": 2.84126e-05,
                    "E[P_z(11)]": 2.42561e-05,
                    "E[P_z(12)]": 2.05726e-05,
                    "E[P_z(13)]": 2.00637e-05,
                    "E[P_z(14)]": 1.83165e-05,
                    "E[P_z(15)]": 1.53437e-05,
                    "E[P_z(16)]": 1.4669e-05,
                    "E[P_z(17)]": 1.83256e-05,
                    "E[P_z(18)]": 1.90883e-05,
                    "E[P_z(19)]": 3.27406e-05,
                    "E[D_z]": null,
                    "E[mis_z]": null
                }
            ],
            "alpha": 0.008839942768509438,
            "execution_time": 462.316641330719
        }
    }
}