{
    "output_file": "/scratch/38996037/tmpqxdxxub_",
    "model": "C",
    "likelihood": -227.5468,
    "criteria": 8e-05,
    "params_mle": {
        "eps": 0,
        "eps_cont": 0,
        "lambda": 0,
        "theta_bar": 0.003186797,
        "a": -1,
        "S_d": -94.96409,
        "b": 0.3542063,
        "p_b": 0,
        "S_b": 1,
        "r": [
            0.9197194,
            0.9510536,
            0.9605015,
            0.9695103,
            0.8630882,
            0.9526991,
            0.9507205,
            0.9216478,
            0.9903745,
            0.9163189,
            1.006936,
            0.9501735,
            0.8683447,
            0.9704254,
            1.074531,
            1.287911,
            1.382544,
            1.514297
        ]
    },
    "n": 20,
    "expec": [
        {
            "E[P_z(1)]": 0.003186797,
            "E[P_z(2)]": 0.001465479,
            "E[P_z(3)]": 0.001010272,
            "E[P_z(4)]": 0.0007652308,
            "E[P_z(5)]": 0.0006179265,
            "E[P_z(6)]": 0.0004584145,
            "E[P_z(7)]": 0.0004337227,
            "E[P_z(8)]": 0.0003787192,
            "E[P_z(9)]": 0.0003263449,
            "E[P_z(10)]": 0.0003156122,
            "E[P_z(11)]": 0.0002654657,
            "E[P_z(12)]": 0.0002674083,
            "E[P_z(13)]": 0.0002329238,
            "E[P_z(14)]": 0.0001976599,
            "E[P_z(15)]": 0.0002061699,
            "E[P_z(16)]": 0.0002140195,
            "E[P_z(17)]": 0.00024143,
            "E[P_z(18)]": 0.0002447715,
            "E[P_z(19)]": 0.0002539872,
            "E[D_z]": null,
            "E[mis_z]": null
        },
        {
            "E[P_z(1)]": 0.00156207,
            "E[P_z(2)]": 0.0005335067,
            "E[P_z(3)]": 0.0003132431,
            "E[P_z(4)]": 0.0002135903,
            "E[P_z(5)]": 0.0001596915,
            "E[P_z(6)]": 0.0001115277,
            "E[P_z(7)]": 0.0001004249,
            "E[P_z(8)]": 8.40939e-05,
            "E[P_z(9)]": 6.9885e-05,
            "E[P_z(10)]": 6.54621e-05,
            "E[P_z(11)]": 5.35117e-05,
            "E[P_z(12)]": 5.25304e-05,
            "E[P_z(13)]": 4.46917e-05,
            "E[P_z(14)]": 3.71134e-05,
            "E[P_z(15)]": 3.79433e-05,
            "E[P_z(16)]": 3.86599e-05,
            "E[P_z(17)]": 4.28565e-05,
            "E[P_z(18)]": 4.27426e-05,
            "E[P_z(19)]": 4.36707e-05,
            "E[D_z]": null,
            "E[mis_z]": null
        }
    ],
    "alpha": 0.0,
    "execution_time": 145.84255743026733
}