{
    "output_file": "/scratch/38996438/tmpriwkkyja",
    "model": "C",
    "likelihood": -135.1592,
    "criteria": 8e-05,
    "params_mle": {
        "eps": 0.0001043254,
        "eps_cont": 0,
        "lambda": 0,
        "theta_bar": 0.007662154,
        "a": -1,
        "S_d": -1560.248,
        "b": 0.482725,
        "p_b": 0.1441579,
        "S_b": 0.4020409,
        "r": [
            0.8928086,
            0.7616563,
            0.6381941,
            0.5961514,
            0.5881416,
            0.488065,
            0.5231094,
            0.4322323,
            0.4859957,
            0.4499846,
            0.5079089,
            0.4539741,
            0.504351,
            0.5830515,
            0.6063865,
            0.6622456,
            0.8450871,
            1.256303
        ]
    },
    "n": 20,
    "expec": [
        {
            "E[P_z(1)]": 0.007661408,
            "E[P_z(2)]": 0.003420099,
            "E[P_z(3)]": 0.001945138,
            "E[P_z(4)]": 0.001222388,
            "E[P_z(5)]": 0.0009134965,
            "E[P_z(6)]": 0.0007510224,
            "E[P_z(7)]": 0.000534205,
            "E[P_z(8)]": 0.0005009996,
            "E[P_z(9)]": 0.0003679755,
            "E[P_z(10)]": 0.0003723774,
            "E[P_z(11)]": 0.0003134467,
            "E[P_z(12)]": 0.0003243248,
            "E[P_z(13)]": 0.0002675986,
            "E[P_z(14)]": 0.0002760792,
            "E[P_z(15)]": 0.000297893,
            "E[P_z(16)]": 0.0002904864,
            "E[P_z(17)]": 0.0002986558,
            "E[P_z(18)]": 0.000360052,
            "E[P_z(19)]": 0.0005073774,
            "E[D_z]": null,
            "E[mis_z]": null
        },
        {
            "E[P_z(1)]": 0.002030045,
            "E[P_z(2)]": 0.0007354888,
            "E[P_z(3)]": 0.0003914304,
            "E[P_z(4)]": 0.0002382703,
            "E[P_z(5)]": 0.0001749196,
            "E[P_z(6)]": 0.0001423189,
            "E[P_z(7)]": 0.0001006326,
            "E[P_z(8)]": 9.40983e-05,
            "E[P_z(9)]": 6.90554e-05,
            "E[P_z(10)]": 6.99338e-05,
            "E[P_z(11)]": 5.89837e-05,
            "E[P_z(12)]": 6.12137e-05,
            "E[P_z(13)]": 5.07008e-05,
            "E[P_z(14)]": 5.25457e-05,
            "E[P_z(15)]": 5.69909e-05,
            "E[P_z(16)]": 5.58924e-05,
            "E[P_z(17)]": 5.78233e-05,
            "E[P_z(18)]": 7.01814e-05,
            "E[P_z(19)]": 9.96456e-05,
            "E[D_z]": null,
            "E[mis_z]": null
        }
    ],
    "alpha": 0.887879441236611,
    "execution_time": 1826.4415187835693
}