{
    "py/object": "fastdfe.polydfe.PolyDFE",
    "logger": {
        "py/reduce": [
            {
                "py/function": "logging.getLogger"
            },
            {
                "py/tuple": [
                    "fastdfe.PolyDFE"
                ]
            }
        ]
    },
    "bootstraps": null,
    "config": {
        "py/object": "fastdfe.config.Config",
        "data": {
            "model": "GammaExpParametrization",
            "intervals_del": {
                "py/tuple": [
                    -100000000.0,
                    -1e-05,
                    1000
                ]
            },
            "intervals_ben": {
                "py/tuple": [
                    1e-05,
                    10000.0,
                    1000
                ]
            },
            "integration_mode": "midpoint",
            "linearized": true,
            "seed": 0,
            "opts_mle": {},
            "n_runs": 10,
            "x0": {
                "all": {
                    "S_b": 0.1083917,
                    "S_d": -45.46375,
                    "a": -1,
                    "b": 0.1287808,
                    "eps": 4.50268e-06,
                    "eps_cont": 0,
                    "lambda": 0,
                    "p_b": 0.009184894,
                    "r": [
                        0.5642878,
                        0.496756,
                        0.4953868,
                        0.4840476,
                        0.4906511,
                        0.4906073,
                        0.5437098,
                        0.5553355,
                        0.5124802,
                        0.5092361,
                        0.6175192,
                        0.5977393,
                        0.4504409,
                        0.522028,
                        0.3860458,
                        0.4756257,
                        0.5506624,
                        0.3834732,
                        0.531485,
                        0.4975372,
                        0.5880576,
                        0.5381713,
                        0.7063446,
                        0.5665509,
                        0.6574706,
                        0.6611074,
                        0.9643355,
                        1.73894
                    ],
                    "theta_bar": 0.0009259123
                }
            },
            "bounds": {},
            "scales": {},
            "fixed_params": {},
            "shared_params": [],
            "covariates": [],
            "sfs_neut": {
                "py/object": "fastdfe.spectrum.Spectra",
                "data": {
                    "all": [
                        1037493.3337252,
                        968.0,
                        295.0,
                        161.0,
                        111.0,
                        96.0,
                        74.0,
                        86.0,
                        61.0,
                        53.0,
                        41.0,
                        60.0,
                        49.0,
                        52.0,
                        39.0,
                        31.0,
                        31.0,
                        38.0,
                        24.0,
                        19.0,
                        26.0,
                        24.0,
                        19.0,
                        24.0,
                        24.0,
                        17.0,
                        22.0,
                        30.0,
                        27.0,
                        54.0,
                        0.0
                    ]
                }
            },
            "sfs_sel": {
                "py/object": "fastdfe.spectrum.Spectra",
                "data": {
                    "all": [
                        2844682.6662748,
                        2184.0,
                        566.0,
                        285.0,
                        210.0,
                        165.0,
                        134.0,
                        107.0,
                        130.0,
                        101.0,
                        81.0,
                        64.0,
                        69.0,
                        82.0,
                        53.0,
                        44.0,
                        31.0,
                        31.0,
                        37.0,
                        34.0,
                        37.0,
                        38.0,
                        41.0,
                        32.0,
                        48.0,
                        20.0,
                        43.0,
                        33.0,
                        43.0,
                        84.0,
                        0.0
                    ]
                }
            },
            "do_bootstrap": false,
            "n_bootstraps": 10,
            "parallelize": false,
            "loss_type": "likelihood"
        }
    },
    "output_file": null,
    "execution_time": 3366.4737179279327,
    "summary": {
        "py/object": "fastdfe.polydfe.PolyDFEResult",
        "output_file": "results/polydfe/hgdp/inference/1/opts.n.30.config.default/bootstraps/92/all.polydfe.txt",
        "postprocessing_source": "../resources/polydfe/postprocessing/script.R",
        "data": {
            "output_file": "/scratch/40841705/tmpydgn5l2y",
            "model": "C",
            "likelihood": -187.5739,
            "criteria": 0.00018,
            "params_mle": {
                "eps": 4.67147e-06,
                "eps_cont": 0,
                "lambda": 0,
                "theta_bar": 0.0009357042,
                "a": -1,
                "S_d": -17.20926,
                "b": 0.2332094,
                "p_b": 0.05677369,
                "S_b": 3.367483,
                "r": [
                    0.5901004,
                    0.4809968,
                    0.477076,
                    0.4968546,
                    0.4842172,
                    0.5321608,
                    0.6093577,
                    0.5584128,
                    0.4957605,
                    0.5582687,
                    0.5830459,
                    0.7208694,
                    0.5351831,
                    0.4689848,
                    0.4145788,
                    0.4910768,
                    0.4601591,
                    0.4221542,
                    0.5279919,
                    0.5449427,
                    0.5513704,
                    0.5364608,
                    0.7169696,
                    0.3819018,
                    0.6935179,
                    0.6928202,
                    0.7910656,
                    1.597536
                ]
            },
            "n": 30,
            "expec": [
                {
                    "E[P_z(1)]": 0.0009357001,
                    "E[P_z(2)]": 0.0002760786,
                    "E[P_z(3)]": 0.000150023,
                    "E[P_z(4)]": 0.0001116001,
                    "E[P_z(5)]": 9.29814e-05,
                    "E[P_z(6)]": 7.55138e-05,
                    "E[P_z(7)]": 7.11348e-05,
                    "E[P_z(8)]": 7.12721e-05,
                    "E[P_z(9)]": 5.80564e-05,
                    "E[P_z(10)]": 4.63884e-05,
                    "E[P_z(11)]": 4.74885e-05,
                    "E[P_z(12)]": 4.54631e-05,
                    "E[P_z(13)]": 5.18861e-05,
                    "E[P_z(14)]": 3.57695e-05,
                    "E[P_z(15)]": 2.92554e-05,
                    "E[P_z(16)]": 2.42453e-05,
                    "E[P_z(17)]": 2.70297e-05,
                    "E[P_z(18)]": 2.39208e-05,
                    "E[P_z(19)]": 2.07902e-05,
                    "E[P_z(20)]": 2.47023e-05,
                    "E[P_z(21)]": 2.42814e-05,
                    "E[P_z(22)]": 2.34511e-05,
                    "E[P_z(23)]": 2.1825e-05,
                    "E[P_z(24)]": 2.79532e-05,
                    "E[P_z(25)]": 1.42943e-05,