{
    "output_file": "/scratch/40841515/tmpq7v36v89",
    "model": "C",
    "likelihood": -161.4923,
    "criteria": 8e-05,
    "params_mle": {
        "eps": 4.50591e-06,
        "eps_cont": 0,
        "lambda": 0,
        "theta_bar": 0.0008559606,
        "a": -1,
        "S_d": -25.05571,
        "b": 0.1872583,
        "p_b": 0.005008807,
        "S_b": 0.05329689,
        "r": [
            0.6269965,
            0.5073743,
            0.5302443,
            0.5263902,
            0.5903316,
            0.6709327,
            0.590724,
            0.597308,
            0.6794727,
            0.5112398,
            0.5109874,
            0.5389327,
            0.4901813,
            0.615202,
            0.6055398,
            0.6633143,
            0.6528382,
            0.6454928,
            0.9494346,
            0.8133076,
            0.7785898,
            0.98959,
            1.626587
        ]
    },
    "n": 25,
    "expec": [
        {
            "E[P_z(1)]": 0.000855957,
            "E[P_z(2)]": 0.0002683411,
            "E[P_z(3)]": 0.0001447636,
            "E[P_z(4)]": 0.0001134667,
            "E[P_z(5)]": 9.01136e-05,
            "E[P_z(6)]": 8.42165e-05,
            "E[P_z(7)]": 8.20415e-05,
            "E[P_z(8)]": 6.32044e-05,
            "E[P_z(9)]": 5.68079e-05,
            "E[P_z(10)]": 5.81601e-05,
            "E[P_z(11)]": 3.97819e-05,
            "E[P_z(12)]": 3.64488e-05,
            "E[P_z(13)]": 3.5485e-05,
            "E[P_z(14)]": 2.99697e-05,
            "E[P_z(15)]": 3.5106e-05,
            "E[P_z(16)]": 3.2395e-05,
            "E[P_z(17)]": 3.33984e-05,
            "E[P_z(18)]": 3.10449e-05,
            "E[P_z(19)]": 2.90801e-05,
            "E[P_z(20)]": 4.06342e-05,
            "E[P_z(21)]": 3.31508e-05,
            "E[P_z(22)]": 3.02933e-05,
            "E[P_z(23)]": 3.68293e-05,
            "E[P_z(24)]": 5.80159e-05,
            "E[D_z]": null,
            "E[mis_z]": null
        },
        {
            "E[P_z(1)]": 0.0006592047,
            "E[P_z(2)]": 0.000182407,
            "E[P_z(3)]": 9.13667e-05,
            "E[P_z(4)]": 6.80529e-05,
            "E[P_z(5)]": 5.20137e-05,
            "E[P_z(6)]": 4.71481e-05,
            "E[P_z(7)]": 4.47835e-05,
            "E[P_z(8)]": 3.37656e-05,
            "E[P_z(9)]": 2.97846e-05,
            "E[P_z(10)]": 2.99919e-05,
            "E[P_z(11)]": 2.02118e-05,
            "E[P_z(12)]": 1.82705e-05,
            "E[P_z(13)]": 1.75695e-05,
            "E[P_z(14)]": 1.46714e-05,
            "E[P_z(15)]": 1.7006e-05,
            "E[P_z(16)]": 1.55396e-05,
            "E[P_z(17)]": 1.58746e-05,
            "E[P_z(18)]": 1.46291e-05,
            "E[P_z(19)]": 1.3592e-05,
            "E[P_z(20)]": 1.88464e-05,
            "E[P_z(21)]": 1.52633e-05,
            "E[P_z(22)]": 1.38507e-05,
            "E[P_z(23)]": 1.67273e-05,
            "E[P_z(24)]": 2.61833e-05,
            "E[D_z]": null,
            "E[mis_z]": null
        }
    ],
    "alpha": 0.012653735601799663,
    "execution_time": 316.8131489753723
}