{
    "output_file": "/scratch/40841274/tmp35dvlcak",
    "model": "C",
    "likelihood": -135.386,
    "criteria": 9e-05,
    "params_mle": {
        "eps": 4.49704e-06,
        "eps_cont": 0,
        "lambda": 0,
        "theta_bar": 0.0008362377,
        "a": -1,
        "S_d": -45.83199,
        "b": 0.1368166,
        "p_b": 0.003903867,
        "S_b": 0.03801042,
        "r": [
            0.6083184,
            0.622675,
            0.5450062,
            0.5401065,
            0.5463012,
            0.5999509,
            0.4934194,
            0.618188,
            0.5376275,
            0.5797156,
            0.6247602,
            0.4825084,
            0.5556526,
            0.5548136,
            0.7795329,
            0.6586303,
            0.9361801,
            1.362328
        ]
    },
    "n": 20,
    "expec": [
        {
            "E[P_z(1)]": 0.0008362342,
            "E[P_z(2)]": 0.0002543484,
            "E[P_z(3)]": 0.0001735675,
            "E[P_z(4)]": 0.0001139383,
            "E[P_z(5)]": 9.03312e-05,
            "E[P_z(6)]": 7.61394e-05,
            "E[P_z(7)]": 7.16715e-05,
            "E[P_z(8)]": 5.15769e-05,
            "E[P_z(9)]": 5.74391e-05,
            "E[P_z(10)]": 4.49584e-05,
            "E[P_z(11)]": 4.4071e-05,
            "E[P_z(12)]": 4.35374e-05,
            "E[P_z(13)]": 3.1038e-05,
            "E[P_z(14)]": 3.319e-05,
            "E[P_z(15)]": 3.09307e-05,
            "E[P_z(16)]": 4.07425e-05,
            "E[P_z(17)]": 3.2399e-05,
            "E[P_z(18)]": 4.34937e-05,
            "E[P_z(19)]": 5.9963e-05,
            "E[D_z]": null,
            "E[mis_z]": null
        },
        {
            "E[P_z(1)]": 0.0006140367,
            "E[P_z(2)]": 0.0001671306,
            "E[P_z(3)]": 0.000107496,
            "E[P_z(4)]": 6.78637e-05,
            "E[P_z(5)]": 5.22736e-05,
            "E[P_z(6)]": 4.30693e-05,
            "E[P_z(7)]": 3.97882e-05,
            "E[P_z(8)]": 2.81796e-05,
            "E[P_z(9)]": 3.09503e-05,
            "E[P_z(10)]": 2.39297e-05,
            "E[P_z(11)]": 2.32009e-05,
            "E[P_z(12)]": 2.26927e-05,
            "E[P_z(13)]": 1.60309e-05,
            "E[P_z(14)]": 1.69991e-05,
            "E[P_z(15)]": 1.57189e-05,
            "E[P_z(16)]": 2.05554e-05,
            "E[P_z(17)]": 1.6235e-05,
            "E[P_z(18)]": 2.16554e-05,
            "E[P_z(19)]": 2.96758e-05,
            "E[D_z]": null,
            "E[mis_z]": null
        }
    ],
    "alpha": 0.009198921393945288,
    "execution_time": 419.1323199272156
}