{
    "likelihood": -97.5012867762288,
    "L2_residual": 125.12620909381738,
    "params_mle": {
        "S_d": -245.97384117874753,
        "b": 0.25784201611776575,
        "p_b": 0.047010169285568566,
        "S_b": 6.14028506627737,
        "eps": 0.0,
        "h": 0.5
    },
    "alpha": 0.6146180145141759,
    "result": {
        "fun": 88.50045242089709,
        "jac": [
            0.00022737367682508898,
            4.547473486014681e-05,
            0.005138645064156149,
            -0.0025465851521682217,
            NaN,
            NaN
        ],
        "nfev": 295,
        "njev": 59,
        "nit": 37,
        "status": 0,
        "message": "CONVERGENCE: REL_REDUCTION_OF_F_<=_FACTR*EPSMCH",
        "x": [
            -2.390888923218047,
            -0.5886463116479197,
            0.047010169285568566,
            0.7881885339811331,
            0.0,
            0.5
        ],
        "success": true,
        "hess_inv": null
    },
    "execution_time": 44.04878616333008,
    "sfs_mle": [
        0.0,
        38125.922918702454,
        10103.563365388174,
        4776.4120444591035,
        2973.9839568745256,
        2148.6629476647795,
        1688.8455275682809,
        1397.590598981561,
        1197.4181648429812,
        1052.85241640579,
        945.5762097358228,
        865.0161516692773,
        804.3614795370916,
        758.9281544246752,
        725.5947460771495,
        702.6354026429045,
        689.6512028622011,
        687.4715304012731,
        698.3073361756275,
        727.3286706139053,
        0.0
    ],
    "fixed_params": {
        "all.eps": 0,
        "all.h": 0.5
    },
    "bounds": {
        "S_d": [
            -100000.0,
            -0.01
        ],
        "b": [
            0.01,
            10
        ],
        "p_b": [
            0,
            0.5
        ],
        "S_b": [
            0.0001,
            100
        ],
        "eps": [
            0,
            0.15
        ],
        "h": [
            0,
            0.5
        ]
    },
    "config": {
        "model": "GammaExpParametrization",
        "intervals_del": [
            -100000000.0,
            -1e-05,
            1000
        ],
        "intervals_ben": [
            1e-05,
            10000.0,
            1000
        ],
        "intervals_h": [
            0.0,
            1.0,
            21
        ],
        "h_callback": null,
        "integration_mode": "midpoint",
        "linearized": true,
        "seed": 0,
        "opts_mle": {},
        "method_mle": "L-BFGS-B",
        "n_runs": 100,
        "x0": {
            "all": {
                "S_d": -1000,
                "b": 0.4,
                "p_b": 0.05,
                "S_b": 1,
                "eps": 0.0,
                "h": 0.5
            }
        },
        "bounds": {
            "S_d": [
                -100000.0,
                -0.01
            ],
            "b": [
                0.01,
                10
            ],
            "p_b": [
                0,
                0.5
            ],
            "S_b": [
                0.0001,
                100
            ],
            "eps": [
                0,
                0.15
            ],
            "h": [
                0,
                0.5
            ]
        },
        "scales": {
            "S_d": "log",
            "b": "log",
            "p_b": "lin",
            "S_b": "log",
            "eps": "lin",
            "h": "lin"
        },
        "fixed_params": {
            "all": {
                "eps": 0,
                "h": 0.5
            }
        },
        "shared_params": [],
        "covariates": [],
        "sfs_neut": {
            "all": [
                998937575.0,
                80251.06038204436,
                26297.10378710429,
                13706.572725076509,
                9041.466429133974,
                6785.136328518111,
                5473.341337933077,
                4609.834048588751,
                3993.9097252149936,
                3532.0287486452216,
                3175.009693359048,
                2893.557327855392,
                2667.7691583499764,
                2482.962972737513,
                2328.405453324777,
                2196.922216081183,
                2084.440651738123,
                1989.043751709024,
                1910.304187015733,
                1851.5446920076135,
                64511.53771036518
            ]
        },
        "sfs_sel": {
            "all": [
                999275568.0,
                38191.65746447823,
                10018.107037636411,
                4735.76630303508,
                2967.898765303854,
                2164.551353568592,
                1713.216719307498,
                1420.7709436748828,
                1214.988363122153,
                1064.220631453433,
                951.8293552221484,
                867.3349772072684,
                803.3513695817959,
                754.6093646085275,
                717.869474658089,
                692.2383278655224,
                678.9562772744447,
                680.1613399504167,
                698.5785148112972,
                738.3808655403365,
                26460.619562272503
            ]
        },
        "do_bootstrap": true,
        "n_bootstraps": 100,
        "n_bootstrap_retries": 2,
        "parallelize": true,
        "loss_type": "likelihood"
    }
}