{
    "py/object": "fastdfe.polydfe.PolyDFE",
    "logger": {
        "py/reduce": [
            {
                "py/function": "logging.getLogger"
            },
            {
                "py/tuple": [
                    "fastdfe.PolyDFE"
                ]
            }
        ]
    },
    "bootstraps": null,
    "config": {
        "py/object": "fastdfe.config.Config",
        "data": {
            "model": "GammaExpParametrization",
            "intervals_del": {
                "py/tuple": [
                    -100000000.0,
                    -1e-05,
                    1000
                ]
            },
            "intervals_ben": {
                "py/tuple": [
                    1e-05,
                    10000.0,
                    1000
                ]
            },
            "integration_mode": "midpoint",
            "linearized": true,
            "seed": 0,
            "opts_mle": {},
            "n_runs": 10,
            "x0": {
                "all": {
                    "S_b": 0.09636954,
                    "S_d": -44.34681,
                    "a": -1,
                    "b": 0.1221405,
                    "eps": 4.50123e-06,
                    "eps_cont": 0,
                    "lambda": 0,
                    "p_b": 0.01060767,
                    "r": [
                        0.6268517,
                        0.6514728,
                        0.6820074,
                        0.5848618,
                        0.7565646,
                        0.6523473,
                        0.6349214,
                        0.7005902,
                        0.6139579,
                        0.6324166,
                        0.6421517,
                        0.7478784,
                        1.22486
                    ],
                    "theta_bar": 0.0008663822
                }
            },
            "bounds": {},
            "scales": {},
            "fixed_params": {},
            "shared_params": [],
            "covariates": [],
            "sfs_neut": {
                "py/object": "fastdfe.spectrum.Spectra",
                "data": {
                    "all": [
                        870405.438336528,
                        766.0,
                        236.0,
                        154.0,
                        129.0,
                        79.0,
                        98.0,
                        87.0,
                        60.0,
                        74.0,
                        51.0,
                        53.0,
                        37.0,
                        46.0,
                        70.0,
                        0.0
                    ]
                }
            },
            "sfs_sel": {
                "py/object": "fastdfe.spectrum.Spectra",
                "data": {
                    "all": [
                        2365868.56166347,
                        1496.0,
                        412.0,
                        281.0,
                        199.0,
                        144.0,
                        154.0,
                        102.0,
                        97.0,
                        87.0,
                        59.0,
                        73.0,
                        56.0,
                        56.0,
                        114.0,
                        0.0
                    ]
                }
            },
            "do_bootstrap": false,
            "n_bootstraps": 10,
            "parallelize": false,
            "loss_type": "likelihood"
        }
    },
    "output_file": null,
    "execution_time": 103.36357355117798,
    "summary": {
        "py/object": "fastdfe.polydfe.PolyDFEResult",
        "output_file": "results/polydfe/hgdp/inference/1/opts.n.15.config.default/bootstraps/30/all.polydfe.txt",
        "postprocessing_source": "../resources/polydfe/postprocessing/script.R",
        "data": {
            "output_file": "/scratch/40841118/tmpjh8pey8m",
            "model": "C",
            "likelihood": -97.1045,
            "criteria": 7e-05,
            "params_mle": {
                "eps": 4.50179e-06,
                "eps_cont": 0,
                "lambda": 0,
                "theta_bar": 0.0008724763,
                "a": -1,
                "S_d": -36.25211,
                "b": 0.1448624,
                "p_b": 0.01055278,
                "S_b": 0.09623439,
                "r": [
                    0.6174422,
                    0.6461079,
                    0.6658987,
                    0.5762345,
                    0.7925199,
                    0.7015077,
                    0.6725145,
                    0.7824241,
                    0.5984042,
                    0.7589945,
                    0.6148016,
                    0.7344838,
                    1.433992
                ]
            },
            "n": 15,
            "expec": [
                {
                    "E[P_z(1)]": 0.0008724728,
                    "E[P_z(2)]": 0.0002693509,
                    "E[P_z(3)]": 0.000187904,
                    "E[P_z(4)]": 0.0001452448,
                    "E[P_z(5)]": 0.00010055,
                    "E[P_z(6)]": 0.0001152423,
                    "E[P_z(7)]": 8.74355e-05,
                    "E[P_z(8)]": 7.33442e-05,
                    "E[P_z(9)]": 7.58498e-05,
                    "E[P_z(10)]": 5.22096e-05,
                    "E[P_z(11)]": 6.02008e-05,
                    "E[P_z(12)]": 4.47006e-05,
                    "E[P_z(13)]": 4.92948e-05,
                    "E[P_z(14)]": 8.93695e-05,
                    "E[D_z]": null,
                    "E[mis_z]": null
                },
                {
                    "E[P_z(1)]": 0.0006335083,
                    "E[P_z(2)]": 0.0001743322,
                    "E[P_z(3)]": 0.0001144207,
                    "E[P_z(4)]": 8.4964e-05,
                    "E[P_z(5)]": 5.7102e-05,
                    "E[P_z(6)]": 6.3933e-05,
                    "E[P_z(7)]": 4.75798e-05,
                    "E[P_z(8)]": 3.92616e-05,
                    "E[P_z(9)]": 4.00273e-05,
                    "E[P_z(10)]": 2.72059e-05,
                    "E[P_z(11)]": 3.10164e-05,
                    "E[P_z(12)]": 2.27948e-05,
                    "E[P_z(13)]": 2.49022e-05,
                    "E[P_z(14)]": 4.47571e-05,
                    "E[D_z]": null,
                    "E[mis_z]": null
                }
            ],
            "alpha": 0.023567808136390558,
            "execution_time": 103.36357355117798
        }
    }
}