{
    "output_file": "/scratch/38995946/tmp_mbe00k1",
    "model": "C",
    "likelihood": -246.6372,
    "criteria": 0.0002,
    "params_mle": {
        "eps": 0,
        "eps_cont": 0,
        "lambda": 0,
        "theta_bar": 0.003179789,
        "a": -1,
        "S_d": -107.9998,
        "b": 0.3219441,
        "p_b": 0,
        "S_b": 1,
        "r": [
            0.9525541,
            0.9447681,
            0.9563174,
            0.9377286,
            0.9019793,
            0.9982716,
            0.9227573,
            0.9986916,
            0.9909154,
            0.8689334,
            1.021249,
            0.9040379,
            0.9536157,
            0.8784635,
            1.037917,
            1.122826,
            1.191803,
            1.608284
        ]
    },
    "n": 20,
    "expec": [
        {
            "E[P_z(1)]": 0.003179789,
            "E[P_z(2)]": 0.00151446,
            "E[P_z(3)]": 0.001001388,
            "E[P_z(4)]": 0.0007602218,
            "E[P_z(5)]": 0.0005963558,
            "E[P_z(6)]": 0.0004780173,
            "E[P_z(7)]": 0.0004534704,
            "E[P_z(8)]": 0.0003667716,
            "E[P_z(9)]": 0.0003528476,
            "E[P_z(10)]": 0.0003150901,
            "E[P_z(11)]": 0.000251184,
            "E[P_z(12)]": 0.0002706131,
            "E[P_z(13)]": 0.0002211269,
            "E[P_z(14)]": 0.0002165926,
            "E[P_z(15)]": 0.0001862219,
            "E[P_z(16)]": 0.0002062724,
            "E[P_z(17)]": 0.0002100205,
            "E[P_z(18)]": 0.0002105379,
            "E[P_z(19)]": 0.0002691581,
            "E[D_z]": null,
            "E[mis_z]": null
        },
        {
            "E[P_z(1)]": 0.001565399,
            "E[P_z(2)]": 0.000564512,
            "E[P_z(3)]": 0.0003222073,
            "E[P_z(4)]": 0.000222259,
            "E[P_z(5)]": 0.0001625483,
            "E[P_z(6)]": 0.0001233276,
            "E[P_z(7)]": 0.0001118418,
            "E[P_z(8)]": 8.70764e-05,
            "E[P_z(9)]": 8.10514e-05,
            "E[P_z(10)]": 7.03031e-05,
            "E[P_z(11)]": 5.46059e-05,
            "E[P_z(12)]": 5.74627e-05,
            "E[P_z(13)]": 4.59579e-05,
            "E[P_z(14)]": 4.41359e-05,
            "E[P_z(15)]": 3.726e-05,
            "E[P_z(16)]": 4.05754e-05,
            "E[P_z(17)]": 4.06599e-05,
            "E[P_z(18)]": 4.01544e-05,
            "E[P_z(19)]": 5.06147e-05,
            "E[D_z]": null,
            "E[mis_z]": null
        }
    ],
    "alpha": 0.0,
    "execution_time": 65.47899580001831
}