neutral,selected
999710631.3283019,999873950.0009426
35474.6649863583,7353.142027217108
18099.727372664947,909.4228701078014
12646.081054166094,200.5419774570353
10034.223276511868,63.129761243998324
8552.413734904527,25.982149833262643
7636.39360100619,13.164566195836459
7046.709818015694,7.675952687381933
6671.760160133819,4.904097542676368
6460.433498767134,3.496304837703037
3195.906489516104,1.527998692016622
0.0,0.0
0.0,0.0
0.0,0.0
0.0,0.0
0.0,0.0
0.0,0.0
0.0,0.0
0.0,0.0
0.0,0.0
0.0,0.0
