{
    "py/object": "fastdfe.polydfe.PolyDFE",
    "logger": {
        "py/reduce": [
            {
                "py/function": "logging.getLogger"
            },
            {
                "py/tuple": [
                    "fastdfe.PolyDFE"
                ]
            }
        ]
    },
    "bootstraps": null,
    "config": {
        "py/object": "fastdfe.config.Config",
        "data": {
            "model": "GammaExpParametrization",
            "intervals_del": {
                "py/tuple": [
                    -100000000.0,
                    -1e-05,
                    1000
                ]
            },
            "intervals_ben": {
                "py/tuple": [
                    1e-05,
                    10000.0,
                    1000
                ]
            },
            "integration_mode": "midpoint",
            "linearized": true,
            "seed": 0,
            "opts_mle": {},
            "n_runs": 10,
            "x0": {
                "all": {
                    "S_b": 0.1083917,
                    "S_d": -45.46375,
                    "a": -1,
                    "b": 0.1287808,
                    "eps": 4.50268e-06,
                    "eps_cont": 0,
                    "lambda": 0,
                    "p_b": 0.009184894,
                    "r": [
                        0.5642878,
                        0.496756,
                        0.4953868,
                        0.4840476,
                        0.4906511,
                        0.4906073,
                        0.5437098,
                        0.5553355,
                        0.5124802,
                        0.5092361,
                        0.6175192,
                        0.5977393,
                        0.4504409,
                        0.522028,
                        0.3860458,
                        0.4756257,
                        0.5506624,
                        0.3834732,
                        0.531485,
                        0.4975372,
                        0.5880576,
                        0.5381713,
                        0.7063446,
                        0.5665509,
                        0.6574706,
                        0.6611074,
                        0.9643355,
                        1.73894
                    ],
                    "theta_bar": 0.0009259123
                }
            },
            "bounds": {},
            "scales": {},
            "fixed_params": {},
            "shared_params": [],
            "covariates": [],
            "sfs_neut": {
                "py/object": "fastdfe.spectrum.Spectra",
                "data": {
                    "all": [
                        1037508.3337252,
                        911.0,
                        296.0,
                        180.0,
                        112.0,
                        96.0,
                        82.0,
                        86.0,
                        48.0,
                        62.0,
                        45.0,
                        42.0,
                        63.0,
                        35.0,
                        32.0,
                        29.0,
                        30.0,
                        27.0,
                        28.0,
                        20.0,
                        35.0,
                        20.0,
                        31.0,
                        29.0,
                        27.0,
                        24.0,
                        32.0,
                        30.0,
                        36.0,
                        53.0,
                        0.0
                    ]
                }
            },
            "sfs_sel": {
                "py/object": "fastdfe.spectrum.Spectra",
                "data": {
                    "all": [
                        2844863.6662748,
                        2084.0,
                        507.0,
                        302.0,
                        219.0,
                        165.0,
                        124.0,
                        111.0,
                        120.0,
                        118.0,
                        76.0,
                        72.0,
                        70.0,
                        61.0,
                        41.0,
                        40.0,
                        31.0,
                        39.0,
                        37.0,
                        23.0,
                        29.0,
                        42.0,
                        43.0,
                        26.0,
                        34.0,
                        28.0,
                        35.0,
                        35.0,
                        46.0,
                        88.0,
                        0.0
                    ]
                }
            },
            "do_bootstrap": false,
            "n_bootstraps": 10,
            "parallelize": false,
            "loss_type": "likelihood"
        }
    },
    "output_file": null,
    "execution_time": 509.5465693473816,
    "summary": {
        "py/object": "fastdfe.polydfe.PolyDFEResult",
        "output_file": "results/polydfe/hgdp/inference/1/opts.n.30.config.default/bootstraps/78/all.polydfe.txt",
        "postprocessing_source": "../resources/polydfe/postprocessing/script.R",
        "data": {
            "output_file": "/scratch/40841711/tmp5jsr1n63",
            "model": "C",
            "likelihood": -190.3856,
            "criteria": 8e-05,
            "params_mle": {
                "eps": 4.50425e-06,
                "eps_cont": 0,
                "lambda": 0,
                "theta_bar": 0.0008987533,
                "a": -1,
                "S_d": -20.47514,
                "b": 0.1907173,
                "p_b": 0.00912717,
                "S_b": 0.108053,
                "r": [
                    0.5791287,
                    0.5462679,
                    0.5164693,
                    0.5214188,
                    0.5033137,
                    0.5703887,
                    0.5633103,
                    0.6867902,
                    0.5181588,
                    0.5418289,
                    0.6951805,
                    0.5476097,
                    0.4514623,
                    0.4600483,
                    0.4363243,
                    0.5042897,
                    0.5285088,
                    0.3707881,
                    0.5835224,
                    0.5960521,
                    0.7482817,
                    0.5836454,
                    0.6779141,
                    0.6040523,
                    0.8121194,
                    0.8207764,
                    1.077068,
                    1.923715
                ]
            },
            "n": 30,
            "expec": [
                {
                    "E[P_z(1)]": 0.0008987496,
                    "E[P_z(2)]": 0.0002602459,
                    "E[P_z(3)]": 0.0001636527,
                    "E[P_z(4)]": 0.0001160442,
                    "E[P_z(5)]": 9.37251e-05,
                    "E[P_z(6)]": 7.53922e-05,
                    "E[P_z(7)]": 7.32339e-05,
                    "E[P_z(8)]": 6.32845e-05,
                    "E[P_z(9)]": 6.85837e-05,
                    "E[P_z(10)]": 4.65696e-05,
                    "E[P_z(11)]": 4.42699e-05,
                    "E[P_z(12)]": 5.20662e-05,
                    "E[P_z(13)]": 3.78589e-05,
                    "E[P_z(14)]": 2.89824e-05,
                    "E[P_z(15)]": 2.75647e-05,
                    "E[P_z(16)]": 2.45093e-05,
                    "E[P_z(17)]": 2.66608e-05,
                    "E[P_z(18)]": 2.63889e-05,
                    "E[P_z(19)]": 1.75394e-05,
                    "E[P_z(20)]": 2.62222e-05,
                    "E[P_z(21)]": 2.55099e-05,
                    "E[P_z(22)]": 3.05693e-05,
                    "E[P_z(23)]": 2.28069e-05,
                    "E[P_z(24)]": 2.53868e-05,
                    "E[P_z(25)]": 2.17161e-05,