{
    "output_file": "/scratch/40841759/tmpk76wmyzg",
    "model": "C",
    "likelihood": -209.1642,
    "criteria": 0.00102,
    "params_mle": {
        "eps": 4.51021e-06,
        "eps_cont": 0,
        "lambda": 0,
        "theta_bar": 0.0009392158,
        "a": -1,
        "S_d": -83.86451,
        "b": 0.1021453,
        "p_b": 0.009460612,
        "S_b": 0.1109232,
        "r": [
            0.5398087,
            0.4932538,
            0.4987388,
            0.4877443,
            0.4438056,
            0.4419813,
            0.5646512,
            0.4925539,
            0.3903485,
            0.4747403,
            0.5486699,
            0.5042748,
            0.5507115,
            0.502442,
            0.4544908,
            0.4298082,
            0.5216039,
            0.4370684,
            0.5017135,
            0.519562,
            0.6707703,
            0.5997259,
            0.5683193,
            0.4909209,
            0.7140177,
            0.6763234,
            0.9329837,
            1.541444
        ]
    },
    "n": 30,
    "expec": [
        {
            "E[P_z(1)]": 0.0009392117,
            "E[P_z(2)]": 0.0002534974,
            "E[P_z(3)]": 0.0001544233,
            "E[P_z(4)]": 0.0001171054,
            "E[P_z(5)]": 9.16191e-05,
            "E[P_z(6)]": 6.94713e-05,
            "E[P_z(7)]": 5.93021e-05,
            "E[P_z(8)]": 6.6291e-05,
            "E[P_z(9)]": 5.14015e-05,
            "E[P_z(10)]": 3.66621e-05,
            "E[P_z(11)]": 4.05348e-05,
            "E[P_z(12)]": 4.29432e-05,
            "E[P_z(13)]": 3.64325e-05,
            "E[P_z(14)]": 3.69454e-05,
            "E[P_z(15)]": 3.14601e-05,
            "E[P_z(16)]": 2.66791e-05,
            "E[P_z(17)]": 2.37461e-05,
            "E[P_z(18)]": 2.72167e-05,
            "E[P_z(19)]": 2.16054e-05,
            "E[P_z(20)]": 2.35609e-05,
            "E[P_z(21)]": 2.32373e-05,
            "E[P_z(22)]": 2.86364e-05,
            "E[P_z(23)]": 2.44902e-05,
            "E[P_z(24)]": 2.22408e-05,
            "E[P_z(25)]": 1.84436e-05,
            "E[P_z(26)]": 2.57934e-05,
            "E[P_z(27)]": 2.3527e-05,
            "E[P_z(28)]": 3.12965e-05,
            "E[P_z(29)]": 4.99264e-05,
            "E[D_z]": null,
            "E[mis_z]": null
        },
        {
            "E[P_z(1)]": 0.0007128176,
            "E[P_z(2)]": 0.0001762653,
            "E[P_z(3)]": 0.0001026075,
            "E[P_z(4)]": 7.55271e-05,
            "E[P_z(5)]": 5.78064e-05,
            "E[P_z(6)]": 4.30805e-05,
            "E[P_z(7)]": 3.62543e-05,
            "E[P_z(8)]": 4.00404e-05,
            "E[P_z(9)]": 3.07233e-05,
            "E[P_z(10)]": 2.17117e-05,
            "E[P_z(11)]": 2.38074e-05,
            "E[P_z(12)]": 2.50339e-05,
            "E[P_z(13)]": 2.1094e-05,
            "E[P_z(14)]": 2.12571e-05,
            "E[P_z(15)]": 1.79959e-05,
            "E[P_z(16)]": 1.51787e-05,
            "E[P_z(17)]": 1.34418e-05,
            "E[P_z(18)]": 1.53333e-05,
            "E[P_z(19)]": 1.21176e-05,
            "E[P_z(20)]": 1.31584e-05,
            "E[P_z(21)]": 1.29256e-05,
            "E[P_z(22)]": 1.5868e-05,
            "E[P_z(23)]": 1.3521e-05,
            "E[P_z(24)]": 1.22363e-05,
            "E[P_z(25)]": 1.01133e-05,
            "E[P_z(26)]": 1.40982e-05,
            "E[P_z(27)]": 1.28199e-05,
            "E[P_z(28)]": 1.7003e-05,
            "E[P_z(29)]": 2.70475e-05,
            "E[D_z]": null,
            "E[mis_z]": null
        }
    ],
    "alpha": 0.019933892725315167,
    "execution_time": 1501.9147763252258
}