{
    "py/object": "fastdfe.polydfe.PolyDFE",
    "logger": {
        "py/reduce": [
            {
                "py/function": "logging.getLogger"
            },
            {
                "py/tuple": [
                    "fastdfe.PolyDFE"
                ]
            }
        ]
    },
    "bootstraps": null,
    "config": {
        "py/object": "fastdfe.config.Config",
        "data": {
            "model": "GammaExpParametrization",
            "intervals_del": {
                "py/tuple": [
                    -100000000.0,
                    -1e-05,
                    1000
                ]
            },
            "intervals_ben": {
                "py/tuple": [
                    1e-05,
                    10000.0,
                    1000
                ]
            },
            "integration_mode": "midpoint",
            "linearized": true,
            "seed": 0,
            "opts_mle": {},
            "n_runs": 10,
            "x0": {
                "all": {
                    "S_b": 0.1083917,
                    "S_d": -45.46375,
                    "a": -1,
                    "b": 0.1287808,
                    "eps": 4.50268e-06,
                    "eps_cont": 0,
                    "lambda": 0,
                    "p_b": 0.009184894,
                    "r": [
                        0.5642878,
                        0.496756,
                        0.4953868,
                        0.4840476,
                        0.4906511,
                        0.4906073,
                        0.5437098,
                        0.5553355,
                        0.5124802,
                        0.5092361,
                        0.6175192,
                        0.5977393,
                        0.4504409,
                        0.522028,
                        0.3860458,
                        0.4756257,
                        0.5506624,
                        0.3834732,
                        0.531485,
                        0.4975372,
                        0.5880576,
                        0.5381713,
                        0.7063446,
                        0.5665509,
                        0.6574706,
                        0.6611074,
                        0.9643355,
                        1.73894
                    ],
                    "theta_bar": 0.0009259123
                }
            },
            "bounds": {},
            "scales": {},
            "fixed_params": {},
            "shared_params": [],
            "covariates": [],
            "sfs_neut": {
                "py/object": "fastdfe.spectrum.Spectra",
                "data": {
                    "all": [
                        1037503.3337252,
                        974.0,
                        313.0,
                        175.0,
                        112.0,
                        88.0,
                        82.0,
                        59.0,
                        63.0,
                        58.0,
                        37.0,
                        39.0,
                        62.0,
                        37.0,
                        19.0,
                        37.0,
                        28.0,
                        38.0,
                        32.0,
                        17.0,
                        28.0,
                        17.0,
                        27.0,
                        26.0,
                        24.0,
                        23.0,
                        18.0,
                        33.0,
                        27.0,
                        53.0,
                        0.0
                    ]
                }
            },
            "sfs_sel": {
                "py/object": "fastdfe.spectrum.Spectra",
                "data": {
                    "all": [
                        2844901.6662748,
                        2012.0,
                        537.0,
                        290.0,
                        199.0,
                        166.0,
                        161.0,
                        108.0,
                        124.0,
                        105.0,
                        73.0,
                        72.0,
                        55.0,
                        74.0,
                        33.0,
                        39.0,
                        39.0,
                        31.0,
                        45.0,
                        20.0,
                        33.0,
                        47.0,
                        45.0,
                        42.0,
                        40.0,
                        32.0,
                        26.0,
                        25.0,
                        55.0,
                        80.0,
                        0.0
                    ]
                }
            },
            "do_bootstrap": false,
            "n_bootstraps": 10,
            "parallelize": false,
            "loss_type": "likelihood"
        }
    },
    "output_file": null,
    "execution_time": 1670.6276361942291,
    "summary": {
        "py/object": "fastdfe.polydfe.PolyDFEResult",
        "output_file": "results/polydfe/hgdp/inference/1/opts.n.30.config.default/bootstraps/94/all.polydfe.txt",
        "postprocessing_source": "../resources/polydfe/postprocessing/script.R",
        "data": {
            "output_file": "/scratch/40841718/tmp8kiwvffa",
            "model": "C",
            "likelihood": -193.5254,
            "criteria": 0.00017,
            "params_mle": {
                "eps": 4.50317e-06,
                "eps_cont": 0,
                "lambda": 0,
                "theta_bar": 0.000943868,
                "a": -1,
                "S_d": -106.7576,
                "b": 0.1003623,
                "p_b": 0.009161096,
                "S_b": 0.1082086,
                "r": [
                    0.6034235,
                    0.5097745,
                    0.4632051,
                    0.4794004,
                    0.5562846,
                    0.4499221,
                    0.580053,
                    0.5724226,
                    0.4316568,
                    0.4815417,
                    0.5562139,
                    0.5740105,
                    0.290684,
                    0.4567782,
                    0.4309267,
                    0.4729478,
                    0.5604104,
                    0.2850033,
                    0.4958417,
                    0.5475413,
                    0.6467724,
                    0.6399848,
                    0.629811,
                    0.5649005,
                    0.4708798,
                    0.6457399,
                    0.9483377,
                    1.595707
                ]
            },
            "n": 30,
            "expec": [
                {
                    "E[P_z(1)]": 0.000943864,
                    "E[P_z(2)]": 0.0002847749,
                    "E[P_z(3)]": 0.000160386,
                    "E[P_z(4)]": 0.0001093007,
                    "E[P_z(5)]": 9.04978e-05,
                    "E[P_z(6)]": 8.75096e-05,
                    "E[P_z(7)]": 6.06666e-05,
                    "E[P_z(8)]": 6.84365e-05,
                    "E[P_z(9)]": 6.00322e-05,
                    "E[P_z(10)]": 4.07426e-05,
                    "E[P_z(11)]": 4.13191e-05,
                    "E[P_z(12)]": 4.37493e-05,
                    "E[P_z(13)]": 4.16761e-05,
                    "E[P_z(14)]": 1.95977e-05,
                    "E[P_z(15)]": 2.87426e-05,
                    "E[P_z(16)]": 2.54211e-05,
                    "E[P_z(17)]": 2.62589e-05,
                    "E[P_z(18)]": 2.93864e-05,
                    "E[P_z(19)]": 1.41583e-05,
                    "E[P_z(20)]": 2.34005e-05,
                    "E[P_z(21)]": 2.461e-05,
                    "E[P_z(22)]": 2.77487e-05,
                    "E[P_z(23)]": 2.62637e-05,
                    "E[P_z(24)]": 2.47694e-05,
                    "E[P_z(25)]": 2.1328e-05,
                    "E[P_z(26)]": 1.70946e-05,