{
    "output_file": "/scratch/40841718/tmp8kiwvffa",
    "model": "C",
    "likelihood": -193.5254,
    "criteria": 0.00017,
    "params_mle": {
        "eps": 4.50317e-06,
        "eps_cont": 0,
        "lambda": 0,
        "theta_bar": 0.000943868,
        "a": -1,
        "S_d": -106.7576,
        "b": 0.1003623,
        "p_b": 0.009161096,
        "S_b": 0.1082086,
        "r": [
            0.6034235,
            0.5097745,
            0.4632051,
            0.4794004,
            0.5562846,
            0.4499221,
            0.580053,
            0.5724226,
            0.4316568,
            0.4815417,
            0.5562139,
            0.5740105,
            0.290684,
            0.4567782,
            0.4309267,
            0.4729478,
            0.5604104,
            0.2850033,
            0.4958417,
            0.5475413,
            0.6467724,
            0.6399848,
            0.629811,
            0.5649005,
            0.4708798,
            0.6457399,
            0.9483377,
            1.595707
        ]
    },
    "n": 30,
    "expec": [
        {
            "E[P_z(1)]": 0.000943864,
            "E[P_z(2)]": 0.0002847749,
            "E[P_z(3)]": 0.000160386,
            "E[P_z(4)]": 0.0001093007,
            "E[P_z(5)]": 9.04978e-05,
            "E[P_z(6)]": 8.75096e-05,
            "E[P_z(7)]": 6.06666e-05,
            "E[P_z(8)]": 6.84365e-05,
            "E[P_z(9)]": 6.00322e-05,
            "E[P_z(10)]": 4.07426e-05,
            "E[P_z(11)]": 4.13191e-05,
            "E[P_z(12)]": 4.37493e-05,
            "E[P_z(13)]": 4.16761e-05,
            "E[P_z(14)]": 1.95977e-05,
            "E[P_z(15)]": 2.87426e-05,
            "E[P_z(16)]": 2.54211e-05,
            "E[P_z(17)]": 2.62589e-05,
            "E[P_z(18)]": 2.93864e-05,
            "E[P_z(19)]": 1.41583e-05,
            "E[P_z(20)]": 2.34005e-05,
            "E[P_z(21)]": 2.461e-05,
            "E[P_z(22)]": 2.77487e-05,
            "E[P_z(23)]": 2.62637e-05,
            "E[P_z(24)]": 2.47694e-05,
            "E[P_z(25)]": 2.1328e-05,
            "E[P_z(26)]": 1.70946e-05,
            "E[P_z(27)]": 2.25744e-05,
            "E[P_z(28)]": 3.19692e-05,
            "E[P_z(29)]": 5.19398e-05,
            "E[D_z]": null,
            "E[mis_z]": null
        },
        {
            "E[P_z(1)]": 0.0007034009,
            "E[P_z(2)]": 0.0001943556,
            "E[P_z(3)]": 0.0001046449,
            "E[P_z(4)]": 6.92471e-05,
            "E[P_z(5)]": 5.6107e-05,
            "E[P_z(6)]": 5.33374e-05,
            "E[P_z(7)]": 3.64616e-05,
            "E[P_z(8)]": 4.06453e-05,
            "E[P_z(9)]": 3.5288e-05,
            "E[P_z(10)]": 2.37323e-05,
            "E[P_z(11)]": 2.3873e-05,
            "E[P_z(12)]": 2.50917e-05,
            "E[P_z(13)]": 2.37426e-05,
            "E[P_z(14)]": 1.10959e-05,
            "E[P_z(15)]": 1.61807e-05,
            "E[P_z(16)]": 1.42348e-05,
            "E[P_z(17)]": 1.4631e-05,
            "E[P_z(18)]": 1.62971e-05,
            "E[P_z(19)]": 7.8174e-06,
            "E[P_z(20)]": 1.28666e-05,
            "E[P_z(21)]": 1.34781e-05,
            "E[P_z(22)]": 1.514e-05,
            "E[P_z(23)]": 1.42783e-05,
            "E[P_z(24)]": 1.34198e-05,
            "E[P_z(25)]": 1.15173e-05,
            "E[P_z(26)]": 9.2022e-06,
            "E[P_z(27)]": 1.21153e-05,
            "E[P_z(28)]": 1.71073e-05,
            "E[P_z(29)]": 2.77164e-05,
            "E[D_z]": null,
            "E[mis_z]": null
        }
    ],
    "alpha": 0.019627429547524652,
    "execution_time": 1670.6276361942291
}