{
    "py/object": "fastdfe.polydfe.PolyDFE",
    "logger": {
        "py/reduce": [
            {
                "py/function": "logging.getLogger"
            },
            {
                "py/tuple": [
                    "fastdfe.PolyDFE"
                ]
            }
        ]
    },
    "bootstraps": null,
    "config": {
        "py/object": "fastdfe.config.Config",
        "data": {
            "model": "GammaExpParametrization",
            "intervals_del": {
                "py/tuple": [
                    -100000000.0,
                    -1e-05,
                    1000
                ]
            },
            "intervals_ben": {
                "py/tuple": [
                    1e-05,
                    10000.0,
                    1000
                ]
            },
            "integration_mode": "midpoint",
            "linearized": true,
            "seed": 0,
            "opts_mle": {},
            "n_runs": 10,
            "x0": {
                "all": {
                    "S_b": 0.1083917,
                    "S_d": -45.46375,
                    "a": -1,
                    "b": 0.1287808,
                    "eps": 4.50268e-06,
                    "eps_cont": 0,
                    "lambda": 0,
                    "p_b": 0.009184894,
                    "r": [
                        0.5642878,
                        0.496756,
                        0.4953868,
                        0.4840476,
                        0.4906511,
                        0.4906073,
                        0.5437098,
                        0.5553355,
                        0.5124802,
                        0.5092361,
                        0.6175192,
                        0.5977393,
                        0.4504409,
                        0.522028,
                        0.3860458,
                        0.4756257,
                        0.5506624,
                        0.3834732,
                        0.531485,
                        0.4975372,
                        0.5880576,
                        0.5381713,
                        0.7063446,
                        0.5665509,
                        0.6574706,
                        0.6611074,
                        0.9643355,
                        1.73894
                    ],
                    "theta_bar": 0.0009259123
                }
            },
            "bounds": {},
            "scales": {},
            "fixed_params": {},
            "shared_params": [],
            "covariates": [],
            "sfs_neut": {
                "py/object": "fastdfe.spectrum.Spectra",
                "data": {
                    "all": [
                        1037473.3337252,
                        974.0,
                        291.0,
                        188.0,
                        107.0,
                        107.0,
                        86.0,
                        85.0,
                        65.0,
                        61.0,
                        46.0,
                        41.0,
                        62.0,
                        36.0,
                        42.0,
                        29.0,
                        23.0,
                        28.0,
                        29.0,
                        16.0,
                        33.0,
                        15.0,
                        25.0,
                        28.0,
                        21.0,
                        21.0,
                        21.0,
                        18.0,
                        32.0,
                        46.0,
                        0.0
                    ]
                }
            },
            "sfs_sel": {
                "py/object": "fastdfe.spectrum.Spectra",
                "data": {
                    "all": [
                        2844914.6662748,
                        2068.0,
                        514.0,
                        265.0,
                        209.0,
                        160.0,
                        119.0,
                        88.0,
                        132.0,
                        103.0,
                        73.0,
                        65.0,
                        62.0,
                        68.0,
                        46.0,
                        47.0,
                        27.0,
                        35.0,
                        45.0,
                        27.0,
                        21.0,
                        42.0,
                        36.0,
                        39.0,
                        52.0,
                        27.0,
                        35.0,
                        39.0,
                        58.0,
                        93.0,
                        0.0
                    ]
                }
            },
            "do_bootstrap": false,
            "n_bootstraps": 10,
            "parallelize": false,
            "loss_type": "likelihood"
        }
    },
    "output_file": null,
    "execution_time": 2318.8770546913147,
    "summary": {
        "py/object": "fastdfe.polydfe.PolyDFEResult",
        "output_file": "results/polydfe/hgdp/inference/1/opts.n.30.config.default/bootstraps/34/all.polydfe.txt",
        "postprocessing_source": "../resources/polydfe/postprocessing/script.R",
        "data": {
            "output_file": "/scratch/40841715/tmpxjjh71d2",
            "model": "C",
            "likelihood": -194.3233,
            "criteria": 9e-05,
            "params_mle": {
                "eps": 4.69208e-06,
                "eps_cont": 0,
                "lambda": 0,
                "theta_bar": 0.0009478685,
                "a": -1,
                "S_d": -30.20797,
                "b": 0.2827582,
                "p_b": 0.1203922,
                "S_b": 4.526202,
                "r": [
                    0.5798063,
                    0.5153995,
                    0.495544,
                    0.5355216,
                    0.5016315,
                    0.4999334,
                    0.6565076,
                    0.6188815,
                    0.5012154,
                    0.4924938,
                    0.6293153,
                    0.5717671,
                    0.5203113,
                    0.4802029,
                    0.3356836,
                    0.4471033,
                    0.5524841,
                    0.3362117,
                    0.4403077,
                    0.4826533,
                    0.5341862,
                    0.6042779,
                    0.6751836,
                    0.4532329,
                    0.5372148,
                    0.5525949,
                    0.8765248,
                    1.350468
                ]
            },
            "n": 30,
            "expec": [
                {
                    "E[P_z(1)]": 0.0009478643,
                    "E[P_z(2)]": 0.0002747889,
                    "E[P_z(3)]": 0.000162843,
                    "E[P_z(4)]": 0.0001174272,
                    "E[P_z(5)]": 0.0001015204,
                    "E[P_z(6)]": 7.92465e-05,
                    "E[P_z(7)]": 6.76957e-05,
                    "E[P_z(8)]": 7.77851e-05,
                    "E[P_z(9)]": 6.51796e-05,
                    "E[P_z(10)]": 4.75085e-05,
                    "E[P_z(11)]": 4.2438e-05,
                    "E[P_z(12)]": 4.97089e-05,
                    "E[P_z(13)]": 4.16892e-05,
                    "E[P_z(14)]": 3.52276e-05,
                    "E[P_z(15)]": 3.03446e-05,
                    "E[P_z(16)]": 1.98866e-05,
                    "E[P_z(17)]": 2.49292e-05,
                    "E[P_z(18)]": 2.90936e-05,
                    "E[P_z(19)]": 1.6773e-05,
                    "E[P_z(20)]": 2.08678e-05,
                    "E[P_z(21)]": 2.17855e-05,
                    "E[P_z(22)]": 2.30156e-05,
                    "E[P_z(23)]": 2.49035e-05,
                    "E[P_z(24)]": 2.66663e-05,
                    "E[P_z(25)]": 1.71846e-05,