{
    "output_file": "/scratch/40841715/tmpxjjh71d2",
    "model": "C",
    "likelihood": -194.3233,
    "criteria": 9e-05,
    "params_mle": {
        "eps": 4.69208e-06,
        "eps_cont": 0,
        "lambda": 0,
        "theta_bar": 0.0009478685,
        "a": -1,
        "S_d": -30.20797,
        "b": 0.2827582,
        "p_b": 0.1203922,
        "S_b": 4.526202,
        "r": [
            0.5798063,
            0.5153995,
            0.495544,
            0.5355216,
            0.5016315,
            0.4999334,
            0.6565076,
            0.6188815,
            0.5012154,
            0.4924938,
            0.6293153,
            0.5717671,
            0.5203113,
            0.4802029,
            0.3356836,
            0.4471033,
            0.5524841,
            0.3362117,
            0.4403077,
            0.4826533,
            0.5341862,
            0.6042779,
            0.6751836,
            0.4532329,
            0.5372148,
            0.5525949,
            0.8765248,
            1.350468
        ]
    },
    "n": 30,
    "expec": [
        {
            "E[P_z(1)]": 0.0009478643,
            "E[P_z(2)]": 0.0002747889,
            "E[P_z(3)]": 0.000162843,
            "E[P_z(4)]": 0.0001174272,
            "E[P_z(5)]": 0.0001015204,
            "E[P_z(6)]": 7.92465e-05,
            "E[P_z(7)]": 6.76957e-05,
            "E[P_z(8)]": 7.77851e-05,
            "E[P_z(9)]": 6.51796e-05,
            "E[P_z(10)]": 4.75085e-05,
            "E[P_z(11)]": 4.2438e-05,
            "E[P_z(12)]": 4.97089e-05,
            "E[P_z(13)]": 4.16892e-05,
            "E[P_z(14)]": 3.52276e-05,
            "E[P_z(15)]": 3.03446e-05,
            "E[P_z(16)]": 1.98866e-05,
            "E[P_z(17)]": 2.49292e-05,
            "E[P_z(18)]": 2.90936e-05,
            "E[P_z(19)]": 1.6773e-05,
            "E[P_z(20)]": 2.08678e-05,
            "E[P_z(21)]": 2.17855e-05,
            "E[P_z(22)]": 2.30156e-05,
            "E[P_z(23)]": 2.49035e-05,
            "E[P_z(24)]": 2.66663e-05,
            "E[P_z(25)]": 1.71846e-05,
            "E[P_z(26)]": 1.95854e-05,
            "E[P_z(27)]": 1.94002e-05,
            "E[P_z(28)]": 2.96737e-05,
            "E[P_z(29)]": 4.41445e-05,
            "E[D_z]": null,
            "E[mis_z]": null
        },
        {
            "E[P_z(1)]": 0.0007215876,
            "E[P_z(2)]": 0.0001822102,
            "E[P_z(3)]": 9.95381e-05,
            "E[P_z(4)]": 6.80364e-05,
            "E[P_z(5)]": 5.66465e-05,
            "E[P_z(6)]": 4.30177e-05,
            "E[P_z(7)]": 3.60029e-05,
            "E[P_z(8)]": 4.07437e-05,
            "E[P_z(9)]": 3.37639e-05,
            "E[P_z(10)]": 2.44209e-05,
            "E[P_z(11)]": 2.17098e-05,
            "E[P_z(12)]": 2.53723e-05,
            "E[P_z(13)]": 2.12813e-05,
            "E[P_z(14)]": 1.80246e-05,
            "E[P_z(15)]": 1.55957e-05,
            "E[P_z(16)]": 1.02883e-05,
            "E[P_z(17)]": 1.30102e-05,
            "E[P_z(18)]": 1.53504e-05,
            "E[P_z(19)]": 8.9679e-06,
            "E[P_z(20)]": 1.1334e-05,
            "E[P_z(21)]": 1.2052e-05,
            "E[P_z(22)]": 1.30067e-05,
            "E[P_z(23)]": 1.44233e-05,
            "E[P_z(24)]": 1.58855e-05,
            "E[P_z(25)]": 1.05729e-05,
            "E[P_z(26)]": 1.2504e-05,
            "E[P_z(27)]": 1.29224e-05,
            "E[P_z(28)]": 2.07539e-05,
            "E[P_z(29)]": 3.26684e-05,
            "E[D_z]": null,
            "E[mis_z]": null
        }
    ],
    "alpha": 0.679524957567307,
    "execution_time": 2318.8770546913147
}