{
    "output_file": "/scratch/38996293/tmpzebw3q2h",
    "model": "C",
    "likelihood": -155.9066,
    "criteria": 0.00047,
    "params_mle": {
        "eps": 0.01077673,
        "eps_cont": 0,
        "lambda": 0,
        "theta_bar": 0.0008993875,
        "a": -1,
        "S_d": -170.6023,
        "b": 0.4243493,
        "p_b": 0,
        "S_b": 1,
        "r": [
            1.121745,
            1.053456,
            1.146075,
            1.253159,
            0.9664966,
            1.019672,
            0.9076981,
            1.293703,
            0.9325805,
            0.9932045,
            1.016501,
            1.657581,
            1.217947,
            1.000279,
            1.125076,
            0.9419063,
            1.198823,
            0.8455144
        ]
    },
    "n": 20,
    "expec": [
        {
            "E[P_z(1)]": 0.0008901264,
            "E[P_z(2)]": 0.000499651,
            "E[P_z(3)]": 0.0003129553,
            "E[P_z(4)]": 0.0002555958,
            "E[P_z(5)]": 0.0002236322,
            "E[P_z(6)]": 0.0001441578,
            "E[P_z(7)]": 0.0001308354,
            "E[P_z(8)]": 0.0001017678,
            "E[P_z(9)]": 0.0001287642,
            "E[P_z(10)]": 8.38751e-05,
            "E[P_z(11)]": 8.1725e-05,
            "E[P_z(12)]": 7.64644e-05,
            "E[P_z(13)]": 0.0001148535,
            "E[P_z(14)]": 7.89614e-05,
            "E[P_z(15)]": 6.17588e-05,
            "E[P_z(16)]": 6.5338e-05,
            "E[P_z(17)]": 5.26982e-05,
            "E[P_z(18)]": 6.46911e-05,
            "E[P_z(19)]": 4.92846e-05,
            "E[D_z]": null,
            "E[mis_z]": null
        },
        {
            "E[P_z(1)]": 0.0003348501,
            "E[P_z(2)]": 0.0001273434,
            "E[P_z(3)]": 6.51832e-05,
            "E[P_z(4)]": 4.67444e-05,
            "E[P_z(5)]": 3.72252e-05,
            "E[P_z(6)]": 2.22828e-05,
            "E[P_z(7)]": 1.9039e-05,
            "E[P_z(8)]": 1.40896e-05,
            "E[P_z(9)]": 1.70754e-05,
            "E[P_z(10)]": 1.07082e-05,
            "E[P_z(11)]": 1.00947e-05,
            "E[P_z(12)]": 9.166e-06,
            "E[P_z(13)]": 1.33959e-05,
            "E[P_z(14)]": 9.0108e-06,
            "E[P_z(15)]": 6.9673e-06,
            "E[P_z(16)]": 7.2757e-06,
            "E[P_z(17)]": 5.9317e-06,
            "E[P_z(18)]": 7.5422e-06,
            "E[P_z(19)]": 7.6851e-06,
            "E[D_z]": null,
            "E[mis_z]": null
        }
    ],
    "alpha": 0.0,
    "execution_time": 245.80728960037231
}