{
    "py/object": "fastdfe.polydfe.PolyDFE",
    "logger": {
        "py/reduce": [
            {
                "py/function": "logging.getLogger"
            },
            {
                "py/tuple": [
                    "fastdfe.PolyDFE"
                ]
            }
        ]
    },
    "bootstraps": null,
    "config": {
        "py/object": "fastdfe.config.Config",
        "data": {
            "model": "GammaExpParametrization",
            "intervals_del": {
                "py/tuple": [
                    -100000000.0,
                    -1e-05,
                    1000
                ]
            },
            "intervals_ben": {
                "py/tuple": [
                    1e-05,
                    10000.0,
                    1000
                ]
            },
            "integration_mode": "midpoint",
            "linearized": true,
            "seed": 0,
            "opts_mle": {},
            "n_runs": 10,
            "x0": {
                "all": {
                    "S_b": 0.09636954,
                    "S_d": -44.34681,
                    "a": -1,
                    "b": 0.1221405,
                    "eps": 4.50123e-06,
                    "eps_cont": 0,
                    "lambda": 0,
                    "p_b": 0.01060767,
                    "r": [
                        0.6268517,
                        0.6514728,
                        0.6820074,
                        0.5848618,
                        0.7565646,
                        0.6523473,
                        0.6349214,
                        0.7005902,
                        0.6139579,
                        0.6324166,
                        0.6421517,
                        0.7478784,
                        1.22486
                    ],
                    "theta_bar": 0.0008663822
                }
            },
            "bounds": {},
            "scales": {},
            "fixed_params": {},
            "shared_params": [],
            "covariates": [],
            "sfs_neut": {
                "py/object": "fastdfe.spectrum.Spectra",
                "data": {
                    "all": [
                        870430.438336528,
                        762.0,
                        213.0,
                        174.0,
                        135.0,
                        86.0,
                        85.0,
                        82.0,
                        82.0,
                        71.0,
                        41.0,
                        33.0,
                        41.0,
                        50.0,
                        60.0,
                        0.0
                    ]
                }
            },
            "sfs_sel": {
                "py/object": "fastdfe.spectrum.Spectra",
                "data": {
                    "all": [
                        2365818.56166347,
                        1496.0,
                        460.0,
                        260.0,
                        203.0,
                        154.0,
                        169.0,
                        107.0,
                        92.0,
                        94.0,
                        60.0,
                        63.0,
                        69.0,
                        51.0,
                        102.0,
                        0.0
                    ]
                }
            },
            "do_bootstrap": false,
            "n_bootstraps": 10,
            "parallelize": false,
            "loss_type": "likelihood"
        }
    },
    "output_file": null,
    "execution_time": 447.159499168396,
    "summary": {
        "py/object": "fastdfe.polydfe.PolyDFEResult",
        "output_file": "results/polydfe/hgdp/inference/1/opts.n.15.config.default/bootstraps/93/all.polydfe.txt",
        "postprocessing_source": "../resources/polydfe/postprocessing/script.R",
        "data": {
            "output_file": "/scratch/40840726/tmpacrcabkg",
            "model": "C",
            "likelihood": -103.62,
            "criteria": 0.00025,
            "params_mle": {
                "eps": 4.50204e-06,
                "eps_cont": 0,
                "lambda": 0,
                "theta_bar": 0.000858918,
                "a": -1,
                "S_d": -32.5288,
                "b": 0.1385571,
                "p_b": 0.0105688,
                "S_b": 0.09626695,
                "r": [
                    0.6402103,
                    0.642602,
                    0.6834767,
                    0.6173153,
                    0.7947921,
                    0.6977442,
                    0.7411067,
                    0.7971264,
                    0.5460774,
                    0.5746352,
                    0.7224835,
                    0.7224674,
                    1.254001
                ]
            },
            "n": 15,
            "expec": [
                {
                    "E[P_z(1)]": 0.0008589145,
                    "E[P_z(2)]": 0.000274943,
                    "E[P_z(3)]": 0.0001839802,
                    "E[P_z(4)]": 0.0001467621,
                    "E[P_z(5)]": 0.0001060444,
                    "E[P_z(6)]": 0.0001137767,
                    "E[P_z(7)]": 8.5615e-05,
                    "E[P_z(8)]": 7.95688e-05,
                    "E[P_z(9)]": 7.60742e-05,
                    "E[P_z(10)]": 4.69038e-05,
                    "E[P_z(11)]": 4.487e-05,
                    "E[P_z(12)]": 5.17134e-05,
                    "E[P_z(13)]": 4.77349e-05,
                    "E[P_z(14)]": 7.69381e-05,
                    "E[D_z]": null,
                    "E[mis_z]": null
                },
                {
                    "E[P_z(1)]": 0.0006368051,
                    "E[P_z(2)]": 0.0001828253,
                    "E[P_z(3)]": 0.0001154397,
                    "E[P_z(4)]": 8.86278e-05,
                    "E[P_z(5)]": 6.22529e-05,
                    "E[P_z(6)]": 6.53163e-05,
                    "E[P_z(7)]": 4.82513e-05,
                    "E[P_z(8)]": 4.41449e-05,
                    "E[P_z(9)]": 4.16336e-05,
                    "E[P_z(10)]": 2.53609e-05,
                    "E[P_z(11)]": 2.39993e-05,
                    "E[P_z(12)]": 2.73888e-05,
                    "E[P_z(13)]": 2.5055e-05,
                    "E[P_z(14)]": 4.00495e-05,
                    "E[D_z]": null,
                    "E[mis_z]": null
                }
            ],
            "alpha": 0.02270868765164339,
            "execution_time": 447.159499168396
        }
    }
}