{
    "py/object": "fastdfe.polydfe.PolyDFE",
    "logger": {
        "py/reduce": [
            {
                "py/function": "logging.getLogger"
            },
            {
                "py/tuple": [
                    "fastdfe.PolyDFE"
                ]
            }
        ]
    },
    "bootstraps": null,
    "config": {
        "py/object": "fastdfe.config.Config",
        "data": {
            "model": "GammaExpParametrization",
            "intervals_del": {
                "py/tuple": [
                    -100000000.0,
                    -1e-05,
                    1000
                ]
            },
            "intervals_ben": {
                "py/tuple": [
                    1e-05,
                    10000.0,
                    1000
                ]
            },
            "integration_mode": "midpoint",
            "linearized": true,
            "seed": 0,
            "opts_mle": {},
            "n_runs": 10,
            "x0": {
                "all": {
                    "S_b": 1.562568,
                    "S_d": -22188.79,
                    "a": -1,
                    "b": 0.1916524,
                    "eps": 0.007632547,
                    "eps_cont": 0,
                    "lambda": 0,
                    "p_b": 0.04617354,
                    "r": [
                        0.8275426,
                        0.7254075,
                        0.6568578,
                        0.602303,
                        0.5558673,
                        0.5172334,
                        0.4889478,
                        0.4709818,
                        0.4671859,
                        0.4710718,
                        0.4770928,
                        0.4916403,
                        0.5096436,
                        0.5365832,
                        0.5691288,
                        0.6256435,
                        0.7473002,
                        1.000285
                    ],
                    "theta_bar": 0.007669351
                }
            },
            "bounds": {},
            "scales": {},
            "fixed_params": {
                "all": {}
            },
            "shared_params": [],
            "covariates": [],
            "sfs_neut": {
                "py/object": "fastdfe.spectrum.Spectra",
                "data": {
                    "all": [
                        257390.66666666698,
                        2010.0,
                        816.0,
                        466.0,
                        332.0,
                        224.0,
                        184.0,
                        161.0,
                        114.0,
                        104.0,
                        95.0,
                        74.0,
                        64.0,
                        60.0,
                        78.0,
                        79.0,
                        65.0,
                        80.0,
                        86.0,
                        110.0,
                        0.0
                    ]
                }
            },
            "sfs_sel": {
                "py/object": "fastdfe.spectrum.Spectra",
                "data": {
                    "all": [
                        956813.333333333,
                        1942.0,
                        617.0,
                        311.0,
                        261.0,
                        180.0,
                        135.0,
                        112.0,
                        78.0,
                        76.0,
                        58.0,
                        49.0,
                        60.0,
                        58.0,
                        45.0,
                        43.0,
                        66.0,
                        65.0,
                        69.0,
                        105.0,
                        0.0
                    ]
                }
            },
            "do_bootstrap": null,
            "n_bootstraps": 10,
            "parallelize": true,
            "loss_type": "likelihood"
        }
    },
    "output_file": null,
    "execution_time": 1046.876550912857,
    "summary": {
        "py/object": "fastdfe.polydfe.PolyDFEResult",
        "output_file": "results/polydfe/pendula_C_full_anc/bootstraps/49/out.txt",
        "postprocessing_source": "../resources/polydfe/postprocessing/script.R",
        "data": {
            "output_file": "/scratch/38996481/tmpjsez81qj",
            "model": "C",
            "likelihood": -135.9186,
            "criteria": 7e-05,
            "params_mle": {
                "eps": 0.0456992,
                "eps_cont": 0,
                "lambda": 0,
                "theta_bar": 0.00801514,
                "a": -1,
                "S_d": -333.3182,
                "b": 2.359316,
                "p_b": 0.1928304,
                "S_b": 0.232925,
                "r": [
                    0.8129381,
                    0.6679117,
                    0.679121,
                    0.5756081,
                    0.5421414,
                    0.538801,
                    0.427624,
                    0.4491759,
                    0.4165903,
                    0.3589501,
                    0.3921362,
                    0.3873762,
                    0.4269562,
                    0.4346831,
                    0.4632484,
                    0.5151955,
                    0.4360191,
                    0.1362296
                ]
            },
            "n": 20,
            "expec": [
                {
                    "E[P_z(1)]": 0.007651481,
                    "E[P_z(2)]": 0.003117896,
                    "E[P_z(3)]": 0.001714021,
                    "E[P_z(4)]": 0.00130923,
                    "E[P_z(5)]": 0.000891163,
                    "E[P_z(6)]": 0.0007022973,
                    "E[P_z(7)]": 0.000599659,
                    "E[P_z(8)]": 0.0004208237,
                    "E[P_z(9)]": 0.0003936949,
                    "E[P_z(10)]": 0.000333903,
                    "E[P_z(11)]": 0.0002678769,
                    "E[P_z(12)]": 0.0002695284,
                    "E[P_z(13)]": 0.0002561155,
                    "E[P_z(14)]": 0.0002663626,
                    "E[P_z(15)]": 0.0002638226,
                    "E[P_z(16)]": 0.0002836455,
                    "E[P_z(17)]": 0.0003133521,
                    "E[P_z(18)]": 0.0003341641,
                    "E[P_z(19)]": 0.0004211276,
                    "E[D_z]": null,
                    "E[mis_z]": null
                },
                {
                    "E[P_z(1)]": 0.00202142,
                    "E[P_z(2)]": 0.0006390737,
                    "E[P_z(3)]": 0.0003400971,
                    "E[P_z(4)]": 0.0002591399,
                    "E[P_z(5)]": 0.0001769402,
                    "E[P_z(6)]": 0.0001400679,
                    "E[P_z(7)]": 0.0001201809,
                    "E[P_z(8)]": 8.47826e-05,
                    "E[P_z(9)]": 7.97198e-05,
                    "E[P_z(10)]": 6.79599e-05,
                    "E[P_z(11)]": 5.47835e-05,
                    "E[P_z(12)]": 5.53851e-05,
                    "E[P_z(13)]": 5.28231e-05,
                    "E[P_z(14)]": 5.51559e-05,
                    "E[P_z(15)]": 5.47772e-05,
                    "E[P_z(16)]": 5.89432e-05,
                    "E[P_z(17)]": 6.5282e-05,
                    "E[P_z(18)]": 6.99997e-05,
                    "E[P_z(19)]": 0.0001085323,
                    "E[D_z]": null,
                    "E[mis_z]": null
                }
            ],
            "alpha": 0.9999040747942551,
            "execution_time": 1046.876550912857
        }
    }
}