{
    "output_file": "/scratch/40841160/tmp4qivusmb",
    "model": "C",
    "likelihood": -130.8672,
    "criteria": 0.0003,
    "params_mle": {
        "eps": 4.49741e-06,
        "eps_cont": 0,
        "lambda": 0,
        "theta_bar": 0.0008455373,
        "a": -1,
        "S_d": -85.96399,
        "b": 0.1009256,
        "p_b": 0.003904264,
        "S_b": 0.0380017,
        "r": [
            0.5932301,
            0.563149,
            0.5328675,
            0.4962192,
            0.5372065,
            0.6382554,
            0.4933485,
            0.5823004,
            0.4913017,
            0.5480114,
            0.6111755,
            0.4549462,
            0.5926413,
            0.4609544,
            0.5077785,
            0.6648352,
            0.7798217,
            1.450832
        ]
    },
    "n": 20,
    "expec": [
        {
            "E[P_z(1)]": 0.0008455338,
            "E[P_z(2)]": 0.0002507981,
            "E[P_z(3)]": 0.0001587206,
            "E[P_z(4)]": 0.0001126395,
            "E[P_z(5)]": 8.39141e-05,
            "E[P_z(6)]": 7.57045e-05,
            "E[P_z(7)]": 7.70953e-05,
            "E[P_z(8)]": 5.2143e-05,
            "E[P_z(9)]": 5.47062e-05,
            "E[P_z(10)]": 4.15414e-05,
            "E[P_z(11)]": 4.21241e-05,
            "E[P_z(12)]": 4.30644e-05,
            "E[P_z(13)]": 2.95905e-05,
            "E[P_z(14)]": 3.57931e-05,
            "E[P_z(15)]": 2.59839e-05,
            "E[P_z(16)]": 2.68345e-05,
            "E[P_z(17)]": 3.30678e-05,
            "E[P_z(18)]": 3.66325e-05,
            "E[P_z(19)]": 6.45684e-05,
            "E[D_z]": null,
            "E[mis_z]": null
        },
        {
            "E[P_z(1)]": 0.000619402,
            "E[P_z(2)]": 0.0001680798,
            "E[P_z(3)]": 0.000101701,
            "E[P_z(4)]": 7.00957e-05,
            "E[P_z(5)]": 5.11099e-05,
            "E[P_z(6)]": 4.53357e-05,
            "E[P_z(7)]": 4.55292e-05,
            "E[P_z(8)]": 3.04308e-05,
            "E[P_z(9)]": 3.15996e-05,
            "E[P_z(10)]": 2.37775e-05,
            "E[P_z(11)]": 2.39149e-05,
            "E[P_z(12)]": 2.42685e-05,
            "E[P_z(13)]": 1.6563e-05,
            "E[P_z(14)]": 1.99102e-05,
            "E[P_z(15)]": 1.43703e-05,
            "E[P_z(16)]": 1.47609e-05,
            "E[P_z(17)]": 1.80979e-05,
            "E[P_z(18)]": 1.99537e-05,
            "E[P_z(19)]": 3.5013e-05,
            "E[D_z]": null,
            "E[mis_z]": null
        }
    ],
    "alpha": 0.008525576480288085,
    "execution_time": 526.523743391037
}