{
    "output_file": "/scratch/40841717/tmpnx0c9ozf",
    "model": "C",
    "likelihood": -188.4285,
    "criteria": 0.00057,
    "params_mle": {
        "eps": 4.50249e-06,
        "eps_cont": 0,
        "lambda": 0,
        "theta_bar": 0.0008787097,
        "a": -1,
        "S_d": -42.33227,
        "b": 0.1222137,
        "p_b": 0.008448373,
        "S_b": 0.1034346,
        "r": [
            0.5683882,
            0.5111748,
            0.552999,
            0.4937666,
            0.4695007,
            0.5337197,
            0.5594948,
            0.6082319,
            0.467516,
            0.4989277,
            0.6232751,
            0.573789,
            0.4237789,
            0.5330542,
            0.3507471,
            0.3740474,
            0.599981,
            0.4043199,
            0.4356369,
            0.4862467,
            0.7228349,
            0.5758121,
            0.6552032,
            0.6068712,
            0.8511523,
            0.6464083,
            0.9703105,
            1.536348
        ]
    },
    "n": 30,
    "expec": [
        {
            "E[P_z(1)]": 0.000878706,
            "E[P_z(2)]": 0.0002497231,
            "E[P_z(3)]": 0.0001497242,
            "E[P_z(4)]": 0.000121481,
            "E[P_z(5)]": 8.67752e-05,
            "E[P_z(6)]": 6.87589e-05,
            "E[P_z(7)]": 6.69976e-05,
            "E[P_z(8)]": 6.1454e-05,
            "E[P_z(9)]": 5.93842e-05,
            "E[P_z(10)]": 4.1081e-05,
            "E[P_z(11)]": 3.98556e-05,
            "E[P_z(12)]": 4.56397e-05,
            "E[P_z(13)]": 3.87841e-05,
            "E[P_z(14)]": 2.65984e-05,
            "E[P_z(15)]": 3.12267e-05,
            "E[P_z(16)]": 1.92628e-05,
            "E[P_z(17)]": 1.93341e-05,
            "E[P_z(18)]": 2.92895e-05,
            "E[P_z(19)]": 1.8699e-05,
            "E[P_z(20)]": 1.914e-05,
            "E[P_z(21)]": 2.03464e-05,
            "E[P_z(22)]": 2.88711e-05,
            "E[P_z(23)]": 2.1999e-05,
            "E[P_z(24)]": 2.39891e-05,
            "E[P_z(25)]": 2.13308e-05,
            "E[P_z(26)]": 2.87664e-05,
            "E[P_z(27)]": 2.10378e-05,
            "E[P_z(28)]": 3.04517e-05,
            "E[P_z(29)]": 4.65556e-05,
            "E[D_z]": null,
            "E[mis_z]": null
        },
        {
            "E[P_z(1)]": 0.0006899707,
            "E[P_z(2)]": 0.000178388,
            "E[P_z(3)]": 0.0001015155,
            "E[P_z(4)]": 7.9542e-05,
            "E[P_z(5)]": 5.53646e-05,
            "E[P_z(6)]": 4.29798e-05,
            "E[P_z(7)]": 4.11767e-05,
            "E[P_z(8)]": 3.7231e-05,
            "E[P_z(9)]": 3.5531e-05,
            "E[P_z(10)]": 2.43105e-05,
            "E[P_z(11)]": 2.3354e-05,
            "E[P_z(12)]": 2.65057e-05,
            "E[P_z(13)]": 2.23415e-05,
            "E[P_z(14)]": 1.52076e-05,
            "E[P_z(15)]": 1.77302e-05,
            "E[P_z(16)]": 1.08668e-05,
            "E[P_z(17)]": 1.08413e-05,
            "E[P_z(18)]": 1.63306e-05,
            "E[P_z(19)]": 1.03701e-05,
            "E[P_z(20)]": 1.0561e-05,
            "E[P_z(21)]": 1.11728e-05,
            "E[P_z(22)]": 1.57816e-05,
            "E[P_z(23)]": 1.19727e-05,
            "E[P_z(24)]": 1.30014e-05,
            "E[P_z(25)]": 1.15146e-05,
            "E[P_z(26)]": 1.54689e-05,
            "E[P_z(27)]": 1.12713e-05,
            "E[P_z(28)]": 1.62572e-05,
            "E[P_z(29)]": 2.47702e-05,
            "E[D_z]": null,
            "E[mis_z]": null
        }
    ],
    "alpha": 0.017964909004896043,
    "execution_time": 1208.782015800476
}