{
    "py/object": "fastdfe.polydfe.PolyDFE",
    "logger": {
        "py/reduce": [
            {
                "py/function": "logging.getLogger"
            },
            {
                "py/tuple": [
                    "fastdfe.PolyDFE"
                ]
            }
        ]
    },
    "bootstraps": null,
    "config": {
        "py/object": "fastdfe.config.Config",
        "data": {
            "model": "GammaExpParametrization",
            "intervals_del": {
                "py/tuple": [
                    -100000000.0,
                    -1e-05,
                    1000
                ]
            },
            "intervals_ben": {
                "py/tuple": [
                    1e-05,
                    10000.0,
                    1000
                ]
            },
            "integration_mode": "midpoint",
            "linearized": true,
            "seed": 0,
            "opts_mle": {},
            "n_runs": 10,
            "x0": {
                "all": {
                    "S_b": 0.1083917,
                    "S_d": -45.46375,
                    "a": -1,
                    "b": 0.1287808,
                    "eps": 4.50268e-06,
                    "eps_cont": 0,
                    "lambda": 0,
                    "p_b": 0.009184894,
                    "r": [
                        0.5642878,
                        0.496756,
                        0.4953868,
                        0.4840476,
                        0.4906511,
                        0.4906073,
                        0.5437098,
                        0.5553355,
                        0.5124802,
                        0.5092361,
                        0.6175192,
                        0.5977393,
                        0.4504409,
                        0.522028,
                        0.3860458,
                        0.4756257,
                        0.5506624,
                        0.3834732,
                        0.531485,
                        0.4975372,
                        0.5880576,
                        0.5381713,
                        0.7063446,
                        0.5665509,
                        0.6574706,
                        0.6611074,
                        0.9643355,
                        1.73894
                    ],
                    "theta_bar": 0.0009259123
                }
            },
            "bounds": {},
            "scales": {},
            "fixed_params": {},
            "shared_params": [],
            "covariates": [],
            "sfs_neut": {
                "py/object": "fastdfe.spectrum.Spectra",
                "data": {
                    "all": [
                        1037638.3337252,
                        932.0,
                        269.0,
                        136.0,
                        109.0,
                        96.0,
                        67.0,
                        71.0,
                        56.0,
                        64.0,
                        39.0,
                        46.0,
                        45.0,
                        41.0,
                        30.0,
                        35.0,
                        24.0,
                        25.0,
                        30.0,
                        17.0,
                        27.0,
                        14.0,
                        31.0,
                        19.0,
                        22.0,
                        27.0,
                        35.0,
                        29.0,
                        27.0,
                        48.0,
                        0.0
                    ]
                }
            },
            "sfs_sel": {
                "py/object": "fastdfe.spectrum.Spectra",
                "data": {
                    "all": [
                        2845006.6662748,
                        1948.0,
                        499.0,
                        309.0,
                        244.0,
                        152.0,
                        127.0,
                        116.0,
                        114.0,
                        99.0,
                        73.0,
                        62.0,
                        78.0,
                        63.0,
                        41.0,
                        48.0,
                        27.0,
                        26.0,
                        47.0,
                        32.0,
                        23.0,
                        39.0,
                        44.0,
                        38.0,
                        40.0,
                        28.0,
                        39.0,
                        25.0,
                        51.0,
                        71.0,
                        0.0
                    ]
                }
            },
            "do_bootstrap": false,
            "n_bootstraps": 10,
            "parallelize": false,
            "loss_type": "likelihood"
        }
    },
    "output_file": null,
    "execution_time": 1208.782015800476,
    "summary": {
        "py/object": "fastdfe.polydfe.PolyDFEResult",
        "output_file": "results/polydfe/hgdp/inference/1/opts.n.30.config.default/bootstraps/64/all.polydfe.txt",
        "postprocessing_source": "../resources/polydfe/postprocessing/script.R",
        "data": {
            "output_file": "/scratch/40841717/tmpnx0c9ozf",
            "model": "C",
            "likelihood": -188.4285,
            "criteria": 0.00057,
            "params_mle": {
                "eps": 4.50249e-06,
                "eps_cont": 0,
                "lambda": 0,
                "theta_bar": 0.0008787097,
                "a": -1,
                "S_d": -42.33227,
                "b": 0.1222137,
                "p_b": 0.008448373,
                "S_b": 0.1034346,
                "r": [
                    0.5683882,
                    0.5111748,
                    0.552999,
                    0.4937666,
                    0.4695007,
                    0.5337197,
                    0.5594948,
                    0.6082319,
                    0.467516,
                    0.4989277,
                    0.6232751,
                    0.573789,
                    0.4237789,
                    0.5330542,
                    0.3507471,
                    0.3740474,
                    0.599981,
                    0.4043199,
                    0.4356369,
                    0.4862467,
                    0.7228349,
                    0.5758121,
                    0.6552032,
                    0.6068712,
                    0.8511523,
                    0.6464083,
                    0.9703105,
                    1.536348
                ]
            },
            "n": 30,
            "expec": [
                {
                    "E[P_z(1)]": 0.000878706,
                    "E[P_z(2)]": 0.0002497231,
                    "E[P_z(3)]": 0.0001497242,
                    "E[P_z(4)]": 0.000121481,
                    "E[P_z(5)]": 8.67752e-05,
                    "E[P_z(6)]": 6.87589e-05,
                    "E[P_z(7)]": 6.69976e-05,
                    "E[P_z(8)]": 6.1454e-05,
                    "E[P_z(9)]": 5.93842e-05,
                    "E[P_z(10)]": 4.1081e-05,
                    "E[P_z(11)]": 3.98556e-05,
                    "E[P_z(12)]": 4.56397e-05,
                    "E[P_z(13)]": 3.87841e-05,
                    "E[P_z(14)]": 2.65984e-05,
                    "E[P_z(15)]": 3.12267e-05,
                    "E[P_z(16)]": 1.92628e-05,
                    "E[P_z(17)]": 1.93341e-05,
                    "E[P_z(18)]": 2.92895e-05,
                    "E[P_z(19)]": 1.8699e-05,
                    "E[P_z(20)]": 1.914e-05,
                    "E[P_z(21)]": 2.03464e-05,
                    "E[P_z(22)]": 2.88711e-05,
                    "E[P_z(23)]": 2.1999e-05,
                    "E[P_z(24)]": 2.39891e-05,
                    "E[P_z(25)]": 2.13308e-05,
                    "E[P_z(26)]": 2.87664e-05,