{
    "output_file": "/scratch/40840197/tmpig1z36l_",
    "model": "C",
    "likelihood": -33.99855,
    "criteria": 0.00014,
    "params_mle": {
        "eps": 4.49255e-06,
        "eps_cont": 0,
        "lambda": 0,
        "theta_bar": 0.0005994815,
        "a": -1,
        "S_d": -27.80079,
        "b": 0.1274471,
        "p_b": 0.01416084,
        "S_b": 0.1234664,
        "r": [
            0.8339876,
            0.8397602,
            0.869497
        ]
    },
    "n": 5,
    "expec": [
        {
            "E[P_z(1)]": 0.0005994794,
            "E[P_z(2)]": 0.0002499797,
            "E[P_z(3)]": 0.0001678073,
            "E[P_z(4)]": 0.0001303139,
            "E[D_z]": null,
            "E[mis_z]": null
        },
        {
            "E[P_z(1)]": 0.0004151644,
            "E[P_z(2)]": 0.0001560056,
            "E[P_z(3)]": 9.94419e-05,
            "E[P_z(4)]": 7.46679e-05,
            "E[D_z]": null,
            "E[mis_z]": null
        }
    ],
    "alpha": 0.028645833759920244,
    "execution_time": 49.644806146621704
}