{
    "output_file": "/scratch/40840214/tmp9incp9_5",
    "model": "C",
    "likelihood": -31.62962,
    "criteria": 0.00085,
    "params_mle": {
        "eps": 4.49708e-06,
        "eps_cont": 0,
        "lambda": 0,
        "theta_bar": 0.0006546058,
        "a": -1,
        "S_d": -215.7205,
        "b": 0.09818382,
        "p_b": 0.01562848,
        "S_b": 0.1341073,
        "r": [
            0.7980351,
            0.9566989,
            0.8167706
        ]
    },
    "n": 5,
    "expec": [
        {
            "E[P_z(1)]": 0.0006546034,
            "E[P_z(2)]": 0.000261199,
            "E[P_z(3)]": 0.0002087538,
            "E[P_z(4)]": 0.000133668,
            "E[D_z]": null,
            "E[mis_z]": null
        },
        {
            "E[P_z(1)]": 0.000398929,
            "E[P_z(2)]": 0.000146029,
            "E[P_z(3)]": 0.0001120971,
            "E[P_z(4)]": 6.99402e-05,
            "E[D_z]": null,
            "E[mis_z]": null
        }
    ],
    "alpha": 0.03494920500418674,
    "execution_time": 38.71097993850708
}