{
    "py/object": "fastdfe.polydfe.PolyDFE",
    "logger": {
        "py/reduce": [
            {
                "py/function": "logging.getLogger"
            },
            {
                "py/tuple": [
                    "fastdfe.PolyDFE"
                ]
            }
        ]
    },
    "bootstraps": null,
    "config": {
        "py/object": "fastdfe.config.Config",
        "data": {
            "model": "GammaExpParametrization",
            "intervals_del": {
                "py/tuple": [
                    -100000000.0,
                    -1e-05,
                    1000
                ]
            },
            "intervals_ben": {
                "py/tuple": [
                    1e-05,
                    10000.0,
                    1000
                ]
            },
            "integration_mode": "midpoint",
            "linearized": true,
            "seed": 0,
            "opts_mle": {},
            "n_runs": 10,
            "x0": {
                "all": {
                    "S_b": 0.09636954,
                    "S_d": -44.34681,
                    "a": -1,
                    "b": 0.1221405,
                    "eps": 4.50123e-06,
                    "eps_cont": 0,
                    "lambda": 0,
                    "p_b": 0.01060767,
                    "r": [
                        0.6268517,
                        0.6514728,
                        0.6820074,
                        0.5848618,
                        0.7565646,
                        0.6523473,
                        0.6349214,
                        0.7005902,
                        0.6139579,
                        0.6324166,
                        0.6421517,
                        0.7478784,
                        1.22486
                    ],
                    "theta_bar": 0.0008663822
                }
            },
            "bounds": {},
            "scales": {},
            "fixed_params": {},
            "shared_params": [],
            "covariates": [],
            "sfs_neut": {
                "py/object": "fastdfe.spectrum.Spectra",
                "data": {
                    "all": [
                        870452.438336528,
                        741.0,
                        220.0,
                        180.0,
                        137.0,
                        87.0,
                        78.0,
                        78.0,
                        60.0,
                        77.0,
                        50.0,
                        39.0,
                        34.0,
                        52.0,
                        60.0,
                        0.0
                    ]
                }
            },
            "sfs_sel": {
                "py/object": "fastdfe.spectrum.Spectra",
                "data": {
                    "all": [
                        2365832.56166347,
                        1507.0,
                        446.0,
                        267.0,
                        230.0,
                        146.0,
                        170.0,
                        85.0,
                        92.0,
                        69.0,
                        74.0,
                        63.0,
                        62.0,
                        50.0,
                        105.0,
                        0.0
                    ]
                }
            },
            "do_bootstrap": false,
            "n_bootstraps": 10,
            "parallelize": false,
            "loss_type": "likelihood"
        }
    },
    "output_file": null,
    "execution_time": 126.73388576507568,
    "summary": {
        "py/object": "fastdfe.polydfe.PolyDFEResult",
        "output_file": "results/polydfe/hgdp/inference/1/opts.n.15.config.default/bootstraps/12/all.polydfe.txt",
        "postprocessing_source": "../resources/polydfe/postprocessing/script.R",
        "data": {
            "output_file": "/scratch/40841103/tmphdy9i4k0",
            "model": "C",
            "likelihood": -107.3075,
            "criteria": 9e-05,
            "params_mle": {
                "eps": 4.50244e-06,
                "eps_cont": 0,
                "lambda": 0,
                "theta_bar": 0.0008422854,
                "a": -1,
                "S_d": -20.81946,
                "b": 0.1660361,
                "p_b": 0.01054529,
                "S_b": 0.09612165,
                "r": [
                    0.6404318,
                    0.6727215,
                    0.7573255,
                    0.6134718,
                    0.7962707,
                    0.6186928,
                    0.6667372,
                    0.7274334,
                    0.6923435,
                    0.6312333,
                    0.6525554,
                    0.75581,
                    1.324162
                ]
            },
            "n": 15,
            "expec": [
                {
                    "E[P_z(1)]": 0.000842282,
                    "E[P_z(2)]": 0.0002697122,
                    "E[P_z(3)]": 0.0001888739,
                    "E[P_z(4)]": 0.0001594706,
                    "E[P_z(5)]": 0.0001033435,
                    "E[P_z(6)]": 0.000111781,
                    "E[P_z(7)]": 7.44451e-05,
                    "E[P_z(8)]": 7.01979e-05,
                    "E[P_z(9)]": 6.80787e-05,
                    "E[P_z(10)]": 5.83153e-05,
                    "E[P_z(11)]": 4.83349e-05,
                    "E[P_z(12)]": 4.58038e-05,
                    "E[P_z(13)]": 4.89708e-05,
                    "E[P_z(14)]": 7.96693e-05,
                    "E[D_z]": null,
                    "E[mis_z]": null
                },
                {
                    "E[P_z(1)]": 0.0006387147,
                    "E[P_z(2)]": 0.0001817981,
                    "E[P_z(3)]": 0.0001191258,
                    "E[P_z(4)]": 9.61867e-05,
                    "E[P_z(5)]": 6.02938e-05,
                    "E[P_z(6)]": 6.35186e-05,
                    "E[P_z(7)]": 4.13898e-05,
                    "E[P_z(8)]": 3.8309e-05,
                    "E[P_z(9)]": 3.65556e-05,
                    "E[P_z(10)]": 3.08669e-05,
                    "E[P_z(11)]": 2.52567e-05,
                    "E[P_z(12)]": 2.36559e-05,
                    "E[P_z(13)]": 2.50223e-05,
                    "E[P_z(14)]": 4.03087e-05,
                    "E[D_z]": null,
                    "E[mis_z]": null
                }
            ],
            "alpha": 0.023290626762476774,
            "execution_time": 126.73388576507568
        }
    }
}