{
    "output_file": "/scratch/40841130/tmppbgcmo_8",
    "model": "C",
    "likelihood": -136.1411,
    "criteria": 8e-05,
    "params_mle": {
        "eps": 4.49928e-06,
        "eps_cont": 0,
        "lambda": 0,
        "theta_bar": 0.0008409793,
        "a": -1,
        "S_d": -29.86008,
        "b": 0.1679479,
        "p_b": 0.003910332,
        "S_b": 0.03804006,
        "r": [
            0.585149,
            0.5877445,
            0.5752537,
            0.4792509,
            0.5628935,
            0.6495621,
            0.4408499,
            0.6367407,
            0.5757106,
            0.6382257,
            0.509922,
            0.6380831,
            0.6090775,
            0.5602808,
            0.703388,
            0.7086745,
            0.8344152,
            1.578609
        ]
    },
    "n": 20,
    "expec": [
        {
            "E[P_z(1)]": 0.0008409758,
            "E[P_z(2)]": 0.0002460481,
            "E[P_z(3)]": 0.0001647597,
            "E[P_z(4)]": 0.0001209437,
            "E[P_z(5)]": 8.06078e-05,
            "E[P_z(6)]": 7.88968e-05,
            "E[P_z(7)]": 7.80382e-05,
            "E[P_z(8)]": 4.63432e-05,
            "E[P_z(9)]": 5.94984e-05,
            "E[P_z(10)]": 4.84161e-05,
            "E[P_z(11)]": 4.87941e-05,
            "E[P_z(12)]": 3.57362e-05,
            "E[P_z(13)]": 4.12782e-05,
            "E[P_z(14)]": 3.65874e-05,
            "E[P_z(15)]": 3.14125e-05,
            "E[P_z(16)]": 3.69713e-05,
            "E[P_z(17)]": 3.50583e-05,
            "E[P_z(18)]": 3.89857e-05,
            "E[P_z(19)]": 6.9876e-05,
            "E[D_z]": null,
            "E[mis_z]": null
        },
        {
            "E[P_z(1)]": 0.0006270589,
            "E[P_z(2)]": 0.0001620914,
            "E[P_z(3)]": 0.0001012367,
            "E[P_z(4)]": 7.09167e-05,
            "E[P_z(5)]": 4.56483e-05,
            "E[P_z(6)]": 4.3464e-05,
            "E[P_z(7)]": 4.20226e-05,
            "E[P_z(8)]": 2.44761e-05,
            "E[P_z(9)]": 3.08985e-05,
            "E[P_z(10)]": 2.47706e-05,
            "E[P_z(11)]": 2.46322e-05,
            "E[P_z(12)]": 1.78227e-05,
            "E[P_z(13)]": 2.03595e-05,
            "E[P_z(14)]": 1.78622e-05,
            "E[P_z(15)]": 1.5191e-05,
            "E[P_z(16)]": 1.77216e-05,
            "E[P_z(17)]": 1.66659e-05,
            "E[P_z(18)]": 1.83889e-05,
            "E[P_z(19)]": 3.27178e-05,
            "E[D_z]": null,
            "E[mis_z]": null
        }
    ],
    "alpha": 0.009717947425897527,
    "execution_time": 406.7946994304657
}