{
    "output_file": "/scratch/40841807/tmpch7nvtaq",
    "model": "C",
    "likelihood": -256.5351,
    "criteria": 9e-05,
    "params_mle": {
        "eps": 4.50936e-06,
        "eps_cont": 0,
        "lambda": 0,
        "theta_bar": 0.001091687,
        "a": -1,
        "S_d": -41.42218,
        "b": 0.1366561,
        "p_b": 0.004447395,
        "S_b": 0.0564749,
        "r": [
            0.5098062,
            0.4543298,
            0.4369079,
            0.4116908,
            0.4288846,
            0.3676896,
            0.4859195,
            0.4060426,
            0.424124,
            0.5599511,
            0.4496533,
            0.5303294,
            0.4816477,
            0.3980553,
            0.3479141,
            0.3592141,
            0.4263615,
            0.4314617,
            0.5055764,
            0.3900594,
            0.3625987,
            0.3553975,
            0.4843176,
            0.3974513,
            0.4144073,
            0.4706219,
            0.3872868,
            0.4020279,
            0.350992,
            0.5906192,
            0.4581841,
            0.5826918,
            0.5012437,
            0.4652451,
            0.4927105,
            0.9185894,
            0.7616315,
            1.754286
        ]
    },
    "n": 40,
    "expec": [
        {
            "E[P_z(1)]": 0.001091682,
            "E[P_z(2)]": 0.0002782731,
            "E[P_z(3)]": 0.000165328,
            "E[P_z(4)]": 0.0001192412,
            "E[P_z(5)]": 8.98871e-05,
            "E[P_z(6)]": 7.80343e-05,
            "E[P_z(7)]": 5.73429e-05,
            "E[P_z(8)]": 6.63087e-05,
            "E[P_z(9)]": 4.92522e-05,
            "E[P_z(10)]": 4.63009e-05,
            "E[P_z(11)]": 5.55717e-05,
            "E[P_z(12)]": 4.09066e-05,
            "E[P_z(13)]": 4.45348e-05,
            "E[P_z(14)]": 3.75576e-05,
            "E[P_z(15)]": 2.89701e-05,
            "E[P_z(16)]": 2.37383e-05,
            "E[P_z(17)]": 2.30676e-05,
            "E[P_z(18)]": 2.58585e-05,
            "E[P_z(19)]": 2.47906e-05,
            "E[P_z(20)]": 2.75965e-05,
            "E[P_z(21)]": 2.02773e-05,
            "E[P_z(22)]": 1.7993e-05,
            "E[P_z(23)]": 1.68688e-05,
            "E[P_z(24)]": 2.20301e-05,
            "E[P_z(25)]": 1.73557e-05,
            "E[P_z(26)]": 1.74002e-05,
            "E[P_z(27)]": 1.90287e-05,
            "E[P_z(28)]": 1.51e-05,
            "E[P_z(29)]": 1.51343e-05,
            "E[P_z(30)]": 1.27726e-05,
            "E[P_z(31)]": 2.07992e-05,
            "E[P_z(32)]": 1.56313e-05,
            "E[P_z(33)]": 1.92764e-05,
            "E[P_z(34)]": 1.60944e-05,
            "E[P_z(35)]": 1.45118e-05,
            "E[P_z(36)]": 1.49417e-05,
            "E[P_z(37)]": 2.71036e-05,
            "E[P_z(38)]": 2.18818e-05,
            "E[P_z(39)]": 4.91106e-05,
            "E[D_z]": null,
            "E[mis_z]": null
        },
        {
            "E[P_z(1)]": 0.0008680237,
            "E[P_z(2)]": 0.0002002208,
            "E[P_z(3)]": 0.0001123057,
            "E[P_z(4)]": 7.78927e-05,
            "E[P_z(5)]": 5.70238e-05,
            "E[P_z(6)]": 4.83665e-05,
            "E[P_z(7)]": 3.4865e-05,
            "E[P_z(8)]": 3.96623e-05,
            "E[P_z(9)]": 2.90443e-05,
            "E[P_z(10)]": 2.69633e-05,
            "E[P_z(11)]": 3.20006e-05,
            "E[P_z(12)]": 2.33176e-05,
            "E[P_z(13)]": 2.51514e-05,
            "E[P_z(14)]": 2.10308e-05,
            "E[P_z(15)]": 1.60946e-05,
            "E[P_z(16)]": 1.30915e-05,
            "E[P_z(17)]": 1.26345e-05,
            "E[P_z(18)]": 1.40721e-05,
            "E[P_z(19)]": 1.34091e-05,
            "E[P_z(20)]": 1.48412e-05,
            "E[P_z(21)]": 1.08457e-05,
            "E[P_z(22)]": 9.574e-06,
            "E[P_z(23)]": 8.9316e-06,
            "E[P_z(24)]": 1.16094e-05,
            "E[P_z(25)]": 9.1048e-06,
            "E[P_z(26)]": 9.0885e-06,
            "E[P_z(27)]": 9.8977e-06,
            "E[P_z(28)]": 7.8227e-06,
            "E[P_z(29)]": 7.8102e-06,
            "E[P_z(30)]": 6.5668e-06,
            "E[P_z(31)]": 1.0655e-05,
            "E[P_z(32)]": 7.9797e-06,
            "E[P_z(33)]": 9.8072e-06,
            "E[P_z(34)]": 8.1615e-06,
            "E[P_z(35)]": 7.3355e-06,
            "E[P_z(36)]": 7.5295e-06,
            "E[P_z(37)]": 1.36171e-05,
            "E[P_z(38)]": 1.09616e-05,
            "E[P_z(39)]": 2.45326e-05,
            "E[D_z]": null,
            "E[mis_z]": null
        }
    ],
    "alpha": 0.010270275790856022,
    "execution_time": 2106.190694332123
}