{
    "output_file": "/scratch/40841095/tmpqb991l4d",
    "model": "C",
    "likelihood": -103.2531,
    "criteria": 0.00012,
    "params_mle": {
        "eps": 4.50226e-06,
        "eps_cont": 0,
        "lambda": 0,
        "theta_bar": 0.0008635218,
        "a": -1,
        "S_d": -31.69653,
        "b": 0.1288833,
        "p_b": 0.01070603,
        "S_b": 0.09688114,
        "r": [
            0.6321215,
            0.605226,
            0.6594906,
            0.5745821,
            0.7655429,
            0.6868428,
            0.588824,
            0.6581647,
            0.6416249,
            0.6111471,
            0.6576128,
            0.5978147,
            1.097984
        ]
    },
    "n": 15,
    "expec": [
        {
            "E[P_z(1)]": 0.0008635183,
            "E[P_z(2)]": 0.0002729243,
            "E[P_z(3)]": 0.0001742081,
            "E[P_z(4)]": 0.0001423707,
            "E[P_z(5)]": 9.92326e-05,
            "E[P_z(6)]": 0.000110177,
            "E[P_z(7)]": 8.4729e-05,
            "E[P_z(8)]": 6.35579e-05,
            "E[P_z(9)]": 6.31491e-05,
            "E[P_z(10)]": 5.54059e-05,
            "E[P_z(11)]": 4.79767e-05,
            "E[P_z(12)]": 4.73225e-05,
            "E[P_z(13)]": 3.97107e-05,
            "E[P_z(14)]": 6.77274e-05,
            "E[D_z]": null,
            "E[mis_z]": null
        },
        {
            "E[P_z(1)]": 0.0006503137,
            "E[P_z(2)]": 0.0001856815,
            "E[P_z(3)]": 0.0001122868,
            "E[P_z(4)]": 8.85544e-05,
            "E[P_z(5)]": 6.01193e-05,
            "E[P_z(6)]": 6.53761e-05,
            "E[P_z(7)]": 4.94204e-05,
            "E[P_z(8)]": 3.65336e-05,
            "E[P_z(9)]": 3.584e-05,
            "E[P_z(10)]": 3.10933e-05,
            "E[P_z(11)]": 2.66535e-05,
            "E[P_z(12)]": 2.60501e-05,
            "E[P_z(13)]": 2.16774e-05,
            "E[P_z(14)]": 3.66868e-05,
            "E[D_z]": null,
            "E[mis_z]": null
        }
    ],
    "alpha": 0.022133573114044153,
    "execution_time": 392.691908121109
}