{
    "py/object": "fastdfe.polydfe.PolyDFE",
    "logger": {
        "py/reduce": [
            {
                "py/function": "logging.getLogger"
            },
            {
                "py/tuple": [
                    "fastdfe.PolyDFE"
                ]
            }
        ]
    },
    "bootstraps": null,
    "config": {
        "py/object": "fastdfe.config.Config",
        "data": {
            "model": "GammaExpParametrization",
            "intervals_del": {
                "py/tuple": [
                    -100000000.0,
                    -1e-05,
                    1000
                ]
            },
            "intervals_ben": {
                "py/tuple": [
                    1e-05,
                    10000.0,
                    1000
                ]
            },
            "integration_mode": "midpoint",
            "linearized": true,
            "seed": 0,
            "opts_mle": {},
            "n_runs": 10,
            "x0": {
                "all": {
                    "S_b": 0.09636954,
                    "S_d": -44.34681,
                    "a": -1,
                    "b": 0.1221405,
                    "eps": 4.50123e-06,
                    "eps_cont": 0,
                    "lambda": 0,
                    "p_b": 0.01060767,
                    "r": [
                        0.6268517,
                        0.6514728,
                        0.6820074,
                        0.5848618,
                        0.7565646,
                        0.6523473,
                        0.6349214,
                        0.7005902,
                        0.6139579,
                        0.6324166,
                        0.6421517,
                        0.7478784,
                        1.22486
                    ],
                    "theta_bar": 0.0008663822
                }
            },
            "bounds": {},
            "scales": {},
            "fixed_params": {},
            "shared_params": [],
            "covariates": [],
            "sfs_neut": {
                "py/object": "fastdfe.spectrum.Spectra",
                "data": {
                    "all": [
                        870486.438336528,
                        749.0,
                        226.0,
                        175.0,
                        122.0,
                        89.0,
                        77.0,
                        91.0,
                        60.0,
                        51.0,
                        55.0,
                        41.0,
                        36.0,
                        33.0,
                        54.0,
                        0.0
                    ]
                }
            },
            "sfs_sel": {
                "py/object": "fastdfe.spectrum.Spectra",
                "data": {
                    "all": [
                        2365818.56166347,
                        1545.0,
                        452.0,
                        243.0,
                        212.0,
                        140.0,
                        174.0,
                        100.0,
                        82.0,
                        89.0,
                        67.0,
                        64.0,
                        67.0,
                        53.0,
                        92.0,
                        0.0
                    ]
                }
            },
            "do_bootstrap": false,
            "n_bootstraps": 10,
            "parallelize": false,
            "loss_type": "likelihood"
        }
    },
    "output_file": null,
    "execution_time": 392.691908121109,
    "summary": {
        "py/object": "fastdfe.polydfe.PolyDFEResult",
        "output_file": "results/polydfe/hgdp/inference/1/opts.n.15.config.default/bootstraps/26/all.polydfe.txt",
        "postprocessing_source": "../resources/polydfe/postprocessing/script.R",
        "data": {
            "output_file": "/scratch/40841095/tmpqb991l4d",
            "model": "C",
            "likelihood": -103.2531,
            "criteria": 0.00012,
            "params_mle": {
                "eps": 4.50226e-06,
                "eps_cont": 0,
                "lambda": 0,
                "theta_bar": 0.0008635218,
                "a": -1,
                "S_d": -31.69653,
                "b": 0.1288833,
                "p_b": 0.01070603,
                "S_b": 0.09688114,
                "r": [
                    0.6321215,
                    0.605226,
                    0.6594906,
                    0.5745821,
                    0.7655429,
                    0.6868428,
                    0.588824,
                    0.6581647,
                    0.6416249,
                    0.6111471,
                    0.6576128,
                    0.5978147,
                    1.097984
                ]
            },
            "n": 15,
            "expec": [
                {
                    "E[P_z(1)]": 0.0008635183,
                    "E[P_z(2)]": 0.0002729243,
                    "E[P_z(3)]": 0.0001742081,
                    "E[P_z(4)]": 0.0001423707,
                    "E[P_z(5)]": 9.92326e-05,
                    "E[P_z(6)]": 0.000110177,
                    "E[P_z(7)]": 8.4729e-05,
                    "E[P_z(8)]": 6.35579e-05,
                    "E[P_z(9)]": 6.31491e-05,
                    "E[P_z(10)]": 5.54059e-05,
                    "E[P_z(11)]": 4.79767e-05,
                    "E[P_z(12)]": 4.73225e-05,
                    "E[P_z(13)]": 3.97107e-05,
                    "E[P_z(14)]": 6.77274e-05,
                    "E[D_z]": null,
                    "E[mis_z]": null
                },
                {
                    "E[P_z(1)]": 0.0006503137,
                    "E[P_z(2)]": 0.0001856815,
                    "E[P_z(3)]": 0.0001122868,
                    "E[P_z(4)]": 8.85544e-05,
                    "E[P_z(5)]": 6.01193e-05,
                    "E[P_z(6)]": 6.53761e-05,
                    "E[P_z(7)]": 4.94204e-05,
                    "E[P_z(8)]": 3.65336e-05,
                    "E[P_z(9)]": 3.584e-05,
                    "E[P_z(10)]": 3.10933e-05,
                    "E[P_z(11)]": 2.66535e-05,
                    "E[P_z(12)]": 2.60501e-05,
                    "E[P_z(13)]": 2.16774e-05,
                    "E[P_z(14)]": 3.66868e-05,
                    "E[D_z]": null,
                    "E[mis_z]": null
                }
            ],
            "alpha": 0.022133573114044153,
            "execution_time": 392.691908121109
        }
    }
}