{
    "output_file": "/scratch/38996248/tmp1c0iowg8",
    "model": "C",
    "likelihood": -140.047,
    "criteria": 9e-05,
    "params_mle": {
        "eps": 0.0001559414,
        "eps_cont": 0,
        "lambda": 0,
        "theta_bar": 0.0009537882,
        "a": -1,
        "S_d": -877.9035,
        "b": 0.2807222,
        "p_b": 0,
        "S_b": 1,
        "r": [
            1.100362,
            1.031273,
            1.083684,
            1.118443,
            0.7325964,
            1.054914,
            0.7471966,
            1.063592,
            0.927936,
            0.8010957,
            0.968166,
            1.083548,
            0.9109575,
            1.092947,
            0.8808059,
            0.9778482,
            0.9698595,
            1.141441
        ]
    },
    "n": 20,
    "expec": [
        {
            "E[P_z(1)]": 0.0009536484,
            "E[P_z(2)]": 0.0005246824,
            "E[P_z(3)]": 0.0003278295,
            "E[P_z(4)]": 0.0002583691,
            "E[P_z(5)]": 0.000213329,
            "E[P_z(6)]": 0.0001164485,
            "E[P_z(7)]": 0.0001437278,
            "E[P_z(8)]": 8.90815e-05,
            "E[P_z(9)]": 0.0001127089,
            "E[P_z(10)]": 8.85054e-05,
            "E[P_z(11)]": 6.94682e-05,
            "E[P_z(12)]": 7.6954e-05,
            "E[P_z(13)]": 7.95081e-05,
            "E[P_z(14)]": 6.207e-05,
            "E[P_z(15)]": 6.95185e-05,
            "E[P_z(16)]": 5.25385e-05,
            "E[P_z(17)]": 5.49049e-05,
            "E[P_z(18)]": 5.1465e-05,
            "E[P_z(19)]": 5.74395e-05,
            "E[D_z]": null,
            "E[mis_z]": null
        },
        {
            "E[P_z(1)]": 0.0002927793,
            "E[P_z(2)]": 0.0001204405,
            "E[P_z(3)]": 6.5724e-05,
            "E[P_z(4)]": 4.75437e-05,
            "E[P_z(5)]": 3.68912e-05,
            "E[P_z(6)]": 1.91842e-05,
            "E[P_z(7)]": 2.27572e-05,
            "E[P_z(8)]": 1.36396e-05,
            "E[P_z(9)]": 1.67638e-05,
            "E[P_z(10)]": 1.28316e-05,
            "E[P_z(11)]": 9.8441e-06,
            "E[P_z(12)]": 1.06819e-05,
            "E[P_z(13)]": 1.08306e-05,
            "E[P_z(14)]": 8.31e-06,
            "E[P_z(15)]": 9.1597e-06,
            "E[P_z(16)]": 6.8208e-06,
            "E[P_z(17)]": 7.0305e-06,
            "E[P_z(18)]": 6.5089e-06,
            "E[P_z(19)]": 7.1926e-06,
            "E[D_z]": null,
            "E[mis_z]": null
        }
    ],
    "alpha": 0.0,
    "execution_time": 1359.1740853786469
}