neutral,selected
535218.1172168826,1483342.8827831175
310.0,543.0
153.0,226.0
83.0,148.0
63.0,113.0
177.0,229.0
