{
    "output_file": "/scratch/40841273/tmprfblqpts",
    "model": "C",
    "likelihood": -141.123,
    "criteria": 7e-05,
    "params_mle": {
        "eps": 4.49639e-06,
        "eps_cont": 0,
        "lambda": 0,
        "theta_bar": 0.0008413544,
        "a": -1,
        "S_d": -44.92771,
        "b": 0.13889,
        "p_b": 0.003883972,
        "S_b": 0.03794344,
        "r": [
            0.5554879,
            0.5778962,
            0.6123414,
            0.5070016,
            0.5388833,
            0.6709425,
            0.4807079,
            0.5453404,
            0.4706394,
            0.6655927,
            0.5718833,
            0.6105623,
            0.5873807,
            0.6394076,
            0.6618667,
            0.7963462,
            0.7503589,
            1.469505
        ]
    },
    "n": 20,
    "expec": [
        {
            "E[P_z(1)]": 0.0008413509,
            "E[P_z(2)]": 0.0002336802,
            "E[P_z(3)]": 0.0001620713,
            "E[P_z(4)]": 0.0001287986,
            "E[P_z(5)]": 8.53134e-05,
            "E[P_z(6)]": 7.55651e-05,
            "E[P_z(7)]": 8.06427e-05,
            "E[P_z(8)]": 5.05557e-05,
            "E[P_z(9)]": 5.09805e-05,
            "E[P_z(10)]": 3.95974e-05,
            "E[P_z(11)]": 5.0909e-05,
            "E[P_z(12)]": 4.00964e-05,
            "E[P_z(13)]": 3.95155e-05,
            "E[P_z(14)]": 3.52998e-05,
            "E[P_z(15)]": 3.58648e-05,
            "E[P_z(16)]": 3.48045e-05,
            "E[P_z(17)]": 3.94129e-05,
            "E[P_z(18)]": 3.50741e-05,
            "E[P_z(19)]": 6.50759e-05,
            "E[D_z]": null,
            "E[mis_z]": null
        },
        {
            "E[P_z(1)]": 0.0006174362,
            "E[P_z(2)]": 0.0001532737,
            "E[P_z(3)]": 0.0001001152,
            "E[P_z(4)]": 7.64726e-05,
            "E[P_z(5)]": 4.91933e-05,
            "E[P_z(6)]": 4.25774e-05,
            "E[P_z(7)]": 4.45812e-05,
            "E[P_z(8)]": 2.74996e-05,
            "E[P_z(9)]": 2.73432e-05,
            "E[P_z(10)]": 2.0975e-05,
            "E[P_z(11)]": 2.66676e-05,
            "E[P_z(12)]": 2.07923e-05,
            "E[P_z(13)]": 2.03024e-05,
            "E[P_z(14)]": 1.79825e-05,
            "E[P_z(15)]": 1.81265e-05,
            "E[P_z(16)]": 1.74613e-05,
            "E[P_z(17)]": 1.96372e-05,
            "E[P_z(18)]": 1.73623e-05,
            "E[P_z(19)]": 3.20169e-05,
            "E[D_z]": null,
            "E[mis_z]": null
        }
    ],
    "alpha": 0.009205431742704951,
    "execution_time": 189.42418146133423
}