{
    "py/object": "fastdfe.polydfe.PolyDFE",
    "logger": {
        "py/reduce": [
            {
                "py/function": "logging.getLogger"
            },
            {
                "py/tuple": [
                    "fastdfe.PolyDFE"
                ]
            }
        ]
    },
    "bootstraps": null,
    "config": {
        "py/object": "fastdfe.config.Config",
        "data": {
            "model": "GammaExpParametrization",
            "intervals_del": {
                "py/tuple": [
                    -100000000.0,
                    -1e-05,
                    1000
                ]
            },
            "intervals_ben": {
                "py/tuple": [
                    1e-05,
                    10000.0,
                    1000
                ]
            },
            "integration_mode": "midpoint",
            "linearized": true,
            "seed": 0,
            "opts_mle": {},
            "n_runs": 10,
            "x0": {
                "all": {
                    "S_b": 0.03800569,
                    "S_d": -68.01433,
                    "a": -1,
                    "b": 0.1127644,
                    "eps": 4.49744e-06,
                    "eps_cont": 0,
                    "lambda": 0,
                    "p_b": 0.003905648,
                    "r": [
                        0.5669393,
                        0.5649833,
                        0.5475162,
                        0.4995644,
                        0.5648594,
                        0.6039999,
                        0.4662727,
                        0.5802472,
                        0.5323765,
                        0.5838853,
                        0.5587549,
                        0.5490204,
                        0.5681745,
                        0.5012596,
                        0.6027202,
                        0.6738647,
                        0.7739941,
                        1.427315
                    ],
                    "theta_bar": 0.0008503307
                }
            },
            "bounds": {},
            "scales": {},
            "fixed_params": {},
            "shared_params": [],
            "covariates": [],
            "sfs_neut": {
                "py/object": "fastdfe.spectrum.Spectra",
                "data": {
                    "all": [
                        1040402.81958835,
                        888.0,
                        256.0,
                        164.0,
                        120.0,
                        74.0,
                        66.0,
                        94.0,
                        42.0,
                        52.0,
                        46.0,
                        69.0,
                        43.0,
                        43.0,
                        28.0,
                        32.0,
                        43.0,
                        52.0,
                        29.0,
                        76.0,
                        0.0
                    ]
                }
            },
            "sfs_sel": {
                "py/object": "fastdfe.spectrum.Spectra",
                "data": {
                    "all": [
                        2843098.18041165,
                        1747.0,
                        424.0,
                        290.0,
                        232.0,
                        155.0,
                        134.0,
                        117.0,
                        89.0,
                        79.0,
                        55.0,
                        60.0,
                        58.0,
                        56.0,
                        60.0,
                        57.0,
                        43.0,
                        45.0,
                        57.0,
                        83.0,
                        0.0
                    ]
                }
            },
            "do_bootstrap": false,
            "n_bootstraps": 10,
            "parallelize": false,
            "loss_type": "likelihood"
        }
    },
    "output_file": null,
    "execution_time": 189.42418146133423,
    "summary": {
        "py/object": "fastdfe.polydfe.PolyDFEResult",
        "output_file": "results/polydfe/hgdp/inference/1/opts.n.20.config.default/bootstraps/79/all.polydfe.txt",
        "postprocessing_source": "../resources/polydfe/postprocessing/script.R",
        "data": {
            "output_file": "/scratch/40841273/tmprfblqpts",
            "model": "C",
            "likelihood": -141.123,
            "criteria": 7e-05,
            "params_mle": {
                "eps": 4.49639e-06,
                "eps_cont": 0,
                "lambda": 0,
                "theta_bar": 0.0008413544,
                "a": -1,
                "S_d": -44.92771,
                "b": 0.13889,
                "p_b": 0.003883972,
                "S_b": 0.03794344,
                "r": [
                    0.5554879,
                    0.5778962,
                    0.6123414,
                    0.5070016,
                    0.5388833,
                    0.6709425,
                    0.4807079,
                    0.5453404,
                    0.4706394,
                    0.6655927,
                    0.5718833,
                    0.6105623,
                    0.5873807,
                    0.6394076,
                    0.6618667,
                    0.7963462,
                    0.7503589,
                    1.469505
                ]
            },
            "n": 20,
            "expec": [
                {
                    "E[P_z(1)]": 0.0008413509,
                    "E[P_z(2)]": 0.0002336802,
                    "E[P_z(3)]": 0.0001620713,
                    "E[P_z(4)]": 0.0001287986,
                    "E[P_z(5)]": 8.53134e-05,
                    "E[P_z(6)]": 7.55651e-05,
                    "E[P_z(7)]": 8.06427e-05,
                    "E[P_z(8)]": 5.05557e-05,
                    "E[P_z(9)]": 5.09805e-05,
                    "E[P_z(10)]": 3.95974e-05,
                    "E[P_z(11)]": 5.0909e-05,
                    "E[P_z(12)]": 4.00964e-05,
                    "E[P_z(13)]": 3.95155e-05,
                    "E[P_z(14)]": 3.52998e-05,
                    "E[P_z(15)]": 3.58648e-05,
                    "E[P_z(16)]": 3.48045e-05,
                    "E[P_z(17)]": 3.94129e-05,
                    "E[P_z(18)]": 3.50741e-05,
                    "E[P_z(19)]": 6.50759e-05,
                    "E[D_z]": null,
                    "E[mis_z]": null
                },
                {
                    "E[P_z(1)]": 0.0006174362,
                    "E[P_z(2)]": 0.0001532737,
                    "E[P_z(3)]": 0.0001001152,
                    "E[P_z(4)]": 7.64726e-05,
                    "E[P_z(5)]": 4.91933e-05,
                    "E[P_z(6)]": 4.25774e-05,
                    "E[P_z(7)]": 4.45812e-05,
                    "E[P_z(8)]": 2.74996e-05,
                    "E[P_z(9)]": 2.73432e-05,
                    "E[P_z(10)]": 2.0975e-05,
                    "E[P_z(11)]": 2.66676e-05,
                    "E[P_z(12)]": 2.07923e-05,
                    "E[P_z(13)]": 2.03024e-05,
                    "E[P_z(14)]": 1.79825e-05,
                    "E[P_z(15)]": 1.81265e-05,
                    "E[P_z(16)]": 1.74613e-05,
                    "E[P_z(17)]": 1.96372e-05,
                    "E[P_z(18)]": 1.73623e-05,
                    "E[P_z(19)]": 3.20169e-05,
                    "E[D_z]": null,
                    "E[mis_z]": null
                }
            ],
            "alpha": 0.009205431742704951,
            "execution_time": 189.42418146133423
        }
    }
}