{
    "output_file": "/scratch/38995999/tmpocjeu91n",
    "model": "C",
    "likelihood": -221.9849,
    "criteria": 0.00013,
    "params_mle": {
        "eps": 0,
        "eps_cont": 0,
        "lambda": 0,
        "theta_bar": 0.003210568,
        "a": -1,
        "S_d": -105.9448,
        "b": 0.3329012,
        "p_b": 0,
        "S_b": 1,
        "r": [
            0.9318708,
            0.9115187,
            0.9366684,
            0.9531341,
            0.8566714,
            0.9051056,
            0.9525824,
            0.9334721,
            0.9664165,
            0.8429983,
            0.9027778,
            0.9483106,
            0.9549637,
            0.8852439,
            1.001178,
            1.222945,
            1.211626,
            1.611724
        ]
    },
    "n": 20,
    "expec": [
        {
            "E[P_z(1)]": 0.003210568,
            "E[P_z(2)]": 0.001495917,
            "E[P_z(3)]": 0.0009754977,
            "E[P_z(4)]": 0.0007518095,
            "E[P_z(5)]": 0.0006120204,
            "E[P_z(6)]": 0.0004584003,
            "E[P_z(7)]": 0.000415129,
            "E[P_z(8)]": 0.0003822913,
            "E[P_z(9)]": 0.0003329973,
            "E[P_z(10)]": 0.0003102746,
            "E[P_z(11)]": 0.0002460458,
            "E[P_z(12)]": 0.0002415358,
            "E[P_z(13)]": 0.0002342012,
            "E[P_z(14)]": 0.0002189983,
            "E[P_z(15)]": 0.0001894757,
            "E[P_z(16)]": 0.0002008968,
            "E[P_z(17)]": 0.0002309616,
            "E[P_z(18)]": 0.0002161116,
            "E[P_z(19)]": 0.0002723447,
            "E[D_z]": null,
            "E[mis_z]": null
        },
        {
            "E[P_z(1)]": 0.001566818,
            "E[P_z(2)]": 0.0005483612,
            "E[P_z(3)]": 0.0003071671,
            "E[P_z(4)]": 0.0002143965,
            "E[P_z(5)]": 0.0001623263,
            "E[P_z(6)]": 0.000114866,
            "E[P_z(7)]": 9.92891e-05,
            "E[P_z(8)]": 8.79025e-05,
            "E[P_z(9)]": 7.40001e-05,
            "E[P_z(10)]": 6.69083e-05,
            "E[P_z(11)]": 5.1651e-05,
            "E[P_z(12)]": 4.94873e-05,
            "E[P_z(13)]": 4.69325e-05,
            "E[P_z(14)]": 4.30001e-05,
            "E[P_z(15)]": 3.65077e-05,
            "E[P_z(16)]": 3.80338e-05,
            "E[P_z(17)]": 4.30122e-05,
            "E[P_z(18)]": 3.96292e-05,
            "E[P_z(19)]": 4.92177e-05,
            "E[D_z]": null,
            "E[mis_z]": null
        }
    ],
    "alpha": 0.0,
    "execution_time": 72.1699743270874
}