{
    "output_file": "/scratch/40840182/tmpz7yo96p1",
    "model": "C",
    "likelihood": -30.52203,
    "criteria": 7e-05,
    "params_mle": {
        "eps": 4.49566e-06,
        "eps_cont": 0,
        "lambda": 0,
        "theta_bar": 0.0005996369,
        "a": -1,
        "S_d": -17.9976,
        "b": 0.1619488,
        "p_b": 0.01475349,
        "S_b": 0.1280961,
        "r": [
            0.9239298,
            0.9817011,
            0.8201017
        ]
    },
    "n": 5,
    "expec": [
        {
            "E[P_z(1)]": 0.0005996347,
            "E[P_z(2)]": 0.0002770108,
            "E[P_z(3)]": 0.0001962218,
            "E[P_z(4)]": 0.0001229429,
            "E[D_z]": null,
            "E[mis_z]": null
        },
        {
            "E[P_z(1)]": 0.0004139487,
            "E[P_z(2)]": 0.0001687969,
            "E[P_z(3)]": 0.0001121085,
            "E[P_z(4)]": 6.73384e-05,
            "E[D_z]": null,
            "E[mis_z]": null
        }
    ],
    "alpha": 0.03139214951809443,
    "execution_time": 16.116458415985107
}