{
    "py/object": "fastdfe.polydfe.PolyDFE",
    "logger": {
        "py/reduce": [
            {
                "py/function": "logging.getLogger"
            },
            {
                "py/tuple": [
                    "fastdfe.PolyDFE"
                ]
            }
        ]
    },
    "bootstraps": null,
    "config": {
        "py/object": "fastdfe.config.Config",
        "data": {
            "model": "GammaExpParametrization",
            "intervals_del": {
                "py/tuple": [
                    -100000000.0,
                    -1e-05,
                    1000
                ]
            },
            "intervals_ben": {
                "py/tuple": [
                    1e-05,
                    10000.0,
                    1000
                ]
            },
            "integration_mode": "midpoint",
            "linearized": true,
            "seed": 0,
            "opts_mle": {},
            "n_runs": 10,
            "x0": {
                "all": {
                    "S_b": 0.1083917,
                    "S_d": -45.46375,
                    "a": -1,
                    "b": 0.1287808,
                    "eps": 4.50268e-06,
                    "eps_cont": 0,
                    "lambda": 0,
                    "p_b": 0.009184894,
                    "r": [
                        0.5642878,
                        0.496756,
                        0.4953868,
                        0.4840476,
                        0.4906511,
                        0.4906073,
                        0.5437098,
                        0.5553355,
                        0.5124802,
                        0.5092361,
                        0.6175192,
                        0.5977393,
                        0.4504409,
                        0.522028,
                        0.3860458,
                        0.4756257,
                        0.5506624,
                        0.3834732,
                        0.531485,
                        0.4975372,
                        0.5880576,
                        0.5381713,
                        0.7063446,
                        0.5665509,
                        0.6574706,
                        0.6611074,
                        0.9643355,
                        1.73894
                    ],
                    "theta_bar": 0.0009259123
                }
            },
            "bounds": {},
            "scales": {},
            "fixed_params": {},
            "shared_params": [],
            "covariates": [],
            "sfs_neut": {
                "py/object": "fastdfe.spectrum.Spectra",
                "data": {
                    "all": [
                        1037512.3337252,
                        967.0,
                        273.0,
                        174.0,
                        118.0,
                        102.0,
                        71.0,
                        90.0,
                        54.0,
                        53.0,
                        44.0,
                        47.0,
                        50.0,
                        49.0,
                        36.0,
                        19.0,
                        30.0,
                        28.0,
                        16.0,
                        27.0,
                        38.0,
                        20.0,
                        26.0,
                        26.0,
                        30.0,
                        19.0,
                        21.0,
                        34.0,
                        22.0,
                        53.0,
                        0.0
                    ]
                }
            },
            "sfs_sel": {
                "py/object": "fastdfe.spectrum.Spectra",
                "data": {
                    "all": [
                        2844942.6662748,
                        2072.0,
                        518.0,
                        274.0,
                        213.0,
                        135.0,
                        134.0,
                        92.0,
                        111.0,
                        100.0,
                        92.0,
                        59.0,
                        74.0,
                        69.0,
                        33.0,
                        61.0,
                        18.0,
                        27.0,
                        37.0,
                        27.0,
                        39.0,
                        42.0,
                        25.0,
                        45.0,
                        36.0,
                        27.0,
                        27.0,
                        27.0,
                        57.0,
                        96.0,
                        0.0
                    ]
                }
            },
            "do_bootstrap": false,
            "n_bootstraps": 10,
            "parallelize": false,
            "loss_type": "likelihood"
        }
    },
    "output_file": null,
    "execution_time": 1499.0718896389008,
    "summary": {
        "py/object": "fastdfe.polydfe.PolyDFEResult",
        "output_file": "results/polydfe/hgdp/inference/1/opts.n.30.config.default/bootstraps/59/all.polydfe.txt",
        "postprocessing_source": "../resources/polydfe/postprocessing/script.R",
        "data": {
            "output_file": "/scratch/40841686/tmpy35915eq",
            "model": "C",
            "likelihood": -207.9578,
            "criteria": 0.00029,
            "params_mle": {
                "eps": 4.52284e-06,
                "eps_cont": 0,
                "lambda": 0,
                "theta_bar": 0.0009431096,
                "a": -1,
                "S_d": -45.34899,
                "b": 0.1385984,
                "p_b": 0.01026697,
                "S_b": 0.1160378,
                "r": [
                    0.5587484,
                    0.493157,
                    0.4981401,
                    0.4541096,
                    0.478182,
                    0.5011524,
                    0.5244269,
                    0.5517792,
                    0.5490775,
                    0.473931,
                    0.6084595,
                    0.6307254,
                    0.3991876,
                    0.4981872,
                    0.3202103,
                    0.3914115,
                    0.4008723,
                    0.4326579,
                    0.6515728,
                    0.552621,
                    0.4776613,
                    0.6971764,
                    0.6781034,
                    0.4935203,
                    0.536855,
                    0.7103686,
                    0.9562414,
                    1.871989
                ]
            },
            "n": 30,
            "expec": [
                {
                    "E[P_z(1)]": 0.0009431056,
                    "E[P_z(2)]": 0.0002634794,
                    "E[P_z(3)]": 0.0001550331,
                    "E[P_z(4)]": 0.0001174497,
                    "E[P_z(5)]": 8.56547e-05,
                    "E[P_z(6)]": 7.51628e-05,
                    "E[P_z(7)]": 6.75201e-05,
                    "E[P_z(8)]": 6.18238e-05,
                    "E[P_z(9)]": 5.78208e-05,
                    "E[P_z(10)]": 5.17839e-05,
                    "E[P_z(11)]": 4.06334e-05,
                    "E[P_z(12)]": 4.78202e-05,
                    "E[P_z(13)]": 4.57571e-05,
                    "E[P_z(14)]": 2.68912e-05,
                    "E[P_z(15)]": 3.1323e-05,
                    "E[P_z(16)]": 1.88746e-05,
                    "E[P_z(17)]": 2.17145e-05,
                    "E[P_z(18)]": 2.10038e-05,
                    "E[P_z(19)]": 2.14761e-05,
                    "E[P_z(20)]": 3.07253e-05,
                    "E[P_z(21)]": 2.48183e-05,
                    "E[P_z(22)]": 2.04769e-05,
                    "E[P_z(23)]": 2.85877e-05,
                    "E[P_z(24)]": 2.66471e-05,
                    "E[P_z(25)]": 1.86181e-05,