{
    "py/object": "fastdfe.polydfe.PolyDFE",
    "logger": {
        "py/reduce": [
            {
                "py/function": "logging.getLogger"
            },
            {
                "py/tuple": [
                    "fastdfe.PolyDFE"
                ]
            }
        ]
    },
    "bootstraps": null,
    "config": {
        "py/object": "fastdfe.config.Config",
        "data": {
            "model": "GammaExpParametrization",
            "intervals_del": {
                "py/tuple": [
                    -100000000.0,
                    -1e-05,
                    1000
                ]
            },
            "intervals_ben": {
                "py/tuple": [
                    1e-05,
                    10000.0,
                    1000
                ]
            },
            "integration_mode": "midpoint",
            "linearized": true,
            "seed": 0,
            "opts_mle": {},
            "n_runs": 10,
            "x0": {
                "all": {
                    "S_b": 0.03800569,
                    "S_d": -68.01433,
                    "a": -1,
                    "b": 0.1127644,
                    "eps": 4.49744e-06,
                    "eps_cont": 0,
                    "lambda": 0,
                    "p_b": 0.003905648,
                    "r": [
                        0.5669393,
                        0.5649833,
                        0.5475162,
                        0.4995644,
                        0.5648594,
                        0.6039999,
                        0.4662727,
                        0.5802472,
                        0.5323765,
                        0.5838853,
                        0.5587549,
                        0.5490204,
                        0.5681745,
                        0.5012596,
                        0.6027202,
                        0.6738647,
                        0.7739941,
                        1.427315
                    ],
                    "theta_bar": 0.0008503307
                }
            },
            "bounds": {},
            "scales": {},
            "fixed_params": {},
            "shared_params": [],
            "covariates": [],
            "sfs_neut": {
                "py/object": "fastdfe.spectrum.Spectra",
                "data": {
                    "all": [
                        1040376.81958835,
                        920.0,
                        256.0,
                        166.0,
                        115.0,
                        76.0,
                        80.0,
                        84.0,
                        49.0,
                        81.0,
                        50.0,
                        60.0,
                        44.0,
                        41.0,
                        37.0,
                        22.0,
                        34.0,
                        33.0,
                        24.0,
                        71.0,
                        0.0
                    ]
                }
            },
            "sfs_sel": {
                "py/object": "fastdfe.spectrum.Spectra",
                "data": {
                    "all": [
                        2843000.18041165,
                        1779.0,
                        488.0,
                        293.0,
                        227.0,
                        134.0,
                        155.0,
                        129.0,
                        61.0,
                        88.0,
                        75.0,
                        51.0,
                        64.0,
                        51.0,
                        47.0,
                        53.0,
                        52.0,
                        47.0,
                        59.0,
                        86.0,
                        0.0
                    ]
                }
            },
            "do_bootstrap": false,
            "n_bootstraps": 10,
            "parallelize": false,
            "loss_type": "likelihood"
        }
    },
    "output_file": null,
    "execution_time": 156.53877639770508,
    "summary": {
        "py/object": "fastdfe.polydfe.PolyDFEResult",
        "output_file": "results/polydfe/hgdp/inference/1/opts.n.20.config.default/bootstraps/93/all.polydfe.txt",
        "postprocessing_source": "../resources/polydfe/postprocessing/script.R",
        "data": {
            "output_file": "/scratch/40841277/tmpm6srg2_8",
            "model": "C",
            "likelihood": -135.7242,
            "criteria": 8e-05,
            "params_mle": {
                "eps": 4.49736e-06,
                "eps_cont": 0,
                "lambda": 0,
                "theta_bar": 0.0008666717,
                "a": -1,
                "S_d": -67.57677,
                "b": 0.1161872,
                "p_b": 0.003904048,
                "S_b": 0.0380037,
                "r": [
                    0.5884998,
                    0.5626808,
                    0.5708716,
                    0.4449256,
                    0.6046593,
                    0.6456673,
                    0.3842366,
                    0.6688887,
                    0.5531896,
                    0.5433925,
                    0.5797157,
                    0.5374549,
                    0.5307137,
                    0.5096983,
                    0.625702,
                    0.6205344,
                    0.6838524,
                    1.369508
                ]
            },
            "n": 20,
            "expec": [
                {
                    "E[P_z(1)]": 0.0008666681,
                    "E[P_z(2)]": 0.0002550171,
                    "E[P_z(3)]": 0.0001625526,
                    "E[P_z(4)]": 0.0001236892,
                    "E[P_z(5)]": 7.71207e-05,
                    "E[P_z(6)]": 8.73399e-05,
                    "E[P_z(7)]": 7.994e-05,
                    "E[P_z(8)]": 4.16259e-05,
                    "E[P_z(9)]": 6.44118e-05,
                    "E[P_z(10)]": 4.79434e-05,
                    "E[P_z(11)]": 4.28131e-05,
                    "E[P_z(12)]": 4.18686e-05,
                    "E[P_z(13)]": 3.58307e-05,
                    "E[P_z(14)]": 3.28541e-05,
                    "E[P_z(15)]": 2.94496e-05,
                    "E[P_z(16)]": 3.38928e-05,
                    "E[P_z(17)]": 3.16359e-05,
                    "E[P_z(18)]": 3.29274e-05,
                    "E[P_z(19)]": 6.24728e-05,
                    "E[D_z]": null,
                    "E[mis_z]": null
                },
                {
                    "E[P_z(1)]": 0.0006306404,
                    "E[P_z(2)]": 0.00016794,
                    "E[P_z(3)]": 0.0001016952,
                    "E[P_z(4)]": 7.4831e-05,
                    "E[P_z(5)]": 4.55204e-05,
                    "E[P_z(6)]": 5.05595e-05,
                    "E[P_z(7)]": 4.55404e-05,
                    "E[P_z(8)]": 2.33929e-05,
                    "E[P_z(9)]": 3.57725e-05,
                    "E[P_z(10)]": 2.6349e-05,
                    "E[P_z(11)]": 2.33098e-05,
                    "E[P_z(12)]": 2.26027e-05,
                    "E[P_z(13)]": 1.91934e-05,
                    "E[P_z(14)]": 1.74733e-05,
                    "E[P_z(15)]": 1.55589e-05,
                    "E[P_z(16)]": 1.77957e-05,
                    "E[P_z(17)]": 1.65145e-05,
                    "E[P_z(18)]": 1.70951e-05,
                    "E[P_z(19)]": 3.22678e-05,
                    "E[D_z]": null,
                    "E[mis_z]": null
                }
            ],
            "alpha": 0.008865299424932993,
            "execution_time": 156.53877639770508
        }
    }
}