{
    "output_file": "/scratch/40841152/tmp2crcpwwg",
    "model": "C",
    "likelihood": -137.427,
    "criteria": 0.00021,
    "params_mle": {
        "eps": 4.49822e-06,
        "eps_cont": 0,
        "lambda": 0,
        "theta_bar": 0.0008678922,
        "a": -1,
        "S_d": -155.9105,
        "b": 0.08604994,
        "p_b": 0.003912211,
        "S_b": 0.03803941,
        "r": [
            0.5546197,
            0.5287836,
            0.5645671,
            0.45188,
            0.5471612,
            0.5608922,
            0.469441,
            0.5615499,
            0.511782,
            0.5371011,
            0.4643822,
            0.5553489,
            0.4848495,
            0.4624412,
            0.7036533,
            0.5714491,
            0.7168427,
            1.233383
        ]
    },
    "n": 20,
    "expec": [
        {
            "E[P_z(1)]": 0.0008678885,
            "E[P_z(2)]": 0.0002406741,
            "E[P_z(3)]": 0.0001529751,
            "E[P_z(4)]": 0.0001224955,
            "E[P_z(5)]": 7.84364e-05,
            "E[P_z(6)]": 7.91459e-05,
            "E[P_z(7)]": 6.95418e-05,
            "E[P_z(8)]": 5.09279e-05,
            "E[P_z(9)]": 5.41516e-05,
            "E[P_z(10)]": 4.44172e-05,
            "E[P_z(11)]": 4.23769e-05,
            "E[P_z(12)]": 3.35862e-05,
            "E[P_z(13)]": 3.70758e-05,
            "E[P_z(14)]": 3.00572e-05,
            "E[P_z(15)]": 2.67568e-05,
            "E[P_z(16)]": 3.81688e-05,
            "E[P_z(17)]": 2.91744e-05,
            "E[P_z(18)]": 3.45644e-05,
            "E[P_z(19)]": 5.63428e-05,
            "E[D_z]": null,
            "E[mis_z]": null
        },
        {
            "E[P_z(1)]": 0.0006263196,
            "E[P_z(2)]": 0.0001605469,
            "E[P_z(3)]": 9.81769e-05,
            "E[P_z(4)]": 7.66723e-05,
            "E[P_z(5)]": 4.8201e-05,
            "E[P_z(6)]": 4.79384e-05,
            "E[P_z(7)]": 4.16223e-05,
            "E[P_z(8)]": 3.01744e-05,
            "E[P_z(9)]": 3.18034e-05,
            "E[P_z(10)]": 2.58838e-05,
            "E[P_z(11)]": 2.45232e-05,
            "E[P_z(12)]": 1.93135e-05,
            "E[P_z(13)]": 2.11972e-05,
            "E[P_z(14)]": 1.70931e-05,
            "E[P_z(15)]": 1.51412e-05,
            "E[P_z(16)]": 2.14996e-05,
            "E[P_z(17)]": 1.63624e-05,
            "E[P_z(18)]": 1.93067e-05,
            "E[P_z(19)]": 3.13511e-05,
            "E[D_z]": null,
            "E[mis_z]": null
        }
    ],
    "alpha": 0.008468379735834338,
    "execution_time": 1076.9974808692932
}