{
    "output_file": "/scratch/40840297/tmpr_8mgpy1",
    "model": "C",
    "likelihood": -66.15577,
    "criteria": 7e-05,
    "params_mle": {
        "eps": 4.50028e-06,
        "eps_cont": 0,
        "lambda": 0,
        "theta_bar": 0.0007762055,
        "a": -1,
        "S_d": -23.23801,
        "b": 0.1847805,
        "p_b": 0.0009286439,
        "S_b": 0.007920259,
        "r": [
            0.7159007,
            0.8582353,
            0.7670469,
            0.8422674,
            0.773966,
            0.6856994,
            0.7623269,
            1.02347
        ]
    },
    "n": 10,
    "expec": [
        {
            "E[P_z(1)]": 0.0007762024,
            "E[P_z(2)]": 0.0002778421,
            "E[P_z(3)]": 0.000222055,
            "E[P_z(4)]": 0.0001488463,
            "E[P_z(5)]": 0.0001307545,
            "E[P_z(6)]": 0.0001001263,
            "E[P_z(7)]": 7.60355e-05,
            "E[P_z(8)]": 7.39662e-05,
            "E[P_z(9)]": 8.82723e-05,
            "E[D_z]": null,
            "E[mis_z]": null
        },
        {
            "E[P_z(1)]": 0.0005409984,
            "E[P_z(2)]": 0.0001682116,
            "E[P_z(3)]": 0.0001245619,
            "E[P_z(4)]": 7.93789e-05,
            "E[P_z(5)]": 6.71644e-05,
            "E[P_z(6)]": 4.99254e-05,
            "E[P_z(7)]": 3.69909e-05,
            "E[P_z(8)]": 3.52354e-05,
            "E[P_z(9)]": 4.12855e-05,
            "E[D_z]": null,
            "E[mis_z]": null
        }
    ],
    "alpha": 0.0031580241904804185,
    "execution_time": 49.07565450668335
}