{
    "py/object": "fastdfe.polydfe.PolyDFE",
    "logger": {
        "py/reduce": [
            {
                "py/function": "logging.getLogger"
            },
            {
                "py/tuple": [
                    "fastdfe.PolyDFE"
                ]
            }
        ]
    },
    "bootstraps": null,
    "config": {
        "py/object": "fastdfe.config.Config",
        "data": {
            "model": "GammaExpParametrization",
            "intervals_del": {
                "py/tuple": [
                    -100000000.0,
                    -1e-05,
                    1000
                ]
            },
            "intervals_ben": {
                "py/tuple": [
                    1e-05,
                    10000.0,
                    1000
                ]
            },
            "integration_mode": "midpoint",
            "linearized": true,
            "seed": 0,
            "opts_mle": {},
            "n_runs": 10,
            "x0": {
                "all": {
                    "S_b": 0.09636954,
                    "S_d": -44.34681,
                    "a": -1,
                    "b": 0.1221405,
                    "eps": 4.50123e-06,
                    "eps_cont": 0,
                    "lambda": 0,
                    "p_b": 0.01060767,
                    "r": [
                        0.6268517,
                        0.6514728,
                        0.6820074,
                        0.5848618,
                        0.7565646,
                        0.6523473,
                        0.6349214,
                        0.7005902,
                        0.6139579,
                        0.6324166,
                        0.6421517,
                        0.7478784,
                        1.22486
                    ],
                    "theta_bar": 0.0008663822
                }
            },
            "bounds": {},
            "scales": {},
            "fixed_params": {},
            "shared_params": [],
            "covariates": [],
            "sfs_neut": {
                "py/object": "fastdfe.spectrum.Spectra",
                "data": {
                    "all": [
                        870426.438336528,
                        732.0,
                        232.0,
                        184.0,
                        142.0,
                        95.0,
                        72.0,
                        87.0,
                        53.0,
                        58.0,
                        55.0,
                        51.0,
                        48.0,
                        53.0,
                        57.0,
                        0.0
                    ]
                }
            },
            "sfs_sel": {
                "py/object": "fastdfe.spectrum.Spectra",
                "data": {
                    "all": [
                        2365905.56166347,
                        1464.0,
                        418.0,
                        263.0,
                        200.0,
                        122.0,
                        188.0,
                        91.0,
                        96.0,
                        82.0,
                        67.0,
                        63.0,
                        64.0,
                        49.0,
                        126.0,
                        0.0
                    ]
                }
            },
            "do_bootstrap": false,
            "n_bootstraps": 10,
            "parallelize": false,
            "loss_type": "likelihood"
        }
    },
    "output_file": null,
    "execution_time": 233.73831033706665,
    "summary": {
        "py/object": "fastdfe.polydfe.PolyDFEResult",
        "output_file": "results/polydfe/hgdp/inference/1/opts.n.15.config.default/bootstraps/66/all.polydfe.txt",
        "postprocessing_source": "../resources/polydfe/postprocessing/script.R",
        "data": {
            "output_file": "/scratch/40840760/tmpgtej4byq",
            "model": "C",
            "likelihood": -113.995,
            "criteria": 0.00031,
            "params_mle": {
                "eps": 4.50286e-06,
                "eps_cont": 0,
                "lambda": 0,
                "theta_bar": 0.000850375,
                "a": -1,
                "S_d": -41.84485,
                "b": 0.1372753,
                "p_b": 0.01068168,
                "S_b": 0.09687012,
                "r": [
                    0.636451,
                    0.6810982,
                    0.7114519,
                    0.574066,
                    0.8365211,
                    0.6755429,
                    0.6522851,
                    0.6950304,
                    0.677761,
                    0.7010574,
                    0.7555929,
                    0.749515,
                    1.454913
                ]
            },
            "n": 15,
            "expec": [
                {
                    "E[P_z(1)]": 0.0008503716,
                    "E[P_z(2)]": 0.00027061,
                    "E[P_z(3)]": 0.0001930623,
                    "E[P_z(4)]": 0.0001512498,
                    "E[P_z(5)]": 9.76341e-05,
                    "E[P_z(6)]": 0.0001185592,
                    "E[P_z(7)]": 8.20663e-05,
                    "E[P_z(8)]": 6.93359e-05,
                    "E[P_z(9)]": 6.5671e-05,
                    "E[P_z(10)]": 5.76353e-05,
                    "E[P_z(11)]": 5.4197e-05,
                    "E[P_z(12)]": 5.35454e-05,
                    "E[P_z(13)]": 4.90294e-05,
                    "E[P_z(14)]": 8.83764e-05,
                    "E[D_z]": null,
                    "E[mis_z]": null
                },
                {
                    "E[P_z(1)]": 0.0006137916,
                    "E[P_z(2)]": 0.0001747131,
                    "E[P_z(3)]": 0.0001175856,
                    "E[P_z(4)]": 8.8665e-05,
                    "E[P_z(5)]": 5.56453e-05,
                    "E[P_z(6)]": 6.60867e-05,
                    "E[P_z(7)]": 4.49146e-05,
                    "E[P_z(8)]": 3.73602e-05,
                    "E[P_z(9)]": 3.4909e-05,
                    "E[P_z(10)]": 3.02722e-05,
                    "E[P_z(11)]": 2.81615e-05,
                    "E[P_z(12)]": 2.75528e-05,
                    "E[P_z(13)]": 2.50047e-05,
                    "E[P_z(14)]": 4.47023e-05,
                    "E[D_z]": null,
                    "E[mis_z]": null
                }
            ],
            "alpha": 0.023623380283522687,
            "execution_time": 233.73831033706665
        }
    }
}