{
    "output_file": "/scratch/40840760/tmpgtej4byq",
    "model": "C",
    "likelihood": -113.995,
    "criteria": 0.00031,
    "params_mle": {
        "eps": 4.50286e-06,
        "eps_cont": 0,
        "lambda": 0,
        "theta_bar": 0.000850375,
        "a": -1,
        "S_d": -41.84485,
        "b": 0.1372753,
        "p_b": 0.01068168,
        "S_b": 0.09687012,
        "r": [
            0.636451,
            0.6810982,
            0.7114519,
            0.574066,
            0.8365211,
            0.6755429,
            0.6522851,
            0.6950304,
            0.677761,
            0.7010574,
            0.7555929,
            0.749515,
            1.454913
        ]
    },
    "n": 15,
    "expec": [
        {
            "E[P_z(1)]": 0.0008503716,
            "E[P_z(2)]": 0.00027061,
            "E[P_z(3)]": 0.0001930623,
            "E[P_z(4)]": 0.0001512498,
            "E[P_z(5)]": 9.76341e-05,
            "E[P_z(6)]": 0.0001185592,
            "E[P_z(7)]": 8.20663e-05,
            "E[P_z(8)]": 6.93359e-05,
            "E[P_z(9)]": 6.5671e-05,
            "E[P_z(10)]": 5.76353e-05,
            "E[P_z(11)]": 5.4197e-05,
            "E[P_z(12)]": 5.35454e-05,
            "E[P_z(13)]": 4.90294e-05,
            "E[P_z(14)]": 8.83764e-05,
            "E[D_z]": null,
            "E[mis_z]": null
        },
        {
            "E[P_z(1)]": 0.0006137916,
            "E[P_z(2)]": 0.0001747131,
            "E[P_z(3)]": 0.0001175856,
            "E[P_z(4)]": 8.8665e-05,
            "E[P_z(5)]": 5.56453e-05,
            "E[P_z(6)]": 6.60867e-05,
            "E[P_z(7)]": 4.49146e-05,
            "E[P_z(8)]": 3.73602e-05,
            "E[P_z(9)]": 3.4909e-05,
            "E[P_z(10)]": 3.02722e-05,
            "E[P_z(11)]": 2.81615e-05,
            "E[P_z(12)]": 2.75528e-05,
            "E[P_z(13)]": 2.50047e-05,
            "E[P_z(14)]": 4.47023e-05,
            "E[D_z]": null,
            "E[mis_z]": null
        }
    ],
    "alpha": 0.023623380283522687,
    "execution_time": 233.73831033706665
}