{
    "output_file": "/scratch/40840729/tmpm7qds6v5",
    "model": "C",
    "likelihood": -94.5559,
    "criteria": 7e-05,
    "params_mle": {
        "eps": 4.49926e-06,
        "eps_cont": 0,
        "lambda": 0,
        "theta_bar": 0.0008639602,
        "a": -1,
        "S_d": -31.92606,
        "b": 0.13619,
        "p_b": 0.01037419,
        "S_b": 0.09509099,
        "r": [
            0.6298415,
            0.6312418,
            0.6958149,
            0.5619557,
            0.763925,
            0.6348152,
            0.6228935,
            0.6300674,
            0.6409824,
            0.6327045,
            0.7331297,
            0.5935037,
            1.322656
        ]
    },
    "n": 15,
    "expec": [
        {
            "E[P_z(1)]": 0.0008639567,
            "E[P_z(2)]": 0.000272078,
            "E[P_z(3)]": 0.0001817887,
            "E[P_z(4)]": 0.0001502887,
            "E[P_z(5)]": 9.71013e-05,
            "E[P_z(6)]": 0.0001099999,
            "E[P_z(7)]": 7.83507e-05,
            "E[P_z(8)]": 6.72695e-05,
            "E[P_z(9)]": 6.04839e-05,
            "E[P_z(10)]": 5.53785e-05,
            "E[P_z(11)]": 4.96942e-05,
            "E[P_z(12)]": 5.27835e-05,
            "E[P_z(13)]": 3.94444e-05,
            "E[P_z(14)]": 8.16265e-05,
            "E[D_z]": null,
            "E[mis_z]": null
        },
        {
            "E[P_z(1)]": 0.0006438188,
            "E[P_z(2)]": 0.0001821943,
            "E[P_z(3)]": 0.0001149833,
            "E[P_z(4)]": 9.1548e-05,
            "E[P_z(5)]": 5.75269e-05,
            "E[P_z(6)]": 6.37523e-05,
            "E[P_z(7)]": 4.45934e-05,
            "E[P_z(8)]": 3.76996e-05,
            "E[P_z(9)]": 3.34445e-05,
            "E[P_z(10)]": 3.02594e-05,
            "E[P_z(11)]": 2.68652e-05,
            "E[P_z(12)]": 2.82603e-05,
            "E[P_z(13)]": 2.09322e-05,
            "E[P_z(14)]": 4.29651e-05,
            "E[D_z]": null,
            "E[mis_z]": null
        }
    ],
    "alpha": 0.02206410938204097,
    "execution_time": 291.76353573799133
}