neutral,selected
394040.1989935956,1084709.8010064045
221.0,356.0
103.0,138.0
68.0,77.0
58.0,74.0
151.0,172.0
