{
    "py/object": "fastdfe.polydfe.PolyDFE",
    "logger": {
        "py/reduce": [
            {
                "py/function": "logging.getLogger"
            },
            {
                "py/tuple": [
                    "fastdfe.PolyDFE"
                ]
            }
        ]
    },
    "bootstraps": null,
    "config": {
        "py/object": "fastdfe.config.Config",
        "data": {
            "model": "GammaExpParametrization",
            "intervals_del": {
                "py/tuple": [
                    -100000000.0,
                    -1e-05,
                    1000
                ]
            },
            "intervals_ben": {
                "py/tuple": [
                    1e-05,
                    10000.0,
                    1000
                ]
            },
            "integration_mode": "midpoint",
            "linearized": true,
            "seed": 0,
            "opts_mle": {},
            "n_runs": 10,
            "x0": {
                "all": {
                    "S_b": 0.05328228,
                    "S_d": -33.44406,
                    "a": -1,
                    "b": 0.1398527,
                    "eps": 4.50451e-06,
                    "eps_cont": 0,
                    "lambda": 0,
                    "p_b": 0.005009714,
                    "r": [
                        0.5834314,
                        0.499803,
                        0.5581096,
                        0.5076067,
                        0.557493,
                        0.6522272,
                        0.6050956,
                        0.5227928,
                        0.5765882,
                        0.4982845,
                        0.5150672,
                        0.5206269,
                        0.482151,
                        0.5460091,
                        0.5199818,
                        0.523935,
                        0.5814646,
                        0.6159988,
                        0.7697745,
                        0.7047025,
                        0.6593795,
                        0.914738,
                        1.558127
                    ],
                    "theta_bar": 0.0008647194
                }
            },
            "bounds": {},
            "scales": {},
            "fixed_params": {},
            "shared_params": [],
            "covariates": [],
            "sfs_neut": {
                "py/object": "fastdfe.spectrum.Spectra",
                "data": {
                    "all": [
                        1039323.17546773,
                        897.0,
                        283.0,
                        137.0,
                        137.0,
                        93.0,
                        110.0,
                        87.0,
                        61.0,
                        51.0,
                        37.0,
                        51.0,
                        56.0,
                        37.0,
                        26.0,
                        38.0,
                        32.0,
                        33.0,
                        27.0,
                        34.0,
                        41.0,
                        33.0,
                        31.0,
                        23.0,
                        48.0,
                        0.0
                    ]
                }
            },
            "sfs_sel": {
                "py/object": "fastdfe.spectrum.Spectra",
                "data": {
                    "all": [
                        2843573.82453227,
                        1881.0,
                        511.0,
                        260.0,
                        207.0,
                        157.0,
                        108.0,
                        139.0,
                        120.0,
                        81.0,
                        69.0,
                        59.0,
                        60.0,
                        57.0,
                        43.0,
                        40.0,
                        38.0,
                        40.0,
                        44.0,
                        28.0,
                        49.0,
                        53.0,
                        35.0,
                        69.0,
                        111.0,
                        0.0
                    ]
                }
            },
            "do_bootstrap": false,
            "n_bootstraps": 10,
            "parallelize": false,
            "loss_type": "likelihood"
        }
    },
    "output_file": null,
    "execution_time": 530.4207847118378,
    "summary": {
        "py/object": "fastdfe.polydfe.PolyDFEResult",
        "output_file": "results/polydfe/hgdp/inference/1/opts.n.25.config.default/bootstraps/40/all.polydfe.txt",
        "postprocessing_source": "../resources/polydfe/postprocessing/script.R",
        "data": {
            "output_file": "/scratch/40841223/tmpf6024gt3",
            "model": "C",
            "likelihood": -173.6944,
            "criteria": 0.0002,
            "params_mle": {
                "eps": 4.50883e-06,
                "eps_cont": 0,
                "lambda": 0,
                "theta_bar": 0.000875089,
                "a": -1,
                "S_d": -52.29221,
                "b": 0.1284854,
                "p_b": 0.005058654,
                "S_b": 0.05352721,
                "r": [
                    0.6124501,
                    0.4761447,
                    0.5631317,
                    0.5203559,
                    0.5518184,
                    0.674744,
                    0.6233025,
                    0.5154658,
                    0.4631571,
                    0.5320026,
                    0.6154729,
                    0.5430846,
                    0.4313295,
                    0.5246932,
                    0.5042967,
                    0.5608868,
                    0.5796496,
                    0.5360683,
                    0.8217104,
                    0.826902,
                    0.6666895,
                    0.9741908,
                    1.761312
                ]
            },
            "n": 25,
            "expec": [
                {
                    "E[P_z(1)]": 0.0008750853,
                    "E[P_z(2)]": 0.0002679731,
                    "E[P_z(3)]": 0.0001388892,
                    "E[P_z(4)]": 0.0001231972,
                    "E[P_z(5)]": 9.10713e-05,
                    "E[P_z(6)]": 8.04814e-05,
                    "E[P_z(7)]": 8.43513e-05,
                    "E[P_z(8)]": 6.81805e-05,
                    "E[P_z(9)]": 5.01197e-05,
                    "E[P_z(10)]": 4.05303e-05,
                    "E[P_z(11)]": 4.23226e-05,
                    "E[P_z(12)]": 4.48828e-05,
                    "E[P_z(13)]": 3.65575e-05,
                    "E[P_z(14)]": 2.69609e-05,
                    "E[P_z(15)]": 3.06103e-05,
                    "E[P_z(16)]": 2.75816e-05,
                    "E[P_z(17)]": 2.88723e-05,
                    "E[P_z(18)]": 2.81805e-05,
                    "E[P_z(19)]": 2.46901e-05,
                    "E[P_z(20)]": 3.59537e-05,
                    "E[P_z(21)]": 3.44582e-05,
                    "E[P_z(22)]": 2.65193e-05,
                    "E[P_z(23)]": 3.70664e-05,
                    "E[P_z(24)]": 6.42247e-05,
                    "E[D_z]": null,
                    "E[mis_z]": null
                },
                {
                    "E[P_z(1)]": 0.0006553853,
                    "E[P_z(2)]": 0.0001807802,
                    "E[P_z(3)]": 8.85968e-05,
                    "E[P_z(4)]": 7.57313e-05,
                    "E[P_z(5)]": 5.44721e-05,
                    "E[P_z(6)]": 4.71095e-05,
                    "E[P_z(7)]": 4.85037e-05,
                    "E[P_z(8)]": 3.86169e-05,
                    "E[P_z(9)]": 2.80172e-05,
                    "E[P_z(10)]": 2.23954e-05,
                    "E[P_z(11)]": 2.31441e-05,
                    "E[P_z(12)]": 2.43144e-05,
                    "E[P_z(13)]": 1.96347e-05,