{
    "output_file": "/scratch/40841075/tmpmfpxektl",
    "model": "C",
    "likelihood": -101.6952,
    "criteria": 6e-05,
    "params_mle": {
        "eps": 4.50438e-06,
        "eps_cont": 0,
        "lambda": 0,
        "theta_bar": 0.0008572949,
        "a": -1,
        "S_d": -65.24366,
        "b": 0.09158444,
        "p_b": 0.0108129,
        "S_b": 0.09761701,
        "r": [
            0.5705404,
            0.6525059,
            0.6580474,
            0.5729695,
            0.7682343,
            0.7393269,
            0.5736907,
            0.6763126,
            0.6183806,
            0.5320626,
            0.6073155,
            0.6336932,
            1.052337
        ]
    },
    "n": 15,
    "expec": [
        {
            "E[P_z(1)]": 0.0008572913,
            "E[P_z(2)]": 0.0002445598,
            "E[P_z(3)]": 0.0001864627,
            "E[P_z(4)]": 0.0001410347,
            "E[P_z(5)]": 9.82406e-05,
            "E[P_z(6)]": 0.000109767,
            "E[P_z(7)]": 9.05457e-05,
            "E[P_z(8)]": 6.14779e-05,
            "E[P_z(9)]": 6.44223e-05,
            "E[P_z(10)]": 5.30137e-05,
            "E[P_z(11)]": 4.14672e-05,
            "E[P_z(12)]": 4.3388e-05,
            "E[P_z(13)]": 4.17903e-05,
            "E[P_z(14)]": 6.44438e-05,
            "E[D_z]": null,
            "E[mis_z]": null
        },
        {
            "E[P_z(1)]": 0.0006433132,
            "E[P_z(2)]": 0.0001695354,
            "E[P_z(3)]": 0.0001242359,
            "E[P_z(4)]": 9.15791e-05,
            "E[P_z(5)]": 6.25951e-05,
            "E[P_z(6)]": 6.89034e-05,
            "E[P_z(7)]": 5.61426e-05,
            "E[P_z(8)]": 3.77217e-05,
            "E[P_z(9)]": 3.917e-05,
            "E[P_z(10)]": 3.19745e-05,
            "E[P_z(11)]": 2.48302e-05,
            "E[P_z(12)]": 2.58105e-05,
            "E[P_z(13)]": 2.47112e-05,
            "E[P_z(14)]": 3.78966e-05,
            "E[D_z]": null,
            "E[mis_z]": null
        }
    ],
    "alpha": 0.02106315780551264,
    "execution_time": 220.3352906703949
}