{
    "output_file": "/scratch/40840728/tmpym13g8b0",
    "model": "C",
    "likelihood": -107.4166,
    "criteria": 0.00013,
    "params_mle": {
        "eps": 4.50336e-06,
        "eps_cont": 0,
        "lambda": 0,
        "theta_bar": 0.0008467686,
        "a": -1,
        "S_d": -15.44438,
        "b": 0.1782605,
        "p_b": 0.01039599,
        "S_b": 0.09530728,
        "r": [
            0.5523287,
            0.6493897,
            0.6754241,
            0.5967925,
            0.7506316,
            0.6456043,
            0.6733209,
            0.7162904,
            0.7536404,
            0.701555,
            0.5430196,
            0.8261968,
            1.354689
        ]
    },
    "n": 15,
    "expec": [
        {
            "E[P_z(1)]": 0.0008467651,
            "E[P_z(2)]": 0.0002338465,
            "E[P_z(3)]": 0.0001832936,
            "E[P_z(4)]": 0.0001429816,
            "E[P_z(5)]": 0.0001010689,
            "E[P_z(6)]": 0.000105935,
            "E[P_z(7)]": 7.80968e-05,
            "E[P_z(8)]": 7.12684e-05,
            "E[P_z(9)]": 6.73926e-05,
            "E[P_z(10)]": 6.38161e-05,
            "E[P_z(11)]": 5.40054e-05,
            "E[P_z(12)]": 3.83183e-05,
            "E[P_z(13)]": 5.3816e-05,
            "E[P_z(14)]": 8.19397e-05,
            "E[D_z]": null,
            "E[mis_z]": null
        },
        {
            "E[P_z(1)]": 0.0006594403,
            "E[P_z(2)]": 0.0001620828,
            "E[P_z(3)]": 0.0001186493,
            "E[P_z(4)]": 8.83302e-05,
            "E[P_z(5)]": 6.02868e-05,
            "E[P_z(6)]": 6.14497e-05,
            "E[P_z(7)]": 4.42648e-05,
            "E[P_z(8)]": 3.96036e-05,
            "E[P_z(9)]": 3.68099e-05,
            "E[P_z(10)]": 3.43277e-05,
            "E[P_z(11)]": 2.86541e-05,
            "E[P_z(12)]": 2.0079e-05,
            "E[P_z(13)]": 2.78796e-05,
            "E[P_z(14)]": 4.20049e-05,
            "E[D_z]": null,
            "E[mis_z]": null
        }
    ],
    "alpha": 0.02267158451868744,
    "execution_time": 287.15350437164307
}