{
    "output_file": "/scratch/38996284/tmp71seoyqi",
    "model": "C",
    "likelihood": -149.9276,
    "criteria": 0.0001,
    "params_mle": {
        "eps": 0.007072969,
        "eps_cont": 0,
        "lambda": 0,
        "theta_bar": 0.0008813402,
        "a": -1,
        "S_d": -269.7001,
        "b": 0.3679144,
        "p_b": 0,
        "S_b": 1,
        "r": [
            1.186959,
            1.135502,
            1.175215,
            1.402158,
            0.9290593,
            1.15457,
            0.8931863,
            1.343475,
            1.001303,
            0.8091323,
            1.100654,
            1.498496,
            1.002548,
            0.9109334,
            0.9622806,
            1.111993,
            0.833742,
            1.15564
        ]
    },
    "n": 20,
    "expec": [
        {
            "E[P_z(1)]": 0.0008754856,
            "E[P_z(2)]": 0.0005196467,
            "E[P_z(3)]": 0.0003316362,
            "E[P_z(4)]": 0.0002574845,
            "E[P_z(5)]": 0.000245786,
            "E[P_z(6)]": 0.0001359507,
            "E[P_z(7)]": 0.0001450574,
            "E[P_z(8)]": 9.82759e-05,
            "E[P_z(9)]": 0.0001310901,
            "E[P_z(10)]": 8.82488e-05,
            "E[P_z(11)]": 6.53012e-05,
            "E[P_z(12)]": 8.09618e-05,
            "E[P_z(13)]": 0.0001019007,
            "E[P_z(14)]": 6.36321e-05,
            "E[P_z(15)]": 5.48924e-05,
            "E[P_z(16)]": 5.44626e-05,
            "E[P_z(17)]": 5.96013e-05,
            "E[P_z(18)]": 4.42336e-05,
            "E[P_z(19)]": 5.94604e-05,
            "E[D_z]": null,
            "E[mis_z]": null
        },
        {
            "E[P_z(1)]": 0.0003089074,
            "E[P_z(2)]": 0.0001282186,
            "E[P_z(3)]": 6.8527e-05,
            "E[P_z(4)]": 4.75268e-05,
            "E[P_z(5)]": 4.18083e-05,
            "E[P_z(6)]": 2.16901e-05,
            "E[P_z(7)]": 2.19663e-05,
            "E[P_z(8)]": 1.42448e-05,
            "E[P_z(9)]": 1.83018e-05,
            "E[P_z(10)]": 1.19181e-05,
            "E[P_z(11)]": 8.5677e-06,
            "E[P_z(12)]": 1.03424e-05,
            "E[P_z(13)]": 1.27142e-05,
            "E[P_z(14)]": 7.7818e-06,
            "E[P_z(15)]": 6.6323e-06,
            "E[P_z(16)]": 6.491e-06,
            "E[P_z(17)]": 7.059e-06,
            "E[P_z(18)]": 5.4874e-06,
            "E[P_z(19)]": 8.1108e-06,
            "E[D_z]": null,
            "E[mis_z]": null
        }
    ],
    "alpha": 0.0,
    "execution_time": 288.3348410129547
}