{
    "py/object": "fastdfe.polydfe.PolyDFE",
    "logger": {
        "py/reduce": [
            {
                "py/function": "logging.getLogger"
            },
            {
                "py/tuple": [
                    "fastdfe.PolyDFE"
                ]
            }
        ]
    },
    "bootstraps": null,
    "config": {
        "py/object": "fastdfe.config.Config",
        "data": {
            "model": "GammaExpParametrization",
            "intervals_del": {
                "py/tuple": [
                    -100000000.0,
                    -1e-05,
                    1000
                ]
            },
            "intervals_ben": {
                "py/tuple": [
                    1e-05,
                    10000.0,
                    1000
                ]
            },
            "integration_mode": "midpoint",
            "linearized": true,
            "seed": 0,
            "opts_mle": {},
            "n_runs": 10,
            "x0": {
                "all": {
                    "S_b": 0.1083917,
                    "S_d": -45.46375,
                    "a": -1,
                    "b": 0.1287808,
                    "eps": 4.50268e-06,
                    "eps_cont": 0,
                    "lambda": 0,
                    "p_b": 0.009184894,
                    "r": [
                        0.5642878,
                        0.496756,
                        0.4953868,
                        0.4840476,
                        0.4906511,
                        0.4906073,
                        0.5437098,
                        0.5553355,
                        0.5124802,
                        0.5092361,
                        0.6175192,
                        0.5977393,
                        0.4504409,
                        0.522028,
                        0.3860458,
                        0.4756257,
                        0.5506624,
                        0.3834732,
                        0.531485,
                        0.4975372,
                        0.5880576,
                        0.5381713,
                        0.7063446,
                        0.5665509,
                        0.6574706,
                        0.6611074,
                        0.9643355,
                        1.73894
                    ],
                    "theta_bar": 0.0009259123
                }
            },
            "bounds": {},
            "scales": {},
            "fixed_params": {},
            "shared_params": [],
            "covariates": [],
            "sfs_neut": {
                "py/object": "fastdfe.spectrum.Spectra",
                "data": {
                    "all": [
                        1037607.3337252,
                        909.0,
                        282.0,
                        170.0,
                        120.0,
                        81.0,
                        84.0,
                        81.0,
                        54.0,
                        49.0,
                        43.0,
                        42.0,
                        43.0,
                        38.0,
                        32.0,
                        35.0,
                        27.0,
                        30.0,
                        22.0,
                        17.0,
                        33.0,
                        16.0,
                        24.0,
                        25.0,
                        38.0,
                        20.0,
                        15.0,
                        31.0,
                        21.0,
                        60.0,
                        0.0
                    ]
                }
            },
            "sfs_sel": {
                "py/object": "fastdfe.spectrum.Spectra",
                "data": {
                    "all": [
                        2844845.6662748,
                        2006.0,
                        515.0,
                        302.0,
                        219.0,
                        176.0,
                        129.0,
                        98.0,
                        113.0,
                        113.0,
                        90.0,
                        72.0,
                        71.0,
                        63.0,
                        40.0,
                        43.0,
                        37.0,
                        34.0,
                        37.0,
                        46.0,
                        36.0,
                        38.0,
                        39.0,
                        35.0,
                        49.0,
                        24.0,
                        56.0,
                        27.0,
                        72.0,
                        84.0,
                        0.0
                    ]
                }
            },
            "do_bootstrap": false,
            "n_bootstraps": 10,
            "parallelize": false,
            "loss_type": "likelihood"
        }
    },
    "output_file": null,
    "execution_time": 770.111802816391,
    "summary": {
        "py/object": "fastdfe.polydfe.PolyDFEResult",
        "output_file": "results/polydfe/hgdp/inference/1/opts.n.30.config.default/bootstraps/16/all.polydfe.txt",
        "postprocessing_source": "../resources/polydfe/postprocessing/script.R",
        "data": {
            "output_file": "/scratch/40841696/tmprinxb9ey",
            "model": "C",
            "likelihood": -201.2368,
            "criteria": 0.0005,
            "params_mle": {
                "eps": 4.50285e-06,
                "eps_cont": 0,
                "lambda": 0,
                "theta_bar": 0.0008900438,
                "a": -1,
                "S_d": -60.89806,
                "b": 0.098969,
                "p_b": 0.009309303,
                "S_b": 0.109204,
                "r": [
                    0.5780161,
                    0.528361,
                    0.5155273,
                    0.4952696,
                    0.4978777,
                    0.4924432,
                    0.5289702,
                    0.5809959,
                    0.5329576,
                    0.5050694,
                    0.5535004,
                    0.5334384,
                    0.4110868,
                    0.4788182,
                    0.4204432,
                    0.4481091,
                    0.4386599,
                    0.4956884,
                    0.5729396,
                    0.4719393,
                    0.5781557,
                    0.5769005,
                    0.8746867,
                    0.4617523,
                    0.776259,
                    0.6597553,
                    1.098973,
                    1.765293
                ]
            },
            "n": 30,
            "expec": [
                {
                    "E[P_z(1)]": 0.0008900401,
                    "E[P_z(2)]": 0.0002572288,
                    "E[P_z(3)]": 0.0001567542,
                    "E[P_z(4)]": 0.0001147101,
                    "E[P_z(5)]": 8.8162e-05,
                    "E[P_z(6)]": 7.38553e-05,
                    "E[P_z(7)]": 6.26135e-05,
                    "E[P_z(8)]": 5.88507e-05,
                    "E[P_z(9)]": 5.74567e-05,
                    "E[P_z(10)]": 4.74355e-05,
                    "E[P_z(11)]": 4.08666e-05,
                    "E[P_z(12)]": 4.10532e-05,
                    "E[P_z(13)]": 3.65218e-05,
                    "E[P_z(14)]": 2.61346e-05,
                    "E[P_z(15)]": 2.84113e-05,
                    "E[P_z(16)]": 2.33883e-05,
                    "E[P_z(17)]": 2.3461e-05,
                    "E[P_z(18)]": 2.16905e-05,
                    "E[P_z(19)]": 2.32203e-05,
                    "E[P_z(20)]": 2.54972e-05,
                    "E[P_z(21)]": 2.00024e-05,
                    "E[P_z(22)]": 2.33903e-05,
                    "E[P_z(23)]": 2.23248e-05,
                    "E[P_z(24)]": 3.24381e-05,
                    "E[P_z(25)]": 1.64395e-05,
                    "E[P_z(26)]": 2.65736e-05,