{
    "output_file": "/scratch/38995926/tmp8_lygw71",
    "model": "C",
    "likelihood": -148.6183,
    "criteria": 8e-05,
    "params_mle": {
        "eps": 0.02193307,
        "eps_cont": 0,
        "lambda": 0,
        "theta_bar": 0.0009238673,
        "a": -1,
        "S_d": -216.3735,
        "b": 0.3967663,
        "p_b": 0,
        "S_b": 1,
        "r": [
            1.083305,
            1.085546,
            1.261011,
            1.248415,
            1.025883,
            0.9383502,
            0.9672513,
            1.350447,
            0.9353217,
            1.094394,
            0.8313507,
            1.189586,
            0.8826596,
            0.7668023,
            0.728859,
            1.068599,
            0.8436419,
            0.6480773
        ]
    },
    "n": 20,
    "expec": [
        {
            "E[P_z(1)]": 0.0009042953,
            "E[P_z(2)]": 0.0004903893,
            "E[P_z(3)]": 0.0003282416,
            "E[P_z(4)]": 0.0002857867,
            "E[P_z(5)]": 0.0002266505,
            "E[P_z(6)]": 0.0001557763,
            "E[P_z(7)]": 0.0001229824,
            "E[P_z(8)]": 0.0001106554,
            "E[P_z(9)]": 0.0001376015,
            "E[P_z(10)]": 8.64113e-05,
            "E[P_z(11)]": 9.29404e-05,
            "E[P_z(12)]": 6.50509e-05,
            "E[P_z(13)]": 8.54021e-05,
            "E[P_z(14)]": 6.04343e-05,
            "E[P_z(15)]": 5.12518e-05,
            "E[P_z(16)]": 4.75505e-05,
            "E[P_z(17)]": 6.41317e-05,
            "E[P_z(18)]": 5.33267e-05,
            "E[P_z(19)]": 5.10846e-05,
            "E[D_z]": null,
            "E[mis_z]": null
        },
        {
            "E[P_z(1)]": 0.0003266529,
            "E[P_z(2)]": 0.0001215157,
            "E[P_z(3)]": 6.71923e-05,
            "E[P_z(4)]": 5.18273e-05,
            "E[P_z(5)]": 3.76245e-05,
            "E[P_z(6)]": 2.41256e-05,
            "E[P_z(7)]": 1.7992e-05,
            "E[P_z(8)]": 1.54587e-05,
            "E[P_z(9)]": 1.84645e-05,
            "E[P_z(10)]": 1.11961e-05,
            "E[P_z(11)]": 1.1688e-05,
            "E[P_z(12)]": 7.9727e-06,
            "E[P_z(13)]": 1.02133e-05,
            "E[P_z(14)]": 7.1376e-06,
            "E[P_z(15)]": 6.0735e-06,
            "E[P_z(16)]": 5.726e-06,
            "E[P_z(17)]": 7.6823e-06,
            "E[P_z(18)]": 7.2458e-06,
            "E[P_z(19)]": 1.05587e-05,
            "E[D_z]": null,
            "E[mis_z]": null
        }
    ],
    "alpha": 0.0,
    "execution_time": 140.27587151527405
}