neutral,selected
424896.42328955245,1119138.5767104477
246.0,358.0
110.0,150.0
68.0,103.0
50.0,71.0
150.0,194.0
