{
    "py/object": "fastdfe.polydfe.PolyDFE",
    "logger": {
        "py/reduce": [
            {
                "py/function": "logging.getLogger"
            },
            {
                "py/tuple": [
                    "fastdfe.PolyDFE"
                ]
            }
        ]
    },
    "bootstraps": null,
    "config": {
        "py/object": "fastdfe.config.Config",
        "data": {
            "model": "GammaExpParametrization",
            "intervals_del": {
                "py/tuple": [
                    -100000000.0,
                    -1e-05,
                    1000
                ]
            },
            "intervals_ben": {
                "py/tuple": [
                    1e-05,
                    10000.0,
                    1000
                ]
            },
            "integration_mode": "midpoint",
            "linearized": true,
            "seed": 0,
            "opts_mle": {},
            "n_runs": 10,
            "x0": {
                "all": {
                    "S_b": 0.05328228,
                    "S_d": -33.44406,
                    "a": -1,
                    "b": 0.1398527,
                    "eps": 4.50451e-06,
                    "eps_cont": 0,
                    "lambda": 0,
                    "p_b": 0.005009714,
                    "r": [
                        0.5834314,
                        0.499803,
                        0.5581096,
                        0.5076067,
                        0.557493,
                        0.6522272,
                        0.6050956,
                        0.5227928,
                        0.5765882,
                        0.4982845,
                        0.5150672,
                        0.5206269,
                        0.482151,
                        0.5460091,
                        0.5199818,
                        0.523935,
                        0.5814646,
                        0.6159988,
                        0.7697745,
                        0.7047025,
                        0.6593795,
                        0.914738,
                        1.558127
                    ],
                    "theta_bar": 0.0008647194
                }
            },
            "bounds": {},
            "scales": {},
            "fixed_params": {},
            "shared_params": [],
            "covariates": [],
            "sfs_neut": {
                "py/object": "fastdfe.spectrum.Spectra",
                "data": {
                    "all": [
                        1039349.17546773,
                        918.0,
                        267.0,
                        141.0,
                        130.0,
                        98.0,
                        79.0,
                        65.0,
                        64.0,
                        48.0,
                        42.0,
                        47.0,
                        35.0,
                        36.0,
                        40.0,
                        35.0,
                        30.0,
                        27.0,
                        36.0,
                        45.0,
                        31.0,
                        29.0,
                        29.0,
                        44.0,
                        61.0,
                        0.0
                    ]
                }
            },
            "sfs_sel": {
                "py/object": "fastdfe.spectrum.Spectra",
                "data": {
                    "all": [
                        2843606.82453227,
                        1901.0,
                        487.0,
                        278.0,
                        226.0,
                        144.0,
                        110.0,
                        134.0,
                        107.0,
                        62.0,
                        66.0,
                        48.0,
                        70.0,
                        51.0,
                        54.0,
                        46.0,
                        39.0,
                        39.0,
                        33.0,
                        32.0,
                        70.0,
                        44.0,
                        36.0,
                        50.0,
                        99.0,
                        0.0
                    ]
                }
            },
            "do_bootstrap": false,
            "n_bootstraps": 10,
            "parallelize": false,
            "loss_type": "likelihood"
        }
    },
    "output_file": null,
    "execution_time": 506.2570848464966,
    "summary": {
        "py/object": "fastdfe.polydfe.PolyDFEResult",
        "output_file": "results/polydfe/hgdp/inference/1/opts.n.25.config.default/bootstraps/59/all.polydfe.txt",
        "postprocessing_source": "../resources/polydfe/postprocessing/script.R",
        "data": {
            "output_file": "/scratch/40841243/tmp77fghieu",
            "model": "C",
            "likelihood": -162.6316,
            "criteria": 0.00054,
            "params_mle": {
                "eps": 4.505e-06,
                "eps_cont": 0,
                "lambda": 0,
                "theta_bar": 0.0008765828,
                "a": -1,
                "S_d": -35.05455,
                "b": 0.1493419,
                "p_b": 0.005004488,
                "S_b": 0.05328024,
                "r": [
                    0.5761466,
                    0.5000476,
                    0.5817625,
                    0.5040925,
                    0.4797175,
                    0.5967136,
                    0.5922326,
                    0.43251,
                    0.4756293,
                    0.4635227,
                    0.5625115,
                    0.5078909,
                    0.5941522,
                    0.5512863,
                    0.503224,
                    0.5136286,
                    0.5708685,
                    0.6750232,
                    0.9353919,
                    0.7122691,
                    0.666538,
                    1.010925,
                    1.800717
                ]
            },
            "n": 25,
            "expec": [
                {
                    "E[P_z(1)]": 0.0008765792,
                    "E[P_z(2)]": 0.0002525191,
                    "E[P_z(3)]": 0.0001461105,
                    "E[P_z(4)]": 0.0001274903,
                    "E[P_z(5)]": 8.83755e-05,
                    "E[P_z(6)]": 7.00852e-05,
                    "E[P_z(7)]": 7.47239e-05,
                    "E[P_z(8)]": 6.48924e-05,
                    "E[P_z(9)]": 4.21256e-05,
                    "E[P_z(10)]": 4.16928e-05,
                    "E[P_z(11)]": 3.69378e-05,
                    "E[P_z(12)]": 4.10906e-05,
                    "E[P_z(13)]": 3.42468e-05,
                    "E[P_z(14)]": 3.72017e-05,
                    "E[P_z(15)]": 3.22166e-05,
                    "E[P_z(16)]": 2.75699e-05,
                    "E[P_z(17)]": 2.64848e-05,
                    "E[P_z(18)]": 2.7801e-05,
                    "E[P_z(19)]": 3.1143e-05,
                    "E[P_z(20)]": 4.09976e-05,
                    "E[P_z(21)]": 2.9732e-05,
                    "E[P_z(22)]": 2.65585e-05,
                    "E[P_z(23)]": 3.85297e-05,
                    "E[P_z(24)]": 6.57736e-05,
                    "E[D_z]": null,
                    "E[mis_z]": null
                },
                {
                    "E[P_z(1)]": 0.0006692671,
                    "E[P_z(2)]": 0.0001723937,
                    "E[P_z(3)]": 9.3683e-05,
                    "E[P_z(4)]": 7.83709e-05,
                    "E[P_z(5)]": 5.26495e-05,
                    "E[P_z(6)]": 4.07291e-05,
                    "E[P_z(7)]": 4.25437e-05,
                    "E[P_z(8)]": 3.63078e-05,
                    "E[P_z(9)]": 2.32152e-05,
                    "E[P_z(10)]": 2.2671e-05,
                    "E[P_z(11)]": 1.98459e-05,
                    "E[P_z(12)]": 2.18385e-05,
                    "E[P_z(13)]": 1.80212e-05,