neutral,selected
999711349.5141696,999876730.0
35235.36950175578,6687.371949390481
17979.557149402197,673.9349316879552
12621.487016968635,113.33485502270966
10058.035572773224,26.31645518322939
8583.658388969225,7.533111257185521
7651.320205611626,2.3602002368591393
7039.344953495969,0.7346420273303091
6647.758719369083,0.2140997891622641
6428.384290725708,0.0586923451681072
3178.858292171367,0.012999383091114
0.0,0.0
0.0,0.0
0.0,0.0
0.0,0.0
0.0,0.0
0.0,0.0
0.0,0.0
0.0,0.0
0.0,0.0
0.0,0.0
