{
    "py/object": "fastdfe.polydfe.PolyDFE",
    "logger": {
        "py/reduce": [
            {
                "py/function": "logging.getLogger"
            },
            {
                "py/tuple": [
                    "fastdfe.PolyDFE"
                ]
            }
        ]
    },
    "bootstraps": null,
    "config": {
        "py/object": "fastdfe.config.Config",
        "data": {
            "model": "GammaExpParametrization",
            "intervals_del": {
                "py/tuple": [
                    -100000000.0,
                    -1e-05,
                    1000
                ]
            },
            "intervals_ben": {
                "py/tuple": [
                    1e-05,
                    10000.0,
                    1000
                ]
            },
            "integration_mode": "midpoint",
            "linearized": true,
            "seed": 0,
            "opts_mle": {},
            "n_runs": 10,
            "x0": {
                "all": {
                    "S_b": 0.05627203,
                    "S_d": -26.88451,
                    "a": -1,
                    "b": 0.1464485,
                    "eps": 4.50288e-06,
                    "eps_cont": 0,
                    "lambda": 0,
                    "p_b": 0.004419742,
                    "r": [
                        0.4932568,
                        0.4490162,
                        0.411058,
                        0.4293708,
                        0.4059378,
                        0.3950674,
                        0.4836194,
                        0.4412304,
                        0.4459431,
                        0.5171633,
                        0.4880109,
                        0.499798,
                        0.5114526,
                        0.4705895,
                        0.3840001,
                        0.3914661,
                        0.4942643,
                        0.4410675,
                        0.4295933,
                        0.3836019,
                        0.3386893,
                        0.4566943,
                        0.4425798,
                        0.4623484,
                        0.424307,
                        0.4116725,
                        0.4906384,
                        0.4335386,
                        0.4045893,
                        0.5819833,
                        0.4816641,
                        0.5724359,
                        0.5396078,
                        0.5300813,
                        0.62822,
                        0.8578236,
                        0.810246,
                        2.052769
                    ],
                    "theta_bar": 0.001050261
                }
            },
            "bounds": {},
            "scales": {},
            "fixed_params": {},
            "shared_params": [],
            "covariates": [],
            "sfs_neut": {
                "py/object": "fastdfe.spectrum.Spectra",
                "data": {
                    "all": [
                        1037865.33330917,
                        1078.0,
                        265.0,
                        161.0,
                        139.0,
                        95.0,
                        87.0,
                        63.0,
                        79.0,
                        51.0,
                        48.0,
                        58.0,
                        47.0,
                        33.0,
                        25.0,
                        41.0,
                        31.0,
                        50.0,
                        32.0,
                        27.0,
                        33.0,
                        23.0,
                        13.0,
                        15.0,
                        28.0,
                        35.0,
                        11.0,
                        13.0,
                        16.0,
                        15.0,
                        17.0,
                        19.0,
                        19.0,
                        15.0,
                        37.0,
                        15.0,
                        29.0,
                        18.0,
                        22.0,
                        37.0,
                        0.0
                    ]
                }
            },
            "sfs_sel": {
                "py/object": "fastdfe.spectrum.Spectra",
                "data": {
                    "all": [
                        2843534.66669083,
                        2485.0,
                        534.0,
                        351.0,
                        179.0,
                        147.0,
                        141.0,
                        123.0,
                        103.0,
                        76.0,
                        90.0,
                        79.0,
                        52.0,
                        72.0,
                        58.0,
                        52.0,
                        34.0,
                        24.0,
                        41.0,
                        40.0,
                        37.0,
                        26.0,
                        28.0,
                        30.0,
                        29.0,
                        24.0,
                        34.0,
                        24.0,
                        35.0,
                        24.0,
                        15.0,
                        33.0,
                        26.0,
                        20.0,
                        19.0,
                        25.0,
                        25.0,
                        50.0,
                        41.0,
                        93.0,
                        0.0
                    ]
                }
            },
            "do_bootstrap": false,
            "n_bootstraps": 10,
            "parallelize": false,
            "loss_type": "likelihood"
        }
    },
    "output_file": null,
    "execution_time": 767.6215171813965,
    "summary": {
        "py/object": "fastdfe.polydfe.PolyDFEResult",
        "output_file": "results/polydfe/hgdp/inference/1/opts.n.40.config.default/bootstraps/1/all.polydfe.txt",
        "postprocessing_source": "../resources/polydfe/postprocessing/script.R",
        "data": {
            "output_file": "/scratch/40841855/tmp88ztph5c",
            "model": "C",
            "likelihood": -276.5561,
            "criteria": 0.0007,
            "params_mle": {
                "eps": 4.50607e-06,
                "eps_cont": 0,
                "lambda": 0,
                "theta_bar": 0.001059581,
                "a": -1,
                "S_d": -26.21241,
                "b": 0.1678617,
                "p_b": 0.004438122,
                "S_b": 0.0563788,
                "r": [
                    0.4815458,
                    0.4830727,
                    0.4120631,
                    0.4007315,
                    0.4610525,
                    0.4452266,
                    0.5039676,
                    0.3997965,
                    0.4871959,
                    0.5364524,
                    0.4260666,
                    0.4928783,
                    0.4221957,
                    0.5097625,
                    0.3820697,
                    0.4644363,
                    0.4873859,
                    0.4742292,
                    0.5236725,
                    0.3863917,
                    0.3399408,
                    0.3914177,
                    0.5191577,
                    0.5615536,
                    0.4467789,
                    0.3825809,
                    0.5484718,
                    0.4355386,
                    0.3706581,
                    0.6240161,
                    0.5587768,
                    0.4492115,
                    0.7423123,
                    0.5469536,
                    0.7611973,
                    0.9872033,
                    0.941217,
                    1.997132
                ]
            },