{
    "output_file": "/scratch/40841685/tmp8fv8zjst",
    "model": "C",
    "likelihood": -191.5344,
    "criteria": 0.00035,
    "params_mle": {
        "eps": 4.5052e-06,
        "eps_cont": 0,
        "lambda": 0,
        "theta_bar": 0.0008848105,
        "a": -1,
        "S_d": -28.40149,
        "b": 0.1549242,
        "p_b": 0.009126316,
        "S_b": 0.1081597,
        "r": [
            0.5835257,
            0.5288715,
            0.5120752,
            0.5125205,
            0.5146485,
            0.5359233,
            0.5958429,
            0.5665096,
            0.511228,
            0.5571317,
            0.6689586,
            0.7630715,
            0.453009,
            0.553847,
            0.3745387,
            0.512853,
            0.5373232,
            0.5269105,
            0.4310225,
            0.4541735,
            0.5370739,
            0.6363013,
            0.6878328,
            0.6273265,
            0.6542421,
            0.6812186,
            0.7983988,
            1.671268
        ]
    },
    "n": 30,
    "expec": [
        {
            "E[P_z(1)]": 0.0008848067,
            "E[P_z(2)]": 0.0002581538,
            "E[P_z(3)]": 0.0001559831,
            "E[P_z(4)]": 0.000113272,
            "E[P_z(5)]": 9.06964e-05,
            "E[P_z(6)]": 7.58942e-05,
            "E[P_z(7)]": 6.77413e-05,
            "E[P_z(8)]": 6.59008e-05,
            "E[P_z(9)]": 5.56947e-05,
            "E[P_z(10)]": 4.52339e-05,
            "E[P_z(11)]": 4.48141e-05,
            "E[P_z(12)]": 4.9325e-05,
            "E[P_z(13)]": 5.19363e-05,
            "E[P_z(14)]": 2.86305e-05,
            "E[P_z(15)]": 3.267e-05,
            "E[P_z(16)]": 2.07123e-05,
            "E[P_z(17)]": 2.66929e-05,
            "E[P_z(18)]": 2.64128e-05,
            "E[P_z(19)]": 2.45378e-05,
            "E[P_z(20)]": 1.90688e-05,
            "E[P_z(21)]": 1.91362e-05,
            "E[P_z(22)]": 2.16006e-05,
            "E[P_z(23)]": 2.44787e-05,
            "E[P_z(24)]": 2.53586e-05,
            "E[P_z(25)]": 2.22029e-05,
            "E[P_z(26)]": 2.2265e-05,
            "E[P_z(27)]": 2.23247e-05,
            "E[P_z(28)]": 2.52308e-05,
            "E[P_z(29)]": 5.09953e-05,
            "E[D_z]": null,
            "E[mis_z]": null
        },
        {
            "E[P_z(1)]": 0.0007017764,
            "E[P_z(2)]": 0.0001840786,
            "E[P_z(3)]": 0.0001044961,
            "E[P_z(4)]": 7.27119e-05,
            "E[P_z(5)]": 5.6385e-05,
            "E[P_z(6)]": 4.59959e-05,
            "E[P_z(7)]": 4.01986e-05,
            "E[P_z(8)]": 3.8411e-05,
            "E[P_z(9)]": 3.19597e-05,
            "E[P_z(10)]": 2.56014e-05,
            "E[P_z(11)]": 2.50525e-05,
            "E[P_z(12)]": 2.72676e-05,
            "E[P_z(13)]": 2.84195e-05,
            "E[P_z(14)]": 1.552e-05,
            "E[P_z(15)]": 1.75562e-05,
            "E[P_z(16)]": 1.10405e-05,
            "E[P_z(17)]": 1.41209e-05,
            "E[P_z(18)]": 1.38736e-05,
            "E[P_z(19)]": 1.28023e-05,
            "E[P_z(20)]": 9.8859e-06,
            "E[P_z(21)]": 9.8612e-06,
            "E[P_z(22)]": 1.10673e-05,
            "E[P_z(23)]": 1.24734e-05,
            "E[P_z(24)]": 1.28543e-05,
            "E[P_z(25)]": 1.11984e-05,
            "E[P_z(26)]": 1.11758e-05,
            "E[P_z(27)]": 1.1154e-05,
            "E[P_z(28)]": 1.255e-05,
            "E[P_z(29)]": 2.52573e-05,
            "E[D_z]": null,
            "E[mis_z]": null
        }
    ],
    "alpha": 0.020668662549701972,
    "execution_time": 653.0359416007996
}