{
    "output_file": "/scratch/38995770/tmpxqzq81z4",
    "model": "C",
    "likelihood": -166.3382,
    "criteria": 8e-05,
    "params_mle": {
        "eps": 0,
        "eps_cont": 0,
        "lambda": 0,
        "theta_bar": 0.0009310097,
        "a": -1,
        "S_d": -396.8817,
        "b": 0.332744,
        "p_b": 0,
        "S_b": 1,
        "r": [
            1.023247,
            1.061886,
            1.168909,
            1.144809,
            0.8974879,
            1.032263,
            0.8082112,
            1.168781,
            1.015017,
            0.7054364,
            0.9779331,
            1.186824,
            0.9912791,
            1.138001,
            0.9053149,
            0.8856285,
            1.255446,
            1.133723
        ]
    },
    "n": 20,
    "expec": [
        {
            "E[P_z(1)]": 0.0009310097,
            "E[P_z(2)]": 0.0004763263,
            "E[P_z(3)]": 0.0003295422,
            "E[P_z(4)]": 0.0002720665,
            "E[P_z(5)]": 0.0002131657,
            "E[P_z(6)]": 0.0001392617,
            "E[P_z(7)]": 0.0001372924,
            "E[P_z(8)]": 9.40566e-05,
            "E[P_z(9)]": 0.0001209052,
            "E[P_z(10)]": 9.44991e-05,
            "E[P_z(11)]": 5.97062e-05,
            "E[P_z(12)]": 7.58721e-05,
            "E[P_z(13)]": 8.49957e-05,
            "E[P_z(14)]": 6.59207e-05,
            "E[P_z(15)]": 7.06327e-05,
            "E[P_z(16)]": 5.26786e-05,
            "E[P_z(17)]": 4.85017e-05,
            "E[P_z(18)]": 6.49351e-05,
            "E[P_z(19)]": 5.5553e-05,
            "E[D_z]": null,
            "E[mis_z]": null
        },
        {
            "E[P_z(1)]": 0.0003126664,
            "E[P_z(2)]": 0.0001145591,
            "E[P_z(3)]": 6.74851e-05,
            "E[P_z(4)]": 5.0311e-05,
            "E[P_z(5)]": 3.66113e-05,
            "E[P_z(6)]": 2.2579e-05,
            "E[P_z(7)]": 2.12357e-05,
            "E[P_z(8)]": 1.39811e-05,
            "E[P_z(9)]": 1.73646e-05,
            "E[P_z(10)]": 1.31674e-05,
            "E[P_z(11)]": 8.0975e-06,
            "E[P_z(12)]": 1.00416e-05,
            "E[P_z(13)]": 1.10013e-05,
            "E[P_z(14)]": 8.3594e-06,
            "E[P_z(15)]": 8.7887e-06,
            "E[P_z(16)]": 6.4401e-06,
            "E[P_z(17)]": 5.8323e-06,
            "E[P_z(18)]": 7.6883e-06,
            "E[P_z(19)]": 6.4819e-06,
            "E[D_z]": null,
            "E[mis_z]": null
        }
    ],
    "alpha": 0.0,
    "execution_time": 101.90300798416138
}