{
    "py/object": "fastdfe.polydfe.PolyDFE",
    "logger": {
        "py/reduce": [
            {
                "py/function": "logging.getLogger"
            },
            {
                "py/tuple": [
                    "fastdfe.PolyDFE"
                ]
            }
        ]
    },
    "bootstraps": null,
    "config": {
        "py/object": "fastdfe.config.Config",
        "data": {
            "model": "GammaExpParametrization",
            "intervals_del": {
                "py/tuple": [
                    -100000000.0,
                    -1e-05,
                    1000
                ]
            },
            "intervals_ben": {
                "py/tuple": [
                    1e-05,
                    10000.0,
                    1000
                ]
            },
            "integration_mode": "midpoint",
            "linearized": true,
            "seed": 0,
            "opts_mle": {},
            "n_runs": 10,
            "x0": {
                "all": {
                    "S_b": 1.562568,
                    "S_d": -22188.79,
                    "a": -1,
                    "b": 0.1916524,
                    "eps": 0.007632547,
                    "eps_cont": 0,
                    "lambda": 0,
                    "p_b": 0.04617354,
                    "r": [
                        0.8275426,
                        0.7254075,
                        0.6568578,
                        0.602303,
                        0.5558673,
                        0.5172334,
                        0.4889478,
                        0.4709818,
                        0.4671859,
                        0.4710718,
                        0.4770928,
                        0.4916403,
                        0.5096436,
                        0.5365832,
                        0.5691288,
                        0.6256435,
                        0.7473002,
                        1.000285
                    ],
                    "theta_bar": 0.007669351
                }
            },
            "bounds": {},
            "scales": {},
            "fixed_params": {
                "all": {}
            },
            "shared_params": [],
            "covariates": [],
            "sfs_neut": {
                "py/object": "fastdfe.spectrum.Spectra",
                "data": {
                    "all": [
                        257282.66666666698,
                        2052.0,
                        835.0,
                        519.0,
                        326.0,
                        244.0,
                        177.0,
                        124.0,
                        104.0,
                        115.0,
                        106.0,
                        77.0,
                        94.0,
                        55.0,
                        67.0,
                        75.0,
                        64.0,
                        76.0,
                        89.0,
                        111.0,
                        0.0
                    ]
                }
            },
            "sfs_sel": {
                "py/object": "fastdfe.spectrum.Spectra",
                "data": {
                    "all": [
                        956732.333333333,
                        1907.0,
                        718.0,
                        357.0,
                        263.0,
                        185.0,
                        136.0,
                        73.0,
                        79.0,
                        55.0,
                        66.0,
                        61.0,
                        65.0,
                        54.0,
                        56.0,
                        58.0,
                        59.0,
                        60.0,
                        72.0,
                        87.0,
                        0.0
                    ]
                }
            },
            "do_bootstrap": null,
            "n_bootstraps": 10,
            "parallelize": true,
            "loss_type": "likelihood"
        }
    },
    "output_file": null,
    "execution_time": 933.1644766330719,
    "summary": {
        "py/object": "fastdfe.polydfe.PolyDFEResult",
        "output_file": "results/polydfe/pendula_C_full_anc/bootstraps/10/out.txt",
        "postprocessing_source": "../resources/polydfe/postprocessing/script.R",
        "data": {
            "output_file": "/scratch/38996442/tmpanv5_dg2",
            "model": "C",
            "likelihood": -136.6613,
            "criteria": 0.0004,
            "params_mle": {
                "eps": 0.001696172,
                "eps_cont": 0,
                "lambda": 0,
                "theta_bar": 0.007801937,
                "a": -1,
                "S_d": -36501.11,
                "b": 0.1830303,
                "p_b": 0.04868007,
                "S_b": 2.409147,
                "r": [
                    0.8381065,
                    0.7273294,
                    0.6610065,
                    0.6066781,
                    0.5337212,
                    0.3928793,
                    0.417308,
                    0.4360027,
                    0.4892114,
                    0.4304061,
                    0.5389695,
                    0.3978058,
                    0.4798814,
                    0.5511169,
                    0.5373761,
                    0.6227908,
                    0.7666244,
                    0.9630062
                ]
            },
            "n": 20,
            "expec": [
                {
                    "E[P_z(1)]": 0.007789375,
                    "E[P_z(2)]": 0.003264445,
                    "E[P_z(3)]": 0.001888803,
                    "E[P_z(4)]": 0.00128754,
                    "E[P_z(5)]": 0.0009455334,
                    "E[P_z(6)]": 0.0006932863,
                    "E[P_z(7)]": 0.0004375507,
                    "E[P_z(8)]": 0.0004068804,
                    "E[P_z(9)]": 0.0003778396,
                    "E[P_z(10)]": 0.0003816796,
                    "E[P_z(11)]": 0.0003053962,
                    "E[P_z(12)]": 0.0003505131,
                    "E[P_z(13)]": 0.0002390806,
                    "E[P_z(14)]": 0.0002681525,
                    "E[P_z(15)]": 0.0002877715,
                    "E[P_z(16)]": 0.0002637783,
                    "E[P_z(17)]": 0.0002885456,
                    "E[P_z(18)]": 0.0003372683,
                    "E[P_z(19)]": 0.0004080003,
                    "E[D_z]": null,
                    "E[mis_z]": null
                },
                {
                    "E[P_z(1)]": 0.001990904,
                    "E[P_z(2)]": 0.0007239182,
                    "E[P_z(3)]": 0.0003953853,
                    "E[P_z(4)]": 0.0002610424,
                    "E[P_z(5)]": 0.0001880138,
                    "E[P_z(6)]": 0.000136236,
                    "E[P_z(7)]": 8.54223e-05,
                    "E[P_z(8)]": 7.92378e-05,
                    "E[P_z(9)]": 7.3645e-05,
                    "E[P_z(10)]": 7.46765e-05,
                    "E[P_z(11)]": 6.01428e-05,
                    "E[P_z(12)]": 6.96644e-05,
                    "E[P_z(13)]": 4.80817e-05,
                    "E[P_z(14)]": 5.47187e-05,
                    "E[P_z(15)]": 5.97575e-05,
                    "E[P_z(16)]": 5.59162e-05,
                    "E[P_z(17)]": 6.26665e-05,
                    "E[P_z(18)]": 7.53667e-05,
                    "E[P_z(19)]": 9.45459e-05,
                    "E[D_z]": null,
                    "E[mis_z]": null
                }
            ],
            "alpha": 0.5507078672756712,
            "execution_time": 933.1644766330719
        }
    }
}