{
    "output_file": "/scratch/38996442/tmpanv5_dg2",
    "model": "C",
    "likelihood": -136.6613,
    "criteria": 0.0004,
    "params_mle": {
        "eps": 0.001696172,
        "eps_cont": 0,
        "lambda": 0,
        "theta_bar": 0.007801937,
        "a": -1,
        "S_d": -36501.11,
        "b": 0.1830303,
        "p_b": 0.04868007,
        "S_b": 2.409147,
        "r": [
            0.8381065,
            0.7273294,
            0.6610065,
            0.6066781,
            0.5337212,
            0.3928793,
            0.417308,
            0.4360027,
            0.4892114,
            0.4304061,
            0.5389695,
            0.3978058,
            0.4798814,
            0.5511169,
            0.5373761,
            0.6227908,
            0.7666244,
            0.9630062
        ]
    },
    "n": 20,
    "expec": [
        {
            "E[P_z(1)]": 0.007789375,
            "E[P_z(2)]": 0.003264445,
            "E[P_z(3)]": 0.001888803,
            "E[P_z(4)]": 0.00128754,
            "E[P_z(5)]": 0.0009455334,
            "E[P_z(6)]": 0.0006932863,
            "E[P_z(7)]": 0.0004375507,
            "E[P_z(8)]": 0.0004068804,
            "E[P_z(9)]": 0.0003778396,
            "E[P_z(10)]": 0.0003816796,
            "E[P_z(11)]": 0.0003053962,
            "E[P_z(12)]": 0.0003505131,
            "E[P_z(13)]": 0.0002390806,
            "E[P_z(14)]": 0.0002681525,
            "E[P_z(15)]": 0.0002877715,
            "E[P_z(16)]": 0.0002637783,
            "E[P_z(17)]": 0.0002885456,
            "E[P_z(18)]": 0.0003372683,
            "E[P_z(19)]": 0.0004080003,
            "E[D_z]": null,
            "E[mis_z]": null
        },
        {
            "E[P_z(1)]": 0.001990904,
            "E[P_z(2)]": 0.0007239182,
            "E[P_z(3)]": 0.0003953853,
            "E[P_z(4)]": 0.0002610424,
            "E[P_z(5)]": 0.0001880138,
            "E[P_z(6)]": 0.000136236,
            "E[P_z(7)]": 8.54223e-05,
            "E[P_z(8)]": 7.92378e-05,
            "E[P_z(9)]": 7.3645e-05,
            "E[P_z(10)]": 7.46765e-05,
            "E[P_z(11)]": 6.01428e-05,
            "E[P_z(12)]": 6.96644e-05,
            "E[P_z(13)]": 4.80817e-05,
            "E[P_z(14)]": 5.47187e-05,
            "E[P_z(15)]": 5.97575e-05,
            "E[P_z(16)]": 5.59162e-05,
            "E[P_z(17)]": 6.26665e-05,
            "E[P_z(18)]": 7.53667e-05,
            "E[P_z(19)]": 9.45459e-05,
            "E[D_z]": null,
            "E[mis_z]": null
        }
    ],
    "alpha": 0.5507078672756712,
    "execution_time": 933.1644766330719
}