{
    "output_file": "/scratch/40840181/tmp6d0l5ys0",
    "model": "C",
    "likelihood": -31.48864,
    "criteria": 8e-05,
    "params_mle": {
        "eps": 4.49689e-06,
        "eps_cont": 0,
        "lambda": 0,
        "theta_bar": 0.0006225608,
        "a": -1,
        "S_d": -20.98455,
        "b": 0.1919094,
        "p_b": 0.01509963,
        "S_b": 0.1309714,
        "r": [
            0.9269229,
            0.8941703,
            0.9418263
        ]
    },
    "n": 5,
    "expec": [
        {
            "E[P_z(1)]": 0.0006225586,
            "E[P_z(2)]": 0.0002885325,
            "E[P_z(3)]": 0.0001855589,
            "E[P_z(4)]": 0.0001465882,
            "E[D_z]": null,
            "E[mis_z]": null
        },
        {
            "E[P_z(1)]": 0.0004030981,
            "E[P_z(2)]": 0.0001610253,
            "E[P_z(3)]": 9.59354e-05,
            "E[P_z(4)]": 7.20963e-05,
            "E[D_z]": null,
            "E[mis_z]": null
        }
    ],
    "alpha": 0.03608091715527411,
    "execution_time": 15.655095100402832
}