{
    "output_file": "/scratch/40841772/tmp5upicisp",
    "model": "C",
    "likelihood": -251.5948,
    "criteria": 0.0002,
    "params_mle": {
        "eps": 4.50497e-06,
        "eps_cont": 0,
        "lambda": 0,
        "theta_bar": 0.001062213,
        "a": -1,
        "S_d": -61.81436,
        "b": 0.1047856,
        "p_b": 0.004438029,
        "S_b": 0.05637143,
        "r": [
            0.4929254,
            0.468998,
            0.423227,
            0.4063146,
            0.4169289,
            0.355043,
            0.4276303,
            0.4362946,
            0.5247428,
            0.4613178,
            0.5179711,
            0.4881961,
            0.4607255,
            0.3458281,
            0.3535948,
            0.424016,
            0.4503691,
            0.4105474,
            0.3844182,
            0.389958,
            0.2473113,
            0.4129565,
            0.3895301,
            0.4331435,
            0.3592834,
            0.3642491,
            0.5377691,
            0.5166668,
            0.5354306,
            0.5985216,
            0.5615508,
            0.5800053,
            0.4397306,
            0.4281651,
            0.6225771,
            0.7075098,
            0.7550524,
            1.650527
        ]
    },
    "n": 40,
    "expec": [
        {
            "E[P_z(1)]": 0.001062209,
            "E[P_z(2)]": 0.0002617949,
            "E[P_z(3)]": 0.000166058,
            "E[P_z(4)]": 0.0001123889,
            "E[P_z(5)]": 8.63182e-05,
            "E[P_z(6)]": 7.3811e-05,
            "E[P_z(7)]": 5.38758e-05,
            "E[P_z(8)]": 5.67792e-05,
            "E[P_z(9)]": 5.1493e-05,
            "E[P_z(10)]": 5.57387e-05,
            "E[P_z(11)]": 4.4547e-05,
            "E[P_z(12)]": 4.58495e-05,
            "E[P_z(13)]": 3.98898e-05,
            "E[P_z(14)]": 3.49563e-05,
            "E[P_z(15)]": 2.44895e-05,
            "E[P_z(16)]": 2.34745e-05,
            "E[P_z(17)]": 2.64938e-05,
            "E[P_z(18)]": 2.65771e-05,
            "E[P_z(19)]": 2.2952e-05,
            "E[P_z(20)]": 2.04167e-05,
            "E[P_z(21)]": 1.97247e-05,
            "E[P_z(22)]": 1.19409e-05,
            "E[P_z(23)]": 1.90717e-05,
            "E[P_z(24)]": 1.72402e-05,
            "E[P_z(25)]": 1.84037e-05,
            "E[P_z(26)]": 1.46784e-05,
            "E[P_z(27)]": 1.43301e-05,
            "E[P_z(28)]": 2.0401e-05,
            "E[P_z(29)]": 1.89246e-05,
            "E[P_z(30)]": 1.89582e-05,
            "E[P_z(31)]": 2.05085e-05,
            "E[P_z(32)]": 1.86404e-05,
            "E[P_z(33)]": 1.86695e-05,
            "E[P_z(34)]": 1.37381e-05,
            "E[P_z(35)]": 1.29947e-05,
            "E[P_z(36)]": 1.83701e-05,
            "E[P_z(37)]": 2.03122e-05,
            "E[P_z(38)]": 2.11071e-05,
            "E[P_z(39)]": 4.49587e-05,
            "E[D_z]": null,
            "E[mis_z]": null
        },
        {
            "E[P_z(1)]": 0.0008429624,
            "E[P_z(2)]": 0.0001907961,
            "E[P_z(3)]": 0.0001155509,
            "E[P_z(4)]": 7.58316e-05,
            "E[P_z(5)]": 5.69242e-05,
            "E[P_z(6)]": 4.78035e-05,
            "E[P_z(7)]": 3.43759e-05,
            "E[P_z(8)]": 3.57724e-05,
            "E[P_z(9)]": 3.20872e-05,
            "E[P_z(10)]": 3.43974e-05,
            "E[P_z(11)]": 2.72532e-05,
            "E[P_z(12)]": 2.78307e-05,
            "E[P_z(13)]": 2.40403e-05,
            "E[P_z(14)]": 2.09288e-05,
            "E[P_z(15)]": 1.45731e-05,
            "E[P_z(16)]": 1.38901e-05,
            "E[P_z(17)]": 1.55938e-05,
            "E[P_z(18)]": 1.55651e-05,
            "E[P_z(19)]": 1.33791e-05,
            "E[P_z(20)]": 1.18485e-05,
            "E[P_z(21)]": 1.13988e-05,
            "E[P_z(22)]": 6.873e-06,
            "E[P_z(23)]": 1.09356e-05,
            "E[P_z(24)]": 9.8494e-06,
            "E[P_z(25)]": 1.04774e-05,
            "E[P_z(26)]": 8.3286e-06,
            "E[P_z(27)]": 8.1049e-06,
            "E[P_z(28)]": 1.15027e-05,
            "E[P_z(29)]": 1.06384e-05,
            "E[P_z(30)]": 1.06266e-05,
            "E[P_z(31)]": 1.14636e-05,
            "E[P_z(32)]": 1.03913e-05,
            "E[P_z(33)]": 1.03804e-05,
            "E[P_z(34)]": 7.6192e-06,
            "E[P_z(35)]": 7.1892e-06,
            "E[P_z(36)]": 1.01388e-05,
            "E[P_z(37)]": 1.11846e-05,
            "E[P_z(38)]": 1.15962e-05,
            "E[P_z(39)]": 2.46466e-05,
            "E[D_z]": null,
            "E[mis_z]": null
        }
    ],
    "alpha": 0.009466977135886845,
    "execution_time": 2367.603914499283
}