{
    "py/object": "fastdfe.polydfe.PolyDFE",
    "logger": {
        "py/reduce": [
            {
                "py/function": "logging.getLogger"
            },
            {
                "py/tuple": [
                    "fastdfe.PolyDFE"
                ]
            }
        ]
    },
    "bootstraps": null,
    "config": {
        "py/object": "fastdfe.config.Config",
        "data": {
            "model": "GammaExpParametrization",
            "intervals_del": {
                "py/tuple": [
                    -100000000.0,
                    -1e-05,
                    1000
                ]
            },
            "intervals_ben": {
                "py/tuple": [
                    1e-05,
                    10000.0,
                    1000
                ]
            },
            "integration_mode": "midpoint",
            "linearized": true,
            "seed": 0,
            "opts_mle": {},
            "n_runs": 10,
            "x0": {
                "all": {
                    "S_b": 0.05627203,
                    "S_d": -26.88451,
                    "a": -1,
                    "b": 0.1464485,
                    "eps": 4.50288e-06,
                    "eps_cont": 0,
                    "lambda": 0,
                    "p_b": 0.004419742,
                    "r": [
                        0.4932568,
                        0.4490162,
                        0.411058,
                        0.4293708,
                        0.4059378,
                        0.3950674,
                        0.4836194,
                        0.4412304,
                        0.4459431,
                        0.5171633,
                        0.4880109,
                        0.499798,
                        0.5114526,
                        0.4705895,
                        0.3840001,
                        0.3914661,
                        0.4942643,
                        0.4410675,
                        0.4295933,
                        0.3836019,
                        0.3386893,
                        0.4566943,
                        0.4425798,
                        0.4623484,
                        0.424307,
                        0.4116725,
                        0.4906384,
                        0.4335386,
                        0.4045893,
                        0.5819833,
                        0.4816641,
                        0.5724359,
                        0.5396078,
                        0.5300813,
                        0.62822,
                        0.8578236,
                        0.810246,
                        2.052769
                    ],
                    "theta_bar": 0.001050261
                }
            },
            "bounds": {},
            "scales": {},
            "fixed_params": {},
            "shared_params": [],
            "covariates": [],
            "sfs_neut": {
                "py/object": "fastdfe.spectrum.Spectra",
                "data": {
                    "all": [
                        1037946.33330917,
                        1086.0,
                        293.0,
                        166.0,
                        135.0,
                        85.0,
                        85.0,
                        46.0,
                        54.0,
                        50.0,
                        51.0,
                        50.0,
                        51.0,
                        51.0,
                        35.0,
                        17.0,
                        18.0,
                        36.0,
                        28.0,
                        22.0,
                        23.0,
                        22.0,
                        11.0,
                        16.0,
                        16.0,
                        21.0,
                        22.0,
                        19.0,
                        16.0,
                        21.0,
                        24.0,
                        19.0,
                        29.0,
                        10.0,
                        18.0,
                        12.0,
                        20.0,
                        16.0,
                        24.0,
                        41.0,
                        0.0
                    ]
                }
            },
            "sfs_sel": {
                "py/object": "fastdfe.spectrum.Spectra",
                "data": {
                    "all": [
                        2843567.66669083,
                        2421.0,
                        523.0,
                        336.0,
                        198.0,
                        167.0,
                        128.0,
                        108.0,
                        107.0,
                        95.0,
                        105.0,
                        74.0,
                        76.0,
                        59.0,
                        61.0,
                        50.0,
                        46.0,
                        36.0,
                        44.0,
                        40.0,
                        32.0,
                        31.0,
                        21.0,
                        35.0,
                        30.0,
                        28.0,
                        17.0,
                        19.0,
                        38.0,
                        29.0,
                        26.0,
                        35.0,
                        20.0,
                        39.0,
                        18.0,
                        22.0,
                        28.0,
                        37.0,
                        31.0,
                        76.0,
                        0.0
                    ]
                }
            },
            "do_bootstrap": false,
            "n_bootstraps": 10,
            "parallelize": false,
            "loss_type": "likelihood"
        }
    },
    "output_file": null,
    "execution_time": 2367.603914499283,
    "summary": {
        "py/object": "fastdfe.polydfe.PolyDFEResult",
        "output_file": "results/polydfe/hgdp/inference/1/opts.n.40.config.default/bootstraps/34/all.polydfe.txt",
        "postprocessing_source": "../resources/polydfe/postprocessing/script.R",
        "data": {
            "output_file": "/scratch/40841772/tmp5upicisp",
            "model": "C",
            "likelihood": -251.5948,
            "criteria": 0.0002,
            "params_mle": {
                "eps": 4.50497e-06,
                "eps_cont": 0,
                "lambda": 0,
                "theta_bar": 0.001062213,
                "a": -1,
                "S_d": -61.81436,
                "b": 0.1047856,
                "p_b": 0.004438029,
                "S_b": 0.05637143,
                "r": [
                    0.4929254,
                    0.468998,
                    0.423227,
                    0.4063146,
                    0.4169289,
                    0.355043,
                    0.4276303,
                    0.4362946,
                    0.5247428,
                    0.4613178,
                    0.5179711,
                    0.4881961,
                    0.4607255,
                    0.3458281,
                    0.3535948,
                    0.424016,
                    0.4503691,
                    0.4105474,
                    0.3844182,
                    0.389958,
                    0.2473113,
                    0.4129565,
                    0.3895301,
                    0.4331435,
                    0.3592834,
                    0.3642491,
                    0.5377691,
                    0.5166668,
                    0.5354306,
                    0.5985216,
                    0.5615508,
                    0.5800053,
                    0.4397306,
                    0.4281651,
                    0.6225771,
                    0.7075098,
                    0.7550524,
                    1.650527
                ]
            },