{
    "py/object": "fastdfe.polydfe.PolyDFE",
    "logger": {
        "py/reduce": [
            {
                "py/function": "logging.getLogger"
            },
            {
                "py/tuple": [
                    "fastdfe.PolyDFE"
                ]
            }
        ]
    },
    "bootstraps": null,
    "config": {
        "py/object": "fastdfe.config.Config",
        "data": {
            "model": "GammaExpParametrization",
            "intervals_del": {
                "py/tuple": [
                    -100000000.0,
                    -1e-05,
                    1000
                ]
            },
            "intervals_ben": {
                "py/tuple": [
                    1e-05,
                    10000.0,
                    1000
                ]
            },
            "integration_mode": "midpoint",
            "linearized": true,
            "seed": 0,
            "opts_mle": {},
            "n_runs": 10,
            "x0": {
                "all": {
                    "S_b": 1.562568,
                    "S_d": -22188.79,
                    "a": -1,
                    "b": 0.1916524,
                    "eps": 0.007632547,
                    "eps_cont": 0,
                    "lambda": 0,
                    "p_b": 0.04617354,
                    "r": [
                        0.8275426,
                        0.7254075,
                        0.6568578,
                        0.602303,
                        0.5558673,
                        0.5172334,
                        0.4889478,
                        0.4709818,
                        0.4671859,
                        0.4710718,
                        0.4770928,
                        0.4916403,
                        0.5096436,
                        0.5365832,
                        0.5691288,
                        0.6256435,
                        0.7473002,
                        1.000285
                    ],
                    "theta_bar": 0.007669351
                }
            },
            "bounds": {},
            "scales": {},
            "fixed_params": {
                "all": {}
            },
            "shared_params": [],
            "covariates": [],
            "sfs_neut": {
                "py/object": "fastdfe.spectrum.Spectra",
                "data": {
                    "all": [
                        257268.66666666698,
                        1992.0,
                        850.0,
                        503.0,
                        316.0,
                        237.0,
                        172.0,
                        150.0,
                        146.0,
                        105.0,
                        94.0,
                        89.0,
                        81.0,
                        76.0,
                        63.0,
                        70.0,
                        75.0,
                        88.0,
                        93.0,
                        124.0,
                        0.0
                    ]
                }
            },
            "sfs_sel": {
                "py/object": "fastdfe.spectrum.Spectra",
                "data": {
                    "all": [
                        956635.333333333,
                        1963.0,
                        658.0,
                        397.0,
                        279.0,
                        181.0,
                        123.0,
                        107.0,
                        87.0,
                        71.0,
                        59.0,
                        63.0,
                        66.0,
                        58.0,
                        57.0,
                        54.0,
                        63.0,
                        65.0,
                        74.0,
                        83.0,
                        0.0
                    ]
                }
            },
            "do_bootstrap": null,
            "n_bootstraps": 10,
            "parallelize": true,
            "loss_type": "likelihood"
        }
    },
    "output_file": null,
    "execution_time": 850.1185569763184,
    "summary": {
        "py/object": "fastdfe.polydfe.PolyDFEResult",
        "output_file": "results/polydfe/pendula_C_full_anc/bootstraps/63/out.txt",
        "postprocessing_source": "../resources/polydfe/postprocessing/script.R",
        "data": {
            "output_file": "/scratch/38996457/tmp1i0y3432",
            "model": "C",
            "likelihood": -134.0686,
            "criteria": 0.00163,
            "params_mle": {
                "eps": 0.0006997335,
                "eps_cont": 0,
                "lambda": 0,
                "theta_bar": 0.007610691,
                "a": -1,
                "S_d": -1971.764,
                "b": 0.485317,
                "p_b": 0.1619804,
                "S_b": 0.3192799,
                "r": [
                    0.8306274,
                    0.7620211,
                    0.6793119,
                    0.6003003,
                    0.5099799,
                    0.5194313,
                    0.5386407,
                    0.4577511,
                    0.4419683,
                    0.4825871,
                    0.5084571,
                    0.5012998,
                    0.4825022,
                    0.5329494,
                    0.6309972,
                    0.7409612,
                    0.8524875,
                    1.10493
                ]
            },
            "n": 20,
            "expec": [
                {
                    "E[P_z(1)]": 0.007605675,
                    "E[P_z(2)]": 0.003158865,
                    "E[P_z(3)]": 0.001932048,
                    "E[P_z(4)]": 0.001291814,
                    "E[P_z(5)]": 0.0009132898,
                    "E[P_z(6)]": 0.0006466141,
                    "E[P_z(7)]": 0.0005645575,
                    "E[P_z(8)]": 0.0005122956,
                    "E[P_z(9)]": 0.0003870519,
                    "E[P_z(10)]": 0.0003363684,
                    "E[P_z(11)]": 0.00033393,
                    "E[P_z(12)]": 0.0003226087,
                    "E[P_z(13)]": 0.0002936696,
                    "E[P_z(14)]": 0.0002625673,
                    "E[P_z(15)]": 0.0002708577,
                    "E[P_z(16)]": 0.0003008397,
                    "E[P_z(17)]": 0.0003328398,
                    "E[P_z(18)]": 0.000362405,
                    "E[P_z(19)]": 0.0004476094,
                    "E[D_z]": null,
                    "E[mis_z]": null
                },
                {
                    "E[P_z(1)]": 0.002036762,
                    "E[P_z(2)]": 0.0007058849,
                    "E[P_z(3)]": 0.0004085507,
                    "E[P_z(4)]": 0.0002661375,
                    "E[P_z(5)]": 0.0001854692,
                    "E[P_z(6)]": 0.0001302276,
                    "E[P_z(7)]": 0.0001131735,
                    "E[P_z(8)]": 0.0001024667,
                    "E[P_z(9)]": 7.73742e-05,
                    "E[P_z(10)]": 6.7291e-05,
                    "E[P_z(11)]": 6.69174e-05,
                    "E[P_z(12)]": 6.481e-05,
                    "E[P_z(13)]": 5.9182e-05,
                    "E[P_z(14)]": 5.31097e-05,
                    "E[P_z(15)]": 5.50154e-05,
                    "E[P_z(16)]": 6.13871e-05,
                    "E[P_z(17)]": 6.826e-05,
                    "E[P_z(18)]": 7.47452e-05,
                    "E[P_z(19)]": 9.31096e-05,
                    "E[D_z]": null,
                    "E[mis_z]": null
                }
            ],
            "alpha": 0.9084465742880308,
            "execution_time": 850.1185569763184
        }
    }
}