{
    "output_file": "/scratch/38995947/tmpwbmy3tcu",
    "model": "C",
    "likelihood": -242.304,
    "criteria": 0.00033,
    "params_mle": {
        "eps": 0,
        "eps_cont": 0,
        "lambda": 0,
        "theta_bar": 0.003243342,
        "a": -1,
        "S_d": -96.32878,
        "b": 0.3455512,
        "p_b": 0,
        "S_b": 1,
        "r": [
            0.940862,
            0.9202944,
            0.9332574,
            0.987278,
            0.8127634,
            0.9046271,
            0.9267009,
            0.8867791,
            0.963588,
            0.9437655,
            0.8804332,
            0.8310847,
            1.000432,
            0.9527264,
            0.92792,
            1.09009,
            1.232844,
            1.560674
        ]
    },
    "n": 20,
    "expec": [
        {
            "E[P_z(1)]": 0.003243342,
            "E[P_z(2)]": 0.001525769,
            "E[P_z(3)]": 0.0009949432,
            "E[P_z(4)]": 0.0007567183,
            "E[P_z(5)]": 0.0006404161,
            "E[P_z(6)]": 0.000439345,
            "E[P_z(7)]": 0.000419145,
            "E[P_z(8)]": 0.000375701,
            "E[P_z(9)]": 0.0003195698,
            "E[P_z(10)]": 0.0003125246,
            "E[P_z(11)]": 0.0002782686,
            "E[P_z(12)]": 0.0002379622,
            "E[P_z(13)]": 0.0002073456,
            "E[P_z(14)]": 0.0002317675,
            "E[P_z(15)]": 0.0002060012,
            "E[P_z(16)]": 0.0001880976,
            "E[P_z(17)]": 0.0002079726,
            "E[P_z(18)]": 0.0002221409,
            "E[P_z(19)]": 0.0002664104,
            "E[D_z]": null,
            "E[mis_z]": null
        },
        {
            "E[P_z(1)]": 0.001599215,
            "E[P_z(2)]": 0.0005620781,
            "E[P_z(3)]": 0.0003133524,
            "E[P_z(4)]": 0.0002150939,
            "E[P_z(5)]": 0.0001688622,
            "E[P_z(6)]": 0.0001092188,
            "E[P_z(7)]": 9.92855e-05,
            "E[P_z(8)]": 8.54325e-05,
            "E[P_z(9)]": 7.01435e-05,
            "E[P_z(10)]": 6.64919e-05,
            "E[P_z(11)]": 5.75772e-05,
            "E[P_z(12)]": 4.80129e-05,
            "E[P_z(13)]": 4.08851e-05,
            "E[P_z(14)]": 4.47451e-05,
            "E[P_z(15)]": 3.90002e-05,
            "E[P_z(16)]": 3.49678e-05,
            "E[P_z(17)]": 3.80092e-05,
            "E[P_z(18)]": 3.99534e-05,
            "E[P_z(19)]": 4.71968e-05,
            "E[D_z]": null,
            "E[mis_z]": null
        }
    ],
    "alpha": 0.0,
    "execution_time": 107.11677575111389
}