{
    "output_file": "/scratch/38995553/tmp43ksz3xi",
    "model": "C",
    "likelihood": -154.2779,
    "criteria": 9e-05,
    "params_mle": {
        "eps": 0,
        "eps_cont": 0,
        "lambda": 0,
        "theta_bar": 0.0008788282,
        "a": -1,
        "S_d": -219.9978,
        "b": 0.3798409,
        "p_b": 0,
        "S_b": 1,
        "r": [
            1.040361,
            1.07588,
            1.195093,
            1.233598,
            0.8779416,
            1.18884,
            0.887291,
            1.189297,
            0.8685793,
            0.9640033,
            1.010901,
            1.359893,
            1.125715,
            1.400749,
            1.005852,
            1.346068,
            0.8681898,
            1.420832
        ]
    },
    "n": 20,
    "expec": [
        {
            "E[P_z(1)]": 0.0008788282,
            "E[P_z(2)]": 0.0004571492,
            "E[P_z(3)]": 0.0003151714,
            "E[P_z(4)]": 0.0002625703,
            "E[P_z(5)]": 0.0002168242,
            "E[P_z(6)]": 0.0001285933,
            "E[P_z(7)]": 0.0001492552,
            "E[P_z(8)]": 9.7472e-05,
            "E[P_z(9)]": 0.000116132,
            "E[P_z(10)]": 7.63332e-05,
            "E[P_z(11)]": 7.70176e-05,
            "E[P_z(12)]": 7.40341e-05,
            "E[P_z(13)]": 9.19317e-05,
            "E[P_z(14)]": 7.0665e-05,
            "E[P_z(15)]": 8.20678e-05,
            "E[P_z(16)]": 5.52482e-05,
            "E[P_z(17)]": 6.9586e-05,
            "E[P_z(18)]": 4.23883e-05,
            "E[P_z(19)]": 6.57193e-05,
            "E[D_z]": null,
            "E[mis_z]": null
        },
        {
            "E[P_z(1)]": 0.0003243835,
            "E[P_z(2)]": 0.0001176179,
            "E[P_z(3)]": 6.76096e-05,
            "E[P_z(4)]": 5.01437e-05,
            "E[P_z(5)]": 3.80592e-05,
            "E[P_z(6)]": 2.11356e-05,
            "E[P_z(7)]": 2.32484e-05,
            "E[P_z(8)]": 1.45096e-05,
            "E[P_z(9)]": 1.66231e-05,
            "E[P_z(10)]": 1.0556e-05,
            "E[P_z(11)]": 1.03278e-05,
            "E[P_z(12)]": 9.6556e-06,
            "E[P_z(13)]": 1.16898e-05,
            "E[P_z(14)]": 8.7788e-06,
            "E[P_z(15)]": 9.978e-06,
            "E[P_z(16)]": 6.5839e-06,
            "E[P_z(17)]": 8.1385e-06,
            "E[P_z(18)]": 4.871e-06,
            "E[P_z(19)]": 7.4276e-06,
            "E[D_z]": null,
            "E[mis_z]": null
        }
    ],
    "alpha": 0.0,
    "execution_time": 80.6121301651001
}