{
    "output_file": "/scratch/38996105/tmp2gos0tic",
    "model": "C",
    "likelihood": -143.206,
    "criteria": 9e-05,
    "params_mle": {
        "eps": 0.008357053,
        "eps_cont": 0,
        "lambda": 0,
        "theta_bar": 0.0009136191,
        "a": -1,
        "S_d": -291.6956,
        "b": 0.3591786,
        "p_b": 0,
        "S_b": 1,
        "r": [
            1.050312,
            1.010193,
            1.198169,
            1.197541,
            0.9350725,
            1.074346,
            0.9457442,
            1.306213,
            1.032626,
            0.8722019,
            0.970644,
            1.439732,
            0.8937621,
            1.021994,
            0.8800329,
            1.176416,
            0.7914908,
            0.9251786
        ]
    },
    "n": 20,
    "expec": [
        {
            "E[P_z(1)]": 0.0009063557,
            "E[P_z(2)]": 0.0004761185,
            "E[P_z(3)]": 0.0003056012,
            "E[P_z(4)]": 0.0002718005,
            "E[P_z(5)]": 0.0002175108,
            "E[P_z(6)]": 0.0001416809,
            "E[P_z(7)]": 0.0001398941,
            "E[P_z(8)]": 0.0001077212,
            "E[P_z(9)]": 0.0001320951,
            "E[P_z(10)]": 9.43427e-05,
            "E[P_z(11)]": 7.29446e-05,
            "E[P_z(12)]": 7.41849e-05,
            "E[P_z(13)]": 0.0001015083,
            "E[P_z(14)]": 5.90281e-05,
            "E[P_z(15)]": 6.3556e-05,
            "E[P_z(16)]": 5.2118e-05,
            "E[P_z(17)]": 6.52659e-05,
            "E[P_z(18)]": 4.38473e-05,
            "E[P_z(19)]": 5.17508e-05,
            "E[D_z]": null,
            "E[mis_z]": null
        },
        {
            "E[P_z(1)]": 0.0003169835,
            "E[P_z(2)]": 0.0001171254,
            "E[P_z(3)]": 6.32044e-05,
            "E[P_z(4)]": 5.03594e-05,
            "E[P_z(5)]": 3.72035e-05,
            "E[P_z(6)]": 2.27692e-05,
            "E[P_z(7)]": 2.13621e-05,
            "E[P_z(8)]": 1.57643e-05,
            "E[P_z(9)]": 1.86349e-05,
            "E[P_z(10)]": 1.28851e-05,
            "E[P_z(11)]": 9.6858e-06,
            "E[P_z(12)]": 9.6008e-06,
            "E[P_z(13)]": 1.28359e-05,
            "E[P_z(14)]": 7.3281e-06,
            "E[P_z(15)]": 7.7756e-06,
            "E[P_z(16)]": 6.335e-06,
            "E[P_z(17)]": 7.8381e-06,
            "E[P_z(18)]": 5.5522e-06,
            "E[P_z(19)]": 7.6477e-06,
            "E[D_z]": null,
            "E[mis_z]": null
        }
    ],
    "alpha": 0.0,
    "execution_time": 209.53652620315552
}