{
    "output_file": "/scratch/40841748/tmp54xgpe7x",
    "model": "C",
    "likelihood": -197.1767,
    "criteria": 0.00011,
    "params_mle": {
        "eps": 4.50491e-06,
        "eps_cont": 0,
        "lambda": 0,
        "theta_bar": 0.000942884,
        "a": -1,
        "S_d": -48.6713,
        "b": 0.1307128,
        "p_b": 0.009310765,
        "S_b": 0.1094362,
        "r": [
            0.543576,
            0.4994747,
            0.4591866,
            0.473755,
            0.4351507,
            0.5188567,
            0.4599843,
            0.5145748,
            0.5358718,
            0.5843811,
            0.5780373,
            0.5448548,
            0.4178632,
            0.5359419,
            0.3694867,
            0.4433482,
            0.5832875,
            0.3880877,
            0.5436394,
            0.4932705,
            0.6015343,
            0.504473,
            0.7003265,
            0.5299406,
            0.7292418,
            0.6210099,
            0.7649372,
            2.009603
        ]
    },
    "n": 30,
    "expec": [
        {
            "E[P_z(1)]": 0.00094288,
            "E[P_z(2)]": 0.0002562635,
            "E[P_z(3)]": 0.0001569816,
            "E[P_z(4)]": 0.0001082395,
            "E[P_z(5)]": 8.93389e-05,
            "E[P_z(6)]": 6.83826e-05,
            "E[P_z(7)]": 6.98886e-05,
            "E[P_z(8)]": 5.42138e-05,
            "E[P_z(9)]": 5.39092e-05,
            "E[P_z(10)]": 5.05264e-05,
            "E[P_z(11)]": 5.00911e-05,
            "E[P_z(12)]": 4.54184e-05,
            "E[P_z(13)]": 3.9518e-05,
            "E[P_z(14)]": 2.81426e-05,
            "E[P_z(15)]": 3.36887e-05,
            "E[P_z(16)]": 2.1774e-05,
            "E[P_z(17)]": 2.45898e-05,
            "E[P_z(18)]": 3.05541e-05,
            "E[P_z(19)]": 1.92592e-05,
            "E[P_z(20)]": 2.56296e-05,
            "E[P_z(21)]": 2.21476e-05,
            "E[P_z(22)]": 2.57809e-05,
            "E[P_z(23)]": 2.06811e-05,
            "E[P_z(24)]": 2.75138e-05,
            "E[P_z(25)]": 1.99872e-05,
            "E[P_z(26)]": 2.64462e-05,
            "E[P_z(27)]": 2.16873e-05,
            "E[P_z(28)]": 2.57599e-05,
            "E[P_z(29)]": 6.53426e-05,
            "E[D_z]": null,
            "E[mis_z]": null
        },
        {
            "E[P_z(1)]": 0.0007230599,
            "E[P_z(2)]": 0.0001773874,
            "E[P_z(3)]": 0.0001027308,
            "E[P_z(4)]": 6.82313e-05,
            "E[P_z(5)]": 5.47755e-05,
            "E[P_z(6)]": 4.10172e-05,
            "E[P_z(7)]": 4.11693e-05,
            "E[P_z(8)]": 3.14492e-05,
            "E[P_z(9)]": 3.08585e-05,
            "E[P_z(10)]": 2.85839e-05,
            "E[P_z(11)]": 2.80409e-05,
            "E[P_z(12)]": 2.51841e-05,
            "E[P_z(13)]": 2.17228e-05,
            "E[P_z(14)]": 1.53466e-05,
            "E[P_z(15)]": 1.82354e-05,
            "E[P_z(16)]": 1.17051e-05,
            "E[P_z(17)]": 1.31339e-05,
            "E[P_z(18)]": 1.6221e-05,
            "E[P_z(19)]": 1.01664e-05,
            "E[P_z(20)]": 1.34563e-05,
            "E[P_z(21)]": 1.15687e-05,
            "E[P_z(22)]": 1.3401e-05,
            "E[P_z(23)]": 1.07002e-05,
            "E[P_z(24)]": 1.41723e-05,
            "E[P_z(25)]": 1.02516e-05,
            "E[P_z(26)]": 1.35092e-05,
            "E[P_z(27)]": 1.10349e-05,
            "E[P_z(28)]": 1.30577e-05,
            "E[P_z(29)]": 3.30022e-05,
            "E[D_z]": null,
            "E[mis_z]": null
        }
    ],
    "alpha": 0.020756040052770004,
    "execution_time": 1574.07351064682
}