{
    "output_file": "/scratch/38473998/tmpdtc3s2u7",
    "model": "C",
    "likelihood": -48.40597,
    "criteria": 0.00025,
    "params_mle": {
        "eps": 4.50008e-06,
        "eps_cont": 0,
        "lambda": 0,
        "theta_bar": 0.0008091496,
        "a": -1,
        "S_d": -9.467602,
        "b": 0.01017942,
        "p_b": 0.4835317,
        "S_b": 0.01069891,
        "r": [
            0.7411705,
            0.608051,
            0.6737101,
            0.5501878,
            0.9080791,
            0.6020798,
            0.8533803,
            1.084067
        ]
    },
    "n": 10,
    "expec": [
        {
            "E[P_z(1)]": 0.0008091464,
            "E[P_z(2)]": 0.000299858,
            "E[P_z(3)]": 0.000164001,
            "E[P_z(4)]": 0.000136283,
            "E[P_z(5)]": 8.90368e-05,
            "E[P_z(6)]": 0.000122462,
            "E[P_z(7)]": 6.95965e-05,
            "E[P_z(8)]": 8.6315e-05,
            "E[P_z(9)]": 9.74668e-05,
            "E[D_z]": null,
            "E[mis_z]": null
        },
        {
            "E[P_z(1)]": 0.0007935086,
            "E[P_z(2)]": 0.0002928302,
            "E[P_z(3)]": 0.0001598453,
            "E[P_z(4)]": 0.0001326721,
            "E[P_z(5)]": 8.66072e-05,
            "E[P_z(6)]": 0.0001190494,
            "E[P_z(7)]": 6.76265e-05,
            "E[P_z(8)]": 8.38424e-05,
            "E[P_z(9)]": 9.46487e-05,
            "E[D_z]": null,
            "E[mis_z]": null
        }
    ],
    "alpha": 0.7635226725180878,
    "execution_time": 3102.119799375534
}