{
    "output_file": "/scratch/38995768/tmp_st6x1hn",
    "model": "C",
    "likelihood": -152.6387,
    "criteria": 9e-05,
    "params_mle": {
        "eps": 0,
        "eps_cont": 0,
        "lambda": 0,
        "theta_bar": 0.0009160539,
        "a": -1,
        "S_d": -475.9221,
        "b": 0.3235267,
        "p_b": 0,
        "S_b": 1,
        "r": [
            1.035266,
            1.131791,
            1.140103,
            1.178045,
            0.9880824,
            1.059552,
            0.7401494,
            1.296142,
            0.9427277,
            1.002091,
            0.9689103,
            1.527655,
            1.076919,
            1.040089,
            0.9352056,
            1.202934,
            1.075315,
            1.231617
        ]
    },
    "n": 20,
    "expec": [
        {
            "E[P_z(1)]": 0.0009160539,
            "E[P_z(2)]": 0.0004741796,
            "E[P_z(3)]": 0.0003455938,
            "E[P_z(4)]": 0.0002610989,
            "E[P_z(5)]": 0.0002158306,
            "E[P_z(6)]": 0.0001508561,
            "E[P_z(7)]": 0.0001386581,
            "E[P_z(8)]": 8.47521e-05,
            "E[P_z(9)]": 0.0001319262,
            "E[P_z(10)]": 8.63589e-05,
            "E[P_z(11)]": 8.34518e-05,
            "E[P_z(12)]": 7.39645e-05,
            "E[P_z(13)]": 0.0001076472,
            "E[P_z(14)]": 7.04654e-05,
            "E[P_z(15)]": 6.35185e-05,
            "E[P_z(16)]": 5.35437e-05,
            "E[P_z(17)]": 6.48208e-05,
            "E[P_z(18)]": 5.47248e-05,
            "E[P_z(19)]": 5.93804e-05,
            "E[D_z]": null,
            "E[mis_z]": null
        },
        {
            "E[P_z(1)]": 0.0002976474,
            "E[P_z(2)]": 0.0001109391,
            "E[P_z(3)]": 6.91368e-05,
            "E[P_z(4)]": 4.73e-05,
            "E[P_z(5)]": 3.6389e-05,
            "E[P_z(6)]": 2.40486e-05,
            "E[P_z(7)]": 2.11146e-05,
            "E[P_z(8)]": 1.24164e-05,
            "E[P_z(9)]": 1.86919e-05,
            "E[P_z(10)]": 1.18806e-05,
            "E[P_z(11)]": 1.11827e-05,
            "E[P_z(12)]": 9.6786e-06,
            "E[P_z(13)]": 1.37841e-05,
            "E[P_z(14)]": 8.845e-06,
            "E[P_z(15)]": 7.8272e-06,
            "E[P_z(16)]": 6.4857e-06,
            "E[P_z(17)]": 7.7266e-06,
            "E[P_z(18)]": 6.4254e-06,
            "E[P_z(19)]": 6.8734e-06,
            "E[D_z]": null,
            "E[mis_z]": null
        }
    ],
    "alpha": 0.0,
    "execution_time": 104.4916844367981
}