{
    "py/object": "fastdfe.polydfe.PolyDFE",
    "logger": {
        "py/reduce": [
            {
                "py/function": "logging.getLogger"
            },
            {
                "py/tuple": [
                    "fastdfe.PolyDFE"
                ]
            }
        ]
    },
    "bootstraps": null,
    "config": {
        "py/object": "fastdfe.config.Config",
        "data": {
            "model": "GammaExpParametrization",
            "intervals_del": {
                "py/tuple": [
                    -100000000.0,
                    -1e-05,
                    1000
                ]
            },
            "intervals_ben": {
                "py/tuple": [
                    1e-05,
                    10000.0,
                    1000
                ]
            },
            "integration_mode": "midpoint",
            "linearized": true,
            "seed": 0,
            "opts_mle": {},
            "n_runs": 10,
            "x0": {
                "all": {
                    "S_b": 0.05627203,
                    "S_d": -26.88451,
                    "a": -1,
                    "b": 0.1464485,
                    "eps": 4.50288e-06,
                    "eps_cont": 0,
                    "lambda": 0,
                    "p_b": 0.004419742,
                    "r": [
                        0.4932568,
                        0.4490162,
                        0.411058,
                        0.4293708,
                        0.4059378,
                        0.3950674,
                        0.4836194,
                        0.4412304,
                        0.4459431,
                        0.5171633,
                        0.4880109,
                        0.499798,
                        0.5114526,
                        0.4705895,
                        0.3840001,
                        0.3914661,
                        0.4942643,
                        0.4410675,
                        0.4295933,
                        0.3836019,
                        0.3386893,
                        0.4566943,
                        0.4425798,
                        0.4623484,
                        0.424307,
                        0.4116725,
                        0.4906384,
                        0.4335386,
                        0.4045893,
                        0.5819833,
                        0.4816641,
                        0.5724359,
                        0.5396078,
                        0.5300813,
                        0.62822,
                        0.8578236,
                        0.810246,
                        2.052769
                    ],
                    "theta_bar": 0.001050261
                }
            },
            "bounds": {},
            "scales": {},
            "fixed_params": {},
            "shared_params": [],
            "covariates": [],
            "sfs_neut": {
                "py/object": "fastdfe.spectrum.Spectra",
                "data": {
                    "all": [
                        1037999.33330917,
                        1019.0,
                        267.0,
                        171.0,
                        115.0,
                        93.0,
                        69.0,
                        50.0,
                        66.0,
                        56.0,
                        35.0,
                        62.0,
                        62.0,
                        48.0,
                        55.0,
                        29.0,
                        28.0,
                        27.0,
                        31.0,
                        29.0,
                        31.0,
                        13.0,
                        9.0,
                        15.0,
                        25.0,
                        15.0,
                        17.0,
                        21.0,
                        10.0,
                        17.0,
                        16.0,
                        15.0,
                        23.0,
                        20.0,
                        20.0,
                        12.0,
                        19.0,
                        22.0,
                        18.0,
                        56.0,
                        0.0
                    ]
                }
            },
            "sfs_sel": {
                "py/object": "fastdfe.spectrum.Spectra",
                "data": {
                    "all": [
                        2843470.66669083,
                        2561.0,
                        537.0,
                        298.0,
                        221.0,
                        177.0,
                        102.0,
                        105.0,
                        116.0,
                        100.0,
                        83.0,
                        75.0,
                        36.0,
                        67.0,
                        53.0,
                        59.0,
                        44.0,
                        29.0,
                        63.0,
                        46.0,
                        33.0,
                        40.0,
                        31.0,
                        36.0,
                        30.0,
                        23.0,
                        31.0,
                        22.0,
                        25.0,
                        17.0,
                        15.0,
                        22.0,
                        17.0,
                        28.0,
                        31.0,
                        18.0,
                        20.0,
                        37.0,
                        48.0,
                        87.0,
                        0.0
                    ]
                }
            },
            "do_bootstrap": false,
            "n_bootstraps": 10,
            "parallelize": false,
            "loss_type": "likelihood"
        }
    },
    "output_file": null,
    "execution_time": 5785.3179087638855,
    "summary": {
        "py/object": "fastdfe.polydfe.PolyDFEResult",
        "output_file": "results/polydfe/hgdp/inference/1/opts.n.40.config.default/bootstraps/35/all.polydfe.txt",
        "postprocessing_source": "../resources/polydfe/postprocessing/script.R",
        "data": {
            "output_file": "/scratch/40841780/tmp6vu21v_o",
            "model": "C",
            "likelihood": -259.6427,
            "criteria": 0.00135,
            "params_mle": {
                "eps": 4.93566e-06,
                "eps_cont": 0,
                "lambda": 0,
                "theta_bar": 0.001012191,
                "a": -1,
                "S_d": -11.43051,
                "b": 0.7334486,
                "p_b": 0.249761,
                "S_b": 1.351974,
                "r": [
                    0.4819628,
                    0.4449704,
                    0.4431732,
                    0.4601321,
                    0.3591465,
                    0.3881458,
                    0.5302734,
                    0.5189758,
                    0.4415923,
                    0.5697981,
                    0.4484674,
                    0.5741743,
                    0.5840921,
                    0.5123299,
                    0.4487944,
                    0.3719385,
                    0.6624183,
                    0.5586345,
                    0.5021287,
                    0.4366398,
                    0.3450478,
                    0.4594409,
                    0.5161912,
                    0.3707167,
                    0.4857412,
                    0.4504911,
                    0.3789131,
                    0.3797041,
                    0.3565393,
                    0.4375636,
                    0.4856658,
                    0.5974886,
                    0.6499159,
                    0.3908418,
                    0.5187752,
                    0.8002776,
                    0.9116732,
                    2.008985
                ]
            },