{
    "output_file": "/scratch/38994877/tmp4rij29i9",
    "model": "C",
    "likelihood": -234.9385,
    "criteria": 9e-05,
    "params_mle": {
        "eps": 0,
        "eps_cont": 0,
        "lambda": 0,
        "theta_bar": 0.003173891,
        "a": -1,
        "S_d": -107.3044,
        "b": 0.3296192,
        "p_b": 0,
        "S_b": 1,
        "r": [
            0.9469638,
            0.9230956,
            0.9466103,
            0.9502794,
            0.8771146,
            0.9116737,
            0.9146468,
            0.9159601,
            0.9612144,
            0.8649103,
            0.980338,
            0.9128444,
            0.9628696,
            0.9582216,
            1.012621,
            1.209005,
            1.301762,
            1.559119
        ]
    },
    "n": 20,
    "expec": [
        {
            "E[P_z(1)]": 0.003173891,
            "E[P_z(2)]": 0.00150278,
            "E[P_z(3)]": 0.0009766015,
            "E[P_z(4)]": 0.0007511094,
            "E[P_z(5)]": 0.0006032166,
            "E[P_z(6)]": 0.0004639777,
            "E[P_z(7)]": 0.0004133647,
            "E[P_z(8)]": 0.0003628737,
            "E[P_z(9)]": 0.0003230175,
            "E[P_z(10)]": 0.0003050789,
            "E[P_z(11)]": 0.0002495574,
            "E[P_z(12)]": 0.0002592905,
            "E[P_z(13)]": 0.0002228668,
            "E[P_z(14)]": 0.0002182888,
            "E[P_z(15)]": 0.0002027527,
            "E[P_z(16)]": 0.0002008719,
            "E[P_z(17)]": 0.0002257206,
            "E[P_z(18)]": 0.0002295361,
            "E[P_z(19)]": 0.000260446,
            "E[D_z]": null,
            "E[mis_z]": null
        },
        {
            "E[P_z(1)]": 0.001550032,
            "E[P_z(2)]": 0.0005524081,
            "E[P_z(3)]": 0.0003087993,
            "E[P_z(4)]": 0.0002152972,
            "E[P_z(5)]": 0.0001609271,
            "E[P_z(6)]": 0.0001170086,
            "E[P_z(7)]": 9.95459e-05,
            "E[P_z(8)]": 8.40428e-05,
            "E[P_z(9)]": 7.23268e-05,
            "E[P_z(10)]": 6.63062e-05,
            "E[P_z(11)]": 5.28146e-05,
            "E[P_z(12)]": 5.35699e-05,
            "E[P_z(13)]": 4.50447e-05,
            "E[P_z(14)]": 4.32374e-05,
            "E[P_z(15)]": 3.94161e-05,
            "E[P_z(16)]": 3.83765e-05,
            "E[P_z(17)]": 4.24268e-05,
            "E[P_z(18)]": 4.24883e-05,
            "E[P_z(19)]": 4.75183e-05,
            "E[D_z]": null,
            "E[mis_z]": null
        }
    ],
    "alpha": 0.0,
    "execution_time": 288.42236495018005
}