{
    "output_file": "/scratch/40840265/tmpj0c28d11",
    "model": "C",
    "likelihood": -70.3656,
    "criteria": 0.00016,
    "params_mle": {
        "eps": 4.50073e-06,
        "eps_cont": 0,
        "lambda": 0,
        "theta_bar": 0.0006904303,
        "a": -1,
        "S_d": -5.372539,
        "b": 0.2970405,
        "p_b": 0.0009290647,
        "S_b": 0.007920238,
        "r": [
            0.7643286,
            0.802,
            0.8664768,
            0.8398982,
            0.8686239,
            0.7774001,
            0.9645405,
            1.120918
        ]
    },
    "n": 10,
    "expec": [
        {
            "E[P_z(1)]": 0.0006904275,
            "E[P_z(2)]": 0.000263857,
            "E[P_z(3)]": 0.0001845745,
            "E[P_z(4)]": 0.0001495602,
            "E[P_z(5)]": 0.0001159782,
            "E[P_z(6)]": 9.99543e-05,
            "E[P_z(7)]": 7.66777e-05,
            "E[P_z(8)]": 8.32443e-05,
            "E[P_z(9)]": 8.59933e-05,
            "E[D_z]": null,
            "E[mis_z]": null
        },
        {
            "E[P_z(1)]": 0.0005610047,
            "E[P_z(2)]": 0.0001885239,
            "E[P_z(3)]": 0.0001207906,
            "E[P_z(4)]": 9.17225e-05,
            "E[P_z(5)]": 6.7594e-05,
            "E[P_z(6)]": 5.58738e-05,
            "E[P_z(7)]": 4.13762e-05,
            "E[P_z(8)]": 4.35678e-05,
            "E[P_z(9)]": 4.38104e-05,
            "E[D_z]": null,
            "E[mis_z]": null
        }
    ],
    "alpha": 0.0029406701286958485,
    "execution_time": 134.8934018611908
}