{
    "py/object": "fastdfe.polydfe.PolyDFE",
    "logger": {
        "py/reduce": [
            {
                "py/function": "logging.getLogger"
            },
            {
                "py/tuple": [
                    "fastdfe.PolyDFE"
                ]
            }
        ]
    },
    "bootstraps": null,
    "config": {
        "py/object": "fastdfe.config.Config",
        "data": {
            "model": "GammaExpParametrization",
            "intervals_del": {
                "py/tuple": [
                    -100000000.0,
                    -1e-05,
                    1000
                ]
            },
            "intervals_ben": {
                "py/tuple": [
                    1e-05,
                    10000.0,
                    1000
                ]
            },
            "integration_mode": "midpoint",
            "linearized": true,
            "seed": 0,
            "opts_mle": {},
            "n_runs": 10,
            "x0": {
                "all": {
                    "S_b": 1.562568,
                    "S_d": -22188.79,
                    "a": -1,
                    "b": 0.1916524,
                    "eps": 0.007632547,
                    "eps_cont": 0,
                    "lambda": 0,
                    "p_b": 0.04617354,
                    "r": [
                        0.8275426,
                        0.7254075,
                        0.6568578,
                        0.602303,
                        0.5558673,
                        0.5172334,
                        0.4889478,
                        0.4709818,
                        0.4671859,
                        0.4710718,
                        0.4770928,
                        0.4916403,
                        0.5096436,
                        0.5365832,
                        0.5691288,
                        0.6256435,
                        0.7473002,
                        1.000285
                    ],
                    "theta_bar": 0.007669351
                }
            },
            "bounds": {},
            "scales": {},
            "fixed_params": {
                "all": {}
            },
            "shared_params": [],
            "covariates": [],
            "sfs_neut": {
                "py/object": "fastdfe.spectrum.Spectra",
                "data": {
                    "all": [
                        257325.66666666698,
                        1963.0,
                        811.0,
                        459.0,
                        349.0,
                        226.0,
                        207.0,
                        154.0,
                        123.0,
                        103.0,
                        75.0,
                        93.0,
                        95.0,
                        93.0,
                        80.0,
                        70.0,
                        67.0,
                        88.0,
                        97.0,
                        114.0,
                        0.0
                    ]
                }
            },
            "sfs_sel": {
                "py/object": "fastdfe.spectrum.Spectra",
                "data": {
                    "all": [
                        956698.333333333,
                        1939.0,
                        661.0,
                        424.0,
                        243.0,
                        179.0,
                        129.0,
                        107.0,
                        86.0,
                        74.0,
                        61.0,
                        59.0,
                        55.0,
                        58.0,
                        51.0,
                        62.0,
                        58.0,
                        48.0,
                        59.0,
                        92.0,
                        0.0
                    ]
                }
            },
            "do_bootstrap": null,
            "n_bootstraps": 10,
            "parallelize": true,
            "loss_type": "likelihood"
        }
    },
    "output_file": null,
    "execution_time": 1789.680906534195,
    "summary": {
        "py/object": "fastdfe.polydfe.PolyDFEResult",
        "output_file": "results/polydfe/pendula_C_full_anc/bootstraps/32/out.txt",
        "postprocessing_source": "../resources/polydfe/postprocessing/script.R",
        "data": {
            "output_file": "/scratch/38996485/tmpp7bohmez",
            "model": "C",
            "likelihood": -137.0143,
            "criteria": 0.00068,
            "params_mle": {
                "eps": 0.02306039,
                "eps_cont": 0,
                "lambda": 0,
                "theta_bar": 0.007648191,
                "a": -1,
                "S_d": -40504.9,
                "b": 0.1574726,
                "p_b": 0.01793134,
                "S_b": 0.6068303,
                "r": [
                    0.8083935,
                    0.7487488,
                    0.6810953,
                    0.5883796,
                    0.5904491,
                    0.5368567,
                    0.4928245,
                    0.4704702,
                    0.402142,
                    0.4943991,
                    0.5311658,
                    0.576292,
                    0.5288344,
                    0.5645368,
                    0.5469723,
                    0.605676,
                    0.6770018,
                    0.6688122
                ]
            },
            "n": 20,
            "expec": [
                {
                    "E[P_z(1)]": 0.007478029,
                    "E[P_z(2)]": 0.003026719,
                    "E[P_z(3)]": 0.001871123,
                    "E[P_z(4)]": 0.001278285,
                    "E[P_z(5)]": 0.0008858912,
                    "E[P_z(6)]": 0.0007419505,
                    "E[P_z(7)]": 0.000580861,
                    "E[P_z(8)]": 0.0004680939,
                    "E[P_z(9)]": 0.0003985125,
                    "E[P_z(10)]": 0.0003075659,
                    "E[P_z(11)]": 0.0003450434,
                    "E[P_z(12)]": 0.0003415963,
                    "E[P_z(13)]": 0.0003447535,
                    "E[P_z(14)]": 0.000299596,
                    "E[P_z(15)]": 0.0003019624,
                    "E[P_z(16)]": 0.0002854612,
                    "E[P_z(17)]": 0.000310225,
                    "E[P_z(18)]": 0.0003523125,
                    "E[P_z(19)]": 0.0004393832,
                    "E[D_z]": null,
                    "E[mis_z]": null
                },
                {
                    "E[P_z(1)]": 0.002016955,
                    "E[P_z(2)]": 0.0007042715,
                    "E[P_z(3)]": 0.0004072888,
                    "E[P_z(4)]": 0.0002668317,
                    "E[P_z(5)]": 0.0001794309,
                    "E[P_z(6)]": 0.0001468568,
                    "E[P_z(7)]": 0.0001128452,
                    "E[P_z(8)]": 8.95591e-05,
                    "E[P_z(9)]": 7.52759e-05,
                    "E[P_z(10)]": 5.74685e-05,
                    "E[P_z(11)]": 6.38764e-05,
                    "E[P_z(12)]": 6.27449e-05,
                    "E[P_z(13)]": 6.29221e-05,
                    "E[P_z(14)]": 5.44643e-05,
                    "E[P_z(15)]": 5.47389e-05,
                    "E[P_z(16)]": 5.19242e-05,
                    "E[P_z(17)]": 5.69346e-05,
                    "E[P_z(18)]": 6.63636e-05,
                    "E[P_z(19)]": 9.3983e-05,
                    "E[D_z]": null,
                    "E[mis_z]": null
                }
            ],
            "alpha": 0.14214863787742307,
            "execution_time": 1789.680906534195
        }
    }
}