{
    "output_file": "/scratch/38996485/tmpp7bohmez",
    "model": "C",
    "likelihood": -137.0143,
    "criteria": 0.00068,
    "params_mle": {
        "eps": 0.02306039,
        "eps_cont": 0,
        "lambda": 0,
        "theta_bar": 0.007648191,
        "a": -1,
        "S_d": -40504.9,
        "b": 0.1574726,
        "p_b": 0.01793134,
        "S_b": 0.6068303,
        "r": [
            0.8083935,
            0.7487488,
            0.6810953,
            0.5883796,
            0.5904491,
            0.5368567,
            0.4928245,
            0.4704702,
            0.402142,
            0.4943991,
            0.5311658,
            0.576292,
            0.5288344,
            0.5645368,
            0.5469723,
            0.605676,
            0.6770018,
            0.6688122
        ]
    },
    "n": 20,
    "expec": [
        {
            "E[P_z(1)]": 0.007478029,
            "E[P_z(2)]": 0.003026719,
            "E[P_z(3)]": 0.001871123,
            "E[P_z(4)]": 0.001278285,
            "E[P_z(5)]": 0.0008858912,
            "E[P_z(6)]": 0.0007419505,
            "E[P_z(7)]": 0.000580861,
            "E[P_z(8)]": 0.0004680939,
            "E[P_z(9)]": 0.0003985125,
            "E[P_z(10)]": 0.0003075659,
            "E[P_z(11)]": 0.0003450434,
            "E[P_z(12)]": 0.0003415963,
            "E[P_z(13)]": 0.0003447535,
            "E[P_z(14)]": 0.000299596,
            "E[P_z(15)]": 0.0003019624,
            "E[P_z(16)]": 0.0002854612,
            "E[P_z(17)]": 0.000310225,
            "E[P_z(18)]": 0.0003523125,
            "E[P_z(19)]": 0.0004393832,
            "E[D_z]": null,
            "E[mis_z]": null
        },
        {
            "E[P_z(1)]": 0.002016955,
            "E[P_z(2)]": 0.0007042715,
            "E[P_z(3)]": 0.0004072888,
            "E[P_z(4)]": 0.0002668317,
            "E[P_z(5)]": 0.0001794309,
            "E[P_z(6)]": 0.0001468568,
            "E[P_z(7)]": 0.0001128452,
            "E[P_z(8)]": 8.95591e-05,
            "E[P_z(9)]": 7.52759e-05,
            "E[P_z(10)]": 5.74685e-05,
            "E[P_z(11)]": 6.38764e-05,
            "E[P_z(12)]": 6.27449e-05,
            "E[P_z(13)]": 6.29221e-05,
            "E[P_z(14)]": 5.44643e-05,
            "E[P_z(15)]": 5.47389e-05,
            "E[P_z(16)]": 5.19242e-05,
            "E[P_z(17)]": 5.69346e-05,
            "E[P_z(18)]": 6.63636e-05,
            "E[P_z(19)]": 9.3983e-05,
            "E[D_z]": null,
            "E[mis_z]": null
        }
    ],
    "alpha": 0.14214863787742307,
    "execution_time": 1789.680906534195
}