{
    "output_file": "/scratch/40841275/tmphwx3s2uu",
    "model": "C",
    "likelihood": -134.4275,
    "criteria": 0.00025,
    "params_mle": {
        "eps": 4.49846e-06,
        "eps_cont": 0,
        "lambda": 0,
        "theta_bar": 0.0008352142,
        "a": -1,
        "S_d": -31.01423,
        "b": 0.1271238,
        "p_b": 0.003894559,
        "S_b": 0.03796111,
        "r": [
            0.5516316,
            0.5696292,
            0.5369736,
            0.5109146,
            0.5902972,
            0.5563462,
            0.441794,
            0.5247947,
            0.4715703,
            0.5564532,
            0.4915943,
            0.5058945,
            0.5473822,
            0.4725861,
            0.6308542,
            0.657189,
            0.8147188,
            1.408696
        ]
    },
    "n": 20,
    "expec": [
        {
            "E[P_z(1)]": 0.0008352107,
            "E[P_z(2)]": 0.0002303644,
            "E[P_z(3)]": 0.0001585869,
            "E[P_z(4)]": 0.0001121216,
            "E[P_z(5)]": 8.53444e-05,
            "E[P_z(6)]": 8.21705e-05,
            "E[P_z(7)]": 6.6381e-05,
            "E[P_z(8)]": 4.6124e-05,
            "E[P_z(9)]": 4.87017e-05,
            "E[P_z(10)]": 3.93862e-05,
            "E[P_z(11)]": 4.22507e-05,
            "E[P_z(12)]": 3.42156e-05,
            "E[P_z(13)]": 3.25025e-05,
            "E[P_z(14)]": 3.2656e-05,
            "E[P_z(15)]": 2.63143e-05,
            "E[P_z(16)]": 3.29315e-05,
            "E[P_z(17)]": 3.22884e-05,
            "E[P_z(18)]": 3.78045e-05,
            "E[P_z(19)]": 6.19278e-05,
            "E[D_z]": null,
            "E[mis_z]": null
        },
        {
            "E[P_z(1)]": 0.0006474356,
            "E[P_z(2)]": 0.0001618681,
            "E[P_z(3)]": 0.0001056043,
            "E[P_z(4)]": 7.20385e-05,
            "E[P_z(5)]": 5.33978e-05,
            "E[P_z(6)]": 5.03435e-05,
            "E[P_z(7)]": 3.99704e-05,
            "E[P_z(8)]": 2.7366e-05,
            "E[P_z(9)]": 2.85268e-05,
            "E[P_z(10)]": 2.28093e-05,
            "E[P_z(11)]": 2.42201e-05,
            "E[P_z(12)]": 1.94335e-05,
            "E[P_z(13)]": 1.83051e-05,
            "E[P_z(14)]": 1.82488e-05,
            "E[P_z(15)]": 1.45989e-05,
            "E[P_z(16)]": 1.81472e-05,
            "E[P_z(17)]": 1.76807e-05,
            "E[P_z(18)]": 2.05784e-05,
            "E[P_z(19)]": 3.35212e-05,
            "E[D_z]": null,
            "E[mis_z]": null
        }
    ],
    "alpha": 0.008411696293837725,
    "execution_time": 401.6788775920868
}