{
    "py/object": "fastdfe.polydfe.PolyDFE",
    "logger": {
        "py/reduce": [
            {
                "py/function": "logging.getLogger"
            },
            {
                "py/tuple": [
                    "fastdfe.PolyDFE"
                ]
            }
        ]
    },
    "bootstraps": null,
    "config": {
        "py/object": "fastdfe.config.Config",
        "data": {
            "model": "GammaExpParametrization",
            "intervals_del": {
                "py/tuple": [
                    -100000000.0,
                    -1e-05,
                    1000
                ]
            },
            "intervals_ben": {
                "py/tuple": [
                    1e-05,
                    10000.0,
                    1000
                ]
            },
            "integration_mode": "midpoint",
            "linearized": true,
            "seed": 0,
            "opts_mle": {},
            "n_runs": 10,
            "x0": {
                "all": {
                    "S_b": 0.05328228,
                    "S_d": -33.44406,
                    "a": -1,
                    "b": 0.1398527,
                    "eps": 4.50451e-06,
                    "eps_cont": 0,
                    "lambda": 0,
                    "p_b": 0.005009714,
                    "r": [
                        0.5834314,
                        0.499803,
                        0.5581096,
                        0.5076067,
                        0.557493,
                        0.6522272,
                        0.6050956,
                        0.5227928,
                        0.5765882,
                        0.4982845,
                        0.5150672,
                        0.5206269,
                        0.482151,
                        0.5460091,
                        0.5199818,
                        0.523935,
                        0.5814646,
                        0.6159988,
                        0.7697745,
                        0.7047025,
                        0.6593795,
                        0.914738,
                        1.558127
                    ],
                    "theta_bar": 0.0008647194
                }
            },
            "bounds": {},
            "scales": {},
            "fixed_params": {},
            "shared_params": [],
            "covariates": [],
            "sfs_neut": {
                "py/object": "fastdfe.spectrum.Spectra",
                "data": {
                    "all": [
                        1039450.17546773,
                        858.0,
                        239.0,
                        124.0,
                        140.0,
                        85.0,
                        82.0,
                        69.0,
                        73.0,
                        49.0,
                        57.0,
                        43.0,
                        40.0,
                        29.0,
                        28.0,
                        42.0,
                        38.0,
                        34.0,
                        31.0,
                        39.0,
                        43.0,
                        26.0,
                        28.0,
                        34.0,
                        45.0,
                        0.0
                    ]
                }
            },
            "sfs_sel": {
                "py/object": "fastdfe.spectrum.Spectra",
                "data": {
                    "all": [
                        2843489.82453227,
                        1893.0,
                        533.0,
                        315.0,
                        224.0,
                        165.0,
                        122.0,
                        132.0,
                        95.0,
                        100.0,
                        78.0,
                        60.0,
                        52.0,
                        58.0,
                        35.0,
                        45.0,
                        38.0,
                        42.0,
                        39.0,
                        30.0,
                        46.0,
                        44.0,
                        38.0,
                        57.0,
                        102.0,
                        0.0
                    ]
                }
            },
            "do_bootstrap": false,
            "n_bootstraps": 10,
            "parallelize": false,
            "loss_type": "likelihood"
        }
    },
    "output_file": null,
    "execution_time": 360.0649483203888,
    "summary": {
        "py/object": "fastdfe.polydfe.PolyDFEResult",
        "output_file": "results/polydfe/hgdp/inference/1/opts.n.25.config.default/bootstraps/90/all.polydfe.txt",
        "postprocessing_source": "../resources/polydfe/postprocessing/script.R",
        "data": {
            "output_file": "/scratch/40841282/tmpj6jbhtx1",
            "model": "C",
            "likelihood": -168.1943,
            "criteria": 8e-05,
            "params_mle": {
                "eps": 4.50802e-06,
                "eps_cont": 0,
                "lambda": 0,
                "theta_bar": 0.0007986757,
                "a": -1,
                "S_d": -10.00204,
                "b": 0.2277556,
                "p_b": 0.005003511,
                "S_b": 0.05326857,
                "r": [
                    0.6029349,
                    0.5393091,
                    0.6170958,
                    0.5440156,
                    0.5441966,
                    0.6367765,
                    0.6175635,
                    0.624372,
                    0.63593,
                    0.5393072,
                    0.5304898,
                    0.5481488,
                    0.4308557,
                    0.6421498,
                    0.6024302,
                    0.6441501,
                    0.6319285,
                    0.6611922,
                    0.9024782,
                    0.7490325,
                    0.743381,
                    1.076394,
                    1.822138
                ]
            },
            "n": 25,
            "expec": [
                {
                    "E[P_z(1)]": 0.0007986724,
                    "E[P_z(2)]": 0.0002407738,
                    "E[P_z(3)]": 0.0001435772,
                    "E[P_z(4)]": 0.0001232144,
                    "E[P_z(5)]": 8.68982e-05,
                    "E[P_z(6)]": 7.24392e-05,
                    "E[P_z(7)]": 7.26538e-05,
                    "E[P_z(8)]": 6.1654e-05,
                    "E[P_z(9)]": 5.54077e-05,
                    "E[P_z(10)]": 5.07901e-05,
                    "E[P_z(11)]": 3.91573e-05,
                    "E[P_z(12)]": 3.53074e-05,
                    "E[P_z(13)]": 3.36764e-05,
                    "E[P_z(14)]": 2.45796e-05,
                    "E[P_z(15)]": 3.41914e-05,
                    "E[P_z(16)]": 3.00718e-05,
                    "E[P_z(17)]": 3.02629e-05,
                    "E[P_z(18)]": 2.80394e-05,
                    "E[P_z(19)]": 2.77938e-05,
                    "E[P_z(20)]": 3.60396e-05,
                    "E[P_z(21)]": 2.84878e-05,
                    "E[P_z(22)]": 2.69878e-05,
                    "E[P_z(23)]": 3.73787e-05,
                    "E[P_z(24)]": 6.06407e-05,
                    "E[D_z]": null,
                    "E[mis_z]": null
                },
                {
                    "E[P_z(1)]": 0.0006738399,
                    "E[P_z(2)]": 0.0001830111,
                    "E[P_z(3)]": 0.0001016318,
                    "E[P_z(4)]": 8.2745e-05,
                    "E[P_z(5)]": 5.5999e-05,
                    "E[P_z(6)]": 4.51355e-05,
                    "E[P_z(7)]": 4.40035e-05,
                    "E[P_z(8)]": 3.64397e-05,
                    "E[P_z(9)]": 3.20529e-05,
                    "E[P_z(10)]": 2.88258e-05,
                    "E[P_z(11)]": 2.18444e-05,
                    "E[P_z(12)]": 1.93907e-05,
                    "E[P_z(13)]": 1.82312e-05,