{
    "output_file": "/scratch/40841509/tmp_ican6ae",
    "model": "C",
    "likelihood": -162.1043,
    "criteria": 0.00077,
    "params_mle": {
        "eps": 4.5047e-06,
        "eps_cont": 0,
        "lambda": 0,
        "theta_bar": 0.0008687511,
        "a": -1,
        "S_d": -33.71725,
        "b": 0.1526744,
        "p_b": 0.005003499,
        "S_b": 0.05326846,
        "r": [
            0.5929635,
            0.48811,
            0.5695569,
            0.534707,
            0.5875632,
            0.6549257,
            0.5184984,
            0.4932425,
            0.5703637,
            0.5184245,
            0.5530169,
            0.5672474,
            0.5630735,
            0.5029352,
            0.479926,
            0.5673778,
            0.4523767,
            0.6391931,
            0.7127711,
            0.5929097,
            0.7790704,
            0.8605036,
            1.664464
        ]
    },
    "n": 25,
    "expec": [
        {
            "E[P_z(1)]": 0.0008687475,
            "E[P_z(2)]": 0.0002575678,
            "E[P_z(3)]": 0.0001413482,
            "E[P_z(4)]": 0.0001237004,
            "E[P_z(5)]": 9.29052e-05,
            "E[P_z(6)]": 8.50741e-05,
            "E[P_z(7)]": 8.12808e-05,
            "E[P_z(8)]": 5.63056e-05,
            "E[P_z(9)]": 4.76116e-05,
            "E[P_z(10)]": 4.95503e-05,
            "E[P_z(11)]": 4.09438e-05,
            "E[P_z(12)]": 4.00362e-05,
            "E[P_z(13)]": 3.79075e-05,
            "E[P_z(14)]": 3.49408e-05,
            "E[P_z(15)]": 2.91285e-05,
            "E[P_z(16)]": 2.60586e-05,
            "E[P_z(17)]": 2.89948e-05,
            "E[P_z(18)]": 2.18338e-05,
            "E[P_z(19)]": 2.92266e-05,
            "E[P_z(20)]": 3.09613e-05,
            "E[P_z(21)]": 2.45286e-05,
            "E[P_z(22)]": 3.0765e-05,
            "E[P_z(23)]": 3.25038e-05,
            "E[P_z(24)]": 6.02539e-05,
            "E[D_z]": null,
            "E[mis_z]": null
        },
        {
            "E[P_z(1)]": 0.0006640442,
            "E[P_z(2)]": 0.0001758194,
            "E[P_z(3)]": 9.05215e-05,
            "E[P_z(4)]": 7.58889e-05,
            "E[P_z(5)]": 5.52023e-05,
            "E[P_z(6)]": 4.92843e-05,
            "E[P_z(7)]": 4.61115e-05,
            "E[P_z(8)]": 3.13793e-05,
            "E[P_z(9)]": 2.61267e-05,
            "E[P_z(10)]": 2.68212e-05,
            "E[P_z(11)]": 2.18927e-05,
            "E[P_z(12)]": 2.11711e-05,
            "E[P_z(13)]": 1.9843e-05,
            "E[P_z(14)]": 1.812e-05,
            "E[P_z(15)]": 1.49756e-05,
            "E[P_z(16)]": 1.32897e-05,
            "E[P_z(17)]": 1.46759e-05,
            "E[P_z(18)]": 1.09731e-05,
            "E[P_z(19)]": 1.45903e-05,
            "E[P_z(20)]": 1.53586e-05,
            "E[P_z(21)]": 1.20944e-05,
            "E[P_z(22)]": 1.50826e-05,
            "E[P_z(23)]": 1.58481e-05,
            "E[P_z(24)]": 2.92254e-05,
            "E[D_z]": null,
            "E[mis_z]": null
        }
    ],
    "alpha": 0.011765754795703638,
    "execution_time": 371.4115288257599
}