{
    "output_file": "/scratch/40840062/tmpercjdsc8",
    "model": "C",
    "likelihood": -32.7835,
    "criteria": 8e-05,
    "params_mle": {
        "eps": 4.46469e-06,
        "eps_cont": 0,
        "lambda": 0,
        "theta_bar": 0.000605892,
        "a": -1,
        "S_d": -5.918012,
        "b": 0.4302883,
        "p_b": 0.009483204,
        "S_b": 0.1083703,
        "r": [
            0.9679705,
            0.900422,
            0.8985425
        ]
    },
    "n": 5,
    "expec": [
        {
            "E[P_z(1)]": 0.0006058899,
            "E[P_z(2)]": 0.0002932423,
            "E[P_z(3)]": 0.0001818533,
            "E[P_z(4)]": 0.000136107,
            "E[D_z]": null,
            "E[mis_z]": null
        },
        {
            "E[P_z(1)]": 0.0004255662,
            "E[P_z(2)]": 0.0001674044,
            "E[P_z(3)]": 9.07304e-05,
            "E[P_z(4)]": 6.16666e-05,
            "E[D_z]": null,
            "E[mis_z]": null
        }
    ],
    "alpha": 0.026502211302544102,
    "execution_time": 37.54956388473511
}