{
    "likelihood": -74.26702065523843,
    "L2_residual": 30.566877802388692,
    "params_mle": {
        "S_d": -426.0769511026263,
        "b": 10.0,
        "p_b": 0.23378575039956204,
        "S_b": 0.0001,
        "eps": 0.0
    },
    "alpha": 0.9048421541659311,
    "result": {
        "fun": 71.99007219881095,
        "jac": [
            -0.00029558577987261566,
            -0.0007503331251924225,
            -0.00015489831647723346,
            0.0017323032003111467,
            5.936611557899596
        ],
        "nfev": 732,
        "njev": 122,
        "nit": 96,
        "status": 0,
        "message": "CONVERGENCE: REL_REDUCTION_OF_F_<=_FACTR*EPSMCH",
        "x": [
            -2.6294880414060686,
            1.0,
            0.23378575039956204,
            -4.0,
            0.0
        ],
        "success": true,
        "hess_inv": "<5x5 LbfgsInvHessProduct with dtype=float64>"
    },
    "execution_time": 14.816902160644531,
    "sfs_mle": [
        0.0,
        6008.142516116875,
        1817.668595533228,
        1007.2688216641693,
        659.623707090024,
        463.9203955851781,
        342.32776646958325,
        265.57846055175173,
        218.56253090392553,
        191.10607531749687,
        175.56743221950546,
        166.42971895140795,
        160.09890845165268,
        154.2259414798497,
        146.728182332857,
        135.26399244080488,
        117.7356855980135,
        93.58177188687586,
        64.90416198959836,
        36.411086804625555,
        0.0
    ],
    "fixed_params": {},
    "bounds": {
        "S_d": [
            -100000.0,
            -0.01
        ],
        "b": [
            0.01,
            10
        ],
        "p_b": [
            0,
            0.5
        ],
        "S_b": [
            0.0001,
            100
        ],
        "eps": [
            0,
            0.15
        ]
    },
    "config": {
        "model": "GammaExpParametrization",
        "intervals_del": [
            -100000000.0,
            -1e-05,
            1000
        ],
        "intervals_ben": [
            1e-05,
            10000.0,
            1000
        ],
        "integration_mode": "midpoint",
        "linearized": true,
        "seed": 0,
        "opts_mle": {},
        "n_runs": 10,
        "x0": {
            "all": {
                "S_d": -20000.0,
                "b": 0.2,
                "p_b": 0.05,
                "S_b": 2.0,
                "eps": 0.05,
                "a": 2.0,
                "lambda": 0.005,
                "theta_bar": 0.001
            }
        },
        "bounds": {
            "S_d": [
                -100000.0,
                -0.01
            ],
            "b": [
                0.01,
                10
            ],
            "p_b": [
                0,
                0.5
            ],
            "S_b": [
                0.0001,
                100
            ],
            "eps": [
                0,
                0.15
            ]
        },
        "scales": {
            "S_d": "log",
            "b": "log",
            "p_b": "lin",
            "S_b": "log",
            "eps": "lin"
        },
        "fixed_params": {
            "all": {}
        },
        "shared_params": [],
        "covariates": [],
        "sfs_neut": {
            "all": [
                249220.24107671855,
                6040.167973003149,
                2106.1538925617215,
                1176.5323491075524,
                770.814371468484,
                542.1355467032516,
                400.042661468532,
                310.35308040454527,
                255.41000053152615,
                223.32413050183519,
                205.16538347306448,
                194.48673227097794,
                187.0882192546798,
                180.22476635984472,
                171.46265701183142,
                158.06553455292487,
                137.58214316888427,
                109.35639570576404,
                75.84456092646988,
                42.548524806413155,
                0.0
            ]
        },
        "sfs_sel": {
            "all": [
                948617.843718535,
                6008.273791641998,
                1816.0958900891053,
                1012.0587011539959,
                671.5352384579869,
                476.5821103400826,
                352.89230095207284,
                272.5593232025768,
                221.09098747235362,
                189.08984167582582,
                169.6208788217283,
                157.5902906662622,
                149.6817933568055,
                143.85865608984918,
                138.25202893936248,
                130.2304243168933,
                116.65222007485173,
                95.37579082755902,
                67.0911065546041,
                36.62490683101765,
                0.0
            ]
        },
        "do_bootstrap": true,
        "n_bootstraps": 100,
        "parallelize": true,
        "loss_type": "likelihood"
    }
}