{
    "output_file": "/scratch/40840331/tmp6ue7oiwv",
    "model": "C",
    "likelihood": -67.55698,
    "criteria": 7e-05,
    "params_mle": {
        "eps": 4.50018e-06,
        "eps_cont": 0,
        "lambda": 0,
        "theta_bar": 0.0007133731,
        "a": -1,
        "S_d": -10.05186,
        "b": 0.1969856,
        "p_b": 0.0009295731,
        "S_b": 0.007920504,
        "r": [
            0.7870215,
            0.8354393,
            0.7898669,
            0.809905,
            0.7633778,
            0.8685271,
            0.9900617,
            0.9907983
        ]
    },
    "n": 10,
    "expec": [
        {
            "E[P_z(1)]": 0.0007133703,
            "E[P_z(2)]": 0.0002807191,
            "E[P_z(3)]": 0.0001986595,
            "E[P_z(4)]": 0.0001408672,
            "E[P_z(5)]": 0.0001155529,
            "E[P_z(6)]": 9.07624e-05,
            "E[P_z(7)]": 8.85125e-05,
            "E[P_z(8)]": 8.82863e-05,
            "E[P_z(9)]": 7.85372e-05,
            "E[D_z]": null,
            "E[mis_z]": null
        },
        {
            "E[P_z(1)]": 0.0005529247,
            "E[P_z(2)]": 0.0001923675,
            "E[P_z(3)]": 0.0001265011,
            "E[P_z(4)]": 8.52768e-05,
            "E[P_z(5)]": 6.73308e-05,
            "E[P_z(6)]": 5.12929e-05,
            "E[P_z(7)]": 4.87624e-05,
            "E[P_z(8)]": 4.75861e-05,
            "E[P_z(9)]": 4.15289e-05,
            "E[D_z]": null,
            "E[mis_z]": null
        }
    ],
    "alpha": 0.0027954240555030344,
    "execution_time": 49.0387749671936
}