{
    "output_file": "/scratch/40840210/tmpmpadj0sg",
    "model": "C",
    "likelihood": -35.89686,
    "criteria": 0.00038,
    "params_mle": {
        "eps": 4.49427e-06,
        "eps_cont": 0,
        "lambda": 0,
        "theta_bar": 0.0006255845,
        "a": -1,
        "S_d": -37.83024,
        "b": 0.1451487,
        "p_b": 0.01424693,
        "S_b": 0.125412,
        "r": [
            0.9443673,
            0.914454,
            0.8935183
        ]
    },
    "n": 5,
    "expec": [
        {
            "E[P_z(1)]": 0.0006255823,
            "E[P_z(2)]": 0.0002953903,
            "E[P_z(3)]": 0.0001906899,
            "E[P_z(4)]": 0.000139745,
            "E[D_z]": null,
            "E[mis_z]": null
        },
        {
            "E[P_z(1)]": 0.0004027649,
            "E[P_z(2)]": 0.0001685391,
            "E[P_z(3)]": 0.0001025401,
            "E[P_z(4)]": 7.2317e-05,
            "E[D_z]": null,
            "E[mis_z]": null
        }
    ],
    "alpha": 0.03197661710397191,
    "execution_time": 19.54257345199585
}