{
    "output_file": "/scratch/40841701/tmpq7cvt3sd",
    "model": "C",
    "likelihood": -190.7347,
    "criteria": 0.00128,
    "params_mle": {
        "eps": 4.75525e-06,
        "eps_cont": 0,
        "lambda": 0,
        "theta_bar": 0.0008867738,
        "a": -1,
        "S_d": -26.95311,
        "b": 0.1714642,
        "p_b": 0.03703236,
        "S_b": 8.672614,
        "r": [
            0.6301114,
            0.5194355,
            0.5043972,
            0.5128038,
            0.5687106,
            0.5072304,
            0.532109,
            0.6298769,
            0.5356631,
            0.620403,
            0.5981155,
            0.644688,
            0.5160061,
            0.6441685,
            0.4195718,
            0.4313371,
            0.4874415,
            0.2694277,
            0.6424238,
            0.6095164,
            0.5420935,
            0.611793,
            0.6835337,
            0.5492217,
            0.5742517,
            0.5969356,
            0.8578489,
            1.453386
        ]
    },
    "n": 30,
    "expec": [
        {
            "E[P_z(1)]": 0.0008867698,
            "E[P_z(2)]": 0.000279382,
            "E[P_z(3)]": 0.00015354,
            "E[P_z(4)]": 0.0001118211,
            "E[P_z(5)]": 9.09479e-05,
            "E[P_z(6)]": 8.40527e-05,
            "E[P_z(7)]": 6.42568e-05,
            "E[P_z(8)]": 5.89824e-05,
            "E[P_z(9)]": 6.20619e-05,
            "E[P_z(10)]": 4.75011e-05,
            "E[P_z(11)]": 5.00141e-05,
            "E[P_z(12)]": 4.41993e-05,
            "E[P_z(13)]": 4.39762e-05,
            "E[P_z(14)]": 3.26843e-05,
            "E[P_z(15)]": 3.80821e-05,
            "E[P_z(16)]": 2.32541e-05,
            "E[P_z(17)]": 2.25e-05,
            "E[P_z(18)]": 2.4014e-05,
            "E[P_z(19)]": 1.2575e-05,
            "E[P_z(20)]": 2.84843e-05,
            "E[P_z(21)]": 2.57384e-05,
            "E[P_z(22)]": 2.18508e-05,
            "E[P_z(23)]": 2.35881e-05,
            "E[P_z(24)]": 2.52561e-05,
            "E[P_z(25)]": 1.94818e-05,
            "E[P_z(26)]": 1.95863e-05,
            "E[P_z(27)]": 1.96061e-05,
            "E[P_z(28)]": 2.71697e-05,
            "E[P_z(29)]": 4.44462e-05,
            "E[D_z]": null,
            "E[mis_z]": null
        },
        {
            "E[P_z(1)]": 0.0007052449,
            "E[P_z(2)]": 0.0001994858,
            "E[P_z(3)]": 0.0001029276,
            "E[P_z(4)]": 7.18404e-05,
            "E[P_z(5)]": 5.66365e-05,
            "E[P_z(6)]": 5.1097e-05,
            "E[P_z(7)]": 3.83187e-05,
            "E[P_z(8)]": 3.46264e-05,
            "E[P_z(9)]": 3.59661e-05,
            "E[P_z(10)]": 2.72344e-05,
            "E[P_z(11)]": 2.84223e-05,
            "E[P_z(12)]": 2.49366e-05,
            "E[P_z(13)]": 2.46674e-05,
            "E[P_z(14)]": 1.82522e-05,
            "E[P_z(15)]": 2.11995e-05,
            "E[P_z(16)]": 1.29207e-05,
            "E[P_z(17)]": 1.24944e-05,
            "E[P_z(18)]": 1.33453e-05,
            "E[P_z(19)]": 7.0038e-06,
            "E[P_z(20)]": 1.59253e-05,
            "E[P_z(21)]": 1.44711e-05,
            "E[P_z(22)]": 1.23803e-05,
            "E[P_z(23)]": 1.3501e-05,
            "E[P_z(24)]": 1.46468e-05,
            "E[P_z(25)]": 1.14895e-05,
            "E[P_z(26)]": 1.1802e-05,
            "E[P_z(27)]": 1.21452e-05,
            "E[P_z(28)]": 1.74547e-05,
            "E[P_z(29)]": 3.00917e-05,
            "E[D_z]": null,
            "E[mis_z]": null
        }
    ],
    "alpha": 0.4250842794058039,
    "execution_time": 3683.3676483631134
}