{
    "output_file": "/scratch/40840190/tmpt9o2ys56",
    "model": "C",
    "likelihood": -30.67761,
    "criteria": 7e-05,
    "params_mle": {
        "eps": 4.49493e-06,
        "eps_cont": 0,
        "lambda": 0,
        "theta_bar": 0.0005636994,
        "a": -1,
        "S_d": -4.045899,
        "b": 0.475463,
        "p_b": 0.01417448,
        "S_b": 0.1253345,
        "r": [
            0.9927936,
            0.9219359,
            1.013929
        ]
    },
    "n": 5,
    "expec": [
        {
            "E[P_z(1)]": 0.0005636975,
            "E[P_z(2)]": 0.0002798181,
            "E[P_z(3)]": 0.000173232,
            "E[P_z(4)]": 0.0001428897,
            "E[D_z]": null,
            "E[mis_z]": null
        },
        {
            "E[P_z(1)]": 0.000425385,
            "E[P_z(2)]": 0.0001758856,
            "E[P_z(3)]": 9.58744e-05,
            "E[P_z(4)]": 7.19235e-05,
            "E[D_z]": null,
            "E[mis_z]": null
        }
    ],
    "alpha": 0.035460258730585406,
    "execution_time": 12.111436367034912
}