{
    "py/object": "fastdfe.polydfe.PolyDFE",
    "logger": {
        "py/reduce": [
            {
                "py/function": "logging.getLogger"
            },
            {
                "py/tuple": [
                    "fastdfe.PolyDFE"
                ]
            }
        ]
    },
    "bootstraps": null,
    "config": {
        "py/object": "fastdfe.config.Config",
        "data": {
            "model": "GammaExpParametrization",
            "intervals_del": {
                "py/tuple": [
                    -100000000.0,
                    -1e-05,
                    1000
                ]
            },
            "intervals_ben": {
                "py/tuple": [
                    1e-05,
                    10000.0,
                    1000
                ]
            },
            "integration_mode": "midpoint",
            "linearized": true,
            "seed": 0,
            "opts_mle": {},
            "n_runs": 10,
            "x0": {
                "all": {
                    "S_b": 0.03800569,
                    "S_d": -68.01433,
                    "a": -1,
                    "b": 0.1127644,
                    "eps": 4.49744e-06,
                    "eps_cont": 0,
                    "lambda": 0,
                    "p_b": 0.003905648,
                    "r": [
                        0.5669393,
                        0.5649833,
                        0.5475162,
                        0.4995644,
                        0.5648594,
                        0.6039999,
                        0.4662727,
                        0.5802472,
                        0.5323765,
                        0.5838853,
                        0.5587549,
                        0.5490204,
                        0.5681745,
                        0.5012596,
                        0.6027202,
                        0.6738647,
                        0.7739941,
                        1.427315
                    ],
                    "theta_bar": 0.0008503307
                }
            },
            "bounds": {},
            "scales": {},
            "fixed_params": {},
            "shared_params": [],
            "covariates": [],
            "sfs_neut": {
                "py/object": "fastdfe.spectrum.Spectra",
                "data": {
                    "all": [
                        1040462.81958835,
                        852.0,
                        226.0,
                        164.0,
                        108.0,
                        107.0,
                        58.0,
                        84.0,
                        57.0,
                        68.0,
                        48.0,
                        53.0,
                        44.0,
                        50.0,
                        36.0,
                        19.0,
                        28.0,
                        57.0,
                        27.0,
                        71.0,
                        0.0
                    ]
                }
            },
            "sfs_sel": {
                "py/object": "fastdfe.spectrum.Spectra",
                "data": {
                    "all": [
                        2843065.18041165,
                        1778.0,
                        464.0,
                        287.0,
                        211.0,
                        139.0,
                        149.0,
                        108.0,
                        69.0,
                        73.0,
                        73.0,
                        49.0,
                        68.0,
                        45.0,
                        60.0,
                        48.0,
                        39.0,
                        44.0,
                        57.0,
                        113.0,
                        0.0
                    ]
                }
            },
            "do_bootstrap": false,
            "n_bootstraps": 10,
            "parallelize": false,
            "loss_type": "likelihood"
        }
    },
    "output_file": null,
    "execution_time": 272.2432634830475,
    "summary": {
        "py/object": "fastdfe.polydfe.PolyDFEResult",
        "output_file": "results/polydfe/hgdp/inference/1/opts.n.20.config.default/bootstraps/59/all.polydfe.txt",
        "postprocessing_source": "../resources/polydfe/postprocessing/script.R",
        "data": {
            "output_file": "/scratch/40841189/tmpyi298z1g",
            "model": "C",
            "likelihood": -145.4289,
            "criteria": 9e-05,
            "params_mle": {
                "eps": 4.49923e-06,
                "eps_cont": 0,
                "lambda": 0,
                "theta_bar": 0.0008051168,
                "a": -1,
                "S_d": -18.15821,
                "b": 0.1879633,
                "p_b": 0.00389676,
                "S_b": 0.03798997,
                "r": [
                    0.5687107,
                    0.5842817,
                    0.5687216,
                    0.5612103,
                    0.5772399,
                    0.6341824,
                    0.4817772,
                    0.6132769,
                    0.5904922,
                    0.5523289,
                    0.6668257,
                    0.6171322,
                    0.6760174,
                    0.5085697,
                    0.5455334,
                    0.8783802,
                    0.7773094,
                    1.805566
                ]
            },
            "n": 20,
            "expec": [
                {
                    "E[P_z(1)]": 0.0008051135,
                    "E[P_z(2)]": 0.0002289384,
                    "E[P_z(3)]": 0.0001568045,
                    "E[P_z(4)]": 0.0001144714,
                    "E[P_z(5)]": 9.03677e-05,
                    "E[P_z(6)]": 7.74574e-05,
                    "E[P_z(7)]": 7.29414e-05,
                    "E[P_z(8)]": 4.84858e-05,
                    "E[P_z(9)]": 5.48621e-05,
                    "E[P_z(10)]": 4.75415e-05,
                    "E[P_z(11)]": 4.04264e-05,
                    "E[P_z(12)]": 4.47394e-05,
                    "E[P_z(13)]": 3.82204e-05,
                    "E[P_z(14)]": 3.88768e-05,
                    "E[P_z(15)]": 2.72975e-05,
                    "E[P_z(16)]": 2.74515e-05,
                    "E[P_z(17)]": 4.16004e-05,
                    "E[P_z(18)]": 3.47689e-05,
                    "E[P_z(19)]": 7.65134e-05,
                    "E[D_z]": null,
                    "E[mis_z]": null
                },
                {
                    "E[P_z(1)]": 0.0006289552,
                    "E[P_z(2)]": 0.0001585231,
                    "E[P_z(3)]": 0.0001009896,
                    "E[P_z(4)]": 7.01284e-05,
                    "E[P_z(5)]": 5.33133e-05,
                    "E[P_z(6)]": 4.43424e-05,
                    "E[P_z(7)]": 4.07274e-05,
                    "E[P_z(8)]": 2.65017e-05,
                    "E[P_z(9)]": 2.9435e-05,
                    "E[P_z(10)]": 2.50907e-05,
                    "E[P_z(11)]": 2.10226e-05,
                    "E[P_z(12)]": 2.29555e-05,
                    "E[P_z(13)]": 1.93714e-05,
                    "E[P_z(14)]": 1.94822e-05,
                    "E[P_z(15)]": 1.35365e-05,
                    "E[P_z(16)]": 1.34801e-05,
                    "E[P_z(17)]": 2.0241e-05,
                    "E[P_z(18)]": 1.67715e-05,
                    "E[P_z(19)]": 3.66077e-05,
                    "E[D_z]": null,
                    "E[mis_z]": null
                }
            ],
            "alpha": 0.00948534296318904,
            "execution_time": 272.2432634830475
        }
    }
}