{
    "output_file": "/scratch/38996073/tmpws04nl0g",
    "model": "C",
    "likelihood": -262.1961,
    "criteria": 8e-05,
    "params_mle": {
        "eps": 0,
        "eps_cont": 0,
        "lambda": 0,
        "theta_bar": 0.00314723,
        "a": -1,
        "S_d": -96.43696,
        "b": 0.3374533,
        "p_b": 0,
        "S_b": 1,
        "r": [
            0.9585216,
            0.938193,
            0.923053,
            0.9911726,
            0.866573,
            0.9749848,
            0.9177196,
            0.8884854,
            0.9571021,
            0.8913999,
            0.9253734,
            0.977739,
            1.0166,
            0.9887851,
            1.080989,
            1.214158,
            1.303855,
            1.629085
        ]
    },
    "n": 20,
    "expec": [
        {
            "E[P_z(1)]": 0.00314723,
            "E[P_z(2)]": 0.001508344,
            "E[P_z(3)]": 0.0009842363,
            "E[P_z(4)]": 0.000726265,
            "E[P_z(5)]": 0.0006238896,
            "E[P_z(6)]": 0.0004545507,
            "E[P_z(7)]": 0.0004383573,
            "E[P_z(8)]": 0.0003610343,
            "E[P_z(9)]": 0.0003106964,
            "E[P_z(10)]": 0.000301222,
            "E[P_z(11)]": 0.00025504,
            "E[P_z(12)]": 0.0002426969,
            "E[P_z(13)]": 0.0002367053,
            "E[P_z(14)]": 0.0002285339,
            "E[P_z(15)]": 0.0002074623,
            "E[P_z(16)]": 0.0002126326,
            "E[P_z(17)]": 0.0002247785,
            "E[P_z(18)]": 0.000227974,
            "E[P_z(19)]": 0.0002698476,
            "E[D_z]": null,
            "E[mis_z]": null
        },
        {
            "E[P_z(1)]": 0.001565925,
            "E[P_z(2)]": 0.0005642177,
            "E[P_z(3)]": 0.0003159218,
            "E[P_z(4)]": 0.0002109118,
            "E[P_z(5)]": 0.0001683717,
            "E[P_z(6)]": 0.0001158172,
            "E[P_z(7)]": 0.0001065476,
            "E[P_z(8)]": 8.43218e-05,
            "E[P_z(9)]": 7.01015e-05,
            "E[P_z(10)]": 6.59258e-05,
            "E[P_z(11)]": 5.43199e-05,
            "E[P_z(12)]": 5.04348e-05,
            "E[P_z(13)]": 4.80977e-05,
            "E[P_z(14)]": 4.54883e-05,
            "E[P_z(15)]": 4.05122e-05,
            "E[P_z(16)]": 4.07892e-05,
            "E[P_z(17)]": 4.24067e-05,
            "E[P_z(18)]": 4.23414e-05,
            "E[P_z(19)]": 4.93837e-05,
            "E[D_z]": null,
            "E[mis_z]": null
        }
    ],
    "alpha": 0.0,
    "execution_time": 56.98823428153992
}