{
    "likelihood": -37.390427763004325,
    "L2_residual": 18.646258564448473,
    "params_mle": {
        "S_d": -0.35226805246937254,
        "b": 10.0,
        "p_b": 0.0,
        "S_b": 0.0013650194929483788,
        "eps": 0.0
    },
    "alpha": 0.0,
    "result": {
        "fun": 29.160268802499083,
        "jac": [
            1.1368683778145576e-05,
            -0.009423928257033238,
            0.04537135112059332,
            0.0,
            31.792405152941683
        ],
        "nfev": 138,
        "njev": 23,
        "nit": 21,
        "status": 0,
        "message": "CONVERGENCE: REL_REDUCTION_OF_F_<=_FACTR*EPSMCH",
        "x": [
            0.45312674161976524,
            1.0,
            0.0,
            -2.8648611467041993,
            0.0
        ],
        "success": true,
        "hess_inv": "<5x5 LbfgsInvHessProduct with dtype=float64>"
    },
    "execution_time": 77.49020147323608,
    "sfs_mle": [
        0.0,
        98.18725295263968,
        36.97990717813292,
        23.236223487856336,
        14.905333432049016,
        14.661984498254293,
        22.116618166107898,
        15.136956781035764,
        14.893767798559907,
        17.403736168263745,
        0.0
    ],
    "fixed_params": {},
    "bounds": {
        "S_d": [
            -100000.0,
            -0.01
        ],
        "b": [
            0.01,
            10
        ],
        "p_b": [
            0,
            0.5
        ],
        "S_b": [
            0.0001,
            100
        ],
        "eps": [
            0,
            0.15
        ]
    },
    "config": {
        "model": "GammaExpParametrization",
        "intervals_del": [
            -100000000.0,
            -1e-05,
            1000
        ],
        "intervals_ben": [
            1e-05,
            10000.0,
            1000
        ],
        "integration_mode": "midpoint",
        "linearized": true,
        "seed": 0,
        "opts_mle": {},
        "n_runs": 100,
        "x0": {
            "all": {
                "S_d": -1000,
                "b": 0.4,
                "p_b": 0.05,
                "S_b": 1,
                "eps": 0.0
            }
        },
        "bounds": {
            "S_d": [
                -100000.0,
                -0.01
            ],
            "b": [
                0.01,
                10
            ],
            "p_b": [
                0,
                0.5
            ],
            "S_b": [
                0.0001,
                100
            ],
            "eps": [
                0,
                0.15
            ]
        },
        "scales": {
            "S_d": "log",
            "b": "log",
            "p_b": "lin",
            "S_b": "log",
            "eps": "lin"
        },
        "fixed_params": {},
        "shared_params": [],
        "covariates": [],
        "sfs_neut": {
            "all": [
                176467.83773584905,
                94.0,
                36.0,
                23.0,
                15.0,
                15.0,
                23.0,
                16.0,
                16.0,
                19.0,
                0.0
            ]
        },
        "sfs_sel": {
            "all": [
                187454.16226415092,
                100.0,
                49.0,
                32.0,
                17.0,
                18.0,
                12.0,
                14.0,
                13.0,
                18.0,
                0.0
            ]
        },
        "do_bootstrap": true,
        "n_bootstraps": 1000,
        "parallelize": false,
        "loss_type": "likelihood"
    }
}