{
    "likelihood": -38.997146588132914,
    "L2_residual": 24.991957705617256,
    "params_mle": {
        "S_d": -0.5483784037915289,
        "b": 10.0,
        "p_b": 0.0,
        "S_b": 0.0001,
        "eps": 0.0
    },
    "alpha": 0.0,
    "result": {
        "fun": 30.91774307964988,
        "jac": [
            8.171241465542133e-06,
            -0.03295390610486436,
            0.1612278310858528,
            0.0,
            111.40929885300466
        ],
        "nfev": 180,
        "njev": 30,
        "nit": 11,
        "status": 0,
        "message": "CONVERGENCE: NORM_OF_PROJECTED_GRADIENT_<=_PGTOL",
        "x": [
            0.2609196569074164,
            1.0,
            0.0,
            -4.0,
            0.0
        ],
        "success": true,
        "hess_inv": "<5x5 LbfgsInvHessProduct with dtype=float64>"
    },
    "execution_time": 72.36280512809753,
    "sfs_mle": [
        0.0,
        68.1861407081719,
        46.98700374891647,
        26.860444456321243,
        20.351229188806062,
        22.661933784229134,
        15.643772664176868,
        23.321970895759648,
        11.36912479269384,
        5.117043644169122,
        0.0
    ],
    "fixed_params": {},
    "bounds": {
        "S_d": [
            -100000.0,
            -0.01
        ],
        "b": [
            0.01,
            10
        ],
        "p_b": [
            0,
            0.5
        ],
        "S_b": [
            0.0001,
            100
        ],
        "eps": [
            0,
            0.15
        ]
    },
    "config": {
        "model": "GammaExpParametrization",
        "intervals_del": [
            -100000000.0,
            -1e-05,
            1000
        ],
        "intervals_ben": [
            1e-05,
            10000.0,
            1000
        ],
        "integration_mode": "midpoint",
        "linearized": true,
        "seed": 0,
        "opts_mle": {},
        "n_runs": 100,
        "x0": {
            "all": {
                "S_d": -1000,
                "b": 0.4,
                "p_b": 0.05,
                "S_b": 1,
                "eps": 0.0
            }
        },
        "bounds": {
            "S_d": [
                -100000.0,
                -0.01
            ],
            "b": [
                0.01,
                10
            ],
            "p_b": [
                0,
                0.5
            ],
            "S_b": [
                0.0001,
                100
            ],
            "eps": [
                0,
                0.15
            ]
        },
        "scales": {
            "S_d": "log",
            "b": "log",
            "p_b": "lin",
            "S_b": "log",
            "eps": "lin"
        },
        "fixed_params": {},
        "shared_params": [],
        "covariates": [],
        "sfs_neut": {
            "all": [
                175178.8506876228,
                65.0,
                46.0,
                27.0,
                21.0,
                24.0,
                17.0,
                26.0,
                13.0,
                6.0,
                0.0
            ]
        },
        "sfs_sel": {
            "all": [
                188764.1493123772,
                88.0,
                48.0,
                27.0,
                30.0,
                27.0,
                16.0,
                13.0,
                13.0,
                2.0,
                0.0
            ]
        },
        "do_bootstrap": true,
        "n_bootstraps": 1000,
        "parallelize": false,
        "loss_type": "likelihood"
    }
}