{
    "output_file": "/scratch/38995992/tmpx981b_ff",
    "model": "C",
    "likelihood": -248.156,
    "criteria": 0.00018,
    "params_mle": {
        "eps": 0,
        "eps_cont": 0,
        "lambda": 0,
        "theta_bar": 0.003171692,
        "a": -1,
        "S_d": -107.2917,
        "b": 0.3349556,
        "p_b": 0,
        "S_b": 1,
        "r": [
            0.9892308,
            0.9361065,
            0.9251599,
            0.8951668,
            0.8831028,
            0.9217195,
            0.9102209,
            0.913347,
            1.01737,
            0.8914465,
            0.9957063,
            0.9103123,
            0.9347929,
            1.065741,
            0.9760231,
            1.195165,
            1.323938,
            1.552966
        ]
    },
    "n": 20,
    "expec": [
        {
            "E[P_z(1)]": 0.003171692,
            "E[P_z(2)]": 0.001568768,
            "E[P_z(3)]": 0.0009896805,
            "E[P_z(4)]": 0.0007335806,
            "E[P_z(5)]": 0.0005678387,
            "E[P_z(6)]": 0.0004668216,
            "E[P_z(7)]": 0.0004176301,
            "E[P_z(8)]": 0.0003608675,
            "E[P_z(9)]": 0.0003218728,
            "E[P_z(10)]": 0.0003226786,
            "E[P_z(11)]": 0.0002570358,
            "E[P_z(12)]": 0.0002631728,
            "E[P_z(13)]": 0.0002220946,
            "E[P_z(14)]": 0.0002117768,
            "E[P_z(15)]": 0.0002253468,
            "E[P_z(16)]": 0.0001934778,
            "E[P_z(17)]": 0.0002229821,
            "E[P_z(18)]": 0.0002332847,
            "E[P_z(19)]": 0.0002592384,
            "E[D_z]": null,
            "E[mis_z]": null
        },
        {
            "E[P_z(1)]": 0.001538763,
            "E[P_z(2)]": 0.0005704128,
            "E[P_z(3)]": 0.0003087744,
            "E[P_z(4)]": 0.0002071387,
            "E[P_z(5)]": 0.0001490535,
            "E[P_z(6)]": 0.000115726,
            "E[P_z(7)]": 9.87901e-05,
            "E[P_z(8)]": 8.20444e-05,
            "E[P_z(9)]": 7.07094e-05,
            "E[P_z(10)]": 6.87738e-05,
            "E[P_z(11)]": 5.33216e-05,
            "E[P_z(12)]": 5.32764e-05,
            "E[P_z(13)]": 4.39688e-05,
            "E[P_z(14)]": 4.10748e-05,
            "E[P_z(15)]": 4.28845e-05,
            "E[P_z(16)]": 3.61742e-05,
            "E[P_z(17)]": 4.10063e-05,
            "E[P_z(18)]": 4.22388e-05,
            "E[P_z(19)]": 4.62543e-05,
            "E[D_z]": null,
            "E[mis_z]": null
        }
    ],
    "alpha": 0.0,
    "execution_time": 90.91946864128113
}