{
    "output_file": "/scratch/40840311/tmpxkveohm1",
    "model": "C",
    "likelihood": -65.18213,
    "criteria": 6e-05,
    "params_mle": {
        "eps": 4.49949e-06,
        "eps_cont": 0,
        "lambda": 0,
        "theta_bar": 0.0007412041,
        "a": -1,
        "S_d": -9.485775,
        "b": 0.2281701,
        "p_b": 0.0009288367,
        "S_b": 0.007920138,
        "r": [
            0.7080416,
            0.7971561,
            0.8372761,
            0.7632247,
            0.7780851,
            0.8080769,
            0.8804569,
            0.9737833
        ]
    },
    "n": 10,
    "expec": [
        {
            "E[P_z(1)]": 0.0007412012,
            "E[P_z(2)]": 0.0002624009,
            "E[P_z(3)]": 0.0001969513,
            "E[P_z(4)]": 0.0001551479,
            "E[P_z(5)]": 0.0001131411,
            "E[P_z(6)]": 9.61202e-05,
            "E[P_z(7)]": 8.55648e-05,
            "E[P_z(8)]": 8.15756e-05,
            "E[P_z(9)]": 8.01999e-05,
            "E[D_z]": null,
            "E[mis_z]": null
        },
        {
            "E[P_z(1)]": 0.0005690969,
            "E[P_z(2)]": 0.000176035,
            "E[P_z(3)]": 0.0001216695,
            "E[P_z(4)]": 9.04958e-05,
            "E[P_z(5)]": 6.31796e-05,
            "E[P_z(6)]": 5.18299e-05,
            "E[P_z(7)]": 4.48106e-05,
            "E[P_z(8)]": 4.16642e-05,
            "E[P_z(9)]": 4.00723e-05,
            "E[D_z]": null,
            "E[mis_z]": null
        }
    ],
    "alpha": 0.0029717526446057835,
    "execution_time": 49.011404275894165
}