neutral,selected
301477.88051011926,1058377.1194898807
45.0,107.0
21.0,45.0
14.0,35.0
4.0,19.0
36.0,29.0
