{
    "output_file": "/scratch/40841541/tmpqw3c3s_w",
    "model": "C",
    "likelihood": -172.8244,
    "criteria": 0.00049,
    "params_mle": {
        "eps": 4.5065e-06,
        "eps_cont": 0,
        "lambda": 0,
        "theta_bar": 0.0008581359,
        "a": -1,
        "S_d": -24.73428,
        "b": 0.1563125,
        "p_b": 0.004998133,
        "S_b": 0.05324956,
        "r": [
            0.5798896,
            0.4716485,
            0.5337452,
            0.474746,
            0.6169747,
            0.6662954,
            0.6000389,
            0.5436718,
            0.618045,
            0.5284087,
            0.5319983,
            0.4627365,
            0.4694572,
            0.5398073,
            0.4833899,
            0.5784921,
            0.5320225,
            0.5374751,
            0.9029256,
            0.7945663,
            0.7320373,
            0.8651407,
            1.641322
        ]
    },
    "n": 25,
    "expec": [
        {
            "E[P_z(1)]": 0.0008581323,
            "E[P_z(2)]": 0.0002488111,
            "E[P_z(3)]": 0.0001349124,
            "E[P_z(4)]": 0.0001145061,
            "E[P_z(5)]": 8.14791e-05,
            "E[P_z(6)]": 8.82411e-05,
            "E[P_z(7)]": 8.16815e-05,
            "E[P_z(8)]": 6.43642e-05,
            "E[P_z(9)]": 5.18381e-05,
            "E[P_z(10)]": 5.30366e-05,
            "E[P_z(11)]": 4.12223e-05,
            "E[P_z(12)]": 3.80439e-05,
            "E[P_z(13)]": 3.05455e-05,
            "E[P_z(14)]": 2.87756e-05,
            "E[P_z(15)]": 3.0882e-05,
            "E[P_z(16)]": 2.5926e-05,
            "E[P_z(17)]": 2.92016e-05,
            "E[P_z(18)]": 2.5364e-05,
            "E[P_z(19)]": 2.42754e-05,
            "E[P_z(20)]": 3.87418e-05,
            "E[P_z(21)]": 3.24692e-05,
            "E[P_z(22)]": 2.85545e-05,
            "E[P_z(23)]": 3.22796e-05,
            "E[P_z(24)]": 5.86901e-05,
            "E[D_z]": null,
            "E[mis_z]": null
        },
        {
            "E[P_z(1)]": 0.000677017,
            "E[P_z(2)]": 0.0001762092,
            "E[P_z(3)]": 8.97125e-05,
            "E[P_z(4)]": 7.29386e-05,
            "E[P_z(5)]": 5.02549e-05,
            "E[P_z(6)]": 5.30483e-05,
            "E[P_z(7)]": 4.8074e-05,
            "E[P_z(8)]": 3.72035e-05,
            "E[P_z(9)]": 2.94957e-05,
            "E[P_z(10)]": 2.97607e-05,
            "E[P_z(11)]": 2.28446e-05,
            "E[P_z(12)]": 2.08462e-05,
            "E[P_z(13)]": 1.65652e-05,
            "E[P_z(14)]": 1.54575e-05,
            "E[P_z(15)]": 1.64433e-05,
            "E[P_z(16)]": 1.36914e-05,
            "E[P_z(17)]": 1.53028e-05,
            "E[P_z(18)]": 1.31958e-05,
            "E[P_z(19)]": 1.25433e-05,
            "E[P_z(20)]": 1.9889e-05,
            "E[P_z(21)]": 1.65666e-05,
            "E[P_z(22)]": 1.44841e-05,
            "E[P_z(23)]": 1.62823e-05,
            "E[P_z(24)]": 2.94468e-05,
            "E[D_z]": null,
            "E[mis_z]": null
        }
    ],
    "alpha": 0.01135509081995855,
    "execution_time": 391.69932198524475
}