{
    "py/object": "fastdfe.polydfe.PolyDFE",
    "logger": {
        "py/reduce": [
            {
                "py/function": "logging.getLogger"
            },
            {
                "py/tuple": [
                    "fastdfe.PolyDFE"
                ]
            }
        ]
    },
    "bootstraps": null,
    "config": {
        "py/object": "fastdfe.config.Config",
        "data": {
            "model": "GammaExpParametrization",
            "intervals_del": {
                "py/tuple": [
                    -100000000.0,
                    -1e-05,
                    1000
                ]
            },
            "intervals_ben": {
                "py/tuple": [
                    1e-05,
                    10000.0,
                    1000
                ]
            },
            "integration_mode": "midpoint",
            "linearized": true,
            "seed": 0,
            "opts_mle": {},
            "n_runs": 10,
            "x0": {
                "all": {
                    "S_b": 0.05328228,
                    "S_d": -33.44406,
                    "a": -1,
                    "b": 0.1398527,
                    "eps": 4.50451e-06,
                    "eps_cont": 0,
                    "lambda": 0,
                    "p_b": 0.005009714,
                    "r": [
                        0.5834314,
                        0.499803,
                        0.5581096,
                        0.5076067,
                        0.557493,
                        0.6522272,
                        0.6050956,
                        0.5227928,
                        0.5765882,
                        0.4982845,
                        0.5150672,
                        0.5206269,
                        0.482151,
                        0.5460091,
                        0.5199818,
                        0.523935,
                        0.5814646,
                        0.6159988,
                        0.7697745,
                        0.7047025,
                        0.6593795,
                        0.914738,
                        1.558127
                    ],
                    "theta_bar": 0.0008647194
                }
            },
            "bounds": {},
            "scales": {},
            "fixed_params": {},
            "shared_params": [],
            "covariates": [],
            "sfs_neut": {
                "py/object": "fastdfe.spectrum.Spectra",
                "data": {
                    "all": [
                        1039386.17546773,
                        916.0,
                        252.0,
                        122.0,
                        128.0,
                        73.0,
                        104.0,
                        78.0,
                        60.0,
                        50.0,
                        57.0,
                        38.0,
                        46.0,
                        28.0,
                        45.0,
                        33.0,
                        23.0,
                        38.0,
                        24.0,
                        27.0,
                        54.0,
                        37.0,
                        33.0,
                        31.0,
                        43.0,
                        0.0
                    ]
                }
            },
            "sfs_sel": {
                "py/object": "fastdfe.spectrum.Spectra",
                "data": {
                    "all": [
                        2843544.82453227,
                        1906.0,
                        509.0,
                        274.0,
                        199.0,
                        155.0,
                        139.0,
                        144.0,
                        113.0,
                        88.0,
                        83.0,
                        70.0,
                        53.0,
                        51.0,
                        29.0,
                        46.0,
                        43.0,
                        36.0,
                        40.0,
                        34.0,
                        43.0,
                        44.0,
                        38.0,
                        49.0,
                        102.0,
                        0.0
                    ]
                }
            },
            "do_bootstrap": false,
            "n_bootstraps": 10,
            "parallelize": false,
            "loss_type": "likelihood"
        }
    },
    "output_file": null,
    "execution_time": 391.69932198524475,
    "summary": {
        "py/object": "fastdfe.polydfe.PolyDFEResult",
        "output_file": "results/polydfe/hgdp/inference/1/opts.n.25.config.default/bootstraps/82/all.polydfe.txt",
        "postprocessing_source": "../resources/polydfe/postprocessing/script.R",
        "data": {
            "output_file": "/scratch/40841541/tmpqw3c3s_w",
            "model": "C",
            "likelihood": -172.8244,
            "criteria": 0.00049,
            "params_mle": {
                "eps": 4.5065e-06,
                "eps_cont": 0,
                "lambda": 0,
                "theta_bar": 0.0008581359,
                "a": -1,
                "S_d": -24.73428,
                "b": 0.1563125,
                "p_b": 0.004998133,
                "S_b": 0.05324956,
                "r": [
                    0.5798896,
                    0.4716485,
                    0.5337452,
                    0.474746,
                    0.6169747,
                    0.6662954,
                    0.6000389,
                    0.5436718,
                    0.618045,
                    0.5284087,
                    0.5319983,
                    0.4627365,
                    0.4694572,
                    0.5398073,
                    0.4833899,
                    0.5784921,
                    0.5320225,
                    0.5374751,
                    0.9029256,
                    0.7945663,
                    0.7320373,
                    0.8651407,
                    1.641322
                ]
            },
            "n": 25,
            "expec": [
                {
                    "E[P_z(1)]": 0.0008581323,
                    "E[P_z(2)]": 0.0002488111,
                    "E[P_z(3)]": 0.0001349124,
                    "E[P_z(4)]": 0.0001145061,
                    "E[P_z(5)]": 8.14791e-05,
                    "E[P_z(6)]": 8.82411e-05,
                    "E[P_z(7)]": 8.16815e-05,
                    "E[P_z(8)]": 6.43642e-05,
                    "E[P_z(9)]": 5.18381e-05,
                    "E[P_z(10)]": 5.30366e-05,
                    "E[P_z(11)]": 4.12223e-05,
                    "E[P_z(12)]": 3.80439e-05,
                    "E[P_z(13)]": 3.05455e-05,
                    "E[P_z(14)]": 2.87756e-05,
                    "E[P_z(15)]": 3.0882e-05,
                    "E[P_z(16)]": 2.5926e-05,
                    "E[P_z(17)]": 2.92016e-05,
                    "E[P_z(18)]": 2.5364e-05,
                    "E[P_z(19)]": 2.42754e-05,
                    "E[P_z(20)]": 3.87418e-05,
                    "E[P_z(21)]": 3.24692e-05,
                    "E[P_z(22)]": 2.85545e-05,
                    "E[P_z(23)]": 3.22796e-05,
                    "E[P_z(24)]": 5.86901e-05,
                    "E[D_z]": null,
                    "E[mis_z]": null
                },
                {
                    "E[P_z(1)]": 0.000677017,
                    "E[P_z(2)]": 0.0001762092,
                    "E[P_z(3)]": 8.97125e-05,
                    "E[P_z(4)]": 7.29386e-05,
                    "E[P_z(5)]": 5.02549e-05,
                    "E[P_z(6)]": 5.30483e-05,
                    "E[P_z(7)]": 4.8074e-05,
                    "E[P_z(8)]": 3.72035e-05,
                    "E[P_z(9)]": 2.94957e-05,
                    "E[P_z(10)]": 2.97607e-05,
                    "E[P_z(11)]": 2.28446e-05,
                    "E[P_z(12)]": 2.08462e-05,
                    "E[P_z(13)]": 1.65652e-05,