{
    "output_file": "/scratch/38995915/tmpj8jqg_y6",
    "model": "C",
    "likelihood": -140.7645,
    "criteria": 9e-05,
    "params_mle": {
        "eps": 0.02624404,
        "eps_cont": 0,
        "lambda": 0,
        "theta_bar": 0.0009401467,
        "a": -1,
        "S_d": -282.365,
        "b": 0.3702971,
        "p_b": 0,
        "S_b": 1,
        "r": [
            1.059988,
            1.073973,
            1.080109,
            1.197167,
            0.8926029,
            0.9781495,
            0.9601395,
            1.349035,
            1.03763,
            0.9109839,
            0.9523173,
            1.3134,
            0.9329666,
            1.029167,
            0.5967458,
            0.9585807,
            0.9246258,
            0.5188611
        ]
    },
    "n": 20,
    "expec": [
        {
            "E[P_z(1)]": 0.0009161472,
            "E[P_z(2)]": 0.0004864629,
            "E[P_z(3)]": 0.0003291225,
            "E[P_z(4)]": 0.0002481229,
            "E[P_z(5)]": 0.0002208877,
            "E[P_z(6)]": 0.0001378366,
            "E[P_z(7)]": 0.000130417,
            "E[P_z(8)]": 0.0001118308,
            "E[P_z(9)]": 0.0001392662,
            "E[P_z(10)]": 9.75524e-05,
            "E[P_z(11)]": 7.95148e-05,
            "E[P_z(12)]": 7.5613e-05,
            "E[P_z(13)]": 9.59387e-05,
            "E[P_z(14)]": 6.46781e-05,
            "E[P_z(15)]": 6.87193e-05,
            "E[P_z(16)]": 4.08065e-05,
            "E[P_z(17)]": 6.04537e-05,
            "E[P_z(18)]": 6.01028e-05,
            "E[P_z(19)]": 4.96734e-05,
            "E[D_z]": null,
            "E[mis_z]": null
        },
        {
            "E[P_z(1)]": 0.0003171495,
            "E[P_z(2)]": 0.0001171673,
            "E[P_z(3)]": 6.62689e-05,
            "E[P_z(4)]": 4.46119e-05,
            "E[P_z(5)]": 3.65404e-05,
            "E[P_z(6)]": 2.13721e-05,
            "E[P_z(7)]": 1.91773e-05,
            "E[P_z(8)]": 1.57532e-05,
            "E[P_z(9)]": 1.89049e-05,
            "E[P_z(10)]": 1.28158e-05,
            "E[P_z(11)]": 1.0168e-05,
            "E[P_z(12)]": 9.4322e-06,
            "E[P_z(13)]": 1.1704e-05,
            "E[P_z(14)]": 7.7893e-06,
            "E[P_z(15)]": 8.2568e-06,
            "E[P_z(16)]": 5.0787e-06,
            "E[P_z(17)]": 7.5403e-06,
            "E[P_z(18)]": 8.3105e-06,
            "E[P_z(19)]": 1.12428e-05,
            "E[D_z]": null,
            "E[mis_z]": null
        }
    ],
    "alpha": 0.0,
    "execution_time": 180.47256302833557
}