{
    "py/object": "fastdfe.polydfe.PolyDFE",
    "logger": {
        "py/reduce": [
            {
                "py/function": "logging.getLogger"
            },
            {
                "py/tuple": [
                    "fastdfe.PolyDFE"
                ]
            }
        ]
    },
    "bootstraps": null,
    "config": {
        "py/object": "fastdfe.config.Config",
        "data": {
            "model": "GammaExpParametrization",
            "intervals_del": {
                "py/tuple": [
                    -100000000.0,
                    -1e-05,
                    1000
                ]
            },
            "intervals_ben": {
                "py/tuple": [
                    1e-05,
                    10000.0,
                    1000
                ]
            },
            "integration_mode": "midpoint",
            "linearized": true,
            "seed": 0,
            "opts_mle": {},
            "n_runs": 10,
            "x0": {
                "all": {
                    "S_b": 0.03800569,
                    "S_d": -68.01433,
                    "a": -1,
                    "b": 0.1127644,
                    "eps": 4.49744e-06,
                    "eps_cont": 0,
                    "lambda": 0,
                    "p_b": 0.003905648,
                    "r": [
                        0.5669393,
                        0.5649833,
                        0.5475162,
                        0.4995644,
                        0.5648594,
                        0.6039999,
                        0.4662727,
                        0.5802472,
                        0.5323765,
                        0.5838853,
                        0.5587549,
                        0.5490204,
                        0.5681745,
                        0.5012596,
                        0.6027202,
                        0.6738647,
                        0.7739941,
                        1.427315
                    ],
                    "theta_bar": 0.0008503307
                }
            },
            "bounds": {},
            "scales": {},
            "fixed_params": {},
            "shared_params": [],
            "covariates": [],
            "sfs_neut": {
                "py/object": "fastdfe.spectrum.Spectra",
                "data": {
                    "all": [
                        1040473.81958835,
                        884.0,
                        223.0,
                        186.0,
                        103.0,
                        82.0,
                        74.0,
                        77.0,
                        60.0,
                        58.0,
                        51.0,
                        42.0,
                        37.0,
                        37.0,
                        40.0,
                        18.0,
                        40.0,
                        35.0,
                        33.0,
                        66.0,
                        0.0
                    ]
                }
            },
            "sfs_sel": {
                "py/object": "fastdfe.spectrum.Spectra",
                "data": {
                    "all": [
                        2843096.18041165,
                        1688.0,
                        443.0,
                        310.0,
                        223.0,
                        175.0,
                        139.0,
                        105.0,
                        68.0,
                        74.0,
                        79.0,
                        52.0,
                        63.0,
                        59.0,
                        56.0,
                        51.0,
                        48.0,
                        44.0,
                        69.0,
                        97.0,
                        0.0
                    ]
                }
            },
            "do_bootstrap": false,
            "n_bootstraps": 10,
            "parallelize": false,
            "loss_type": "likelihood"
        }
    },
    "output_file": null,
    "execution_time": 907.6250712871552,
    "summary": {
        "py/object": "fastdfe.polydfe.PolyDFEResult",
        "output_file": "results/polydfe/hgdp/inference/1/opts.n.20.config.default/bootstraps/62/all.polydfe.txt",
        "postprocessing_source": "../resources/polydfe/postprocessing/script.R",
        "data": {
            "output_file": "/scratch/40841264/tmpzd3rxzpp",
            "model": "C",
            "likelihood": -133.6294,
            "criteria": 0.00149,
            "params_mle": {
                "eps": 4.49736e-06,
                "eps_cont": 0,
                "lambda": 0,
                "theta_bar": 0.0008348871,
                "a": -1,
                "S_d": -232.7865,
                "b": 0.07831024,
                "p_b": 0.003883708,
                "S_b": 0.03794576,
                "r": [
                    0.5430089,
                    0.6204462,
                    0.5517079,
                    0.5494236,
                    0.5509148,
                    0.552949,
                    0.4469884,
                    0.5211554,
                    0.5727927,
                    0.4573764,
                    0.5326851,
                    0.555783,
                    0.6003153,
                    0.4635657,
                    0.6322469,
                    0.6045008,
                    0.8282705,
                    1.400061
                ]
            },
            "n": 20,
            "expec": [
                {
                    "E[P_z(1)]": 0.0008348836,
                    "E[P_z(2)]": 0.0002266747,
                    "E[P_z(3)]": 0.0001726669,
                    "E[P_z(4)]": 0.0001151531,
                    "E[P_z(5)]": 9.1741e-05,
                    "E[P_z(6)]": 7.66584e-05,
                    "E[P_z(7)]": 6.59499e-05,
                    "E[P_z(8)]": 4.66481e-05,
                    "E[P_z(9)]": 4.8345e-05,
                    "E[P_z(10)]": 4.78217e-05,
                    "E[P_z(11)]": 3.47144e-05,
                    "E[P_z(12)]": 3.7061e-05,
                    "E[P_z(13)]": 3.56937e-05,
                    "E[P_z(14)]": 3.57999e-05,
                    "E[P_z(15)]": 2.5802e-05,
                    "E[P_z(16)]": 3.29913e-05,
                    "E[P_z(17)]": 2.96883e-05,
                    "E[P_z(18)]": 3.84182e-05,
                    "E[P_z(19)]": 6.15242e-05,
                    "E[D_z]": null,
                    "E[mis_z]": null
                },
                {
                    "E[P_z(1)]": 0.0005976994,
                    "E[P_z(2)]": 0.0001509241,
                    "E[P_z(3)]": 0.000110981,
                    "E[P_z(4)]": 7.23455e-05,
                    "E[P_z(5)]": 5.66803e-05,
                    "E[P_z(6)]": 4.67418e-05,
                    "E[P_z(7)]": 3.97783e-05,
                    "E[P_z(8)]": 2.7878e-05,
                    "E[P_z(9)]": 2.86616e-05,
                    "E[P_z(10)]": 2.81507e-05,
                    "E[P_z(11)]": 2.03055e-05,
                    "E[P_z(12)]": 2.15536e-05,
                    "E[P_z(13)]": 2.06493e-05,
                    "E[P_z(14)]": 2.06104e-05,
                    "E[P_z(15)]": 1.47877e-05,
                    "E[P_z(16)]": 1.88288e-05,
                    "E[P_z(17)]": 1.68771e-05,
                    "E[P_z(18)]": 2.1759e-05,
                    "E[P_z(19)]": 3.47242e-05,
                    "E[D_z]": null,
                    "E[mis_z]": null
                }
            ],
            "alpha": 0.008415896097740337,
            "execution_time": 907.6250712871552
        }
    }
}