{
    "output_file": "/scratch/38996061/tmpn6_k0ihv",
    "model": "C",
    "likelihood": -237.4594,
    "criteria": 0.00086,
    "params_mle": {
        "eps": 0,
        "eps_cont": 0,
        "lambda": 0,
        "theta_bar": 0.003171764,
        "a": -1,
        "S_d": -127.7175,
        "b": 0.3066922,
        "p_b": 0,
        "S_b": 1,
        "r": [
            0.9650104,
            0.9269513,
            0.9663562,
            0.9249945,
            0.851272,
            0.9077323,
            0.8945095,
            0.9038114,
            0.987321,
            0.8331204,
            0.9998708,
            0.9333537,
            1.009715,
            0.9712959,
            0.9792244,
            1.117206,
            1.239472,
            1.471043
        ]
    },
    "n": 20,
    "expec": [
        {
            "E[P_z(1)]": 0.003171764,
            "E[P_z(2)]": 0.001530393,
            "E[P_z(3)]": 0.0009800236,
            "E[P_z(4)]": 0.0007662634,
            "E[P_z(5)]": 0.0005867728,
            "E[P_z(6)]": 0.0004500057,
            "E[P_z(7)]": 0.0004113018,
            "E[P_z(8)]": 0.0003546466,
            "E[P_z(9)]": 0.0003185196,
            "E[P_z(10)]": 0.0003131549,
            "E[P_z(11)]": 0.0002402237,
            "E[P_z(12)]": 0.0002642795,
            "E[P_z(13)]": 0.0002277213,
            "E[P_z(14)]": 0.0002287555,
            "E[P_z(15)]": 0.0002053814,
            "E[P_z(16)]": 0.0001941168,
            "E[P_z(17)]": 0.0002084421,
            "E[P_z(18)]": 0.0002184062,
            "E[P_z(19)]": 0.0002455685,
            "E[D_z]": null,
            "E[mis_z]": null
        },
        {
            "E[P_z(1)]": 0.001527105,
            "E[P_z(2)]": 0.0005612049,
            "E[P_z(3)]": 0.0003119935,
            "E[P_z(4)]": 0.0002225764,
            "E[P_z(5)]": 0.000159403,
            "E[P_z(6)]": 0.0001160031,
            "E[P_z(7)]": 0.0001015652,
            "E[P_z(8)]": 8.44476e-05,
            "E[P_z(9)]": 7.34941e-05,
            "E[P_z(10)]": 7.02781e-05,
            "E[P_z(11)]": 5.25896e-05,
            "E[P_z(12)]": 5.65722e-05,
            "E[P_z(13)]": 4.77584e-05,
            "E[P_z(14)]": 4.708e-05,
            "E[P_z(15)]": 4.15385e-05,
            "E[P_z(16)]": 3.86276e-05,
            "E[P_z(17)]": 4.08523e-05,
            "E[P_z(18)]": 4.21977e-05,
            "E[P_z(19)]": 4.68101e-05,
            "E[D_z]": null,
            "E[mis_z]": null
        }
    ],
    "alpha": 0.0,
    "execution_time": 84.28465127944946
}