{
    "output_file": "/scratch/40840724/tmpj6vjwg0s",
    "model": "C",
    "likelihood": -112.9222,
    "criteria": 0.00071,
    "params_mle": {
        "eps": 4.50216e-06,
        "eps_cont": 0,
        "lambda": 0,
        "theta_bar": 0.0008584505,
        "a": -1,
        "S_d": -21.3818,
        "b": 0.1719392,
        "p_b": 0.0105572,
        "S_b": 0.09615881,
        "r": [
            0.6278434,
            0.6633554,
            0.7384903,
            0.6189792,
            0.796583,
            0.6744892,
            0.7927972,
            0.7572382,
            0.671209,
            0.7256433,
            0.614658,
            0.869155,
            1.420175
        ]
    },
    "n": 15,
    "expec": [
        {
            "E[P_z(1)]": 0.000858447,
            "E[P_z(2)]": 0.0002694853,
            "E[P_z(3)]": 0.0001898186,
            "E[P_z(4)]": 0.0001584889,
            "E[P_z(5)]": 0.0001062724,
            "E[P_z(6)]": 0.000113971,
            "E[P_z(7)]": 8.27165e-05,
            "E[P_z(8)]": 8.50721e-05,
            "E[P_z(9)]": 7.22281e-05,
            "E[P_z(10)]": 5.76202e-05,
            "E[P_z(11)]": 5.66303e-05,
            "E[P_z(12)]": 4.39718e-05,
            "E[P_z(13)]": 5.73953e-05,
            "E[P_z(14)]": 8.70856e-05,
            "E[D_z]": null,
            "E[mis_z]": null
        },
        {
            "E[P_z(1)]": 0.000645427,
            "E[P_z(2)]": 0.0001793564,
            "E[P_z(3)]": 0.000117933,
            "E[P_z(4)]": 9.40165e-05,
            "E[P_z(5)]": 6.09072e-05,
            "E[P_z(6)]": 6.35597e-05,
            "E[P_z(7)]": 4.50994e-05,
            "E[P_z(8)]": 4.54991e-05,
            "E[P_z(9)]": 3.79876e-05,
            "E[P_z(10)]": 2.98581e-05,
            "E[P_z(11)]": 2.89566e-05,
            "E[P_z(12)]": 2.22137e-05,
            "E[P_z(13)]": 2.86757e-05,
            "E[P_z(14)]": 4.30679e-05,
            "E[D_z]": null,
            "E[mis_z]": null
        }
    ],
    "alpha": 0.023850692486423696,
    "execution_time": 274.87420535087585
}