{
    "output_file": "/scratch/40840068/tmpw6tfh3re",
    "model": "C",
    "likelihood": -31.46754,
    "criteria": 0.0001,
    "params_mle": {
        "eps": 4.49555e-06,
        "eps_cont": 0,
        "lambda": 0,
        "theta_bar": 0.0005997949,
        "a": -1,
        "S_d": -17.69742,
        "b": 0.1692796,
        "p_b": 0.01462311,
        "S_b": 0.1275055,
        "r": [
            0.9284019,
            0.9036838,
            0.8965399
        ]
    },
    "n": 5,
    "expec": [
        {
            "E[P_z(1)]": 0.0005997928,
            "E[P_z(2)]": 0.0002784249,
            "E[P_z(3)]": 0.0001806754,
            "E[P_z(4)]": 0.0001344371,
            "E[D_z]": null,
            "E[mis_z]": null
        },
        {
            "E[P_z(1)]": 0.000410792,
            "E[P_z(2)]": 0.0001674953,
            "E[P_z(3)]": 0.000101626,
            "E[P_z(4)]": 7.23579e-05,
            "E[D_z]": null,
            "E[mis_z]": null
        }
    ],
    "alpha": 0.03172621690715325,
    "execution_time": 18.774620294570923
}