{
    "output_file": "/scratch/40841534/tmp27yarpgh",
    "model": "C",
    "likelihood": -172.4953,
    "criteria": 0.00044,
    "params_mle": {
        "eps": 4.50655e-06,
        "eps_cont": 0,
        "lambda": 0,
        "theta_bar": 0.0008577041,
        "a": -1,
        "S_d": -24.7234,
        "b": 0.1426348,
        "p_b": 0.005009838,
        "S_b": 0.05326924,
        "r": [
            0.5790695,
            0.5045515,
            0.5568344,
            0.5028802,
            0.6024937,
            0.6409322,
            0.6246989,
            0.4546887,
            0.6040905,
            0.4445502,
            0.5142437,
            0.5374393,
            0.5075795,
            0.4064962,
            0.4784548,
            0.4190707,
            0.5993973,
            0.5663972,
            0.698043,
            0.8213518,
            0.5720993,
            0.8841075,
            1.519929
        ]
    },
    "n": 25,
    "expec": [
        {
            "E[P_z(1)]": 0.0008577005,
            "E[P_z(2)]": 0.0002483342,
            "E[P_z(3)]": 0.0001442514,
            "E[P_z(4)]": 0.0001193994,
            "E[P_z(5)]": 8.62642e-05,
            "E[P_z(6)]": 8.61266e-05,
            "E[P_z(7)]": 7.85327e-05,
            "E[P_z(8)]": 6.69756e-05,
            "E[P_z(9)]": 4.3332e-05,
            "E[P_z(10)]": 5.1813e-05,
            "E[P_z(11)]": 3.46629e-05,
            "E[P_z(12)]": 3.67557e-05,
            "E[P_z(13)]": 3.54588e-05,
            "E[P_z(14)]": 3.10967e-05,
            "E[P_z(15)]": 2.32437e-05,
            "E[P_z(16)]": 2.56484e-05,
            "E[P_z(17)]": 2.11437e-05,
            "E[P_z(18)]": 2.85616e-05,
            "E[P_z(19)]": 2.55688e-05,
            "E[P_z(20)]": 2.9936e-05,
            "E[P_z(21)]": 3.35469e-05,
            "E[P_z(22)]": 2.23047e-05,
            "E[P_z(23)]": 3.29707e-05,
            "E[P_z(24)]": 5.43224e-05,
            "E[D_z]": null,
            "E[mis_z]": null
        },
        {
            "E[P_z(1)]": 0.0006842112,
            "E[P_z(2)]": 0.0001791979,
            "E[P_z(3)]": 9.82296e-05,
            "E[P_z(4)]": 7.81632e-05,
            "E[P_z(5)]": 5.48296e-05,
            "E[P_z(6)]": 5.34732e-05,
            "E[P_z(7)]": 4.78212e-05,
            "E[P_z(8)]": 4.01153e-05,
            "E[P_z(9)]": 2.55832e-05,
            "E[P_z(10)]": 3.02037e-05,
            "E[P_z(11)]": 1.99771e-05,
            "E[P_z(12)]": 2.09654e-05,
            "E[P_z(13)]": 2.00352e-05,
            "E[P_z(14)]": 1.74182e-05,
            "E[P_z(15)]": 1.29148e-05,
            "E[P_z(16)]": 1.41441e-05,
            "E[P_z(17)]": 1.1578e-05,
            "E[P_z(18)]": 1.55367e-05,
            "E[P_z(19)]": 1.38219e-05,
            "E[P_z(20)]": 1.60871e-05,
            "E[P_z(21)]": 1.79264e-05,
            "E[P_z(22)]": 1.18552e-05,
            "E[P_z(23)]": 1.74348e-05,
            "E[P_z(24)]": 2.85859e-05,
            "E[D_z]": null,
            "E[mis_z]": null
        }
    ],
    "alpha": 0.010868542466949838,
    "execution_time": 451.2816653251648
}