{
    "output_file": "/scratch/38995557/tmpasogqjpc",
    "model": "C",
    "likelihood": -172.2258,
    "criteria": 9e-05,
    "params_mle": {
        "eps": 0,
        "eps_cont": 0,
        "lambda": 0,
        "theta_bar": 0.0008425095,
        "a": -1,
        "S_d": -227.1998,
        "b": 0.3731299,
        "p_b": 0,
        "S_b": 1,
        "r": [
            1.172073,
            1.04065,
            1.223614,
            1.107055,
            0.9971368,
            1.189233,
            0.9015383,
            1.323806,
            1.135319,
            1.037637,
            0.8352928,
            1.411389,
            0.9394605,
            1.064325,
            1.238754,
            1.040271,
            1.375174,
            1.223136
        ]
    },
    "n": 20,
    "expec": [
        {
            "E[P_z(1)]": 0.0008425095,
            "E[P_z(2)]": 0.0004937415,
            "E[P_z(3)]": 0.0002922526,
            "E[P_z(4)]": 0.0002577266,
            "E[P_z(5)]": 0.0001865409,
            "E[P_z(6)]": 0.0001400162,
            "E[P_z(7)]": 0.0001431344,
            "E[P_z(8)]": 9.49443e-05,
            "E[P_z(9)]": 0.0001239243,
            "E[P_z(10)]": 9.56517e-05,
            "E[P_z(11)]": 7.94745e-05,
            "E[P_z(12)]": 5.86452e-05,
            "E[P_z(13)]": 9.14699e-05,
            "E[P_z(14)]": 5.6536e-05,
            "E[P_z(15)]": 5.97802e-05,
            "E[P_z(16)]": 6.52289e-05,
            "E[P_z(17)]": 5.15552e-05,
            "E[P_z(18)]": 6.43665e-05,
            "E[P_z(19)]": 5.42371e-05,
            "E[D_z]": null,
            "E[mis_z]": null
        },
        {
            "E[P_z(1)]": 0.0003111618,
            "E[P_z(2)]": 0.0001277526,
            "E[P_z(3)]": 6.32488e-05,
            "E[P_z(4)]": 4.97588e-05,
            "E[P_z(5)]": 3.31531e-05,
            "E[P_z(6)]": 2.33283e-05,
            "E[P_z(7)]": 2.26221e-05,
            "E[P_z(8)]": 1.43521e-05,
            "E[P_z(9)]": 1.80255e-05,
            "E[P_z(10)]": 1.34497e-05,
            "E[P_z(11)]": 1.08421e-05,
            "E[P_z(12)]": 7.7849e-06,
            "E[P_z(13)]": 1.18437e-05,
            "E[P_z(14)]": 7.1547e-06,
            "E[P_z(15)]": 7.4068e-06,
            "E[P_z(16)]": 7.9242e-06,
            "E[P_z(17)]": 6.1487e-06,
            "E[P_z(18)]": 7.5448e-06,
            "E[P_z(19)]": 6.2545e-06,
            "E[D_z]": null,
            "E[mis_z]": null
        }
    ],
    "alpha": 0.0,
    "execution_time": 97.28353142738342
}