{
    "output_file": "/scratch/40840341/tmp5va1mlkb",
    "model": "C",
    "likelihood": -69.67143,
    "criteria": 6e-05,
    "params_mle": {
        "eps": 4.50097e-06,
        "eps_cont": 0,
        "lambda": 0,
        "theta_bar": 0.0007542987,
        "a": -1,
        "S_d": -29.46251,
        "b": 0.1384521,
        "p_b": 0.0009291257,
        "S_b": 0.007920408,
        "r": [
            0.7117835,
            0.7818211,
            0.826256,
            0.7322874,
            0.8436357,
            0.7133212,
            0.7933711,
            0.9780835
        ]
    },
    "n": 10,
    "expec": [
        {
            "E[P_z(1)]": 0.0007542957,
            "E[P_z(2)]": 0.0002684478,
            "E[P_z(3)]": 0.000196575,
            "E[P_z(4)]": 0.0001558107,
            "E[P_z(5)]": 0.0001104727,
            "E[P_z(6)]": 0.0001060591,
            "E[P_z(7)]": 7.68659e-05,
            "E[P_z(8)]": 7.48057e-05,
            "E[P_z(9)]": 8.19772e-05,
            "E[D_z]": null,
            "E[mis_z]": null
        },
        {
            "E[P_z(1)]": 0.0005411299,
            "E[P_z(2)]": 0.0001721107,
            "E[P_z(3)]": 0.0001188676,
            "E[P_z(4)]": 9.06696e-05,
            "E[P_z(5)]": 6.2487e-05,
            "E[P_z(6)]": 5.86571e-05,
            "E[P_z(7)]": 4.17274e-05,
            "E[P_z(8)]": 3.99685e-05,
            "E[P_z(9)]": 4.31964e-05,
            "E[D_z]": null,
            "E[mis_z]": null
        }
    ],
    "alpha": 0.002797346582139278,
    "execution_time": 41.84902262687683
}