{
    "output_file": "/scratch/40841502/tmpoupnd_mx",
    "model": "C",
    "likelihood": -169.3246,
    "criteria": 0.0001,
    "params_mle": {
        "eps": 4.50698e-06,
        "eps_cont": 0,
        "lambda": 0,
        "theta_bar": 0.0008203014,
        "a": -1,
        "S_d": -14.67186,
        "b": 0.1980047,
        "p_b": 0.005012721,
        "S_b": 0.05330831,
        "r": [
            0.5886253,
            0.5140308,
            0.6420534,
            0.5410712,
            0.5799342,
            0.6875265,
            0.629205,
            0.5672015,
            0.7065237,
            0.5831561,
            0.510935,
            0.5391562,
            0.6182794,
            0.7319728,
            0.482169,
            0.5484123,
            0.5925663,
            0.6004351,
            0.8234993,
            0.8370972,
            0.8035809,
            0.9705477,
            1.827372
        ]
    },
    "n": 25,
    "expec": [
        {
            "E[P_z(1)]": 0.000820298,
            "E[P_z(2)]": 0.0002414241,
            "E[P_z(3)]": 0.0001405529,
            "E[P_z(4)]": 0.0001316689,
            "E[P_z(5)]": 8.8768e-05,
            "E[P_z(6)]": 7.92866e-05,
            "E[P_z(7)]": 8.05682e-05,
            "E[P_z(8)]": 6.4517e-05,
            "E[P_z(9)]": 5.16972e-05,
            "E[P_z(10)]": 5.79562e-05,
            "E[P_z(11)]": 4.34876e-05,
            "E[P_z(12)]": 3.49267e-05,
            "E[P_z(13)]": 3.40208e-05,
            "E[P_z(14)]": 3.62268e-05,
            "E[P_z(15)]": 4.00293e-05,
            "E[P_z(16)]": 2.47204e-05,
            "E[P_z(17)]": 2.64627e-05,
            "E[P_z(18)]": 2.70049e-05,
            "E[P_z(19)]": 2.59233e-05,
            "E[P_z(20)]": 3.37761e-05,
            "E[P_z(21)]": 3.26991e-05,
            "E[P_z(22)]": 2.99632e-05,
            "E[P_z(23)]": 3.46158e-05,
            "E[P_z(24)]": 6.24616e-05,
            "E[D_z]": null,
            "E[mis_z]": null
        },
        {
            "E[P_z(1)]": 0.0006697954,
            "E[P_z(2)]": 0.0001764511,
            "E[P_z(3)]": 9.57183e-05,
            "E[P_z(4)]": 8.52702e-05,
            "E[P_z(5)]": 5.53149e-05,
            "E[P_z(6)]": 4.78978e-05,
            "E[P_z(7)]": 4.74289e-05,
            "E[P_z(8)]": 3.71478e-05,
            "E[P_z(9)]": 2.9196e-05,
            "E[P_z(10)]": 3.21737e-05,
            "E[P_z(11)]": 2.37722e-05,
            "E[P_z(12)]": 1.88271e-05,
            "E[P_z(13)]": 1.81052e-05,
            "E[P_z(14)]": 1.90528e-05,
            "E[P_z(15)]": 2.08231e-05,
            "E[P_z(16)]": 1.27286e-05,
            "E[P_z(17)]": 1.34958e-05,
            "E[P_z(18)]": 1.36486e-05,
            "E[P_z(19)]": 1.29909e-05,
            "E[P_z(20)]": 1.67901e-05,
            "E[P_z(21)]": 1.61306e-05,
            "E[P_z(22)]": 1.46734e-05,
            "E[P_z(23)]": 1.68341e-05,
            "E[P_z(24)]": 3.01744e-05,
            "E[D_z]": null,
            "E[mis_z]": null
        }
    ],
    "alpha": 0.011822340706498338,
    "execution_time": 407.7981369495392
}