{
    "py/object": "fastdfe.polydfe.PolyDFE",
    "logger": {
        "py/reduce": [
            {
                "py/function": "logging.getLogger"
            },
            {
                "py/tuple": [
                    "fastdfe.PolyDFE"
                ]
            }
        ]
    },
    "bootstraps": null,
    "config": {
        "py/object": "fastdfe.config.Config",
        "data": {
            "model": "GammaExpParametrization",
            "intervals_del": {
                "py/tuple": [
                    -100000000.0,
                    -1e-05,
                    1000
                ]
            },
            "intervals_ben": {
                "py/tuple": [
                    1e-05,
                    10000.0,
                    1000
                ]
            },
            "integration_mode": "midpoint",
            "linearized": true,
            "seed": 0,
            "opts_mle": {},
            "n_runs": 10,
            "x0": {
                "all": {
                    "S_b": 0.09636954,
                    "S_d": -44.34681,
                    "a": -1,
                    "b": 0.1221405,
                    "eps": 4.50123e-06,
                    "eps_cont": 0,
                    "lambda": 0,
                    "p_b": 0.01060767,
                    "r": [
                        0.6268517,
                        0.6514728,
                        0.6820074,
                        0.5848618,
                        0.7565646,
                        0.6523473,
                        0.6349214,
                        0.7005902,
                        0.6139579,
                        0.6324166,
                        0.6421517,
                        0.7478784,
                        1.22486
                    ],
                    "theta_bar": 0.0008663822
                }
            },
            "bounds": {},
            "scales": {},
            "fixed_params": {},
            "shared_params": [],
            "covariates": [],
            "sfs_neut": {
                "py/object": "fastdfe.spectrum.Spectra",
                "data": {
                    "all": [
                        870506.438336528,
                        735.0,
                        219.0,
                        149.0,
                        127.0,
                        101.0,
                        77.0,
                        61.0,
                        70.0,
                        73.0,
                        39.0,
                        42.0,
                        43.0,
                        47.0,
                        56.0,
                        0.0
                    ]
                }
            },
            "sfs_sel": {
                "py/object": "fastdfe.spectrum.Spectra",
                "data": {
                    "all": [
                        2365890.56166347,
                        1482.0,
                        420.0,
                        282.0,
                        202.0,
                        144.0,
                        174.0,
                        92.0,
                        82.0,
                        73.0,
                        62.0,
                        65.0,
                        51.0,
                        63.0,
                        116.0,
                        0.0
                    ]
                }
            },
            "do_bootstrap": false,
            "n_bootstraps": 10,
            "parallelize": false,
            "loss_type": "likelihood"
        }
    },
    "output_file": null,
    "execution_time": 228.42769050598145,
    "summary": {
        "py/object": "fastdfe.polydfe.PolyDFEResult",
        "output_file": "results/polydfe/hgdp/inference/1/opts.n.15.config.default/bootstraps/35/all.polydfe.txt",
        "postprocessing_source": "../resources/polydfe/postprocessing/script.R",
        "data": {
            "output_file": "/scratch/40840769/tmp86bkl_0r",
            "model": "C",
            "likelihood": -103.7527,
            "criteria": 0.0001,
            "params_mle": {
                "eps": 4.50349e-06,
                "eps_cont": 0,
                "lambda": 0,
                "theta_bar": 0.0008346803,
                "a": -1,
                "S_d": -28.69648,
                "b": 0.1374082,
                "p_b": 0.01059353,
                "S_b": 0.09638958,
                "r": [
                    0.618219,
                    0.6488158,
                    0.6762741,
                    0.64057,
                    0.7983154,
                    0.5741163,
                    0.6580169,
                    0.7168847,
                    0.5550117,
                    0.6509551,
                    0.6274845,
                    0.7997135,
                    1.353182
                ]
            },
            "n": 15,
            "expec": [
                {
                    "E[P_z(1)]": 0.0008346769,
                    "E[P_z(2)]": 0.0002580067,
                    "E[P_z(3)]": 0.0001805173,
                    "E[P_z(4)]": 0.0001411178,
                    "E[P_z(5)]": 0.000106934,
                    "E[P_z(6)]": 0.0001110562,
                    "E[P_z(7)]": 6.84577e-05,
                    "E[P_z(8)]": 6.86542e-05,
                    "E[P_z(9)]": 6.64857e-05,
                    "E[P_z(10)]": 4.6326e-05,
                    "E[P_z(11)]": 4.93949e-05,
                    "E[P_z(12)]": 4.36464e-05,
                    "E[P_z(13)]": 5.13475e-05,
                    "E[P_z(14)]": 8.06801e-05,
                    "E[D_z]": null,
                    "E[mis_z]": null
                },
                {
                    "E[P_z(1)]": 0.0006284372,
                    "E[P_z(2)]": 0.0001747098,
                    "E[P_z(3)]": 0.0001154514,
                    "E[P_z(4)]": 8.6905e-05,
                    "E[P_z(5)]": 6.40373e-05,
                    "E[P_z(6)]": 6.50515e-05,
                    "E[P_z(7)]": 3.93738e-05,
                    "E[P_z(8)]": 3.88773e-05,
                    "E[P_z(9)]": 3.71434e-05,
                    "E[P_z(10)]": 2.55726e-05,
                    "E[P_z(11)]": 2.69751e-05,
                    "E[P_z(12)]": 2.36043e-05,
                    "E[P_z(13)]": 2.75223e-05,
                    "E[P_z(14)]": 4.28905e-05,
                    "E[D_z]": null,
                    "E[mis_z]": null
                }
            ],
            "alpha": 0.02228096709176435,
            "execution_time": 228.42769050598145
        }
    }
}