{
    "output_file": "/scratch/40841190/tmpdw8zs22b",
    "model": "C",
    "likelihood": -157.2161,
    "criteria": 0.00033,
    "params_mle": {
        "eps": 4.49533e-06,
        "eps_cont": 0,
        "lambda": 0,
        "theta_bar": 0.0009237086,
        "a": -1,
        "S_d": -946.3879,
        "b": 0.06876343,
        "p_b": 0.003859496,
        "S_b": 0.03778742,
        "r": [
            0.5090787,
            0.4879974,
            0.5153931,
            0.5149364,
            0.5262279,
            0.4962914,
            0.4177731,
            0.5818101,
            0.4856784,
            0.5720974,
            0.4633041,
            0.5301251,
            0.5608227,
            0.4533004,
            0.5775048,
            0.6714284,
            0.719773,
            1.292319
        ]
    },
    "n": 20,
    "expec": [
        {
            "E[P_z(1)]": 0.0009237047,
            "E[P_z(2)]": 0.0002351193,
            "E[P_z(3)]": 0.0001502553,
            "E[P_z(4)]": 0.0001190179,
            "E[P_z(5)]": 9.51299e-05,
            "E[P_z(6)]": 8.10133e-05,
            "E[P_z(7)]": 6.54897e-05,
            "E[P_z(8)]": 4.82375e-05,
            "E[P_z(9)]": 5.97136e-05,
            "E[P_z(10)]": 4.48625e-05,
            "E[P_z(11)]": 4.80411e-05,
            "E[P_z(12)]": 3.56632e-05,
            "E[P_z(13)]": 3.76679e-05,
            "E[P_z(14)]": 3.70028e-05,
            "E[P_z(15)]": 2.79148e-05,
            "E[P_z(16)]": 3.33408e-05,
            "E[P_z(17)]": 3.64831e-05,
            "E[P_z(18)]": 3.69376e-05,
            "E[P_z(19)]": 6.28315e-05,
            "E[D_z]": null,
            "E[mis_z]": null
        },
        {
            "E[P_z(1)]": 0.0006213262,
            "E[P_z(2)]": 0.0001481821,
            "E[P_z(3)]": 9.18009e-05,
            "E[P_z(4)]": 7.12729e-05,
            "E[P_z(5)]": 5.61363e-05,
            "E[P_z(6)]": 4.72559e-05,
            "E[P_z(7)]": 3.78383e-05,
            "E[P_z(8)]": 2.76456e-05,
            "E[P_z(9)]": 3.39827e-05,
            "E[P_z(10)]": 2.53721e-05,
            "E[P_z(11)]": 2.70185e-05,
            "E[P_z(12)]": 1.99558e-05,
            "E[P_z(13)]": 2.09802e-05,
            "E[P_z(14)]": 2.0522e-05,
            "E[P_z(15)]": 1.54205e-05,
            "E[P_z(16)]": 1.835e-05,
            "E[P_z(17)]": 2.00101e-05,
            "E[P_z(18)]": 2.01935e-05,
            "E[P_z(19)]": 3.42443e-05,
            "E[D_z]": null,
            "E[mis_z]": null
        }
    ],
    "alpha": 0.008876452153865401,
    "execution_time": 1272.325476884842
}