{
    "output_file": "/scratch/38996290/tmp3jxs6fto",
    "model": "C",
    "likelihood": -145.4939,
    "criteria": 6e-05,
    "params_mle": {
        "eps": 0.006160401,
        "eps_cont": 0,
        "lambda": 0,
        "theta_bar": 0.0009115499,
        "a": -1,
        "S_d": -203.3314,
        "b": 0.4104675,
        "p_b": 0,
        "S_b": 1,
        "r": [
            1.080632,
            1.051431,
            1.083758,
            1.21219,
            0.9041424,
            1.120989,
            0.9004213,
            1.138213,
            1.004196,
            0.9435924,
            0.7448562,
            1.374538,
            1.027163,
            1.094789,
            0.9593823,
            1.00872,
            1.198754,
            1.085544
        ]
    },
    "n": 20,
    "expec": [
        {
            "E[P_z(1)]": 0.0009062552,
            "E[P_z(2)]": 0.000489865,
            "E[P_z(3)]": 0.0003178425,
            "E[P_z(4)]": 0.0002457901,
            "E[P_z(5)]": 0.0002200427,
            "E[P_z(6)]": 0.0001369276,
            "E[P_z(7)]": 0.0001456712,
            "E[P_z(8)]": 0.0001023139,
            "E[P_z(9)]": 0.0001150535,
            "E[P_z(10)]": 9.15374e-05,
            "E[P_z(11)]": 7.84223e-05,
            "E[P_z(12)]": 5.68646e-05,
            "E[P_z(13)]": 9.6687e-05,
            "E[P_z(14)]": 6.73135e-05,
            "E[P_z(15)]": 6.74819e-05,
            "E[P_z(16)]": 5.58426e-05,
            "E[P_z(17)]": 5.57231e-05,
            "E[P_z(18)]": 6.33671e-05,
            "E[P_z(19)]": 5.73751e-05,
            "E[D_z]": null,
            "E[mis_z]": null
        },
        {
            "E[P_z(1)]": 0.0003275358,
            "E[P_z(2)]": 0.0001203102,
            "E[P_z(3)]": 6.41173e-05,
            "E[P_z(4)]": 4.37123e-05,
            "E[P_z(5)]": 3.57156e-05,
            "E[P_z(6)]": 2.06945e-05,
            "E[P_z(7)]": 2.07726e-05,
            "E[P_z(8)]": 1.38968e-05,
            "E[P_z(9)]": 1.49819e-05,
            "E[P_z(10)]": 1.14872e-05,
            "E[P_z(11)]": 9.526e-06,
            "E[P_z(12)]": 6.7103e-06,
            "E[P_z(13)]": 1.11081e-05,
            "E[P_z(14)]": 7.5579e-06,
            "E[P_z(15)]": 7.4425e-06,
            "E[P_z(16)]": 6.0766e-06,
            "E[P_z(17)]": 6.0276e-06,
            "E[P_z(18)]": 6.9461e-06,
            "E[P_z(19)]": 7.2552e-06,
            "E[D_z]": null,
            "E[mis_z]": null
        }
    ],
    "alpha": 0.0,
    "execution_time": 263.1653108596802
}