neutral,selected
999691614.879504,999781800.8494221
39286.74024678262,26478.203920518772
19902.648488463637,9251.10494650088
13697.138090261216,4539.462720854374
10718.447972520504,2624.9687728003846
9026.59110642447,1695.739389008988
7982.442230344204,1196.1605012797206
7315.903220069023,912.6624293537176
6898.30511061268,751.9144499263991
6666.477899387959,669.4104909288885
3295.9393190205383,322.0163019211601
0.0,0.0
0.0,0.0
0.0,0.0
0.0,0.0
0.0,0.0
0.0,0.0
0.0,0.0
0.0,0.0
0.0,0.0
0.0,0.0
