{
    "likelihood": -124.91977443591041,
    "L2_residual": 231.659262085954,
    "params_mle": {
        "S_d": -54.7551575007104,
        "b": 0.44869463897378803,
        "p_b": 0.0,
        "S_b": 1.0,
        "eps": 0.020216854246847042
    },
    "alpha": 0.0,
    "result": {
        "fun": 122.83604840769283,
        "jac": [
            -3.4106051523763346e-05,
            0.0004888534024602598,
            NaN,
            NaN,
            0.0015347723089846905
        ],
        "nfev": 140,
        "njev": 35,
        "nit": 18,
        "status": 0,
        "message": "CONVERGENCE: REL_REDUCTION_OF_F_<=_FACTR*EPSMCH",
        "x": [
            -1.738425032527799,
            -0.34804911940833483,
            0.0,
            0.0,
            0.020216854246847042
        ],
        "success": true,
        "hess_inv": null
    },
    "execution_time": 11.153178453445435,
    "sfs_mle": [
        0.0,
        4738.145073670749,
        1568.7782885046067,
        929.1036716344034,
        629.500150846998,
        508.1428808948589,
        346.8552791236952,
        283.4506109988941,
        235.70764830197638,
        205.6013265998713,
        193.06340393919322,
        151.97158053240238,
        150.94650729098845,
        121.57735883845555,
        114.85219280784192,
        103.38871559874698,
        101.57561108202391,
        126.94632304975882,
        140.09006966340397,
        257.6454596863103,
        0.0
    ],
    "fixed_params": {
        "all.S_b": 1.0,
        "all.p_b": 0.0
    },
    "bounds": {
        "S_d": [
            -100000.0,
            -0.01
        ],
        "b": [
            0.01,
            10
        ],
        "p_b": [
            0,
            0.5
        ],
        "S_b": [
            0.0001,
            100
        ],
        "eps": [
            0,
            0.15
        ]
    },
    "config": {
        "model": "GammaExpParametrization",
        "intervals_del": [
            -100000000.0,
            -1e-05,
            1000
        ],
        "intervals_ben": [
            1e-05,
            10000.0,
            1000
        ],
        "integration_mode": "midpoint",
        "linearized": true,
        "seed": 0,
        "opts_mle": {},
        "n_runs": 10,
        "x0": {
            "all": {
                "S_d": -20000.0,
                "b": 0.2,
                "p_b": 0.0,
                "S_b": 1.0,
                "eps": 0.05,
                "a": 2.0,
                "lambda": 0.005,
                "theta_bar": 0.001
            }
        },
        "bounds": {
            "S_d": [
                -100000.0,
                -0.01
            ],
            "b": [
                0.01,
                10
            ],
            "p_b": [
                0,
                0.5
            ],
            "S_b": [
                0.0001,
                100
            ],
            "eps": [
                0,
                0.15
            ]
        },
        "scales": {
            "S_d": "log",
            "b": "log",
            "p_b": "lin",
            "S_b": "log",
            "eps": "lin"
        },
        "fixed_params": {
            "all": {
                "S_b": 1.0,
                "p_b": 0.0
            }
        },
        "shared_params": [],
        "covariates": [],
        "sfs_neut": {
            "all": [
                984269.0,
                3110.0,
                1419.0,
                1014.0,
                780.0,
                691.0,
                506.0,
                438.0,
                381.0,
                346.0,
                335.0,
                270.0,
                274.0,
                222.0,
                210.0,
                184.0,
                175.0,
                205.0,
                186.0,
                185.0,
                4800.0
            ]
        },
        "sfs_sel": {
            "all": [
                2984316.0,
                4714.0,
                1741.0,
                889.0,
                617.0,
                395.0,
                309.0,
                274.0,
                234.0,
                194.0,
                169.0,
                138.0,
                146.0,
                136.0,
                138.0,
                137.0,
                141.0,
                148.0,
                171.0,
                218.0,
                4775.0
            ]
        },
        "do_bootstrap": true,
        "n_bootstraps": 100,
        "parallelize": true,
        "loss_type": "likelihood"
    }
}