{
    "output_file": "/scratch/40841220/tmphp94ea42",
    "model": "C",
    "likelihood": -167.0713,
    "criteria": 0.00063,
    "params_mle": {
        "eps": 4.5062e-06,
        "eps_cont": 0,
        "lambda": 0,
        "theta_bar": 0.0008612919,
        "a": -1,
        "S_d": -22.08351,
        "b": 0.1442523,
        "p_b": 0.005019527,
        "S_b": 0.05330158,
        "r": [
            0.5586967,
            0.4614286,
            0.5280545,
            0.4868602,
            0.5611174,
            0.6394902,
            0.6512027,
            0.5640158,
            0.5975525,
            0.5153421,
            0.4983152,
            0.5372591,
            0.373629,
            0.4418128,
            0.4663599,
            0.573019,
            0.5851191,
            0.5944929,
            0.7177517,
            0.7561952,
            0.6854413,
            0.8959334,
            1.417245
        ]
    },
    "n": 25,
    "expec": [
        {
            "E[P_z(1)]": 0.0008612883,
            "E[P_z(2)]": 0.0002405995,
            "E[P_z(3)]": 0.0001324744,
            "E[P_z(4)]": 0.0001137019,
            "E[P_z(5)]": 8.38655e-05,
            "E[P_z(6)]": 8.05474e-05,
            "E[P_z(7)]": 7.86837e-05,
            "E[P_z(8)]": 7.01093e-05,
            "E[P_z(9)]": 5.39757e-05,
            "E[P_z(10)]": 5.14666e-05,
            "E[P_z(11)]": 4.03508e-05,
            "E[P_z(12)]": 3.57662e-05,
            "E[P_z(13)]": 3.55952e-05,
            "E[P_z(14)]": 2.29861e-05,
            "E[P_z(15)]": 2.53688e-05,
            "E[P_z(16)]": 2.51046e-05,
            "E[P_z(17)]": 2.90318e-05,
            "E[P_z(18)]": 2.79979e-05,
            "E[P_z(19)]": 2.69493e-05,
            "E[P_z(20)]": 3.09099e-05,
            "E[P_z(21)]": 3.10149e-05,
            "E[P_z(22)]": 2.68353e-05,
            "E[P_z(23)]": 3.35514e-05,
            "E[P_z(24)]": 5.08646e-05,
            "E[D_z]": null,
            "E[mis_z]": null
        },
        {
            "E[P_z(1)]": 0.000694123,
            "E[P_z(2)]": 0.0001756903,
            "E[P_z(3)]": 9.13071e-05,
            "E[P_z(4)]": 7.53333e-05,
            "E[P_z(5)]": 5.39422e-05,
            "E[P_z(6)]": 5.05999e-05,
            "E[P_z(7)]": 4.84725e-05,
            "E[P_z(8)]": 4.24769e-05,
            "E[P_z(9)]": 3.22314e-05,
            "E[P_z(10)]": 3.03412e-05,
            "E[P_z(11)]": 2.3516e-05,
            "E[P_z(12)]": 2.06279e-05,
            "E[P_z(13)]": 2.03341e-05,
            "E[P_z(14)]": 1.30162e-05,
            "E[P_z(15)]": 1.42488e-05,
            "E[P_z(16)]": 1.39938e-05,
            "E[P_z(17)]": 1.60681e-05,
            "E[P_z(18)]": 1.53925e-05,
            "E[P_z(19)]": 1.47227e-05,
            "E[P_z(20)]": 1.67856e-05,
            "E[P_z(21)]": 1.67472e-05,
            "E[P_z(22)]": 1.4412e-05,
            "E[P_z(23)]": 1.79261e-05,
            "E[P_z(24)]": 2.70429e-05,
            "E[D_z]": null,
            "E[mis_z]": null
        }
    ],
    "alpha": 0.010775853870539727,
    "execution_time": 441.6587836742401
}