{
    "py/object": "fastdfe.polydfe.PolyDFE",
    "logger": {
        "py/reduce": [
            {
                "py/function": "logging.getLogger"
            },
            {
                "py/tuple": [
                    "fastdfe.PolyDFE"
                ]
            }
        ]
    },
    "bootstraps": null,
    "config": {
        "py/object": "fastdfe.config.Config",
        "data": {
            "model": "GammaExpParametrization",
            "intervals_del": {
                "py/tuple": [
                    -100000000.0,
                    -1e-05,
                    1000
                ]
            },
            "intervals_ben": {
                "py/tuple": [
                    1e-05,
                    10000.0,
                    1000
                ]
            },
            "integration_mode": "midpoint",
            "linearized": true,
            "seed": 0,
            "opts_mle": {},
            "n_runs": 10,
            "x0": {
                "all": {
                    "S_b": 0.09636954,
                    "S_d": -44.34681,
                    "a": -1,
                    "b": 0.1221405,
                    "eps": 4.50123e-06,
                    "eps_cont": 0,
                    "lambda": 0,
                    "p_b": 0.01060767,
                    "r": [
                        0.6268517,
                        0.6514728,
                        0.6820074,
                        0.5848618,
                        0.7565646,
                        0.6523473,
                        0.6349214,
                        0.7005902,
                        0.6139579,
                        0.6324166,
                        0.6421517,
                        0.7478784,
                        1.22486
                    ],
                    "theta_bar": 0.0008663822
                }
            },
            "bounds": {},
            "scales": {},
            "fixed_params": {},
            "shared_params": [],
            "covariates": [],
            "sfs_neut": {
                "py/object": "fastdfe.spectrum.Spectra",
                "data": {
                    "all": [
                        870389.438336528,
                        780.0,
                        228.0,
                        182.0,
                        129.0,
                        97.0,
                        72.0,
                        70.0,
                        60.0,
                        78.0,
                        41.0,
                        41.0,
                        48.0,
                        67.0,
                        63.0,
                        0.0
                    ]
                }
            },
            "sfs_sel": {
                "py/object": "fastdfe.spectrum.Spectra",
                "data": {
                    "all": [
                        2365885.56166347,
                        1511.0,
                        404.0,
                        286.0,
                        187.0,
                        138.0,
                        178.0,
                        117.0,
                        77.0,
                        67.0,
                        71.0,
                        63.0,
                        56.0,
                        54.0,
                        104.0,
                        0.0
                    ]
                }
            },
            "do_bootstrap": false,
            "n_bootstraps": 10,
            "parallelize": false,
            "loss_type": "likelihood"
        }
    },
    "output_file": null,
    "execution_time": 214.2319712638855,
    "summary": {
        "py/object": "fastdfe.polydfe.PolyDFEResult",
        "output_file": "results/polydfe/hgdp/inference/1/opts.n.15.config.default/bootstraps/72/all.polydfe.txt",
        "postprocessing_source": "../resources/polydfe/postprocessing/script.R",
        "data": {
            "output_file": "/scratch/40841105/tmpczhhkema",
            "model": "C",
            "likelihood": -110.3954,
            "criteria": 0.0001,
            "params_mle": {
                "eps": 4.50253e-06,
                "eps_cont": 0,
                "lambda": 0,
                "theta_bar": 0.0008889749,
                "a": -1,
                "S_d": -36.15904,
                "b": 0.1518769,
                "p_b": 0.01037516,
                "S_b": 0.09530038,
                "r": [
                    0.5963276,
                    0.6894153,
                    0.6369139,
                    0.6033092,
                    0.7815689,
                    0.6902787,
                    0.5838411,
                    0.7012868,
                    0.6065206,
                    0.6237867,
                    0.6847253,
                    0.8679345,
                    1.296704
                ]
            },
            "n": 15,
            "expec": [
                {
                    "E[P_z(1)]": 0.0008889713,
                    "E[P_z(2)]": 0.0002650592,
                    "E[P_z(3)]": 0.0002042903,
                    "E[P_z(4)]": 0.0001415497,
                    "E[P_z(5)]": 0.0001072651,
                    "E[P_z(6)]": 0.000115799,
                    "E[P_z(7)]": 8.76628e-05,
                    "E[P_z(8)]": 6.48776e-05,
                    "E[P_z(9)]": 6.92698e-05,
                    "E[P_z(10)]": 5.39184e-05,
                    "E[P_z(11)]": 5.04123e-05,
                    "E[P_z(12)]": 5.0726e-05,
                    "E[P_z(13)]": 5.93526e-05,
                    "E[P_z(14)]": 8.2342e-05,
                    "E[D_z]": null,
                    "E[mis_z]": null
                },
                {
                    "E[P_z(1)]": 0.0006396757,
                    "E[P_z(2)]": 0.0001691633,
                    "E[P_z(3)]": 0.0001223133,
                    "E[P_z(4)]": 8.12581e-05,
                    "E[P_z(5)]": 5.96945e-05,
                    "E[P_z(6)]": 6.28835e-05,
                    "E[P_z(7)]": 4.66518e-05,
                    "E[P_z(8)]": 3.39371e-05,
                    "E[P_z(9)]": 3.56965e-05,
                    "E[P_z(10)]": 2.74201e-05,
                    "E[P_z(11)]": 2.53343e-05,
                    "E[P_z(12)]": 2.52188e-05,
                    "E[P_z(13)]": 2.92181e-05,
                    "E[P_z(14)]": 4.01691e-05,
                    "E[D_z]": null,
                    "E[mis_z]": null
                }
            ],
            "alpha": 0.023772075910712325,
            "execution_time": 214.2319712638855
        }
    }
}