{
    "py/object": "fastdfe.polydfe.PolyDFE",
    "logger": {
        "py/reduce": [
            {
                "py/function": "logging.getLogger"
            },
            {
                "py/tuple": [
                    "fastdfe.PolyDFE"
                ]
            }
        ]
    },
    "bootstraps": null,
    "config": {
        "py/object": "fastdfe.config.Config",
        "data": {
            "model": "GammaExpParametrization",
            "intervals_del": {
                "py/tuple": [
                    -100000000.0,
                    -1e-05,
                    1000
                ]
            },
            "intervals_ben": {
                "py/tuple": [
                    1e-05,
                    10000.0,
                    1000
                ]
            },
            "integration_mode": "midpoint",
            "linearized": true,
            "seed": 0,
            "opts_mle": {},
            "n_runs": 10,
            "x0": {
                "all": {
                    "S_b": 0.05627203,
                    "S_d": -26.88451,
                    "a": -1,
                    "b": 0.1464485,
                    "eps": 4.50288e-06,
                    "eps_cont": 0,
                    "lambda": 0,
                    "p_b": 0.004419742,
                    "r": [
                        0.4932568,
                        0.4490162,
                        0.411058,
                        0.4293708,
                        0.4059378,
                        0.3950674,
                        0.4836194,
                        0.4412304,
                        0.4459431,
                        0.5171633,
                        0.4880109,
                        0.499798,
                        0.5114526,
                        0.4705895,
                        0.3840001,
                        0.3914661,
                        0.4942643,
                        0.4410675,
                        0.4295933,
                        0.3836019,
                        0.3386893,
                        0.4566943,
                        0.4425798,
                        0.4623484,
                        0.424307,
                        0.4116725,
                        0.4906384,
                        0.4335386,
                        0.4045893,
                        0.5819833,
                        0.4816641,
                        0.5724359,
                        0.5396078,
                        0.5300813,
                        0.62822,
                        0.8578236,
                        0.810246,
                        2.052769
                    ],
                    "theta_bar": 0.001050261
                }
            },
            "bounds": {},
            "scales": {},
            "fixed_params": {},
            "shared_params": [],
            "covariates": [],
            "sfs_neut": {
                "py/object": "fastdfe.spectrum.Spectra",
                "data": {
                    "all": [
                        1037913.33330917,
                        1086.0,
                        296.0,
                        154.0,
                        97.0,
                        95.0,
                        93.0,
                        61.0,
                        63.0,
                        37.0,
                        41.0,
                        56.0,
                        50.0,
                        41.0,
                        38.0,
                        35.0,
                        34.0,
                        29.0,
                        31.0,
                        26.0,
                        35.0,
                        18.0,
                        8.0,
                        22.0,
                        22.0,
                        23.0,
                        28.0,
                        22.0,
                        19.0,
                        16.0,
                        14.0,
                        12.0,
                        16.0,
                        8.0,
                        16.0,
                        15.0,
                        21.0,
                        31.0,
                        22.0,
                        61.0,
                        0.0
                    ]
                }
            },
            "sfs_sel": {
                "py/object": "fastdfe.spectrum.Spectra",
                "data": {
                    "all": [
                        2843463.66669083,
                        2433.0,
                        548.0,
                        321.0,
                        205.0,
                        168.0,
                        135.0,
                        105.0,
                        122.0,
                        85.0,
                        93.0,
                        95.0,
                        53.0,
                        70.0,
                        69.0,
                        55.0,
                        55.0,
                        30.0,
                        43.0,
                        41.0,
                        36.0,
                        29.0,
                        34.0,
                        36.0,
                        31.0,
                        35.0,
                        19.0,
                        26.0,
                        34.0,
                        20.0,
                        15.0,
                        36.0,
                        21.0,
                        33.0,
                        30.0,
                        29.0,
                        25.0,
                        44.0,
                        42.0,
                        89.0,
                        0.0
                    ]
                }
            },
            "do_bootstrap": false,
            "n_bootstraps": 10,
            "parallelize": false,
            "loss_type": "likelihood"
        }
    },
    "output_file": null,
    "execution_time": 2265.2811613082886,
    "summary": {
        "py/object": "fastdfe.polydfe.PolyDFEResult",
        "output_file": "results/polydfe/hgdp/inference/1/opts.n.40.config.default/bootstraps/4/all.polydfe.txt",
        "postprocessing_source": "../resources/polydfe/postprocessing/script.R",
        "data": {
            "output_file": "/scratch/40841774/tmp4ezmnsw5",
            "model": "C",
            "likelihood": -248.4302,
            "criteria": 0.00074,
            "params_mle": {
                "eps": 4.50362e-06,
                "eps_cont": 0,
                "lambda": 0,
                "theta_bar": 0.001051878,
                "a": -1,
                "S_d": -43.04035,
                "b": 0.1151418,
                "p_b": 0.004439118,
                "S_b": 0.05639678,
                "r": [
                    0.5089899,
                    0.4440286,
                    0.3846814,
                    0.4254836,
                    0.4483212,
                    0.3847976,
                    0.4944251,
                    0.3696064,
                    0.4541408,
                    0.5662984,
                    0.4235643,
                    0.4969203,
                    0.5182308,
                    0.4689843,
                    0.4965948,
                    0.3511267,
                    0.467742,
                    0.4484437,
                    0.5016864,
                    0.349716,
                    0.3282998,
                    0.4751867,
                    0.454195,
                    0.5189568,
                    0.4382978,
                    0.4658289,
                    0.5345704,
                    0.3767692,
                    0.314616,
                    0.5390639,
                    0.4296849,
                    0.4919478,
                    0.5694979,
                    0.5616836,
                    0.6049856,
                    1.015056,
                    0.8911009,
                    2.146524
                ]
            },