{
    "py/object": "fastdfe.polydfe.PolyDFE",
    "logger": {
        "py/reduce": [
            {
                "py/function": "logging.getLogger"
            },
            {
                "py/tuple": [
                    "fastdfe.PolyDFE"
                ]
            }
        ]
    },
    "bootstraps": null,
    "config": {
        "py/object": "fastdfe.config.Config",
        "data": {
            "model": "GammaExpParametrization",
            "intervals_del": {
                "py/tuple": [
                    -100000000.0,
                    -1e-05,
                    1000
                ]
            },
            "intervals_ben": {
                "py/tuple": [
                    1e-05,
                    10000.0,
                    1000
                ]
            },
            "integration_mode": "midpoint",
            "linearized": true,
            "seed": 0,
            "opts_mle": {},
            "n_runs": 10,
            "x0": {
                "all": {
                    "S_b": 0.1083917,
                    "S_d": -45.46375,
                    "a": -1,
                    "b": 0.1287808,
                    "eps": 4.50268e-06,
                    "eps_cont": 0,
                    "lambda": 0,
                    "p_b": 0.009184894,
                    "r": [
                        0.5642878,
                        0.496756,
                        0.4953868,
                        0.4840476,
                        0.4906511,
                        0.4906073,
                        0.5437098,
                        0.5553355,
                        0.5124802,
                        0.5092361,
                        0.6175192,
                        0.5977393,
                        0.4504409,
                        0.522028,
                        0.3860458,
                        0.4756257,
                        0.5506624,
                        0.3834732,
                        0.531485,
                        0.4975372,
                        0.5880576,
                        0.5381713,
                        0.7063446,
                        0.5665509,
                        0.6574706,
                        0.6611074,
                        0.9643355,
                        1.73894
                    ],
                    "theta_bar": 0.0009259123
                }
            },
            "bounds": {},
            "scales": {},
            "fixed_params": {},
            "shared_params": [],
            "covariates": [],
            "sfs_neut": {
                "py/object": "fastdfe.spectrum.Spectra",
                "data": {
                    "all": [
                        1037553.3337252,
                        973.0,
                        271.0,
                        152.0,
                        111.0,
                        96.0,
                        67.0,
                        79.0,
                        56.0,
                        52.0,
                        54.0,
                        59.0,
                        43.0,
                        40.0,
                        28.0,
                        34.0,
                        18.0,
                        35.0,
                        26.0,
                        17.0,
                        46.0,
                        12.0,
                        19.0,
                        28.0,
                        24.0,
                        24.0,
                        21.0,
                        23.0,
                        32.0,
                        56.0,
                        0.0
                    ]
                }
            },
            "sfs_sel": {
                "py/object": "fastdfe.spectrum.Spectra",
                "data": {
                    "all": [
                        2844927.6662748,
                        2045.0,
                        503.0,
                        295.0,
                        207.0,
                        160.0,
                        129.0,
                        104.0,
                        122.0,
                        116.0,
                        69.0,
                        80.0,
                        65.0,
                        70.0,
                        33.0,
                        60.0,
                        23.0,
                        39.0,
                        43.0,
                        34.0,
                        25.0,
                        39.0,
                        40.0,
                        24.0,
                        31.0,
                        22.0,
                        31.0,
                        25.0,
                        49.0,
                        99.0,
                        0.0
                    ]
                }
            },
            "do_bootstrap": false,
            "n_bootstraps": 10,
            "parallelize": false,
            "loss_type": "likelihood"
        }
    },
    "output_file": null,
    "execution_time": 990.7803077697754,
    "summary": {
        "py/object": "fastdfe.polydfe.PolyDFEResult",
        "output_file": "results/polydfe/hgdp/inference/1/opts.n.30.config.default/bootstraps/85/all.polydfe.txt",
        "postprocessing_source": "../resources/polydfe/postprocessing/script.R",
        "data": {
            "output_file": "/scratch/40841758/tmp7unlk9n1",
            "model": "C",
            "likelihood": -196.9659,
            "criteria": 0.00018,
            "params_mle": {
                "eps": 4.50421e-06,
                "eps_cont": 0,
                "lambda": 0,
                "theta_bar": 0.000930203,
                "a": -1,
                "S_d": -46.91231,
                "b": 0.1264581,
                "p_b": 0.009125104,
                "S_b": 0.108045,
                "r": [
                    0.5479903,
                    0.4917936,
                    0.4774482,
                    0.4886927,
                    0.45501,
                    0.5010736,
                    0.5621629,
                    0.6016697,
                    0.492884,
                    0.6165164,
                    0.5255236,
                    0.5828226,
                    0.3496926,
                    0.5798679,
                    0.2708607,
                    0.5213822,
                    0.516559,
                    0.4043451,
                    0.594393,
                    0.4496256,
                    0.5464552,
                    0.504857,
                    0.5586204,
                    0.4878569,
                    0.5748894,
                    0.5523024,
                    0.968628,
                    1.923605
                ]
            },
            "n": 30,
            "expec": [
                {
                    "E[P_z(1)]": 0.0009301991,
                    "E[P_z(2)]": 0.0002548701,
                    "E[P_z(3)]": 0.0001524887,
                    "E[P_z(4)]": 0.0001110305,
                    "E[P_z(5)]": 9.09164e-05,
                    "E[P_z(6)]": 7.05417e-05,
                    "E[P_z(7)]": 6.65855e-05,
                    "E[P_z(8)]": 6.53655e-05,
                    "E[P_z(9)]": 6.21859e-05,
                    "E[P_z(10)]": 4.58481e-05,
                    "E[P_z(11)]": 5.21349e-05,
                    "E[P_z(12)]": 4.07369e-05,
                    "E[P_z(13)]": 4.17033e-05,
                    "E[P_z(14)]": 2.32346e-05,
                    "E[P_z(15)]": 3.59597e-05,
                    "E[P_z(16)]": 1.57473e-05,
                    "E[P_z(17)]": 2.8529e-05,
                    "E[P_z(18)]": 2.66948e-05,
                    "E[P_z(19)]": 1.97961e-05,
                    "E[P_z(20)]": 2.76454e-05,
                    "E[P_z(21)]": 1.99165e-05,
                    "E[P_z(22)]": 2.31054e-05,
                    "E[P_z(23)]": 2.04184e-05,
                    "E[P_z(24)]": 2.16515e-05,
                    "E[P_z(25)]": 1.81526e-05,
                    "E[P_z(26)]": 2.05682e-05,