{
    "output_file": "/scratch/40840299/tmp827z1k91",
    "model": "C",
    "likelihood": -66.80187,
    "criteria": 0.00011,
    "params_mle": {
        "eps": 4.50075e-06,
        "eps_cont": 0,
        "lambda": 0,
        "theta_bar": 0.0006898031,
        "a": -1,
        "S_d": -7.046146,
        "b": 0.3256272,
        "p_b": 0.0009287117,
        "S_b": 0.007920261,
        "r": [
            0.8148607,
            0.9060835,
            0.9434737,
            0.8430898,
            0.7797789,
            0.9304799,
            0.8974928,
            1.253123
        ]
    },
    "n": 10,
    "expec": [
        {
            "E[P_z(1)]": 0.0006898004,
            "E[P_z(2)]": 0.0002810458,
            "E[P_z(3)]": 0.0002083392,
            "E[P_z(4)]": 0.0001627024,
            "E[P_z(5)]": 0.0001163132,
            "E[P_z(6)]": 8.96493e-05,
            "E[P_z(7)]": 9.16931e-05,
            "E[P_z(8)]": 7.73876e-05,
            "E[P_z(9)]": 9.6048e-05,
            "E[D_z]": null,
            "E[mis_z]": null
        },
        {
            "E[P_z(1)]": 0.0005343327,
            "E[P_z(2)]": 0.0001867818,
            "E[P_z(3)]": 0.0001250193,
            "E[P_z(4)]": 9.06393e-05,
            "E[P_z(5)]": 6.11618e-05,
            "E[P_z(6)]": 4.49786e-05,
            "E[P_z(7)]": 4.4222e-05,
            "E[P_z(8)]": 3.6072e-05,
            "E[P_z(9)]": 4.34482e-05,
            "E[D_z]": null,
            "E[mis_z]": null
        }
    ],
    "alpha": 0.0033272663053802447,
    "execution_time": 102.61051154136658
}