{
    "output_file": "/scratch/38996264/tmpf0947nxb",
    "model": "C",
    "likelihood": -142.6653,
    "criteria": 8e-05,
    "params_mle": {
        "eps": 0.01458298,
        "eps_cont": 0,
        "lambda": 0,
        "theta_bar": 0.000905804,
        "a": -1,
        "S_d": -294.389,
        "b": 0.3702225,
        "p_b": 0,
        "S_b": 1,
        "r": [
            1.086332,
            1.0924,
            1.219644,
            1.146621,
            0.9239838,
            1.062108,
            0.7823032,
            1.175666,
            0.930446,
            0.9541333,
            0.8769977,
            1.095495,
            1.069695,
            1.140971,
            0.8972873,
            1.277659,
            1.353622,
            0.8966905
        ]
    },
    "n": 20,
    "expec": [
        {
            "E[P_z(1)]": 0.000893218,
            "E[P_z(2)]": 0.0004858203,
            "E[P_z(3)]": 0.0003260164,
            "E[P_z(4)]": 0.0002729027,
            "E[P_z(5)]": 0.0002056983,
            "E[P_z(6)]": 0.0001384665,
            "E[P_z(7)]": 0.0001365462,
            "E[P_z(8)]": 8.82503e-05,
            "E[P_z(9)]": 0.000117745,
            "E[P_z(10)]": 8.42802e-05,
            "E[P_z(11)]": 7.91486e-05,
            "E[P_z(12)]": 6.65253e-05,
            "E[P_z(13)]": 7.72222e-05,
            "E[P_z(14)]": 7.02345e-05,
            "E[P_z(15)]": 7.09242e-05,
            "E[P_z(16)]": 5.40848e-05,
            "E[P_z(17)]": 7.18942e-05,
            "E[P_z(18)]": 7.42991e-05,
            "E[P_z(19)]": 5.53346e-05,
            "E[D_z]": null,
            "E[mis_z]": null
        },
        {
            "E[P_z(1)]": 0.0003051563,
            "E[P_z(2)]": 0.0001153363,
            "E[P_z(3)]": 6.47033e-05,
            "E[P_z(4)]": 4.83539e-05,
            "E[P_z(5)]": 3.35481e-05,
            "E[P_z(6)]": 2.11728e-05,
            "E[P_z(7)]": 1.98178e-05,
            "E[P_z(8)]": 1.22556e-05,
            "E[P_z(9)]": 1.57496e-05,
            "E[P_z(10)]": 1.09068e-05,
            "E[P_z(11)]": 9.9539e-06,
            "E[P_z(12)]": 8.1525e-06,
            "E[P_z(13)]": 9.2599e-06,
            "E[P_z(14)]": 8.2607e-06,
            "E[P_z(15)]": 8.2436e-06,
            "E[P_z(16)]": 6.3166e-06,
            "E[P_z(17)]": 8.3276e-06,
            "E[P_z(18)]": 8.9556e-06,
            "E[P_z(19)]": 8.9919e-06,
            "E[D_z]": null,
            "E[mis_z]": null
        }
    ],
    "alpha": 0.0,
    "execution_time": 154.815025806427
}