{
    "py/object": "fastdfe.polydfe.PolyDFE",
    "logger": {
        "py/reduce": [
            {
                "py/function": "logging.getLogger"
            },
            {
                "py/tuple": [
                    "fastdfe.PolyDFE"
                ]
            }
        ]
    },
    "bootstraps": null,
    "config": {
        "py/object": "fastdfe.config.Config",
        "data": {
            "model": "GammaExpParametrization",
            "intervals_del": {
                "py/tuple": [
                    -100000000.0,
                    -1e-05,
                    1000
                ]
            },
            "intervals_ben": {
                "py/tuple": [
                    1e-05,
                    10000.0,
                    1000
                ]
            },
            "integration_mode": "midpoint",
            "linearized": true,
            "seed": 0,
            "opts_mle": {},
            "n_runs": 10,
            "x0": {
                "all": {
                    "S_b": 0.05627203,
                    "S_d": -26.88451,
                    "a": -1,
                    "b": 0.1464485,
                    "eps": 4.50288e-06,
                    "eps_cont": 0,
                    "lambda": 0,
                    "p_b": 0.004419742,
                    "r": [
                        0.4932568,
                        0.4490162,
                        0.411058,
                        0.4293708,
                        0.4059378,
                        0.3950674,
                        0.4836194,
                        0.4412304,
                        0.4459431,
                        0.5171633,
                        0.4880109,
                        0.499798,
                        0.5114526,
                        0.4705895,
                        0.3840001,
                        0.3914661,
                        0.4942643,
                        0.4410675,
                        0.4295933,
                        0.3836019,
                        0.3386893,
                        0.4566943,
                        0.4425798,
                        0.4623484,
                        0.424307,
                        0.4116725,
                        0.4906384,
                        0.4335386,
                        0.4045893,
                        0.5819833,
                        0.4816641,
                        0.5724359,
                        0.5396078,
                        0.5300813,
                        0.62822,
                        0.8578236,
                        0.810246,
                        2.052769
                    ],
                    "theta_bar": 0.001050261
                }
            },
            "bounds": {},
            "scales": {},
            "fixed_params": {},
            "shared_params": [],
            "covariates": [],
            "sfs_neut": {
                "py/object": "fastdfe.spectrum.Spectra",
                "data": {
                    "all": [
                        1037938.33330917,
                        1071.0,
                        281.0,
                        151.0,
                        114.0,
                        102.0,
                        65.0,
                        44.0,
                        69.0,
                        45.0,
                        52.0,
                        54.0,
                        53.0,
                        50.0,
                        32.0,
                        33.0,
                        23.0,
                        38.0,
                        27.0,
                        18.0,
                        32.0,
                        14.0,
                        12.0,
                        22.0,
                        26.0,
                        34.0,
                        21.0,
                        24.0,
                        18.0,
                        16.0,
                        21.0,
                        23.0,
                        16.0,
                        12.0,
                        19.0,
                        21.0,
                        24.0,
                        22.0,
                        14.0,
                        54.0,
                        0.0
                    ]
                }
            },
            "sfs_sel": {
                "py/object": "fastdfe.spectrum.Spectra",
                "data": {
                    "all": [
                        2843426.66669083,
                        2531.0,
                        525.0,
                        326.0,
                        198.0,
                        193.0,
                        121.0,
                        129.0,
                        118.0,
                        87.0,
                        83.0,
                        71.0,
                        66.0,
                        69.0,
                        54.0,
                        56.0,
                        32.0,
                        33.0,
                        59.0,
                        54.0,
                        34.0,
                        38.0,
                        34.0,
                        27.0,
                        33.0,
                        25.0,
                        20.0,
                        28.0,
                        33.0,
                        28.0,
                        13.0,
                        20.0,
                        28.0,
                        22.0,
                        27.0,
                        23.0,
                        20.0,
                        43.0,
                        40.0,
                        86.0,
                        0.0
                    ]
                }
            },
            "do_bootstrap": false,
            "n_bootstraps": 10,
            "parallelize": false,
            "loss_type": "likelihood"
        }
    },
    "output_file": null,
    "execution_time": 1024.978327035904,
    "summary": {
        "py/object": "fastdfe.polydfe.PolyDFEResult",
        "output_file": "results/polydfe/hgdp/inference/1/opts.n.40.config.default/bootstraps/72/all.polydfe.txt",
        "postprocessing_source": "../resources/polydfe/postprocessing/script.R",
        "data": {
            "output_file": "/scratch/40841824/tmpygwqjtcf",
            "model": "C",
            "likelihood": -258.2796,
            "criteria": 0.00035,
            "params_mle": {
                "eps": 4.50428e-06,
                "eps_cont": 0,
                "lambda": 0,
                "theta_bar": 0.001041937,
                "a": -1,
                "S_d": -17.30159,
                "b": 0.1718217,
                "p_b": 0.004420209,
                "S_b": 0.05627328,
                "r": [
                    0.4771541,
                    0.4412144,
                    0.3960891,
                    0.4785645,
                    0.3685517,
                    0.4057944,
                    0.5075834,
                    0.4074679,
                    0.4674694,
                    0.4802117,
                    0.5025449,
                    0.5482356,
                    0.4294939,
                    0.4790017,
                    0.3174831,
                    0.4377165,
                    0.5640284,
                    0.5007612,
                    0.4852591,
                    0.403042,
                    0.3749589,
                    0.4191064,
                    0.5283947,
                    0.5522423,
                    0.4003662,
                    0.5289415,
                    0.5395739,
                    0.4835257,
                    0.3875595,
                    0.5077848,
                    0.5377707,
                    0.4296255,
                    0.600245,
                    0.5923957,
                    0.6106396,
                    0.929171,
                    0.7944652,
                    2.118158
                ]
            },