neutral,selected
152580.80970550104,409652.190294499
232.0,342.0
98.0,145.0
84.0,82.0
67.0,78.0
181.0,183.0
