{
    "py/object": "fastdfe.polydfe.PolyDFE",
    "logger": {
        "py/reduce": [
            {
                "py/function": "logging.getLogger"
            },
            {
                "py/tuple": [
                    "fastdfe.PolyDFE"
                ]
            }
        ]
    },
    "bootstraps": null,
    "config": {
        "py/object": "fastdfe.config.Config",
        "data": {
            "model": "GammaExpParametrization",
            "intervals_del": {
                "py/tuple": [
                    -100000000.0,
                    -1e-05,
                    1000
                ]
            },
            "intervals_ben": {
                "py/tuple": [
                    1e-05,
                    10000.0,
                    1000
                ]
            },
            "integration_mode": "midpoint",
            "linearized": true,
            "seed": 0,
            "opts_mle": {},
            "n_runs": 10,
            "x0": {
                "all": {
                    "S_b": 0.1083917,
                    "S_d": -45.46375,
                    "a": -1,
                    "b": 0.1287808,
                    "eps": 4.50268e-06,
                    "eps_cont": 0,
                    "lambda": 0,
                    "p_b": 0.009184894,
                    "r": [
                        0.5642878,
                        0.496756,
                        0.4953868,
                        0.4840476,
                        0.4906511,
                        0.4906073,
                        0.5437098,
                        0.5553355,
                        0.5124802,
                        0.5092361,
                        0.6175192,
                        0.5977393,
                        0.4504409,
                        0.522028,
                        0.3860458,
                        0.4756257,
                        0.5506624,
                        0.3834732,
                        0.531485,
                        0.4975372,
                        0.5880576,
                        0.5381713,
                        0.7063446,
                        0.5665509,
                        0.6574706,
                        0.6611074,
                        0.9643355,
                        1.73894
                    ],
                    "theta_bar": 0.0009259123
                }
            },
            "bounds": {},
            "scales": {},
            "fixed_params": {},
            "shared_params": [],
            "covariates": [],
            "sfs_neut": {
                "py/object": "fastdfe.spectrum.Spectra",
                "data": {
                    "all": [
                        1037564.3337252,
                        970.0,
                        299.0,
                        158.0,
                        125.0,
                        76.0,
                        61.0,
                        73.0,
                        55.0,
                        60.0,
                        54.0,
                        34.0,
                        46.0,
                        30.0,
                        44.0,
                        32.0,
                        21.0,
                        33.0,
                        25.0,
                        21.0,
                        44.0,
                        15.0,
                        21.0,
                        23.0,
                        24.0,
                        18.0,
                        33.0,
                        20.0,
                        23.0,
                        47.0,
                        0.0
                    ]
                }
            },
            "sfs_sel": {
                "py/object": "fastdfe.spectrum.Spectra",
                "data": {
                    "all": [
                        2844880.6662748,
                        2062.0,
                        541.0,
                        281.0,
                        197.0,
                        161.0,
                        149.0,
                        87.0,
                        112.0,
                        104.0,
                        65.0,
                        56.0,
                        73.0,
                        84.0,
                        36.0,
                        54.0,
                        37.0,
                        40.0,
                        36.0,
                        33.0,
                        40.0,
                        35.0,
                        36.0,
                        34.0,
                        37.0,
                        27.0,
                        36.0,
                        32.0,
                        49.0,
                        95.0,
                        0.0
                    ]
                }
            },
            "do_bootstrap": false,
            "n_bootstraps": 10,
            "parallelize": false,
            "loss_type": "likelihood"
        }
    },
    "output_file": null,
    "execution_time": 1240.4042637348175,
    "summary": {
        "py/object": "fastdfe.polydfe.PolyDFEResult",
        "output_file": "results/polydfe/hgdp/inference/1/opts.n.30.config.default/bootstraps/3/all.polydfe.txt",
        "postprocessing_source": "../resources/polydfe/postprocessing/script.R",
        "data": {
            "output_file": "/scratch/40841708/tmp0s4exsm9",
            "model": "C",
            "likelihood": -196.4413,
            "criteria": 0.00057,
            "params_mle": {
                "eps": 4.51063e-06,
                "eps_cont": 0,
                "lambda": 0,
                "theta_bar": 0.0009431462,
                "a": -1,
                "S_d": -84.62927,
                "b": 0.09860177,
                "p_b": 0.009464641,
                "S_b": 0.1107922,
                "r": [
                    0.5863203,
                    0.4729845,
                    0.4712318,
                    0.4394587,
                    0.4722502,
                    0.4234343,
                    0.5088092,
                    0.5656946,
                    0.4586415,
                    0.3834443,
                    0.555583,
                    0.578908,
                    0.4391573,
                    0.507565,
                    0.3663035,
                    0.4913183,
                    0.435927,
                    0.4084369,
                    0.6703971,
                    0.4199872,
                    0.5027301,
                    0.5267164,
                    0.5893812,
                    0.4537727,
                    0.7250003,
                    0.568382,
                    0.8175627,
                    1.672628
                ]
            },
            "n": 30,
            "expec": [
                {
                    "E[P_z(1)]": 0.0009431422,
                    "E[P_z(2)]": 0.0002764918,
                    "E[P_z(3)]": 0.0001486973,
                    "E[P_z(4)]": 0.0001111097,
                    "E[P_z(5)]": 8.28945e-05,
                    "E[P_z(6)]": 7.42333e-05,
                    "E[P_z(7)]": 5.70513e-05,
                    "E[P_z(8)]": 5.9985e-05,
                    "E[P_z(9)]": 5.92812e-05,
                    "E[P_z(10)]": 4.32565e-05,
                    "E[P_z(11)]": 3.28767e-05,
                    "E[P_z(12)]": 4.36662e-05,
                    "E[P_z(13)]": 4.19995e-05,
                    "E[P_z(14)]": 2.95849e-05,
                    "E[P_z(15)]": 3.19139e-05,
                    "E[P_z(16)]": 2.15924e-05,
                    "E[P_z(17)]": 2.7258e-05,
                    "E[P_z(18)]": 2.28414e-05,
                    "E[P_z(19)]": 2.02746e-05,
                    "E[P_z(20)]": 3.16142e-05,
                    "E[P_z(21)]": 1.88625e-05,
                    "E[P_z(22)]": 2.15524e-05,
                    "E[P_z(23)]": 2.15989e-05,
                    "E[P_z(24)]": 2.31616e-05,
                    "E[P_z(25)]": 1.71193e-05,