{
    "output_file": "/scratch/40509112/tmpgtmfhhrz",
    "model": "C",
    "likelihood": -44.59796,
    "criteria": 6e-05,
    "params_mle": {
        "eps": 4.49634e-06,
        "eps_cont": 0,
        "lambda": 0,
        "theta_bar": 0.0004353734,
        "a": -1,
        "S_d": -21.85778,
        "b": 0.3265533,
        "p_b": 0.01348446,
        "S_b": 0.1965,
        "r": [
            1.350515,
            1.465801,
            1.958945,
            2.534012,
            1.960469,
            2.682352,
            2.113864,
            0.5748716
        ]
    },
    "n": 10,
    "expec": [
        {
            "E[P_z(1)]": 0.0004353716,
            "E[P_z(2)]": 0.0002939884,
            "E[P_z(3)]": 0.0002127235,
            "E[P_z(4)]": 0.0002132178,
            "E[P_z(5)]": 0.0002206483,
            "E[P_z(6)]": 0.0001422564,
            "E[P_z(7)]": 0.0001668323,
            "E[P_z(8)]": 0.0001150408,
            "E[P_z(9)]": 2.78111e-05,
            "E[D_z]": null,
            "E[mis_z]": null
        },
        {
            "E[P_z(1)]": 0.0002726883,
            "E[P_z(2)]": 0.0001478236,
            "E[P_z(3)]": 9.43047e-05,
            "E[P_z(4)]": 8.68666e-05,
            "E[P_z(5)]": 8.44381e-05,
            "E[P_z(6)]": 5.18124e-05,
            "E[P_z(7)]": 5.83364e-05,
            "E[P_z(8)]": 3.88573e-05,
            "E[P_z(9)]": 9.1159e-06,
            "E[D_z]": null,
            "E[mis_z]": null
        }
    ],
    "alpha": 0.049315106918241876,
    "execution_time": 250.33808708190918
}