{
    "output_file": "/scratch/40840493/tmpjadkz0fc",
    "model": "C",
    "likelihood": -68.22267,
    "criteria": 0.00029,
    "params_mle": {
        "eps": 4.49891e-06,
        "eps_cont": 0,
        "lambda": 0,
        "theta_bar": 0.0007431848,
        "a": -1,
        "S_d": -28.9767,
        "b": 0.1326131,
        "p_b": 0.0009284868,
        "S_b": 0.007919912,
        "r": [
            0.6976777,
            0.7520731,
            0.7629525,
            0.7548824,
            0.7218943,
            0.6844641,
            0.8485782,
            0.8951172
        ]
    },
    "n": 10,
    "expec": [
        {
            "E[P_z(1)]": 0.0007431818,
            "E[P_z(2)]": 0.0002592509,
            "E[P_z(3)]": 0.0001863093,
            "E[P_z(4)]": 0.0001417534,
            "E[P_z(5)]": 0.0001122034,
            "E[P_z(6)]": 8.9417e-05,
            "E[P_z(7)]": 7.26696e-05,
            "E[P_z(8)]": 7.88321e-05,
            "E[P_z(9)]": 7.39183e-05,
            "E[D_z]": null,
            "E[mis_z]": null
        },
        {
            "E[P_z(1)]": 0.000538931,
            "E[P_z(2)]": 0.0001687891,
            "E[P_z(3)]": 0.0001146881,
            "E[P_z(4)]": 8.41104e-05,
            "E[P_z(5)]": 6.47904e-05,
            "E[P_z(6)]": 5.05326e-05,
            "E[P_z(7)]": 4.0342e-05,
            "E[P_z(8)]": 4.31013e-05,
            "E[P_z(9)]": 3.98807e-05,
            "E[D_z]": null,
            "E[mis_z]": null
        }
    ],
    "alpha": 0.002732289280677902,
    "execution_time": 178.43202352523804
}