{
    "py/object": "fastdfe.polydfe.PolyDFE",
    "logger": {
        "py/reduce": [
            {
                "py/function": "logging.getLogger"
            },
            {
                "py/tuple": [
                    "fastdfe.PolyDFE"
                ]
            }
        ]
    },
    "bootstraps": null,
    "config": {
        "py/object": "fastdfe.config.Config",
        "data": {
            "model": "GammaExpParametrization",
            "intervals_del": {
                "py/tuple": [
                    -100000000.0,
                    -1e-05,
                    1000
                ]
            },
            "intervals_ben": {
                "py/tuple": [
                    1e-05,
                    10000.0,
                    1000
                ]
            },
            "integration_mode": "midpoint",
            "linearized": true,
            "seed": 0,
            "opts_mle": {},
            "n_runs": 10,
            "x0": {
                "all": {
                    "S_b": 0.05328228,
                    "S_d": -33.44406,
                    "a": -1,
                    "b": 0.1398527,
                    "eps": 4.50451e-06,
                    "eps_cont": 0,
                    "lambda": 0,
                    "p_b": 0.005009714,
                    "r": [
                        0.5834314,
                        0.499803,
                        0.5581096,
                        0.5076067,
                        0.557493,
                        0.6522272,
                        0.6050956,
                        0.5227928,
                        0.5765882,
                        0.4982845,
                        0.5150672,
                        0.5206269,
                        0.482151,
                        0.5460091,
                        0.5199818,
                        0.523935,
                        0.5814646,
                        0.6159988,
                        0.7697745,
                        0.7047025,
                        0.6593795,
                        0.914738,
                        1.558127
                    ],
                    "theta_bar": 0.0008647194
                }
            },
            "bounds": {},
            "scales": {},
            "fixed_params": {},
            "shared_params": [],
            "covariates": [],
            "sfs_neut": {
                "py/object": "fastdfe.spectrum.Spectra",
                "data": {
                    "all": [
                        1039393.17546773,
                        899.0,
                        271.0,
                        143.0,
                        144.0,
                        95.0,
                        100.0,
                        71.0,
                        54.0,
                        48.0,
                        59.0,
                        30.0,
                        36.0,
                        35.0,
                        42.0,
                        35.0,
                        28.0,
                        23.0,
                        27.0,
                        32.0,
                        31.0,
                        33.0,
                        22.0,
                        36.0,
                        39.0,
                        0.0
                    ]
                }
            },
            "sfs_sel": {
                "py/object": "fastdfe.spectrum.Spectra",
                "data": {
                    "all": [
                        2843497.82453227,
                        1899.0,
                        523.0,
                        286.0,
                        220.0,
                        156.0,
                        131.0,
                        160.0,
                        105.0,
                        78.0,
                        65.0,
                        68.0,
                        54.0,
                        56.0,
                        38.0,
                        45.0,
                        32.0,
                        35.0,
                        35.0,
                        34.0,
                        62.0,
                        42.0,
                        35.0,
                        51.0,
                        125.0,
                        0.0
                    ]
                }
            },
            "do_bootstrap": false,
            "n_bootstraps": 10,
            "parallelize": false,
            "loss_type": "likelihood"
        }
    },
    "output_file": null,
    "execution_time": 762.8268811702728,
    "summary": {
        "py/object": "fastdfe.polydfe.PolyDFEResult",
        "output_file": "results/polydfe/hgdp/inference/1/opts.n.25.config.default/bootstraps/30/all.polydfe.txt",
        "postprocessing_source": "../resources/polydfe/postprocessing/script.R",
        "data": {
            "output_file": "/scratch/40841250/tmpmrbzvxxq",
            "model": "C",
            "likelihood": -171.5347,
            "criteria": 0.00018,
            "params_mle": {
                "eps": 4.5087e-06,
                "eps_cont": 0,
                "lambda": 0,
                "theta_bar": 0.0008685648,
                "a": -1,
                "S_d": -59.97555,
                "b": 0.1051328,
                "p_b": 0.005047053,
                "S_b": 0.05347642,
                "r": [
                    0.6020431,
                    0.50289,
                    0.5801837,
                    0.5072965,
                    0.5665589,
                    0.6670867,
                    0.5288311,
                    0.4746387,
                    0.5220793,
                    0.4562735,
                    0.4593021,
                    0.5052848,
                    0.4802813,
                    0.5164831,
                    0.4146484,
                    0.4272311,
                    0.4850037,
                    0.54649,
                    0.8127342,
                    0.6899279,
                    0.5506785,
                    0.880679,
                    1.736076
                ]
            },
            "n": 25,
            "expec": [
                {
                    "E[P_z(1)]": 0.0008685612,
                    "E[P_z(2)]": 0.0002614557,
                    "E[P_z(3)]": 0.000145597,
                    "E[P_z(4)]": 0.0001259814,
                    "E[P_z(5)]": 8.81237e-05,
                    "E[P_z(6)]": 8.20153e-05,
                    "E[P_z(7)]": 8.27723e-05,
                    "E[P_z(8)]": 5.74154e-05,
                    "E[P_z(9)]": 4.58059e-05,
                    "E[P_z(10)]": 4.53459e-05,
                    "E[P_z(11)]": 3.60275e-05,
                    "E[P_z(12)]": 3.32445e-05,
                    "E[P_z(13)]": 3.37594e-05,
                    "E[P_z(14)]": 2.97968e-05,
                    "E[P_z(15)]": 2.99067e-05,
                    "E[P_z(16)]": 2.25094e-05,
                    "E[P_z(17)]": 2.18283e-05,
                    "E[P_z(18)]": 2.34034e-05,
                    "E[P_z(19)]": 2.49825e-05,
                    "E[P_z(20)]": 3.52959e-05,
                    "E[P_z(21)]": 2.8536e-05,
                    "E[P_z(22)]": 2.17415e-05,
                    "E[P_z(23)]": 3.32587e-05,
                    "E[P_z(24)]": 6.28326e-05,
                    "E[D_z]": null,
                    "E[mis_z]": null
                },
                {
                    "E[P_z(1)]": 0.0006647811,
                    "E[P_z(2)]": 0.0001831679,
                    "E[P_z(3)]": 9.73825e-05,
                    "E[P_z(4)]": 8.17344e-05,
                    "E[P_z(5)]": 5.59024e-05,
                    "E[P_z(6)]": 5.11131e-05,
                    "E[P_z(7)]": 5.08368e-05,
                    "E[P_z(8)]": 3.48284e-05,
                    "E[P_z(9)]": 2.74883e-05,
                    "E[P_z(10)]": 2.69544e-05,
                    "E[P_z(11)]": 2.12336e-05,
                    "E[P_z(12)]": 1.94427e-05,
                    "E[P_z(13)]": 1.96048e-05,