{
    "output_file": "/scratch/40841285/tmp8tj1k_l0",
    "model": "C",
    "likelihood": -158.5845,
    "criteria": 0.0001,
    "params_mle": {
        "eps": 4.50842e-06,
        "eps_cont": 0,
        "lambda": 0,
        "theta_bar": 0.000899949,
        "a": -1,
        "S_d": -61.99462,
        "b": 0.1237284,
        "p_b": 0.004993069,
        "S_b": 0.05326387,
        "r": [
            0.5676011,
            0.488854,
            0.546781,
            0.4977432,
            0.518594,
            0.5823072,
            0.5639995,
            0.4795377,
            0.6002791,
            0.4946832,
            0.5219166,
            0.3881868,
            0.4382026,
            0.4845657,
            0.5329072,
            0.4635914,
            0.5560873,
            0.5888655,
            0.7549626,
            0.6734019,
            0.707395,
            0.8032435,
            1.227961
        ]
    },
    "n": 25,
    "expec": [
        {
            "E[P_z(1)]": 0.0008999452,
            "E[P_z(2)]": 0.000255405,
            "E[P_z(3)]": 0.0001466474,
            "E[P_z(4)]": 0.0001230183,
            "E[P_z(5)]": 8.95885e-05,
            "E[P_z(6)]": 7.77845e-05,
            "E[P_z(7)]": 7.48636e-05,
            "E[P_z(8)]": 6.34462e-05,
            "E[P_z(9)]": 4.7951e-05,
            "E[P_z(10)]": 5.40219e-05,
            "E[P_z(11)]": 4.04717e-05,
            "E[P_z(12)]": 3.91415e-05,
            "E[P_z(13)]": 2.6873e-05,
            "E[P_z(14)]": 2.81686e-05,
            "E[P_z(15)]": 2.90724e-05,
            "E[P_z(16)]": 2.99744e-05,
            "E[P_z(17)]": 2.45419e-05,
            "E[P_z(18)]": 2.7803e-05,
            "E[P_z(19)]": 2.78923e-05,
            "E[P_z(20)]": 3.39716e-05,
            "E[P_z(21)]": 2.88589e-05,
            "E[P_z(22)]": 2.89378e-05,
            "E[P_z(23)]": 3.14305e-05,
            "E[P_z(24)]": 4.60498e-05,
            "E[D_z]": null,
            "E[mis_z]": null
        },
        {
            "E[P_z(1)]": 0.0006666376,
            "E[P_z(2)]": 0.0001706369,
            "E[P_z(3)]": 9.27833e-05,
            "E[P_z(4)]": 7.50927e-05,
            "E[P_z(5)]": 5.32591e-05,
            "E[P_z(6)]": 4.52872e-05,
            "E[P_z(7)]": 4.28441e-05,
            "E[P_z(8)]": 3.57841e-05,
            "E[P_z(9)]": 2.67043e-05,
            "E[P_z(10)]": 2.97505e-05,
            "E[P_z(11)]": 2.2066e-05,
            "E[P_z(12)]": 2.1148e-05,
            "E[P_z(13)]": 1.43994e-05,
            "E[P_z(14)]": 1.49789e-05,
            "E[P_z(15)]": 1.53506e-05,
            "E[P_z(16)]": 1.5723e-05,
            "E[P_z(17)]": 1.27942e-05,
            "E[P_z(18)]": 1.44105e-05,
            "E[P_z(19)]": 1.43779e-05,
            "E[P_z(20)]": 1.74211e-05,
            "E[P_z(21)]": 1.47266e-05,
            "E[P_z(22)]": 1.46978e-05,
            "E[P_z(23)]": 1.58927e-05,
            "E[P_z(24)]": 2.31861e-05,
            "E[D_z]": null,
            "E[mis_z]": null
        }
    ],
    "alpha": 0.011368395678993715,
    "execution_time": 683.7800343036652
}