{
    "output_file": "/scratch/40841260/tmpfwqger96",
    "model": "C",
    "likelihood": -133.6007,
    "criteria": 0.00041,
    "params_mle": {
        "eps": 4.49615e-06,
        "eps_cont": 0,
        "lambda": 0,
        "theta_bar": 0.0008466046,
        "a": -1,
        "S_d": -172.7848,
        "b": 0.07422253,
        "p_b": 0.003871111,
        "S_b": 0.03784426,
        "r": [
            0.5322547,
            0.5599719,
            0.5214618,
            0.4923144,
            0.5657151,
            0.6468345,
            0.4821459,
            0.5677232,
            0.4983135,
            0.6295009,
            0.4849279,
            0.4382029,
            0.4732609,
            0.3218813,
            0.4955841,
            0.6889075,
            0.6765471,
            1.324275
        ]
    },
    "n": 20,
    "expec": [
        {
            "E[P_z(1)]": 0.000846601,
            "E[P_z(2)]": 0.0002253038,
            "E[P_z(3)]": 0.0001580244,
            "E[P_z(4)]": 0.0001103676,
            "E[P_z(5)]": 8.33588e-05,
            "E[P_z(6)]": 7.98226e-05,
            "E[P_z(7)]": 7.82302e-05,
            "E[P_z(8)]": 5.10233e-05,
            "E[P_z(9)]": 5.34041e-05,
            "E[P_z(10)]": 4.21875e-05,
            "E[P_z(11)]": 4.8449e-05,
            "E[P_z(12)]": 3.42119e-05,
            "E[P_z(13)]": 2.85375e-05,
            "E[P_z(14)]": 2.86191e-05,
            "E[P_z(15)]": 1.81674e-05,
            "E[P_z(16)]": 2.62231e-05,
            "E[P_z(17)]": 3.43083e-05,
            "E[P_z(18)]": 3.18213e-05,
            "E[P_z(19)]": 5.90108e-05,
            "E[D_z]": null,
            "E[mis_z]": null
        },
        {
            "E[P_z(1)]": 0.0006274629,
            "E[P_z(2)]": 0.0001559883,
            "E[P_z(3)]": 0.0001058218,
            "E[P_z(4)]": 7.23305e-05,
            "E[P_z(5)]": 5.37712e-05,
            "E[P_z(6)]": 5.08515e-05,
            "E[P_z(7)]": 4.93272e-05,
            "E[P_z(8)]": 3.18923e-05,
            "E[P_z(9)]": 3.31279e-05,
            "E[P_z(10)]": 2.59944e-05,
            "E[P_z(11)]": 2.96732e-05,
            "E[P_z(12)]": 2.08394e-05,
            "E[P_z(13)]": 1.72963e-05,
            "E[P_z(14)]": 1.72661e-05,
            "E[P_z(15)]": 1.09138e-05,
            "E[P_z(16)]": 1.56905e-05,
            "E[P_z(17)]": 2.04517e-05,
            "E[P_z(18)]": 1.89026e-05,
            "E[P_z(19)]": 3.49378e-05,
            "E[D_z]": null,
            "E[mis_z]": null
        }
    ],
    "alpha": 0.008070684966462155,
    "execution_time": 734.3270514011383
}