{
    "output_file": "/scratch/40841505/tmpxkqr_o1w",
    "model": "C",
    "likelihood": -164.6723,
    "criteria": 6e-05,
    "params_mle": {
        "eps": 4.50666e-06,
        "eps_cont": 0,
        "lambda": 0,
        "theta_bar": 0.0008459318,
        "a": -1,
        "S_d": -27.61684,
        "b": 0.1517263,
        "p_b": 0.005002673,
        "S_b": 0.05327046,
        "r": [
            0.5775386,
            0.5402484,
            0.5653714,
            0.5321885,
            0.6538203,
            0.7084818,
            0.5785857,
            0.5368334,
            0.5609998,
            0.5221622,
            0.5024247,
            0.4821085,
            0.3996004,
            0.4580891,
            0.4016778,
            0.6271551,
            0.5739447,
            0.5545302,
            0.8221177,
            0.8562844,
            0.638384,
            0.8121726,
            1.355408
        ]
    },
    "n": 25,
    "expec": [
        {
            "E[P_z(1)]": 0.0008459282,
            "E[P_z(2)]": 0.0002442782,
            "E[P_z(3)]": 0.0001523372,
            "E[P_z(4)]": 0.000119566,
            "E[P_z(5)]": 9.00388e-05,
            "E[P_z(6)]": 9.21809e-05,
            "E[P_z(7)]": 8.56179e-05,
            "E[P_z(8)]": 6.11804e-05,
            "E[P_z(9)]": 5.04581e-05,
            "E[P_z(10)]": 4.74567e-05,
            "E[P_z(11)]": 4.01557e-05,
            "E[P_z(12)]": 3.54181e-05,
            "E[P_z(13)]": 3.13716e-05,
            "E[P_z(14)]": 2.41454e-05,
            "E[P_z(15)]": 2.58342e-05,
            "E[P_z(16)]": 2.12371e-05,
            "E[P_z(17)]": 3.12078e-05,
            "E[P_z(18)]": 2.69735e-05,
            "E[P_z(19)]": 2.46895e-05,
            "E[P_z(20)]": 3.4773e-05,
            "E[P_z(21)]": 3.44936e-05,
            "E[P_z(22)]": 2.45474e-05,
            "E[P_z(23)]": 2.98724e-05,
            "E[P_z(24)]": 4.77779e-05,
            "E[D_z]": null,
            "E[mis_z]": null
        },
        {
            "E[P_z(1)]": 0.0006618258,
            "E[P_z(2)]": 0.0001715444,
            "E[P_z(3)]": 0.0001005351,
            "E[P_z(4)]": 7.56511e-05,
            "E[P_z(5)]": 5.52022e-05,
            "E[P_z(6)]": 5.51194e-05,
            "E[P_z(7)]": 5.0147e-05,
            "E[P_z(8)]": 3.52083e-05,
            "E[P_z(9)]": 2.85965e-05,
            "E[P_z(10)]": 2.65336e-05,
            "E[P_z(11)]": 2.21806e-05,
            "E[P_z(12)]": 1.93497e-05,
            "E[P_z(13)]": 1.69674e-05,
            "E[P_z(14)]": 1.29387e-05,
            "E[P_z(15)]": 1.37254e-05,
            "E[P_z(16)]": 1.11931e-05,
            "E[P_z(17)]": 1.63253e-05,
            "E[P_z(18)]": 1.40112e-05,
            "E[P_z(19)]": 1.27398e-05,
            "E[P_z(20)]": 1.78302e-05,
            "E[P_z(21)]": 1.75814e-05,
            "E[P_z(22)]": 1.24407e-05,
            "E[P_z(23)]": 1.50574e-05,
            "E[P_z(24)]": 2.39584e-05,
            "E[D_z]": null,
            "E[mis_z]": null
        }
    ],
    "alpha": 0.011383475478615646,
    "execution_time": 537.0141959190369
}