{
    "output_file": "/scratch/40840342/tmpshsshl6n",
    "model": "C",
    "likelihood": -68.493,
    "criteria": 8e-05,
    "params_mle": {
        "eps": 4.50002e-06,
        "eps_cont": 0,
        "lambda": 0,
        "theta_bar": 0.0007396028,
        "a": -1,
        "S_d": -15.97165,
        "b": 0.1936456,
        "p_b": 0.0009291003,
        "S_b": 0.007920347,
        "r": [
            0.7733613,
            0.8634485,
            0.8067196,
            0.8255629,
            0.7985997,
            0.7194265,
            0.9058998,
            0.8635103
        ]
    },
    "n": 10,
    "expec": [
        {
            "E[P_z(1)]": 0.0007395998,
            "E[P_z(2)]": 0.0002859892,
            "E[P_z(3)]": 0.000212869,
            "E[P_z(4)]": 0.0001491628,
            "E[P_z(5)]": 0.0001221177,
            "E[P_z(6)]": 9.84413e-05,
            "E[P_z(7)]": 7.60135e-05,
            "E[P_z(8)]": 8.37517e-05,
            "E[P_z(9)]": 7.09646e-05,
            "E[D_z]": null,
            "E[mis_z]": null
        },
        {
            "E[P_z(1)]": 0.0005394278,
            "E[P_z(2)]": 0.0001820097,
            "E[P_z(3)]": 0.0001254413,
            "E[P_z(4)]": 8.34641e-05,
            "E[P_z(5)]": 6.57397e-05,
            "E[P_z(6)]": 5.13889e-05,
            "E[P_z(7)]": 3.86807e-05,
            "E[P_z(8)]": 4.16978e-05,
            "E[P_z(9)]": 3.46639e-05,
            "E[D_z]": null,
            "E[mis_z]": null
        }
    ],
    "alpha": 0.003025072244173652,
    "execution_time": 26.582571029663086
}