{
    "py/object": "fastdfe.polydfe.PolyDFE",
    "logger": {
        "py/reduce": [
            {
                "py/function": "logging.getLogger"
            },
            {
                "py/tuple": [
                    "fastdfe.PolyDFE"
                ]
            }
        ]
    },
    "bootstraps": null,
    "config": {
        "py/object": "fastdfe.config.Config",
        "data": {
            "model": "GammaExpParametrization",
            "intervals_del": {
                "py/tuple": [
                    -100000000.0,
                    -1e-05,
                    1000
                ]
            },
            "intervals_ben": {
                "py/tuple": [
                    1e-05,
                    10000.0,
                    1000
                ]
            },
            "integration_mode": "midpoint",
            "linearized": true,
            "seed": 0,
            "opts_mle": {},
            "n_runs": 10,
            "x0": {
                "all": {
                    "S_b": 0.09636954,
                    "S_d": -44.34681,
                    "a": -1,
                    "b": 0.1221405,
                    "eps": 4.50123e-06,
                    "eps_cont": 0,
                    "lambda": 0,
                    "p_b": 0.01060767,
                    "r": [
                        0.6268517,
                        0.6514728,
                        0.6820074,
                        0.5848618,
                        0.7565646,
                        0.6523473,
                        0.6349214,
                        0.7005902,
                        0.6139579,
                        0.6324166,
                        0.6421517,
                        0.7478784,
                        1.22486
                    ],
                    "theta_bar": 0.0008663822
                }
            },
            "bounds": {},
            "scales": {},
            "fixed_params": {},
            "shared_params": [],
            "covariates": [],
            "sfs_neut": {
                "py/object": "fastdfe.spectrum.Spectra",
                "data": {
                    "all": [
                        870439.438336528,
                        774.0,
                        213.0,
                        167.0,
                        134.0,
                        90.0,
                        93.0,
                        72.0,
                        73.0,
                        62.0,
                        45.0,
                        37.0,
                        31.0,
                        50.0,
                        65.0,
                        0.0
                    ]
                }
            },
            "sfs_sel": {
                "py/object": "fastdfe.spectrum.Spectra",
                "data": {
                    "all": [
                        2365847.56166347,
                        1456.0,
                        471.0,
                        269.0,
                        227.0,
                        131.0,
                        154.0,
                        102.0,
                        95.0,
                        86.0,
                        67.0,
                        63.0,
                        56.0,
                        69.0,
                        105.0,
                        0.0
                    ]
                }
            },
            "do_bootstrap": false,
            "n_bootstraps": 10,
            "parallelize": false,
            "loss_type": "likelihood"
        }
    },
    "output_file": null,
    "execution_time": 548.6449921131134,
    "summary": {
        "py/object": "fastdfe.polydfe.PolyDFEResult",
        "output_file": "results/polydfe/hgdp/inference/1/opts.n.15.config.default/bootstraps/2/all.polydfe.txt",
        "postprocessing_source": "../resources/polydfe/postprocessing/script.R",
        "data": {
            "output_file": "/scratch/40840713/tmpw1ylhzi3",
            "model": "C",
            "likelihood": -97.91562,
            "criteria": 0.00014,
            "params_mle": {
                "eps": 4.50282e-06,
                "eps_cont": 0,
                "lambda": 0,
                "theta_bar": 0.0008671125,
                "a": -1,
                "S_d": -84.69554,
                "b": 0.1014395,
                "p_b": 0.01052308,
                "S_b": 0.09636972,
                "r": [
                    0.650048,
                    0.6392317,
                    0.7184618,
                    0.5570249,
                    0.7547312,
                    0.6254957,
                    0.6951026,
                    0.6931341,
                    0.5859764,
                    0.5782986,
                    0.5512953,
                    0.8201112,
                    1.266301
                ]
            },
            "n": 15,
            "expec": [
                {
                    "E[P_z(1)]": 0.0008671089,
                    "E[P_z(2)]": 0.0002818313,
                    "E[P_z(3)]": 0.0001847613,
                    "E[P_z(4)]": 0.0001557463,
                    "E[P_z(5)]": 9.66004e-05,
                    "E[P_z(6)]": 0.0001090726,
                    "E[P_z(7)]": 7.74821e-05,
                    "E[P_z(8)]": 7.53415e-05,
                    "E[P_z(9)]": 6.67808e-05,
                    "E[P_z(10)]": 5.0811e-05,
                    "E[P_z(11)]": 4.55869e-05,
                    "E[P_z(12)]": 3.98369e-05,
                    "E[P_z(13)]": 5.47032e-05,
                    "E[P_z(14)]": 7.84339e-05,
                    "E[D_z]": null,
                    "E[mis_z]": null
                },
                {
                    "E[P_z(1)]": 0.0006219648,
                    "E[P_z(2)]": 0.0001849331,
                    "E[P_z(3)]": 0.0001159989,
                    "E[P_z(4)]": 9.50242e-05,
                    "E[P_z(5)]": 5.77129e-05,
                    "E[P_z(6)]": 6.40948e-05,
                    "E[P_z(7)]": 4.49144e-05,
                    "E[P_z(8)]": 4.31694e-05,
                    "E[P_z(9)]": 3.78802e-05,
                    "E[P_z(10)]": 2.85655e-05,
                    "E[P_z(11)]": 2.54241e-05,
                    "E[P_z(12)]": 2.20566e-05,
                    "E[P_z(13)]": 3.00871e-05,
                    "E[P_z(14)]": 4.2876e-05,
                    "E[D_z]": null,
                    "E[mis_z]": null
                }
            ],
            "alpha": 0.021845200688796463,
            "execution_time": 548.6449921131134
        }
    }
}