{
    "py/object": "fastdfe.polydfe.PolyDFE",
    "logger": {
        "py/reduce": [
            {
                "py/function": "logging.getLogger"
            },
            {
                "py/tuple": [
                    "fastdfe.PolyDFE"
                ]
            }
        ]
    },
    "bootstraps": null,
    "config": {
        "py/object": "fastdfe.config.Config",
        "data": {
            "model": "GammaExpParametrization",
            "intervals_del": {
                "py/tuple": [
                    -100000000.0,
                    -1e-05,
                    1000
                ]
            },
            "intervals_ben": {
                "py/tuple": [
                    1e-05,
                    10000.0,
                    1000
                ]
            },
            "integration_mode": "midpoint",
            "linearized": true,
            "seed": 0,
            "opts_mle": {},
            "n_runs": 10,
            "x0": {
                "all": {
                    "S_b": 0.05328228,
                    "S_d": -33.44406,
                    "a": -1,
                    "b": 0.1398527,
                    "eps": 4.50451e-06,
                    "eps_cont": 0,
                    "lambda": 0,
                    "p_b": 0.005009714,
                    "r": [
                        0.5834314,
                        0.499803,
                        0.5581096,
                        0.5076067,
                        0.557493,
                        0.6522272,
                        0.6050956,
                        0.5227928,
                        0.5765882,
                        0.4982845,
                        0.5150672,
                        0.5206269,
                        0.482151,
                        0.5460091,
                        0.5199818,
                        0.523935,
                        0.5814646,
                        0.6159988,
                        0.7697745,
                        0.7047025,
                        0.6593795,
                        0.914738,
                        1.558127
                    ],
                    "theta_bar": 0.0008647194
                }
            },
            "bounds": {},
            "scales": {},
            "fixed_params": {},
            "shared_params": [],
            "covariates": [],
            "sfs_neut": {
                "py/object": "fastdfe.spectrum.Spectra",
                "data": {
                    "all": [
                        1039420.17546773,
                        908.0,
                        244.0,
                        136.0,
                        127.0,
                        101.0,
                        72.0,
                        87.0,
                        64.0,
                        55.0,
                        58.0,
                        44.0,
                        45.0,
                        42.0,
                        33.0,
                        26.0,
                        28.0,
                        19.0,
                        32.0,
                        40.0,
                        36.0,
                        17.0,
                        29.0,
                        26.0,
                        37.0,
                        0.0
                    ]
                }
            },
            "sfs_sel": {
                "py/object": "fastdfe.spectrum.Spectra",
                "data": {
                    "all": [
                        2843560.82453227,
                        1862.0,
                        502.0,
                        308.0,
                        218.0,
                        140.0,
                        136.0,
                        150.0,
                        92.0,
                        92.0,
                        63.0,
                        50.0,
                        56.0,
                        59.0,
                        47.0,
                        39.0,
                        33.0,
                        42.0,
                        45.0,
                        38.0,
                        48.0,
                        50.0,
                        41.0,
                        71.0,
                        90.0,
                        0.0
                    ]
                }
            },
            "do_bootstrap": false,
            "n_bootstraps": 10,
            "parallelize": false,
            "loss_type": "likelihood"
        }
    },
    "output_file": null,
    "execution_time": 971.682106256485,
    "summary": {
        "py/object": "fastdfe.polydfe.PolyDFEResult",
        "output_file": "results/polydfe/hgdp/inference/1/opts.n.25.config.default/bootstraps/86/all.polydfe.txt",
        "postprocessing_source": "../resources/polydfe/postprocessing/script.R",
        "data": {
            "output_file": "/scratch/40841228/tmpgokiyq86",
            "model": "C",
            "likelihood": -169.4324,
            "criteria": 9e-05,
            "params_mle": {
                "eps": 4.51274e-06,
                "eps_cont": 0,
                "lambda": 0,
                "theta_bar": 0.0008621061,
                "a": -1,
                "S_d": -65.53576,
                "b": 0.1026839,
                "p_b": 0.005072724,
                "S_b": 0.05370658,
                "r": [
                    0.5708984,
                    0.5249838,
                    0.5544282,
                    0.4909434,
                    0.5140634,
                    0.6895178,
                    0.5226491,
                    0.557696,
                    0.5130191,
                    0.4406537,
                    0.5189241,
                    0.5645634,
                    0.4834523,
                    0.4223786,
                    0.4242282,
                    0.4521537,
                    0.6060987,
                    0.6498751,
                    0.7386277,
                    0.6201292,
                    0.680346,
                    0.9878374,
                    1.352378
                ]
            },
            "n": 25,
            "expec": [
                {
                    "E[P_z(1)]": 0.0008621024,
                    "E[P_z(2)]": 0.0002460865,
                    "E[P_z(3)]": 0.0001508633,
                    "E[P_z(4)]": 0.0001194935,
                    "E[P_z(5)]": 8.46488e-05,
                    "E[P_z(6)]": 7.38627e-05,
                    "E[P_z(7)]": 8.49194e-05,
                    "E[P_z(8)]": 5.63222e-05,
                    "E[P_z(9)]": 5.34213e-05,
                    "E[P_z(10)]": 4.42276e-05,
                    "E[P_z(11)]": 3.45355e-05,
                    "E[P_z(12)]": 3.72806e-05,
                    "E[P_z(13)]": 3.74395e-05,
                    "E[P_z(14)]": 2.97705e-05,
                    "E[P_z(15)]": 2.42758e-05,
                    "E[P_z(16)]": 2.28582e-05,
                    "E[P_z(17)]": 2.29298e-05,
                    "E[P_z(18)]": 2.90292e-05,
                    "E[P_z(19)]": 2.94876e-05,
                    "E[P_z(20)]": 3.1839e-05,
                    "E[P_z(21)]": 2.54584e-05,
                    "E[P_z(22)]": 2.6661e-05,
                    "E[P_z(23)]": 3.70279e-05,
                    "E[P_z(24)]": 4.85826e-05,
                    "E[D_z]": null,
                    "E[mis_z]": null
                },
                {
                    "E[P_z(1)]": 0.0006573164,
                    "E[P_z(2)]": 0.0001719341,
                    "E[P_z(3)]": 0.0001007224,
                    "E[P_z(4)]": 7.7435e-05,
                    "E[P_z(5)]": 5.3662e-05,
                    "E[P_z(6)]": 4.60195e-05,
                    "E[P_z(7)]": 5.21581e-05,
                    "E[P_z(8)]": 3.41766e-05,
                    "E[P_z(9)]": 3.20767e-05,
                    "E[P_z(10)]": 2.63104e-05,
                    "E[P_z(11)]": 2.03742e-05,
                    "E[P_z(12)]": 2.18284e-05,
                    "E[P_z(13)]": 2.17706e-05,