{
    "output_file": "/scratch/40841228/tmpgokiyq86",
    "model": "C",
    "likelihood": -169.4324,
    "criteria": 9e-05,
    "params_mle": {
        "eps": 4.51274e-06,
        "eps_cont": 0,
        "lambda": 0,
        "theta_bar": 0.0008621061,
        "a": -1,
        "S_d": -65.53576,
        "b": 0.1026839,
        "p_b": 0.005072724,
        "S_b": 0.05370658,
        "r": [
            0.5708984,
            0.5249838,
            0.5544282,
            0.4909434,
            0.5140634,
            0.6895178,
            0.5226491,
            0.557696,
            0.5130191,
            0.4406537,
            0.5189241,
            0.5645634,
            0.4834523,
            0.4223786,
            0.4242282,
            0.4521537,
            0.6060987,
            0.6498751,
            0.7386277,
            0.6201292,
            0.680346,
            0.9878374,
            1.352378
        ]
    },
    "n": 25,
    "expec": [
        {
            "E[P_z(1)]": 0.0008621024,
            "E[P_z(2)]": 0.0002460865,
            "E[P_z(3)]": 0.0001508633,
            "E[P_z(4)]": 0.0001194935,
            "E[P_z(5)]": 8.46488e-05,
            "E[P_z(6)]": 7.38627e-05,
            "E[P_z(7)]": 8.49194e-05,
            "E[P_z(8)]": 5.63222e-05,
            "E[P_z(9)]": 5.34213e-05,
            "E[P_z(10)]": 4.42276e-05,
            "E[P_z(11)]": 3.45355e-05,
            "E[P_z(12)]": 3.72806e-05,
            "E[P_z(13)]": 3.74395e-05,
            "E[P_z(14)]": 2.97705e-05,
            "E[P_z(15)]": 2.42758e-05,
            "E[P_z(16)]": 2.28582e-05,
            "E[P_z(17)]": 2.29298e-05,
            "E[P_z(18)]": 2.90292e-05,
            "E[P_z(19)]": 2.94876e-05,
            "E[P_z(20)]": 3.1839e-05,
            "E[P_z(21)]": 2.54584e-05,
            "E[P_z(22)]": 2.6661e-05,
            "E[P_z(23)]": 3.70279e-05,
            "E[P_z(24)]": 4.85826e-05,
            "E[D_z]": null,
            "E[mis_z]": null
        },
        {
            "E[P_z(1)]": 0.0006573164,
            "E[P_z(2)]": 0.0001719341,
            "E[P_z(3)]": 0.0001007224,
            "E[P_z(4)]": 7.7435e-05,
            "E[P_z(5)]": 5.3662e-05,
            "E[P_z(6)]": 4.60195e-05,
            "E[P_z(7)]": 5.21581e-05,
            "E[P_z(8)]": 3.41766e-05,
            "E[P_z(9)]": 3.20767e-05,
            "E[P_z(10)]": 2.63104e-05,
            "E[P_z(11)]": 2.03742e-05,
            "E[P_z(12)]": 2.18284e-05,
            "E[P_z(13)]": 2.17706e-05,
            "E[P_z(14)]": 1.72016e-05,
            "E[P_z(15)]": 1.39445e-05,
            "E[P_z(16)]": 1.30584e-05,
            "E[P_z(17)]": 1.30322e-05,
            "E[P_z(18)]": 1.64194e-05,
            "E[P_z(19)]": 1.66029e-05,
            "E[P_z(20)]": 1.78496e-05,
            "E[P_z(21)]": 1.42141e-05,
            "E[P_z(22)]": 1.48276e-05,
            "E[P_z(23)]": 2.05167e-05,
            "E[P_z(24)]": 2.68237e-05,
            "E[D_z]": null,
            "E[mis_z]": null
        }
    ],
    "alpha": 0.010647605978470611,
    "execution_time": 971.682106256485
}