{
    "output_file": "/scratch/40841729/tmp__cjx3fd",
    "model": "C",
    "likelihood": -189.5716,
    "criteria": 0.00032,
    "params_mle": {
        "eps": 4.50351e-06,
        "eps_cont": 0,
        "lambda": 0,
        "theta_bar": 0.0009163563,
        "a": -1,
        "S_d": -39.36586,
        "b": 0.1316849,
        "p_b": 0.009199648,
        "S_b": 0.1086429,
        "r": [
            0.5821598,
            0.5471024,
            0.5320011,
            0.4704813,
            0.4786165,
            0.5509123,
            0.5334548,
            0.6051209,
            0.5515438,
            0.4939004,
            0.5912268,
            0.6331804,
            0.4993776,
            0.5499641,
            0.354775,
            0.4284143,
            0.4704548,
            0.3455552,
            0.4752796,
            0.4827151,
            0.5823243,
            0.4430447,
            0.7417231,
            0.6562956,
            0.5495078,
            0.57197,
            0.8614807,
            1.637117
        ]
    },
    "n": 30,
    "expec": [
        {
            "E[P_z(1)]": 0.0009163524,
            "E[P_z(2)]": 0.0002667319,
            "E[P_z(3)]": 0.0001671129,
            "E[P_z(4)]": 0.0001218752,
            "E[P_z(5)]": 8.62254e-05,
            "E[P_z(6)]": 7.3097e-05,
            "E[P_z(7)]": 7.21186e-05,
            "E[P_z(8)]": 6.11042e-05,
            "E[P_z(9)]": 6.16116e-05,
            "E[P_z(10)]": 5.05409e-05,
            "E[P_z(11)]": 4.11443e-05,
            "E[P_z(12)]": 4.51478e-05,
            "E[P_z(13)]": 4.46321e-05,
            "E[P_z(14)]": 3.26862e-05,
            "E[P_z(15)]": 3.35975e-05,
            "E[P_z(16)]": 2.03188e-05,
            "E[P_z(17)]": 2.3093e-05,
            "E[P_z(18)]": 2.39503e-05,
            "E[P_z(19)]": 1.6666e-05,
            "E[P_z(20)]": 2.17764e-05,
            "E[P_z(21)]": 2.10639e-05,
            "E[P_z(22)]": 2.42555e-05,
            "E[P_z(23)]": 1.76518e-05,
            "E[P_z(24)]": 2.83203e-05,
            "E[P_z(25)]": 2.40563e-05,
            "E[P_z(26)]": 1.93676e-05,
            "E[P_z(27)]": 1.94128e-05,
            "E[P_z(28)]": 2.81948e-05,
            "E[P_z(29)]": 5.17343e-05,
            "E[D_z]": null,
            "E[mis_z]": null
        },
        {
            "E[P_z(1)]": 0.0007173181,
            "E[P_z(2)]": 0.0001890169,
            "E[P_z(3)]": 0.000112017,
            "E[P_z(4)]": 7.87002e-05,
            "E[P_z(5)]": 5.41546e-05,
            "E[P_z(6)]": 4.49108e-05,
            "E[P_z(7)]": 4.3513e-05,
            "E[P_z(8)]": 3.63034e-05,
            "E[P_z(9)]": 3.6118e-05,
            "E[P_z(10)]": 2.92798e-05,
            "E[P_z(11)]": 2.35851e-05,
            "E[P_z(12)]": 2.56333e-05,
            "E[P_z(13)]": 2.51199e-05,
            "E[P_z(14)]": 1.82491e-05,
            "E[P_z(15)]": 1.86186e-05,
            "E[P_z(16)]": 1.11822e-05,
            "E[P_z(17)]": 1.26268e-05,
            "E[P_z(18)]": 1.30159e-05,
            "E[P_z(19)]": 9.0053e-06,
            "E[P_z(20)]": 1.17029e-05,
            "E[P_z(21)]": 1.12617e-05,
            "E[P_z(22)]": 1.29045e-05,
            "E[P_z(23)]": 9.3473e-06,
            "E[P_z(24)]": 1.49297e-05,
            "E[P_z(25)]": 1.26276e-05,
            "E[P_z(26)]": 1.01246e-05,
            "E[P_z(27)]": 1.01082e-05,
            "E[P_z(28)]": 1.46252e-05,
            "E[P_z(29)]": 2.6738e-05,
            "E[D_z]": null,
            "E[mis_z]": null
        }
    ],
    "alpha": 0.02003903435333491,
    "execution_time": 802.6922016143799
}