{
    "output_file": "/scratch/40841511/tmpgurt2jiv",
    "model": "C",
    "likelihood": -160.3495,
    "criteria": 0.00018,
    "params_mle": {
        "eps": 4.50651e-06,
        "eps_cont": 0,
        "lambda": 0,
        "theta_bar": 0.0008554672,
        "a": -1,
        "S_d": -41.13783,
        "b": 0.1379953,
        "p_b": 0.005000691,
        "S_b": 0.05328581,
        "r": [
            0.5633682,
            0.5054227,
            0.5774198,
            0.4801255,
            0.6283992,
            0.6410037,
            0.5495775,
            0.479678,
            0.5369791,
            0.4955254,
            0.4622631,
            0.5568524,
            0.4552358,
            0.6970814,
            0.517558,
            0.4890278,
            0.5784267,
            0.674902,
            0.8253533,
            0.740948,
            0.7474366,
            0.8053992,
            1.617066
        ]
    },
    "n": 25,
    "expec": [
        {
            "E[P_z(1)]": 0.0008554636,
            "E[P_z(2)]": 0.0002409706,
            "E[P_z(3)]": 0.0001441237,
            "E[P_z(4)]": 0.0001234905,
            "E[P_z(5)]": 8.21461e-05,
            "E[P_z(6)]": 8.95956e-05,
            "E[P_z(7)]": 7.83366e-05,
            "E[P_z(8)]": 5.8768e-05,
            "E[P_z(9)]": 4.55942e-05,
            "E[P_z(10)]": 4.59368e-05,
            "E[P_z(11)]": 3.85368e-05,
            "E[P_z(12)]": 3.29543e-05,
            "E[P_z(13)]": 3.66438e-05,
            "E[P_z(14)]": 2.78171e-05,
            "E[P_z(15)]": 3.97554e-05,
            "E[P_z(16)]": 2.76722e-05,
            "E[P_z(17)]": 2.46088e-05,
            "E[P_z(18)]": 2.74905e-05,
            "E[P_z(19)]": 3.03875e-05,
            "E[P_z(20)]": 3.53033e-05,
            "E[P_z(21)]": 3.01841e-05,
            "E[P_z(22)]": 2.90645e-05,
            "E[P_z(23)]": 2.99572e-05,
            "E[P_z(24)]": 5.7643e-05,
            "E[D_z]": null,
            "E[mis_z]": null
        },
        {
            "E[P_z(1)]": 0.0006495554,
            "E[P_z(2)]": 0.0001643244,
            "E[P_z(3)]": 9.26501e-05,
            "E[P_z(4)]": 7.63236e-05,
            "E[P_z(5)]": 4.93108e-05,
            "E[P_z(6)]": 5.2556e-05,
            "E[P_z(7)]": 4.50854e-05,
            "E[P_z(8)]": 3.32804e-05,
            "E[P_z(9)]": 2.54598e-05,
            "E[P_z(10)]": 2.53345e-05,
            "E[P_z(11)]": 2.10183e-05,
            "E[P_z(12)]": 1.77934e-05,
            "E[P_z(13)]": 1.96041e-05,
            "E[P_z(14)]": 1.47564e-05,
            "E[P_z(15)]": 2.09243e-05,
            "E[P_z(16)]": 1.44584e-05,
            "E[P_z(17)]": 1.27701e-05,
            "E[P_z(18)]": 1.41738e-05,
            "E[P_z(19)]": 1.55725e-05,
            "E[P_z(20)]": 1.79878e-05,
            "E[P_z(21)]": 1.52955e-05,
            "E[P_z(22)]": 1.46517e-05,
            "E[P_z(23)]": 1.50269e-05,
            "E[P_z(24)]": 2.87779e-05,
            "E[D_z]": null,
            "E[mis_z]": null
        }
    ],
    "alpha": 0.011443919117076849,
    "execution_time": 770.8758225440979
}