{
    "output_file": "/scratch/40840346/tmp91p_i9la",
    "model": "C",
    "likelihood": -63.69198,
    "criteria": 9e-05,
    "params_mle": {
        "eps": 4.50014e-06,
        "eps_cont": 0,
        "lambda": 0,
        "theta_bar": 0.000763398,
        "a": -1,
        "S_d": -35.69306,
        "b": 0.1247572,
        "p_b": 0.0009292041,
        "S_b": 0.007920527,
        "r": [
            0.7330538,
            0.8061941,
            0.7642543,
            0.8048372,
            0.7554011,
            0.7405108,
            0.7481019,
            0.8207226
        ]
    },
    "n": 10,
    "expec": [
        {
            "E[P_z(1)]": 0.0007633949,
            "E[P_z(2)]": 0.0002798049,
            "E[P_z(3)]": 0.0002051484,
            "E[P_z(4)]": 0.0001458573,
            "E[P_z(5)]": 0.0001228822,
            "E[P_z(6)]": 9.61122e-05,
            "E[P_z(7)]": 8.07583e-05,
            "E[P_z(8)]": 7.13884e-05,
            "E[P_z(9)]": 6.96185e-05,
            "E[D_z]": null,
            "E[mis_z]": null
        },
        {
            "E[P_z(1)]": 0.0005478491,
            "E[P_z(2)]": 0.0001809352,
            "E[P_z(3)]": 0.0001257798,
            "E[P_z(4)]": 8.63708e-05,
            "E[P_z(5)]": 7.09204e-05,
            "E[P_z(6)]": 5.43542e-05,
            "E[P_z(7)]": 4.49089e-05,
            "E[P_z(8)]": 3.91319e-05,
            "E[P_z(9)]": 3.7686e-05,
            "E[D_z]": null,
            "E[mis_z]": null
        }
    ],
    "alpha": 0.002728935489540626,
    "execution_time": 146.88624596595764
}