{
    "output_file": "/scratch/40841100/tmp8l4n6m7q",
    "model": "C",
    "likelihood": -113.0791,
    "criteria": 0.00028,
    "params_mle": {
        "eps": 4.5024e-06,
        "eps_cont": 0,
        "lambda": 0,
        "theta_bar": 0.0007951442,
        "a": -1,
        "S_d": -8.397557,
        "b": 0.2218323,
        "p_b": 0.01054929,
        "S_b": 0.09595921,
        "r": [
            0.6391128,
            0.7085007,
            0.8159816,
            0.6332119,
            0.8215258,
            0.6901293,
            0.7052063,
            0.7518719,
            0.5843207,
            0.610559,
            0.6154389,
            0.7803608,
            1.358012
        ]
    },
    "n": 15,
    "expec": [
        {
            "E[P_z(1)]": 0.000795141,
            "E[P_z(2)]": 0.0002540925,
            "E[P_z(3)]": 0.0001877861,
            "E[P_z(4)]": 0.0001622052,
            "E[P_z(5)]": 0.0001006987,
            "E[P_z(6)]": 0.0001088717,
            "E[P_z(7)]": 7.83932e-05,
            "E[P_z(8)]": 7.00926e-05,
            "E[P_z(9)]": 6.64276e-05,
            "E[P_z(10)]": 4.64622e-05,
            "E[P_z(11)]": 4.41353e-05,
            "E[P_z(12)]": 4.07809e-05,
            "E[P_z(13)]": 4.77317e-05,
            "E[P_z(14)]": 7.71329e-05,
            "E[D_z]": null,
            "E[mis_z]": null
        },
        {
            "E[P_z(1)]": 0.0006522701,
            "E[P_z(2)]": 0.000186275,
            "E[P_z(3)]": 0.0001279714,
            "E[P_z(4)]": 0.0001048879,
            "E[P_z(5)]": 6.25351e-05,
            "E[P_z(6)]": 6.54351e-05,
            "E[P_z(7)]": 4.58435e-05,
            "E[P_z(8)]": 4.00356e-05,
            "E[P_z(9)]": 3.71676e-05,
            "E[P_z(10)]": 2.55237e-05,
            "E[P_z(11)]": 2.38478e-05,
            "E[P_z(12)]": 2.17062e-05,
            "E[P_z(13)]": 2.50574e-05,
            "E[P_z(14)]": 3.99791e-05,
            "E[D_z]": null,
            "E[mis_z]": null
        }
    ],
    "alpha": 0.022814739860153956,
    "execution_time": 160.60221695899963
}