{
    "output_file": "/scratch/38995593/tmp7dbsl0ld",
    "model": "C",
    "likelihood": -139.8015,
    "criteria": 8e-05,
    "params_mle": {
        "eps": 0,
        "eps_cont": 0,
        "lambda": 0,
        "theta_bar": 0.0009101267,
        "a": -1,
        "S_d": -491.071,
        "b": 0.3197988,
        "p_b": 0,
        "S_b": 1,
        "r": [
            1.094875,
            1.058918,
            1.09677,
            1.252122,
            0.8185671,
            1.090055,
            0.8709044,
            1.176514,
            0.9462839,
            0.8425122,
            0.8969756,
            1.420098,
            1.025146,
            1.019885,
            0.9385935,
            1.166125,
            1.239602,
            1.127887
        ]
    },
    "n": 20,
    "expec": [
        {
            "E[P_z(1)]": 0.0009101267,
            "E[P_z(2)]": 0.0004982376,
            "E[P_z(3)]": 0.0003212498,
            "E[P_z(4)]": 0.00024955,
            "E[P_z(5)]": 0.0002279179,
            "E[P_z(6)]": 0.0001241666,
            "E[P_z(7)]": 0.0001417269,
            "E[P_z(8)]": 9.90792e-05,
            "E[P_z(9)]": 0.0001189752,
            "E[P_z(10)]": 8.61238e-05,
            "E[P_z(11)]": 6.97084e-05,
            "E[P_z(12)]": 6.80301e-05,
            "E[P_z(13)]": 9.94207e-05,
            "E[P_z(14)]": 6.66438e-05,
            "E[P_z(15)]": 6.18816e-05,
            "E[P_z(16)]": 5.33899e-05,
            "E[P_z(17)]": 6.24307e-05,
            "E[P_z(18)]": 6.26775e-05,
            "E[P_z(19)]": 5.40274e-05,
            "E[D_z]": null,
            "E[mis_z]": null
        },
        {
            "E[P_z(1)]": 0.0002956206,
            "E[P_z(2)]": 0.000116922,
            "E[P_z(3)]": 6.45822e-05,
            "E[P_z(4)]": 4.54836e-05,
            "E[P_z(5)]": 3.86942e-05,
            "E[P_z(6)]": 1.99447e-05,
            "E[P_z(7)]": 2.1758e-05,
            "E[P_z(8)]": 1.46403e-05,
            "E[P_z(9)]": 1.70086e-05,
            "E[P_z(10)]": 1.1959e-05,
            "E[P_z(11)]": 9.4311e-06,
            "E[P_z(12)]": 8.9903e-06,
            "E[P_z(13)]": 1.28601e-05,
            "E[P_z(14)]": 8.4522e-06,
            "E[P_z(15)]": 7.7064e-06,
            "E[P_z(16)]": 6.5369e-06,
            "E[P_z(17)]": 7.5234e-06,
            "E[P_z(18)]": 7.4412e-06,
            "E[P_z(19)]": 6.3245e-06,
            "E[D_z]": null,
            "E[mis_z]": null
        }
    ],
    "alpha": 0.0,
    "execution_time": 90.9465434551239
}