{
    "py/object": "fastdfe.polydfe.PolyDFE",
    "logger": {
        "py/reduce": [
            {
                "py/function": "logging.getLogger"
            },
            {
                "py/tuple": [
                    "fastdfe.PolyDFE"
                ]
            }
        ]
    },
    "bootstraps": null,
    "config": {
        "py/object": "fastdfe.config.Config",
        "data": {
            "model": "GammaExpParametrization",
            "intervals_del": {
                "py/tuple": [
                    -100000000.0,
                    -1e-05,
                    1000
                ]
            },
            "intervals_ben": {
                "py/tuple": [
                    1e-05,
                    10000.0,
                    1000
                ]
            },
            "integration_mode": "midpoint",
            "linearized": true,
            "seed": 0,
            "opts_mle": {},
            "n_runs": 10,
            "x0": {
                "all": {
                    "S_b": 0.09636954,
                    "S_d": -44.34681,
                    "a": -1,
                    "b": 0.1221405,
                    "eps": 4.50123e-06,
                    "eps_cont": 0,
                    "lambda": 0,
                    "p_b": 0.01060767,
                    "r": [
                        0.6268517,
                        0.6514728,
                        0.6820074,
                        0.5848618,
                        0.7565646,
                        0.6523473,
                        0.6349214,
                        0.7005902,
                        0.6139579,
                        0.6324166,
                        0.6421517,
                        0.7478784,
                        1.22486
                    ],
                    "theta_bar": 0.0008663822
                }
            },
            "bounds": {},
            "scales": {},
            "fixed_params": {},
            "shared_params": [],
            "covariates": [],
            "sfs_neut": {
                "py/object": "fastdfe.spectrum.Spectra",
                "data": {
                    "all": [
                        870404.438336528,
                        802.0,
                        227.0,
                        172.0,
                        120.0,
                        84.0,
                        90.0,
                        81.0,
                        60.0,
                        69.0,
                        58.0,
                        40.0,
                        32.0,
                        56.0,
                        50.0,
                        0.0
                    ]
                }
            },
            "sfs_sel": {
                "py/object": "fastdfe.spectrum.Spectra",
                "data": {
                    "all": [
                        2365799.56166347,
                        1510.0,
                        460.0,
                        265.0,
                        203.0,
                        134.0,
                        181.0,
                        92.0,
                        120.0,
                        82.0,
                        50.0,
                        75.0,
                        56.0,
                        55.0,
                        116.0,
                        0.0
                    ]
                }
            },
            "do_bootstrap": false,
            "n_bootstraps": 10,
            "parallelize": false,
            "loss_type": "likelihood"
        }
    },
    "output_file": null,
    "execution_time": 451.1943304538727,
    "summary": {
        "py/object": "fastdfe.polydfe.PolyDFEResult",
        "output_file": "results/polydfe/hgdp/inference/1/opts.n.15.config.default/bootstraps/85/all.polydfe.txt",
        "postprocessing_source": "../resources/polydfe/postprocessing/script.R",
        "data": {
            "output_file": "/scratch/40841094/tmp88gucy5q",
            "model": "C",
            "likelihood": -111.6105,
            "criteria": 0.00022,
            "params_mle": {
                "eps": 4.50531e-06,
                "eps_cont": 0,
                "lambda": 0,
                "theta_bar": 0.0009077317,
                "a": -1,
                "S_d": -134.8756,
                "b": 0.09102323,
                "p_b": 0.01067626,
                "S_b": 0.09711016,
                "r": [
                    0.6266862,
                    0.6132406,
                    0.6141801,
                    0.5242693,
                    0.7892853,
                    0.5922773,
                    0.7087836,
                    0.6726142,
                    0.5371366,
                    0.6318877,
                    0.5295641,
                    0.7262406,
                    1.173465
                ]
            },
            "n": 15,
            "expec": [
                {
                    "E[P_z(1)]": 0.0009077279,
                    "E[P_z(2)]": 0.0002844304,
                    "E[P_z(3)]": 0.000185552,
                    "E[P_z(4)]": 0.0001393773,
                    "E[P_z(5)]": 9.5179e-05,
                    "E[P_z(6)]": 0.0001194096,
                    "E[P_z(7)]": 7.68041e-05,
                    "E[P_z(8)]": 8.04231e-05,
                    "E[P_z(9)]": 6.78395e-05,
                    "E[P_z(10)]": 4.87578e-05,
                    "E[P_z(11)]": 5.21444e-05,
                    "E[P_z(12)]": 4.00592e-05,
                    "E[P_z(13)]": 5.07112e-05,
                    "E[P_z(14)]": 7.60888e-05,
                    "E[D_z]": null,
                    "E[mis_z]": null
                },
                {
                    "E[P_z(1)]": 0.0006416226,
                    "E[P_z(2)]": 0.00018525,
                    "E[P_z(3)]": 0.0001161284,
                    "E[P_z(4)]": 8.50133e-05,
                    "E[P_z(5)]": 5.69689e-05,
                    "E[P_z(6)]": 7.04175e-05,
                    "E[P_z(7)]": 4.4741e-05,
                    "E[P_z(8)]": 4.6363e-05,
                    "E[P_z(9)]": 3.87561e-05,
                    "E[P_z(10)]": 2.76325e-05,
                    "E[P_z(11)]": 2.93401e-05,
                    "E[P_z(12)]": 2.23936e-05,
                    "E[P_z(13)]": 2.81796e-05,
                    "E[P_z(14)]": 4.20501e-05,
                    "E[D_z]": null,
                    "E[mis_z]": null
                }
            ],
            "alpha": 0.022146683686755226,
            "execution_time": 451.1943304538727
        }
    }
}