{
    "py/object": "fastdfe.polydfe.PolyDFE",
    "logger": {
        "py/reduce": [
            {
                "py/function": "logging.getLogger"
            },
            {
                "py/tuple": [
                    "fastdfe.PolyDFE"
                ]
            }
        ]
    },
    "bootstraps": null,
    "config": {
        "py/object": "fastdfe.config.Config",
        "data": {
            "model": "GammaExpParametrization",
            "intervals_del": {
                "py/tuple": [
                    -100000000.0,
                    -1e-05,
                    1000
                ]
            },
            "intervals_ben": {
                "py/tuple": [
                    1e-05,
                    10000.0,
                    1000
                ]
            },
            "integration_mode": "midpoint",
            "linearized": true,
            "seed": 0,
            "opts_mle": {},
            "n_runs": 10,
            "x0": {
                "all": {
                    "S_b": 0.05627203,
                    "S_d": -26.88451,
                    "a": -1,
                    "b": 0.1464485,
                    "eps": 4.50288e-06,
                    "eps_cont": 0,
                    "lambda": 0,
                    "p_b": 0.004419742,
                    "r": [
                        0.4932568,
                        0.4490162,
                        0.411058,
                        0.4293708,
                        0.4059378,
                        0.3950674,
                        0.4836194,
                        0.4412304,
                        0.4459431,
                        0.5171633,
                        0.4880109,
                        0.499798,
                        0.5114526,
                        0.4705895,
                        0.3840001,
                        0.3914661,
                        0.4942643,
                        0.4410675,
                        0.4295933,
                        0.3836019,
                        0.3386893,
                        0.4566943,
                        0.4425798,
                        0.4623484,
                        0.424307,
                        0.4116725,
                        0.4906384,
                        0.4335386,
                        0.4045893,
                        0.5819833,
                        0.4816641,
                        0.5724359,
                        0.5396078,
                        0.5300813,
                        0.62822,
                        0.8578236,
                        0.810246,
                        2.052769
                    ],
                    "theta_bar": 0.001050261
                }
            },
            "bounds": {},
            "scales": {},
            "fixed_params": {},
            "shared_params": [],
            "covariates": [],
            "sfs_neut": {
                "py/object": "fastdfe.spectrum.Spectra",
                "data": {
                    "all": [
                        1037959.33330917,
                        1105.0,
                        276.0,
                        149.0,
                        116.0,
                        99.0,
                        69.0,
                        43.0,
                        73.0,
                        64.0,
                        45.0,
                        58.0,
                        53.0,
                        39.0,
                        48.0,
                        35.0,
                        16.0,
                        29.0,
                        33.0,
                        31.0,
                        22.0,
                        15.0,
                        11.0,
                        12.0,
                        17.0,
                        23.0,
                        15.0,
                        17.0,
                        12.0,
                        13.0,
                        17.0,
                        25.0,
                        21.0,
                        24.0,
                        15.0,
                        15.0,
                        23.0,
                        14.0,
                        18.0,
                        36.0,
                        0.0
                    ]
                }
            },
            "sfs_sel": {
                "py/object": "fastdfe.spectrum.Spectra",
                "data": {
                    "all": [
                        2843522.66669083,
                        2482.0,
                        516.0,
                        318.0,
                        219.0,
                        194.0,
                        127.0,
                        128.0,
                        90.0,
                        87.0,
                        97.0,
                        71.0,
                        68.0,
                        73.0,
                        60.0,
                        54.0,
                        44.0,
                        30.0,
                        50.0,
                        37.0,
                        31.0,
                        35.0,
                        19.0,
                        39.0,
                        30.0,
                        25.0,
                        25.0,
                        21.0,
                        24.0,
                        31.0,
                        25.0,
                        32.0,
                        24.0,
                        26.0,
                        18.0,
                        28.0,
                        24.0,
                        38.0,
                        26.0,
                        65.0,
                        0.0
                    ]
                }
            },
            "do_bootstrap": false,
            "n_bootstraps": 10,
            "parallelize": false,
            "loss_type": "likelihood"
        }
    },
    "output_file": null,
    "execution_time": 1297.3598120212555,
    "summary": {
        "py/object": "fastdfe.polydfe.PolyDFEResult",
        "output_file": "results/polydfe/hgdp/inference/1/opts.n.40.config.default/bootstraps/93/all.polydfe.txt",
        "postprocessing_source": "../resources/polydfe/postprocessing/script.R",
        "data": {
            "output_file": "/scratch/40841768/tmp9ft1mdbg",
            "model": "C",
            "likelihood": -247.2391,
            "criteria": 8e-05,
            "params_mle": {
                "eps": 4.50451e-06,
                "eps_cont": 0,
                "lambda": 0,
                "theta_bar": 0.001067013,
                "a": -1,
                "S_d": -36.33516,
                "b": 0.1234979,
                "p_b": 0.004430041,
                "S_b": 0.05633332,
                "r": [
                    0.4693441,
                    0.4296391,
                    0.420519,
                    0.4676816,
                    0.3805201,
                    0.3916329,
                    0.4306467,
                    0.4524638,
                    0.4761539,
                    0.4788592,
                    0.4928169,
                    0.4967542,
                    0.5183327,
                    0.4596737,
                    0.331915,
                    0.3481089,
                    0.5203685,
                    0.4515339,
                    0.3716392,
                    0.3692335,
                    0.2327601,
                    0.4147979,
                    0.3999202,
                    0.4265029,
                    0.3705176,
                    0.3663652,
                    0.3607316,
                    0.4575956,
                    0.4527741,
                    0.6361896,
                    0.5194618,
                    0.5963083,
                    0.4062184,
                    0.5458084,
                    0.6146555,
                    0.70007,
                    0.6093132,
                    1.437536
                ]
            },