{
    "output_file": "/scratch/40841687/tmpbl8yjp8t",
    "model": "C",
    "likelihood": -193.4769,
    "criteria": 0.00041,
    "params_mle": {
        "eps": 4.50582e-06,
        "eps_cont": 0,
        "lambda": 0,
        "theta_bar": 0.0009583432,
        "a": -1,
        "S_d": -170.398,
        "b": 0.09147159,
        "p_b": 0.009178356,
        "S_b": 0.108552,
        "r": [
            0.5954724,
            0.4918664,
            0.5077245,
            0.5417112,
            0.4029358,
            0.4286081,
            0.5145871,
            0.5302885,
            0.4026165,
            0.457677,
            0.6137686,
            0.5502373,
            0.484482,
            0.4970612,
            0.3671805,
            0.4316705,
            0.4940378,
            0.3788121,
            0.5914886,
            0.403726,
            0.5033017,
            0.5087148,
            0.6671959,
            0.514616,
            0.809421,
            0.6669988,
            0.8517809,
            1.896666
        ]
    },
    "n": 30,
    "expec": [
        {
            "E[P_z(1)]": 0.0009583392,
            "E[P_z(2)]": 0.0002853323,
            "E[P_z(3)]": 0.000157125,
            "E[P_z(4)]": 0.0001216432,
            "E[P_z(5)]": 0.0001038287,
            "E[P_z(6)]": 6.43583e-05,
            "E[P_z(7)]": 5.86789e-05,
            "E[P_z(8)]": 6.16437e-05,
            "E[P_z(9)]": 5.64663e-05,
            "E[P_z(10)]": 3.85844e-05,
            "E[P_z(11)]": 3.98737e-05,
            "E[P_z(12)]": 4.90166e-05,
            "E[P_z(13)]": 4.05627e-05,
            "E[P_z(14)]": 3.31642e-05,
            "E[P_z(15)]": 3.1757e-05,
            "E[P_z(16)]": 2.19929e-05,
            "E[P_z(17)]": 2.43347e-05,
            "E[P_z(18)]": 2.63033e-05,
            "E[P_z(19)]": 1.9107e-05,
            "E[P_z(20)]": 2.83425e-05,
            "E[P_z(21)]": 1.84244e-05,
            "E[P_z(22)]": 2.19245e-05,
            "E[P_z(23)]": 2.11968e-05,
            "E[P_z(24)]": 2.66419e-05,
            "E[P_z(25)]": 1.97275e-05,
            "E[P_z(26)]": 2.98352e-05,
            "E[P_z(27)]": 2.36752e-05,
            "E[P_z(28)]": 2.91547e-05,
            "E[P_z(29)]": 6.26819e-05,
            "E[D_z]": null,
            "E[mis_z]": null
        },
        {
            "E[P_z(1)]": 0.0006995208,
            "E[P_z(2)]": 0.0001916888,
            "E[P_z(3)]": 0.0001012741,
            "E[P_z(4)]": 7.63207e-05,
            "E[P_z(5)]": 6.38673e-05,
            "E[P_z(6)]": 3.89766e-05,
            "E[P_z(7)]": 3.5085e-05,
            "E[P_z(8)]": 3.64598e-05,
            "E[P_z(9)]": 3.30847e-05,
            "E[P_z(10)]": 2.24204e-05,
            "E[P_z(11)]": 2.29981e-05,
            "E[P_z(12)]": 2.80822e-05,
            "E[P_z(13)]": 2.30969e-05,
            "E[P_z(14)]": 1.87779e-05,
            "E[P_z(15)]": 1.78874e-05,
            "E[P_z(16)]": 1.23277e-05,
            "E[P_z(17)]": 1.35785e-05,
            "E[P_z(18)]": 1.46145e-05,
            "E[P_z(19)]": 1.05735e-05,
            "E[P_z(20)]": 1.56247e-05,
            "E[P_z(21)]": 1.01204e-05,
            "E[P_z(22)]": 1.20017e-05,
            "E[P_z(23)]": 1.15654e-05,
            "E[P_z(24)]": 1.44909e-05,
            "E[P_z(25)]": 1.06979e-05,
            "E[P_z(26)]": 1.61326e-05,
            "E[P_z(27)]": 1.27664e-05,
            "E[P_z(28)]": 1.56794e-05,
            "E[P_z(29)]": 3.36244e-05,
            "E[D_z]": null,
            "E[mis_z]": null
        }
    ],
    "alpha": 0.0197506195868832,
    "execution_time": 1299.2675926685333
}