{
    "output_file": "/scratch/40841238/tmpwubcb8pu",
    "model": "C",
    "likelihood": -171.7832,
    "criteria": 0.00046,
    "params_mle": {
        "eps": 4.50691e-06,
        "eps_cont": 0,
        "lambda": 0,
        "theta_bar": 0.0008683144,
        "a": -1,
        "S_d": -40.49092,
        "b": 0.1296259,
        "p_b": 0.005012224,
        "S_b": 0.05333836,
        "r": [
            0.5952423,
            0.4829996,
            0.5605521,
            0.4883282,
            0.6065219,
            0.5853802,
            0.6037076,
            0.5299347,
            0.5757087,
            0.5462735,
            0.6361597,
            0.5267436,
            0.4956398,
            0.5734001,
            0.4927464,
            0.4265364,
            0.5180069,
            0.6429376,
            0.7604209,
            0.7436604,
            0.6911693,
            0.8925723,
            1.537982
        ]
    },
    "n": 25,
    "expec": [
        {
            "E[P_z(1)]": 0.0008683108,
            "E[P_z(2)]": 0.0002584277,
            "E[P_z(3)]": 0.000139798,
            "E[P_z(4)]": 0.0001216835,
            "E[P_z(5)]": 8.48043e-05,
            "E[P_z(6)]": 8.7775e-05,
            "E[P_z(7)]": 7.26132e-05,
            "E[P_z(8)]": 6.55258e-05,
            "E[P_z(9)]": 5.11277e-05,
            "E[P_z(10)]": 4.99895e-05,
            "E[P_z(11)]": 4.31215e-05,
            "E[P_z(12)]": 4.60322e-05,
            "E[P_z(13)]": 3.51831e-05,
            "E[P_z(14)]": 3.07409e-05,
            "E[P_z(15)]": 3.31928e-05,
            "E[P_z(16)]": 2.67413e-05,
            "E[P_z(17)]": 2.17865e-05,
            "E[P_z(18)]": 2.49887e-05,
            "E[P_z(19)]": 2.9383e-05,
            "E[P_z(20)]": 3.30145e-05,
            "E[P_z(21)]": 3.07495e-05,
            "E[P_z(22)]": 2.72802e-05,
            "E[P_z(23)]": 3.36981e-05,
            "E[P_z(24)]": 5.56475e-05,
            "E[D_z]": null,
            "E[mis_z]": null
        },
        {
            "E[P_z(1)]": 0.0006669746,
            "E[P_z(2)]": 0.0001793475,
            "E[P_z(3)]": 9.17794e-05,
            "E[P_z(4)]": 7.69867e-05,
            "E[P_z(5)]": 5.22029e-05,
            "E[P_z(6)]": 5.28728e-05,
            "E[P_z(7)]": 4.29645e-05,
            "E[P_z(8)]": 3.81861e-05,
            "E[P_z(9)]": 2.94044e-05,
            "E[P_z(10)]": 2.84163e-05,
            "E[P_z(11)]": 2.42572e-05,
            "E[P_z(12)]": 2.56505e-05,
            "E[P_z(13)]": 1.94359e-05,
            "E[P_z(14)]": 1.68472e-05,
            "E[P_z(15)]": 1.80571e-05,
            "E[P_z(16)]": 1.44477e-05,
            "E[P_z(17)]": 1.16951e-05,
            "E[P_z(18)]": 1.3333e-05,
            "E[P_z(19)]": 1.55882e-05,
            "E[P_z(20)]": 1.74202e-05,
            "E[P_z(21)]": 1.61418e-05,
            "E[P_z(22)]": 1.42506e-05,
            "E[P_z(23)]": 1.75212e-05,
            "E[P_z(24)]": 2.88051e-05,
            "E[D_z]": null,
            "E[mis_z]": null
        }
    ],
    "alpha": 0.011082911326139868,
    "execution_time": 588.6242985725403
}