{
    "output_file": "/scratch/38996067/tmp4ze1agfu",
    "model": "C",
    "likelihood": -257.3513,
    "criteria": 0.00096,
    "params_mle": {
        "eps": 0,
        "eps_cont": 0,
        "lambda": 0,
        "theta_bar": 0.00316955,
        "a": -1,
        "S_d": -105.4308,
        "b": 0.333568,
        "p_b": 0,
        "S_b": 1,
        "r": [
            0.9273018,
            0.9121574,
            0.9700128,
            0.9858662,
            0.9025548,
            0.9955295,
            0.9233761,
            0.8930197,
            0.9351689,
            0.8733554,
            0.949989,
            0.8584729,
            0.9204368,
            1.023004,
            0.8985123,
            1.208282,
            1.264467,
            1.582669
        ]
    },
    "n": 20,
    "expec": [
        {
            "E[P_z(1)]": 0.00316955,
            "E[P_z(2)]": 0.001469565,
            "E[P_z(3)]": 0.0009637096,
            "E[P_z(4)]": 0.000768626,
            "E[P_z(5)]": 0.0006249505,
            "E[P_z(6)]": 0.0004767821,
            "E[P_z(7)]": 0.0004507686,
            "E[P_z(8)]": 0.0003658358,
            "E[P_z(9)]": 0.0003144967,
            "E[P_z(10)]": 0.0002964065,
            "E[P_z(11)]": 0.0002516494,
            "E[P_z(12)]": 0.0002509198,
            "E[P_z(13)]": 0.0002093056,
            "E[P_z(14)]": 0.0002083836,
            "E[P_z(15)]": 0.0002161641,
            "E[P_z(16)]": 0.0001779925,
            "E[P_z(17)]": 0.000225277,
            "E[P_z(18)]": 0.0002226551,
            "E[P_z(19)]": 0.0002640184,
            "E[D_z]": null,
            "E[mis_z]": null
        },
        {
            "E[P_z(1)]": 0.001547518,
            "E[P_z(2)]": 0.0005387845,
            "E[P_z(3)]": 0.000303424,
            "E[P_z(4)]": 0.000219129,
            "E[P_z(5)]": 0.000165685,
            "E[P_z(6)]": 0.0001194079,
            "E[P_z(7)]": 0.0001077456,
            "E[P_z(8)]": 8.40596e-05,
            "E[P_z(9)]": 6.9835e-05,
            "E[P_z(10)]": 6.38648e-05,
            "E[P_z(11)]": 5.27808e-05,
            "E[P_z(12)]": 5.13622e-05,
            "E[P_z(13)]": 4.19028e-05,
            "E[P_z(14)]": 4.08746e-05,
            "E[P_z(15)]": 4.16063e-05,
            "E[P_z(16)]": 3.36611e-05,
            "E[P_z(17)]": 4.1907e-05,
            "E[P_z(18)]": 4.07826e-05,
            "E[P_z(19)]": 4.76572e-05,
            "E[D_z]": null,
            "E[mis_z]": null
        }
    ],
    "alpha": 0.0,
    "execution_time": 88.28451490402222
}