{
    "py/object": "fastdfe.polydfe.PolyDFE",
    "logger": {
        "py/reduce": [
            {
                "py/function": "logging.getLogger"
            },
            {
                "py/tuple": [
                    "fastdfe.PolyDFE"
                ]
            }
        ]
    },
    "bootstraps": null,
    "config": {
        "py/object": "fastdfe.config.Config",
        "data": {
            "model": "GammaExpParametrization",
            "intervals_del": {
                "py/tuple": [
                    -100000000.0,
                    -1e-05,
                    1000
                ]
            },
            "intervals_ben": {
                "py/tuple": [
                    1e-05,
                    10000.0,
                    1000
                ]
            },
            "integration_mode": "midpoint",
            "linearized": true,
            "seed": 0,
            "opts_mle": {},
            "n_runs": 10,
            "x0": {
                "all": {
                    "S_b": 0.03800569,
                    "S_d": -68.01433,
                    "a": -1,
                    "b": 0.1127644,
                    "eps": 4.49744e-06,
                    "eps_cont": 0,
                    "lambda": 0,
                    "p_b": 0.003905648,
                    "r": [
                        0.5669393,
                        0.5649833,
                        0.5475162,
                        0.4995644,
                        0.5648594,
                        0.6039999,
                        0.4662727,
                        0.5802472,
                        0.5323765,
                        0.5838853,
                        0.5587549,
                        0.5490204,
                        0.5681745,
                        0.5012596,
                        0.6027202,
                        0.6738647,
                        0.7739941,
                        1.427315
                    ],
                    "theta_bar": 0.0008503307
                }
            },
            "bounds": {},
            "scales": {},
            "fixed_params": {},
            "shared_params": [],
            "covariates": [],
            "sfs_neut": {
                "py/object": "fastdfe.spectrum.Spectra",
                "data": {
                    "all": [
                        1040398.81958835,
                        916.0,
                        251.0,
                        180.0,
                        112.0,
                        105.0,
                        70.0,
                        89.0,
                        48.0,
                        53.0,
                        47.0,
                        45.0,
                        41.0,
                        39.0,
                        34.0,
                        28.0,
                        31.0,
                        37.0,
                        29.0,
                        66.0,
                        0.0
                    ]
                }
            },
            "sfs_sel": {
                "py/object": "fastdfe.spectrum.Spectra",
                "data": {
                    "all": [
                        2843000.18041165,
                        1808.0,
                        467.0,
                        278.0,
                        217.0,
                        127.0,
                        146.0,
                        111.0,
                        91.0,
                        95.0,
                        69.0,
                        72.0,
                        52.0,
                        40.0,
                        53.0,
                        58.0,
                        45.0,
                        50.0,
                        69.0,
                        91.0,
                        0.0
                    ]
                }
            },
            "do_bootstrap": false,
            "n_bootstraps": 10,
            "parallelize": false,
            "loss_type": "likelihood"
        }
    },
    "output_file": null,
    "execution_time": 413.1194636821747,
    "summary": {
        "py/object": "fastdfe.polydfe.PolyDFEResult",
        "output_file": "results/polydfe/hgdp/inference/1/opts.n.20.config.default/bootstraps/60/all.polydfe.txt",
        "postprocessing_source": "../resources/polydfe/postprocessing/script.R",
        "data": {
            "output_file": "/scratch/40841197/tmplb59ihxh",
            "model": "C",
            "likelihood": -133.1486,
            "criteria": 0.00137,
            "params_mle": {
                "eps": 4.49756e-06,
                "eps_cont": 0,
                "lambda": 0,
                "theta_bar": 0.0008810903,
                "a": -1,
                "S_d": -120.6175,
                "b": 0.09539695,
                "p_b": 0.00391703,
                "S_b": 0.0380515,
                "r": [
                    0.5577015,
                    0.5483591,
                    0.5344771,
                    0.4772112,
                    0.538403,
                    0.5863105,
                    0.4689765,
                    0.5651032,
                    0.4947317,
                    0.5515239,
                    0.4802562,
                    0.443618,
                    0.5279828,
                    0.5611676,
                    0.5305239,
                    0.6470716,
                    0.7738257,
                    1.311827
                ]
            },
            "n": 20,
            "expec": [
                {
                    "E[P_z(1)]": 0.0008810866,
                    "E[P_z(2)]": 0.0002456917,
                    "E[P_z(3)]": 0.0001610507,
                    "E[P_z(4)]": 0.0001177303,
                    "E[P_z(5)]": 8.4093e-05,
                    "E[P_z(6)]": 7.90634e-05,
                    "E[P_z(7)]": 7.37987e-05,
                    "E[P_z(8)]": 5.16513e-05,
                    "E[P_z(9)]": 5.53229e-05,
                    "E[P_z(10)]": 4.35903e-05,
                    "E[P_z(11)]": 4.41766e-05,
                    "E[P_z(12)]": 3.52625e-05,
                    "E[P_z(13)]": 3.00669e-05,
                    "E[P_z(14)]": 3.32288e-05,
                    "E[P_z(15)]": 3.29629e-05,
                    "E[P_z(16)]": 2.92154e-05,
                    "E[P_z(17)]": 3.35375e-05,
                    "E[P_z(18)]": 3.78793e-05,
                    "E[P_z(19)]": 6.08373e-05,
                    "E[D_z]": null,
                    "E[mis_z]": null
                },
                {
                    "E[P_z(1)]": 0.0006340677,
                    "E[P_z(2)]": 0.0001622306,
                    "E[P_z(3)]": 0.0001018941,
                    "E[P_z(4)]": 7.24499e-05,
                    "E[P_z(5)]": 5.07072e-05,
                    "E[P_z(6)]": 4.69164e-05,
                    "E[P_z(7)]": 4.3218e-05,
                    "E[P_z(8)]": 2.99107e-05,
                    "E[P_z(9)]": 3.17263e-05,
                    "E[P_z(10)]": 2.47831e-05,
                    "E[P_z(11)]": 2.49232e-05,
                    "E[P_z(12)]": 1.97552e-05,
                    "E[P_z(13)]": 1.6737e-05,
                    "E[P_z(14)]": 1.83882e-05,
                    "E[P_z(15)]": 1.81414e-05,
                    "E[P_z(16)]": 1.5997e-05,
                    "E[P_z(17)]": 1.8276e-05,
                    "E[P_z(18)]": 2.05493e-05,
                    "E[P_z(19)]": 3.28642e-05,
                    "E[D_z]": null,
                    "E[mis_z]": null
                }
            ],
            "alpha": 0.008633935176339185,
            "execution_time": 413.1194636821747
        }
    }
}