neutral,selected
999689885.1671988,999768971.0251889
39500.90747190581,28082.26271814708
20137.238936730995,10771.768647709672
13899.74826862973,5910.8198932466685
10922.768153408946,3856.003732531723
9240.431310939413,2816.1929425364274
8200.71447012242,2236.4027513454325
7533.713955354491,1895.0129523743171
7114.221943487521,1692.573009195541
6881.147075484287,1583.7096939689882
3403.09972107482,774.5889515032661
0.0,0.0
0.0,0.0
0.0,0.0
0.0,0.0
0.0,0.0
0.0,0.0
0.0,0.0
0.0,0.0
0.0,0.0
0.0,0.0
