{
    "output_file": "/scratch/38995588/tmpfgu6sjwq",
    "model": "C",
    "likelihood": -151.996,
    "criteria": 8e-05,
    "params_mle": {
        "eps": 0,
        "eps_cont": 0,
        "lambda": 0,
        "theta_bar": 0.0008604998,
        "a": -1,
        "S_d": -175.4382,
        "b": 0.4202963,
        "p_b": 0,
        "S_b": 1,
        "r": [
            1.117588,
            1.102685,
            1.280851,
            1.324182,
            0.9134911,
            1.113912,
            0.9905464,
            1.262981,
            1.149881,
            0.9318817,
            0.9532516,
            1.409418,
            1.115608,
            0.8365011,
            1.205599,
            1.46706,
            1.178425,
            1.350601
        ]
    },
    "n": 20,
    "expec": [
        {
            "E[P_z(1)]": 0.0008604998,
            "E[P_z(2)]": 0.0004808422,
            "E[P_z(3)]": 0.0003162868,
            "E[P_z(4)]": 0.0002755431,
            "E[P_z(5)]": 0.0002278917,
            "E[P_z(6)]": 0.0001310098,
            "E[P_z(7)]": 0.0001369316,
            "E[P_z(8)]": 0.0001065456,
            "E[P_z(9)]": 0.000120755,
            "E[P_z(10)]": 9.89473e-05,
            "E[P_z(11)]": 7.28985e-05,
            "E[P_z(12)]": 6.83561e-05,
            "E[P_z(13)]": 9.32926e-05,
            "E[P_z(14)]": 6.857e-05,
            "E[P_z(15)]": 4.79873e-05,
            "E[P_z(16)]": 6.48386e-05,
            "E[P_z(17)]": 7.42591e-05,
            "E[P_z(18)]": 5.63352e-05,
            "E[P_z(19)]": 6.1168e-05,
            "E[D_z]": null,
            "E[mis_z]": null
        },
        {
            "E[P_z(1)]": 0.000322499,
            "E[P_z(2)]": 0.0001223857,
            "E[P_z(3)]": 6.59056e-05,
            "E[P_z(4)]": 5.0487e-05,
            "E[P_z(5)]": 3.80345e-05,
            "E[P_z(6)]": 2.03303e-05,
            "E[P_z(7)]": 2.00229e-05,
            "E[P_z(8)]": 1.48178e-05,
            "E[P_z(9)]": 1.60821e-05,
            "E[P_z(10)]": 1.26852e-05,
            "E[P_z(11)]": 9.0334e-06,
            "E[P_z(12)]": 8.2146e-06,
            "E[P_z(13)]": 1.09021e-05,
            "E[P_z(14)]": 7.8098e-06,
            "E[P_z(15)]": 5.3372e-06,
            "E[P_z(16)]": 7.0538e-06,
            "E[P_z(17)]": 7.9134e-06,
            "E[P_z(18)]": 5.8879e-06,
            "E[P_z(19)]": 6.2771e-06,
            "E[D_z]": null,
            "E[mis_z]": null
        }
    ],
    "alpha": 0.0,
    "execution_time": 66.34470534324646
}