{
    "output_file": "/scratch/38996110/tmpks8jqnql",
    "model": "C",
    "likelihood": -153.0412,
    "criteria": 9e-05,
    "params_mle": {
        "eps": 0.005065277,
        "eps_cont": 0,
        "lambda": 0,
        "theta_bar": 0.000848023,
        "a": -1,
        "S_d": -206.8358,
        "b": 0.3975752,
        "p_b": 0,
        "S_b": 1,
        "r": [
            1.119187,
            1.08721,
            1.256316,
            1.242383,
            0.9200426,
            1.234589,
            0.9012314,
            1.222547,
            0.9810219,
            0.9735144,
            0.9782577,
            1.606269,
            1.239154,
            0.8763933,
            1.063257,
            1.351325,
            0.9919783,
            1.611267
        ]
    },
    "n": 20,
    "expec": [
        {
            "E[P_z(1)]": 0.0008440918,
            "E[P_z(2)]": 0.0004723813,
            "E[P_z(3)]": 0.0003061112,
            "E[P_z(4)]": 0.0002652825,
            "E[P_z(5)]": 0.0002098974,
            "E[P_z(6)]": 0.0001297577,
            "E[P_z(7)]": 0.0001493389,
            "E[P_z(8)]": 9.53994e-05,
            "E[P_z(9)]": 0.0001149909,
            "E[P_z(10)]": 8.31929e-05,
            "E[P_z(11)]": 7.52545e-05,
            "E[P_z(12)]": 6.92658e-05,
            "E[P_z(13)]": 0.0001050079,
            "E[P_z(14)]": 7.53378e-05,
            "E[P_z(15)]": 5.03631e-05,
            "E[P_z(16)]": 5.74178e-05,
            "E[P_z(17)]": 6.86243e-05,
            "E[P_z(18)]": 4.89015e-05,
            "E[P_z(19)]": 7.58466e-05,
            "E[D_z]": null,
            "E[mis_z]": null
        },
        {
            "E[P_z(1)]": 0.0003091647,
            "E[P_z(2)]": 0.0001189306,
            "E[P_z(3)]": 6.36981e-05,
            "E[P_z(4)]": 4.88755e-05,
            "E[P_z(5)]": 3.54027e-05,
            "E[P_z(6)]": 2.04217e-05,
            "E[P_z(7)]": 2.22191e-05,
            "E[P_z(8)]": 1.35387e-05,
            "E[P_z(9)]": 1.56674e-05,
            "E[P_z(10)]": 1.09357e-05,
            "E[P_z(11)]": 9.5841e-06,
            "E[P_z(12)]": 8.5728e-06,
            "E[P_z(13)]": 1.26651e-05,
            "E[P_z(14)]": 8.8793e-06,
            "E[P_z(15)]": 5.8438e-06,
            "E[P_z(16)]": 6.557e-06,
            "E[P_z(17)]": 7.7234e-06,
            "E[P_z(18)]": 5.6417e-06,
            "E[P_z(19)]": 9.1904e-06,
            "E[D_z]": null,
            "E[mis_z]": null
        }
    ],
    "alpha": 0.0,
    "execution_time": 324.86709117889404
}