{
    "output_file": "/scratch/40840731/tmpptkpdzbt",
    "model": "C",
    "likelihood": -98.39308,
    "criteria": 0.00014,
    "params_mle": {
        "eps": 4.50157e-06,
        "eps_cont": 0,
        "lambda": 0,
        "theta_bar": 0.0008958229,
        "a": -1,
        "S_d": -38.9189,
        "b": 0.1315355,
        "p_b": 0.01061695,
        "S_b": 0.09640223,
        "r": [
            0.5747215,
            0.6182315,
            0.691773,
            0.5754507,
            0.792665,
            0.6018747,
            0.6655048,
            0.6573306,
            0.6628918,
            0.578897,
            0.7104833,
            0.6777314,
            1.140594
        ]
    },
    "n": 15,
    "expec": [
        {
            "E[P_z(1)]": 0.0008958192,
            "E[P_z(2)]": 0.0002574234,
            "E[P_z(3)]": 0.0001846081,
            "E[P_z(4)]": 0.000154926,
            "E[P_z(5)]": 0.0001031002,
            "E[P_z(6)]": 0.0001183477,
            "E[P_z(7)]": 7.70247e-05,
            "E[P_z(8)]": 7.45218e-05,
            "E[P_z(9)]": 6.54282e-05,
            "E[P_z(10)]": 5.93836e-05,
            "E[P_z(11)]": 4.7145e-05,
            "E[P_z(12)]": 5.30395e-05,
            "E[P_z(13)]": 4.67031e-05,
            "E[P_z(14)]": 7.29873e-05,
            "E[D_z]": null,
            "E[mis_z]": null
        },
        {
            "E[P_z(1)]": 0.0006574211,
            "E[P_z(2)]": 0.0001698654,
            "E[P_z(3)]": 0.000115213,
            "E[P_z(4)]": 9.3216e-05,
            "E[P_z(5)]": 6.03829e-05,
            "E[P_z(6)]": 6.78533e-05,
            "E[P_z(7)]": 4.33927e-05,
            "E[P_z(8)]": 4.13598e-05,
            "E[P_z(9)]": 3.5844e-05,
            "E[P_z(10)]": 3.21605e-05,
            "E[P_z(11)]": 2.52703e-05,
            "E[P_z(12)]": 2.81649e-05,
            "E[P_z(13)]": 2.45886e-05,
            "E[P_z(14)]": 3.81252e-05,
            "E[D_z]": null,
            "E[mis_z]": null
        }
    ],
    "alpha": 0.02276127860839628,
    "execution_time": 396.2524025440216
}