{
    "output_file": "/scratch/38995966/tmpdt2_k7wm",
    "model": "C",
    "likelihood": -250.5659,
    "criteria": 0.00043,
    "params_mle": {
        "eps": 0,
        "eps_cont": 0,
        "lambda": 0,
        "theta_bar": 0.003162239,
        "a": -1,
        "S_d": -95.99155,
        "b": 0.3491944,
        "p_b": 0,
        "S_b": 1,
        "r": [
            0.9685546,
            0.9233292,
            0.9328629,
            0.9751068,
            0.9430257,
            0.9370769,
            0.950148,
            0.992874,
            1.004434,
            0.8494968,
            0.9712812,
            0.8952594,
            0.8421443,
            0.9634654,
            0.9496313,
            1.210483,
            1.389232,
            1.44661
        ]
    },
    "n": 20,
    "expec": [
        {
            "E[P_z(1)]": 0.003162239,
            "E[P_z(2)]": 0.001531401,
            "E[P_z(3)]": 0.0009732626,
            "E[P_z(4)]": 0.0007374839,
            "E[P_z(5)]": 0.0006167042,
            "E[P_z(6)]": 0.0004970121,
            "E[P_z(7)]": 0.000423323,
            "E[P_z(8)]": 0.0003755744,
            "E[P_z(9)]": 0.0003488561,
            "E[P_z(10)]": 0.000317626,
            "E[P_z(11)]": 0.0002442102,
            "E[P_z(12)]": 0.000255952,
            "E[P_z(13)]": 0.0002177711,
            "E[P_z(14)]": 0.0001902187,
            "E[P_z(15)]": 0.0002031139,
            "E[P_z(16)]": 0.0001876851,
            "E[P_z(17)]": 0.000225167,
            "E[P_z(18)]": 0.0002440603,
            "E[P_z(19)]": 0.0002407646,
            "E[D_z]": null,
            "E[mis_z]": null
        },
        {
            "E[P_z(1)]": 0.001554238,
            "E[P_z(2)]": 0.0005608651,
            "E[P_z(3)]": 0.0003042425,
            "E[P_z(4)]": 0.0002078392,
            "E[P_z(5)]": 0.0001610944,
            "E[P_z(6)]": 0.0001223264,
            "E[P_z(7)]": 9.92277e-05,
            "E[P_z(8)]": 8.44753e-05,
            "E[P_z(9)]": 7.57112e-05,
            "E[P_z(10)]": 6.67962e-05,
            "E[P_z(11)]": 4.99316e-05,
            "E[P_z(12)]": 5.10177e-05,
            "E[P_z(13)]": 4.24112e-05,
            "E[P_z(14)]": 3.62628e-05,
            "E[P_z(15)]": 3.79634e-05,
            "E[P_z(16)]": 3.444e-05,
            "E[P_z(17)]": 4.06125e-05,
            "E[P_z(18)]": 4.33135e-05,
            "E[P_z(19)]": 4.20813e-05,
            "E[D_z]": null,
            "E[mis_z]": null
        }
    ],
    "alpha": 0.0,
    "execution_time": 215.62539076805115
}