{
    "output_file": "/scratch/38996052/tmpdgetyz5x",
    "model": "C",
    "likelihood": -212.2822,
    "criteria": 9e-05,
    "params_mle": {
        "eps": 0,
        "eps_cont": 0,
        "lambda": 0,
        "theta_bar": 0.003188708,
        "a": -1,
        "S_d": -101.0168,
        "b": 0.3454655,
        "p_b": 0,
        "S_b": 1,
        "r": [
            0.9561296,
            0.9246182,
            0.9411219,
            0.9248128,
            0.9082469,
            0.911988,
            0.8976238,
            0.914524,
            0.9515059,
            0.8972639,
            1.037682,
            0.9791628,
            0.9480025,
            1.016873,
            0.9653937,
            1.170425,
            1.168787,
            1.604
        ]
    },
    "n": 20,
    "expec": [
        {
            "E[P_z(1)]": 0.003188708,
            "E[P_z(2)]": 0.001524409,
            "E[P_z(3)]": 0.0009827793,
            "E[P_z(4)]": 0.0007502409,
            "E[P_z(5)]": 0.0005897917,
            "E[P_z(6)]": 0.0004826891,
            "E[P_z(7)]": 0.0004154377,
            "E[P_z(8)]": 0.0003577826,
            "E[P_z(9)]": 0.0003240167,
            "E[P_z(10)]": 0.0003034075,
            "E[P_z(11)]": 0.0002601012,
            "E[P_z(12)]": 0.0002757388,
            "E[P_z(13)]": 0.0002401742,
            "E[P_z(14)]": 0.0002159217,
            "E[P_z(15)]": 0.0002161675,
            "E[P_z(16)]": 0.0001923974,
            "E[P_z(17)]": 0.000219538,
            "E[P_z(18)]": 0.0002070512,
            "E[P_z(19)]": 0.0002691941,
            "E[D_z]": null,
            "E[mis_z]": null
        },
        {
            "E[P_z(1)]": 0.001552434,
            "E[P_z(2)]": 0.0005531984,
            "E[P_z(3)]": 0.0003047398,
            "E[P_z(4)]": 0.0002099195,
            "E[P_z(5)]": 0.0001530701,
            "E[P_z(6)]": 0.000118103,
            "E[P_z(7)]": 9.68537e-05,
            "E[P_z(8)]": 8.00721e-05,
            "E[P_z(9)]": 6.99947e-05,
            "E[P_z(10)]": 6.35306e-05,
            "E[P_z(11)]": 5.29661e-05,
            "E[P_z(12)]": 5.4754e-05,
            "E[P_z(13)]": 4.66083e-05,
            "E[P_z(14)]": 4.10256e-05,
            "E[P_z(15)]": 4.02765e-05,
            "E[P_z(16)]": 3.52005e-05,
            "E[P_z(17)]": 3.94871e-05,
            "E[P_z(18)]": 3.66493e-05,
            "E[P_z(19)]": 4.69342e-05,
            "E[D_z]": null,
            "E[mis_z]": null
        }
    ],
    "alpha": 0.0,
    "execution_time": 83.56589937210083
}