{
    "output_file": "/scratch/40840734/tmpmg1os08m",
    "model": "C",
    "likelihood": -107.7835,
    "criteria": 0.0027,
    "params_mle": {
        "eps": 4.50117e-06,
        "eps_cont": 0,
        "lambda": 0,
        "theta_bar": 0.0008978296,
        "a": -1,
        "S_d": -54.62671,
        "b": 0.1007873,
        "p_b": 0.01018627,
        "S_b": 0.09387436,
        "r": [
            0.607426,
            0.6136658,
            0.6352407,
            0.5962765,
            0.7400413,
            0.6310724,
            0.5711126,
            0.5323057,
            0.6188677,
            0.6083907,
            0.6785501,
            0.5890829,
            1.091709
        ]
    },
    "n": 15,
    "expec": [
        {
            "E[P_z(1)]": 0.0008978259,
            "E[P_z(2)]": 0.0002726815,
            "E[P_z(3)]": 0.0001836552,
            "E[P_z(4)]": 0.0001425841,
            "E[P_z(5)]": 0.0001070707,
            "E[P_z(6)]": 0.0001107382,
            "E[P_z(7)]": 8.09421e-05,
            "E[P_z(8)]": 6.40953e-05,
            "E[P_z(9)]": 5.31025e-05,
            "E[P_z(10)]": 5.5564e-05,
            "E[P_z(11)]": 4.96578e-05,
            "E[P_z(12)]": 5.07691e-05,
            "E[P_z(13)]": 4.06854e-05,
            "E[P_z(14)]": 7.00158e-05,
            "E[D_z]": null,
            "E[mis_z]": null
        },
        {
            "E[P_z(1)]": 0.000671042,
            "E[P_z(2)]": 0.0001870509,
            "E[P_z(3)]": 0.0001206228,
            "E[P_z(4)]": 9.10343e-05,
            "E[P_z(5)]": 6.69519e-05,
            "E[P_z(6)]": 6.81176e-05,
            "E[P_z(7)]": 4.91197e-05,
            "E[P_z(8)]": 3.84501e-05,
            "E[P_z(9)]": 3.15379e-05,
            "E[P_z(10)]": 3.27083e-05,
            "E[P_z(11)]": 2.89997e-05,
            "E[P_z(12)]": 2.94353e-05,
            "E[P_z(13)]": 2.34335e-05,
            "E[P_z(14)]": 4.00822e-05,
            "E[D_z]": null,
            "E[mis_z]": null
        }
    ],
    "alpha": 0.02020406901916116,
    "execution_time": 454.4182665348053
}