{
    "py/object": "fastdfe.polydfe.PolyDFE",
    "logger": {
        "py/reduce": [
            {
                "py/function": "logging.getLogger"
            },
            {
                "py/tuple": [
                    "fastdfe.PolyDFE"
                ]
            }
        ]
    },
    "bootstraps": null,
    "config": {
        "py/object": "fastdfe.config.Config",
        "data": {
            "model": "GammaExpParametrization",
            "intervals_del": {
                "py/tuple": [
                    -100000000.0,
                    -1e-05,
                    1000
                ]
            },
            "intervals_ben": {
                "py/tuple": [
                    1e-05,
                    10000.0,
                    1000
                ]
            },
            "integration_mode": "midpoint",
            "linearized": true,
            "seed": 0,
            "opts_mle": {},
            "n_runs": 10,
            "x0": {
                "all": {
                    "S_b": 0.1083917,
                    "S_d": -45.46375,
                    "a": -1,
                    "b": 0.1287808,
                    "eps": 4.50268e-06,
                    "eps_cont": 0,
                    "lambda": 0,
                    "p_b": 0.009184894,
                    "r": [
                        0.5642878,
                        0.496756,
                        0.4953868,
                        0.4840476,
                        0.4906511,
                        0.4906073,
                        0.5437098,
                        0.5553355,
                        0.5124802,
                        0.5092361,
                        0.6175192,
                        0.5977393,
                        0.4504409,
                        0.522028,
                        0.3860458,
                        0.4756257,
                        0.5506624,
                        0.3834732,
                        0.531485,
                        0.4975372,
                        0.5880576,
                        0.5381713,
                        0.7063446,
                        0.5665509,
                        0.6574706,
                        0.6611074,
                        0.9643355,
                        1.73894
                    ],
                    "theta_bar": 0.0009259123
                }
            },
            "bounds": {},
            "scales": {},
            "fixed_params": {},
            "shared_params": [],
            "covariates": [],
            "sfs_neut": {
                "py/object": "fastdfe.spectrum.Spectra",
                "data": {
                    "all": [
                        1037534.3337252,
                        941.0,
                        290.0,
                        139.0,
                        129.0,
                        90.0,
                        83.0,
                        71.0,
                        52.0,
                        65.0,
                        60.0,
                        54.0,
                        57.0,
                        47.0,
                        37.0,
                        33.0,
                        21.0,
                        36.0,
                        33.0,
                        15.0,
                        25.0,
                        19.0,
                        27.0,
                        20.0,
                        19.0,
                        25.0,
                        25.0,
                        25.0,
                        34.0,
                        43.0,
                        0.0
                    ]
                }
            },
            "sfs_sel": {
                "py/object": "fastdfe.spectrum.Spectra",
                "data": {
                    "all": [
                        2844887.6662748,
                        2038.0,
                        497.0,
                        302.0,
                        215.0,
                        174.0,
                        115.0,
                        102.0,
                        117.0,
                        100.0,
                        106.0,
                        73.0,
                        61.0,
                        63.0,
                        50.0,
                        49.0,
                        23.0,
                        29.0,
                        58.0,
                        26.0,
                        32.0,
                        52.0,
                        37.0,
                        22.0,
                        40.0,
                        24.0,
                        34.0,
                        37.0,
                        59.0,
                        87.0,
                        0.0
                    ]
                }
            },
            "do_bootstrap": false,
            "n_bootstraps": 10,
            "parallelize": false,
            "loss_type": "likelihood"
        }
    },
    "output_file": null,
    "execution_time": 567.1398589611053,
    "summary": {
        "py/object": "fastdfe.polydfe.PolyDFEResult",
        "output_file": "results/polydfe/hgdp/inference/1/opts.n.30.config.default/bootstraps/72/all.polydfe.txt",
        "postprocessing_source": "../resources/polydfe/postprocessing/script.R",
        "data": {
            "output_file": "/scratch/40841674/tmpshx6plyz",
            "model": "C",
            "likelihood": -193.0757,
            "criteria": 0.00077,
            "params_mle": {
                "eps": 4.51023e-06,
                "eps_cont": 0,
                "lambda": 0,
                "theta_bar": 0.0009170153,
                "a": -1,
                "S_d": -46.09176,
                "b": 0.1264756,
                "p_b": 0.009523254,
                "S_b": 0.1112023,
                "r": [
                    0.5643633,
                    0.4914359,
                    0.523145,
                    0.5104988,
                    0.4655957,
                    0.4797931,
                    0.5406135,
                    0.5985423,
                    0.6737644,
                    0.5705328,
                    0.5815927,
                    0.5903385,
                    0.5052053,
                    0.5123807,
                    0.2944275,
                    0.4638825,
                    0.6901147,
                    0.3292552,
                    0.483308,
                    0.6341674,
                    0.6004292,
                    0.4130298,
                    0.6069196,
                    0.5263655,
                    0.6606844,
                    0.7226421,
                    1.126515,
                    1.634083
                ]
            },
            "n": 30,
            "expec": [
                {
                    "E[P_z(1)]": 0.0009170114,
                    "E[P_z(2)]": 0.0002587639,
                    "E[P_z(3)]": 0.0001502175,
                    "E[P_z(4)]": 0.0001199326,
                    "E[P_z(5)]": 9.36267e-05,
                    "E[P_z(6)]": 7.11595e-05,
                    "E[P_z(7)]": 6.28537e-05,
                    "E[P_z(8)]": 6.19687e-05,
                    "E[P_z(9)]": 6.09857e-05,
                    "E[P_z(10)]": 6.1785e-05,
                    "E[P_z(11)]": 4.75623e-05,
                    "E[P_z(12)]": 4.44441e-05,
                    "E[P_z(13)]": 4.16422e-05,
                    "E[P_z(14)]": 3.30914e-05,
                    "E[P_z(15)]": 3.13241e-05,
                    "E[P_z(16)]": 1.68747e-05,
                    "E[P_z(17)]": 2.50229e-05,
                    "E[P_z(18)]": 3.51581e-05,
                    "E[P_z(19)]": 1.58913e-05,
                    "E[P_z(20)]": 2.21602e-05,
                    "E[P_z(21)]": 2.76926e-05,
                    "E[P_z(22)]": 2.50276e-05,
                    "E[P_z(23)]": 1.64678e-05,
                    "E[P_z(24)]": 2.319e-05,
                    "E[P_z(25)]": 1.93077e-05,