{
    "output_file": "/scratch/38996278/tmpkcherfoj",
    "model": "C",
    "likelihood": -170.4636,
    "criteria": 9e-05,
    "params_mle": {
        "eps": 0.0110272,
        "eps_cont": 0,
        "lambda": 0,
        "theta_bar": 0.0008969855,
        "a": -1,
        "S_d": -285.1575,
        "b": 0.3649323,
        "p_b": 0,
        "S_b": 1,
        "r": [
            1.129053,
            1.095729,
            1.09862,
            1.097202,
            0.9224263,
            1.172555,
            0.8188956,
            1.08148,
            0.8903712,
            0.8411059,
            0.8967584,
            1.246802,
            0.9113557,
            1.15402,
            0.9047939,
            1.062244,
            1.184999,
            0.920418
        ]
    },
    "n": 20,
    "expec": [
        {
            "E[P_z(1)]": 0.0008875734,
            "E[P_z(2)]": 0.0005014392,
            "E[P_z(3)]": 0.0003246231,
            "E[P_z(4)]": 0.0002442042,
            "E[P_z(5)]": 0.0001954253,
            "E[P_z(6)]": 0.0001370237,
            "E[P_z(7)]": 0.0001495438,
            "E[P_z(8)]": 9.15439e-05,
            "E[P_z(9)]": 0.0001073536,
            "E[P_z(10)]": 7.9865e-05,
            "E[P_z(11)]": 6.90195e-05,
            "E[P_z(12)]": 6.73049e-05,
            "E[P_z(13)]": 8.67362e-05,
            "E[P_z(14)]": 5.92677e-05,
            "E[P_z(15)]": 7.04189e-05,
            "E[P_z(16)]": 5.28815e-05,
            "E[P_z(17)]": 5.90428e-05,
            "E[P_z(18)]": 6.39842e-05,
            "E[P_z(19)]": 5.28648e-05,
            "E[D_z]": null,
            "E[mis_z]": null
        },
        {
            "E[P_z(1)]": 0.0003093232,
            "E[P_z(2)]": 0.0001222754,
            "E[P_z(3)]": 6.63777e-05,
            "E[P_z(4)]": 4.46431e-05,
            "E[P_z(5)]": 3.29311e-05,
            "E[P_z(6)]": 2.16758e-05,
            "E[P_z(7)]": 2.24648e-05,
            "E[P_z(8)]": 1.31673e-05,
            "E[P_z(9)]": 1.48782e-05,
            "E[P_z(10)]": 1.07121e-05,
            "E[P_z(11)]": 8.9973e-06,
            "E[P_z(12)]": 8.5502e-06,
            "E[P_z(13)]": 1.07755e-05,
            "E[P_z(14)]": 7.2272e-06,
            "E[P_z(15)]": 8.4536e-06,
            "E[P_z(16)]": 6.328e-06,
            "E[P_z(17)]": 7.067e-06,
            "E[P_z(18)]": 7.9172e-06,
            "E[P_z(19)]": 8.1951e-06,
            "E[D_z]": null,
            "E[mis_z]": null
        }
    ],
    "alpha": 0.0,
    "execution_time": 119.54656457901001
}