{
    "output_file": "/scratch/40841763/tmpps6nb089",
    "model": "C",
    "likelihood": -257.2668,
    "criteria": 0.00037,
    "params_mle": {
        "eps": 4.50382e-06,
        "eps_cont": 0,
        "lambda": 0,
        "theta_bar": 0.001031175,
        "a": -1,
        "S_d": -33.39645,
        "b": 0.1420389,
        "p_b": 0.004406395,
        "S_b": 0.0562305,
        "r": [
            0.4729653,
            0.4406169,
            0.4111814,
            0.4431107,
            0.4577731,
            0.4534854,
            0.4985713,
            0.3816035,
            0.4487981,
            0.5879984,
            0.4809524,
            0.5099336,
            0.52145,
            0.4954203,
            0.4541817,
            0.390256,
            0.4416369,
            0.5104921,
            0.4419125,
            0.5051307,
            0.3234346,
            0.4609192,
            0.4732754,
            0.4278043,
            0.4163646,
            0.3509152,
            0.4935605,
            0.5347253,
            0.3464968,
            0.6100017,
            0.45779,
            0.5242125,
            0.5807739,
            0.5853981,
            0.6032384,
            0.8088534,
            0.8024656,
            2.047207
        ]
    },
    "n": 40,
    "expec": [
        {
            "E[P_z(1)]": 0.00103117,
            "E[P_z(2)]": 0.0002438539,
            "E[P_z(3)]": 0.0001514504,
            "E[P_z(4)]": 0.0001059995,
            "E[P_z(5)]": 9.13846e-05,
            "E[P_z(6)]": 7.86737e-05,
            "E[P_z(7)]": 6.6803e-05,
            "E[P_z(8)]": 6.4264e-05,
            "E[P_z(9)]": 4.37221e-05,
            "E[P_z(10)]": 4.62788e-05,
            "E[P_z(11)]": 5.51207e-05,
            "E[P_z(12)]": 4.13287e-05,
            "E[P_z(13)]": 4.04484e-05,
            "E[P_z(14)]": 3.84075e-05,
            "E[P_z(15)]": 3.40576e-05,
            "E[P_z(16)]": 2.92712e-05,
            "E[P_z(17)]": 2.36719e-05,
            "E[P_z(18)]": 2.53002e-05,
            "E[P_z(19)]": 2.77056e-05,
            "E[P_z(20)]": 2.27844e-05,
            "E[P_z(21)]": 2.48037e-05,
            "E[P_z(22)]": 1.51599e-05,
            "E[P_z(23)]": 2.06647e-05,
            "E[P_z(24)]": 2.03346e-05,
            "E[P_z(25)]": 1.76457e-05,
            "E[P_z(26)]": 1.65134e-05,
            "E[P_z(27)]": 1.34022e-05,
            "E[P_z(28)]": 1.81768e-05,
            "E[P_z(29)]": 1.90138e-05,
            "E[P_z(30)]": 1.19101e-05,
            "E[P_z(31)]": 2.0291e-05,
            "E[P_z(32)]": 1.47521e-05,
            "E[P_z(33)]": 1.63807e-05,
            "E[P_z(34)]": 1.76144e-05,
            "E[P_z(35)]": 1.72474e-05,
            "E[P_z(36)]": 1.72794e-05,
            "E[P_z(37)]": 2.2543e-05,
            "E[P_z(38)]": 2.17768e-05,
            "E[P_z(39)]": 5.41333e-05,
            "E[D_z]": null,
            "E[mis_z]": null
        },
        {
            "E[P_z(1)]": 0.0008339526,
            "E[P_z(2)]": 0.0001787462,
            "E[P_z(3)]": 0.000104749,
            "E[P_z(4)]": 7.0444e-05,
            "E[P_z(5)]": 5.8934e-05,
            "E[P_z(6)]": 4.95368e-05,
            "E[P_z(7)]": 4.12368e-05,
            "E[P_z(8)]": 3.90053e-05,
            "E[P_z(9)]": 2.61504e-05,
            "E[P_z(10)]": 2.73226e-05,
            "E[P_z(11)]": 3.21667e-05,
            "E[P_z(12)]": 2.38658e-05,
            "E[P_z(13)]": 2.31342e-05,
            "E[P_z(14)]": 2.17737e-05,
            "E[P_z(15)]": 1.91505e-05,
            "E[P_z(16)]": 1.63344e-05,
            "E[P_z(17)]": 1.3116e-05,
            "E[P_z(18)]": 1.39249e-05,
            "E[P_z(19)]": 1.51529e-05,
            "E[P_z(20)]": 1.23873e-05,
            "E[P_z(21)]": 1.34091e-05,
            "E[P_z(22)]": 8.1516e-06,
            "E[P_z(23)]": 1.10548e-05,
            "E[P_z(24)]": 1.0825e-05,
            "E[P_z(25)]": 9.3496e-06,
            "E[P_z(26)]": 8.7103e-06,
            "E[P_z(27)]": 7.0387e-06,
            "E[P_z(28)]": 9.5066e-06,
            "E[P_z(29)]": 9.9045e-06,
            "E[P_z(30)]": 6.1801e-06,
            "E[P_z(31)]": 1.04895e-05,
            "E[P_z(32)]": 7.5986e-06,
            "E[P_z(33)]": 8.4078e-06,
            "E[P_z(34)]": 9.0103e-06,
            "E[P_z(35)]": 8.7935e-06,
            "E[P_z(36)]": 8.7815e-06,
            "E[P_z(37)]": 1.14208e-05,
            "E[P_z(38)]": 1.09993e-05,
            "E[P_z(39)]": 2.72622e-05,
            "E[D_z]": null,
            "E[mis_z]": null
        }
    ],
    "alpha": 0.010088018048442188,
    "execution_time": 1329.0964620113373
}