subtype1.type1,subtype1.type2,subtype2.type1
0.0,0.0,0.0
1.0,2.0,3.0
0.5,1.0,1.5
0.3333333333333333,0.6666666666666666,1.0
0.25,0.5,0.75
0.2,0.4,0.6000000000000001
0.16666666666666666,0.3333333333333333,0.5
0.14285714285714285,0.2857142857142857,0.42857142857142855
0.125,0.25,0.375
0.1111111111111111,0.2222222222222222,0.3333333333333333
0.0,0.0,0.0
