{
    "likelihood": -92.83449780132912,
    "L2_residual": 97.22264245071595,
    "params_mle": {
        "S_d": -148.7390834290952,
        "b": 0.5444500199961883,
        "p_b": 0.033556503631525694,
        "S_b": 2.9935873201917946,
        "eps": 0.0
    },
    "alpha": 0.6502165277819775,
    "result": {
        "fun": 88.71305591674817,
        "jac": [
            -0.00015631940281724867,
            0.000663646915549248,
            -0.002222577677085237,
            -0.0001378452908100151,
            NaN
        ],
        "nfev": 555,
        "njev": 111,
        "nit": 67,
        "status": 0,
        "message": "CONVERGENCE: REL_REDUCTION_OF_F_<=_FACTR*EPSMCH",
        "x": [
            -2.1724251009183555,
            -0.264041981906604,
            0.033556503631525694,
            0.4761919306374962,
            0.0
        ],
        "success": true,
        "hess_inv": null
    },
    "execution_time": 21.714112758636475,
    "sfs_mle": [
        0.0,
        949.1714072415992,
        388.60684561599356,
        173.89975036893196,
        135.1597299402997,
        114.72246720707277,
        56.965255929936355,
        61.86946592326619,
        37.898882261810435,
        51.7448284371483,
        38.95928571370656,
        32.28185651659121,
        25.859281759302892,
        39.5390636392522,
        25.803505775166897,
        18.829037823269847,
        23.4108093715501,
        26.641970484903773,
        24.02093093586811,
        25.065137809636575,
        0.0
    ],
    "fixed_params": {
        "all.eps": 0.0
    },
    "bounds": {
        "S_d": [
            -100000.0,
            -0.01
        ],
        "b": [
            0.01,
            10
        ],
        "p_b": [
            0,
            0.5
        ],
        "S_b": [
            0.0001,
            100
        ],
        "eps": [
            0,
            0.15
        ]
    },
    "config": {
        "model": "GammaExpParametrization",
        "intervals_del": [
            -100000000.0,
            -1e-05,
            1000
        ],
        "intervals_ben": [
            1e-05,
            10000.0,
            1000
        ],
        "integration_mode": "midpoint",
        "linearized": true,
        "seed": 0,
        "opts_mle": {},
        "n_runs": 10,
        "x0": {
            "all": {
                "S_d": -20000.0,
                "b": 0.2,
                "p_b": 0.05,
                "S_b": 2.0,
                "eps": 0.0,
                "a": 2.0,
                "lambda": 0.005,
                "theta_bar": 0.001
            }
        },
        "bounds": {
            "S_d": [
                -100000.0,
                -0.01
            ],
            "b": [
                0.01,
                10
            ],
            "p_b": [
                0,
                0.5
            ],
            "S_b": [
                0.0001,
                100
            ],
            "eps": [
                0,
                0.15
            ]
        },
        "scales": {
            "S_d": "log",
            "b": "log",
            "p_b": "lin",
            "S_b": "log",
            "eps": "lin"
        },
        "fixed_params": {
            "all": {
                "eps": 0.0
            }
        },
        "shared_params": [],
        "covariates": [],
        "sfs_neut": {
            "all": [
                991899.0,
                860.0,
                536.0,
                296.0,
                261.0,
                241.0,
                127.0,
                144.0,
                91.0,
                127.0,
                97.0,
                81.0,
                65.0,
                99.0,
                64.0,
                46.0,
                56.0,
                62.0,
                54.0,
                54.0,
                4740.0
            ]
        },
        "sfs_sel": {
            "all": [
                2995427.0,
                972.0,
                324.0,
                227.0,
                145.0,
                88.0,
                75.0,
                56.0,
                47.0,
                42.0,
                34.0,
                25.0,
                34.0,
                30.0,
                25.0,
                37.0,
                19.0,
                25.0,
                24.0,
                24.0,
                2320.0
            ]
        },
        "do_bootstrap": true,
        "n_bootstraps": 100,
        "parallelize": true,
        "loss_type": "likelihood"
    }
}