{
    "output_file": "/scratch/40840247/tmpjswa307r",
    "model": "C",
    "likelihood": -33.14122,
    "criteria": 0.0003,
    "params_mle": {
        "eps": 4.49687e-06,
        "eps_cont": 0,
        "lambda": 0,
        "theta_bar": 0.0006375267,
        "a": -1,
        "S_d": -49928.38,
        "b": 0.04084632,
        "p_b": 0.02451236,
        "S_b": 0.1892823,
        "r": [
            0.8368518,
            0.7953606,
            0.826613
        ]
    },
    "n": 5,
    "expec": [
        {
            "E[P_z(1)]": 0.0006375244,
            "E[P_z(2)]": 0.0002667572,
            "E[P_z(3)]": 0.0001690217,
            "E[P_z(4)]": 0.0001317493,
            "E[D_z]": null,
            "E[mis_z]": null
        },
        {
            "E[P_z(1)]": 0.0004048894,
            "E[P_z(2)]": 0.0001637044,
            "E[P_z(3)]": 0.0001020892,
            "E[P_z(4)]": 7.87793e-05,
            "E[D_z]": null,
            "E[mis_z]": null
        }
    ],
    "alpha": 0.05910157250773716,
    "execution_time": 198.13908791542053
}