{
    "py/object": "fastdfe.polydfe.PolyDFE",
    "logger": {
        "py/reduce": [
            {
                "py/function": "logging.getLogger"
            },
            {
                "py/tuple": [
                    "fastdfe.PolyDFE"
                ]
            }
        ]
    },
    "bootstraps": null,
    "config": {
        "py/object": "fastdfe.config.Config",
        "data": {
            "model": "GammaExpParametrization",
            "intervals_del": {
                "py/tuple": [
                    -100000000.0,
                    -1e-05,
                    1000
                ]
            },
            "intervals_ben": {
                "py/tuple": [
                    1e-05,
                    10000.0,
                    1000
                ]
            },
            "integration_mode": "midpoint",
            "linearized": true,
            "seed": 0,
            "opts_mle": {},
            "n_runs": 10,
            "x0": {
                "all": {
                    "S_b": 1.562568,
                    "S_d": -22188.79,
                    "a": -1,
                    "b": 0.1916524,
                    "eps": 0.007632547,
                    "eps_cont": 0,
                    "lambda": 0,
                    "p_b": 0.04617354,
                    "r": [
                        0.8275426,
                        0.7254075,
                        0.6568578,
                        0.602303,
                        0.5558673,
                        0.5172334,
                        0.4889478,
                        0.4709818,
                        0.4671859,
                        0.4710718,
                        0.4770928,
                        0.4916403,
                        0.5096436,
                        0.5365832,
                        0.5691288,
                        0.6256435,
                        0.7473002,
                        1.000285
                    ],
                    "theta_bar": 0.007669351
                }
            },
            "bounds": {},
            "scales": {},
            "fixed_params": {
                "all": {}
            },
            "shared_params": [],
            "covariates": [],
            "sfs_neut": {
                "py/object": "fastdfe.spectrum.Spectra",
                "data": {
                    "all": [
                        257321.66666666698,
                        1958.0,
                        785.0,
                        494.0,
                        347.0,
                        235.0,
                        171.0,
                        168.0,
                        112.0,
                        102.0,
                        96.0,
                        76.0,
                        96.0,
                        73.0,
                        75.0,
                        69.0,
                        87.0,
                        73.0,
                        104.0,
                        150.0,
                        0.0
                    ]
                }
            },
            "sfs_sel": {
                "py/object": "fastdfe.spectrum.Spectra",
                "data": {
                    "all": [
                        956824.333333333,
                        1859.0,
                        684.0,
                        390.0,
                        235.0,
                        187.0,
                        118.0,
                        89.0,
                        76.0,
                        56.0,
                        62.0,
                        64.0,
                        69.0,
                        74.0,
                        56.0,
                        68.0,
                        35.0,
                        53.0,
                        58.0,
                        86.0,
                        0.0
                    ]
                }
            },
            "do_bootstrap": null,
            "n_bootstraps": 10,
            "parallelize": true,
            "loss_type": "likelihood"
        }
    },
    "output_file": null,
    "execution_time": 701.9371318817139,
    "summary": {
        "py/object": "fastdfe.polydfe.PolyDFEResult",
        "output_file": "results/polydfe/pendula_C_full_anc/bootstraps/44/out.txt",
        "postprocessing_source": "../resources/polydfe/postprocessing/script.R",
        "data": {
            "output_file": "/scratch/38996470/tmpf42q_cjh",
            "model": "C",
            "likelihood": -144.1819,
            "criteria": 0.00144,
            "params_mle": {
                "eps": 0.0009332799,
                "eps_cont": 0,
                "lambda": 0,
                "theta_bar": 0.007431048,
                "a": -1,
                "S_d": -49964.16,
                "b": 0.1650011,
                "p_b": 0.03585667,
                "S_b": 0.3268169,
                "r": [
                    0.8231105,
                    0.7642681,
                    0.6824114,
                    0.6258398,
                    0.5189327,
                    0.5421261,
                    0.455776,
                    0.433011,
                    0.483109,
                    0.4725242,
                    0.6094671,
                    0.5895075,
                    0.5669005,
                    0.6360624,
                    0.6044779,
                    0.6630031,
                    0.9023586,
                    1.380264
                ]
            },
            "n": 20,
            "expec": [
                {
                    "E[P_z(1)]": 0.007424616,
                    "E[P_z(2)]": 0.00305578,
                    "E[P_z(3)]": 0.001891608,
                    "E[P_z(4)]": 0.001266837,
                    "E[P_z(5)]": 0.0009295551,
                    "E[P_z(6)]": 0.0006423833,
                    "E[P_z(7)]": 0.0005752867,
                    "E[P_z(8)]": 0.0004233188,
                    "E[P_z(9)]": 0.0003574893,
                    "E[P_z(10)]": 0.0003590006,
                    "E[P_z(11)]": 0.0003192494,
                    "E[P_z(12)]": 0.0003774578,
                    "E[P_z(13)]": 0.0003371963,
                    "E[P_z(14)]": 0.0003012236,
                    "E[P_z(15)]": 0.0003156813,
                    "E[P_z(16)]": 0.0002816652,
                    "E[P_z(17)]": 0.0002913085,
                    "E[P_z(18)]": 0.0003750327,
                    "E[P_z(19)]": 0.0005462635,
                    "E[D_z]": null,
                    "E[mis_z]": null
                },
                {
                    "E[P_z(1)]": 0.001942698,
                    "E[P_z(2)]": 0.0006934982,
                    "E[P_z(3)]": 0.0004029465,
                    "E[P_z(4)]": 0.0002594304,
                    "E[P_z(5)]": 0.0001850933,
                    "E[P_z(6)]": 0.0001251938,
                    "E[P_z(7)]": 0.0001102051,
                    "E[P_z(8)]": 7.99485e-05,
                    "E[P_z(9)]": 6.67108e-05,
                    "E[P_z(10)]": 6.63059e-05,
                    "E[P_z(11)]": 5.84386e-05,
                    "E[P_z(12)]": 6.8553e-05,
                    "E[P_z(13)]": 6.08191e-05,
                    "E[P_z(14)]": 5.39993e-05,
                    "E[P_z(15)]": 5.62871e-05,
                    "E[P_z(16)]": 4.99899e-05,
                    "E[P_z(17)]": 5.15028e-05,
                    "E[P_z(18)]": 6.61038e-05,
                    "E[P_z(19)]": 9.63277e-05,
                    "E[D_z]": null,
                    "E[mis_z]": null
                }
            ],
            "alpha": 0.24524345060272623,
            "execution_time": 701.9371318817139
        }
    }
}