{
    "py/object": "fastdfe.polydfe.PolyDFE",
    "logger": {
        "py/reduce": [
            {
                "py/function": "logging.getLogger"
            },
            {
                "py/tuple": [
                    "fastdfe.PolyDFE"
                ]
            }
        ]
    },
    "bootstraps": null,
    "config": {
        "py/object": "fastdfe.config.Config",
        "data": {
            "model": "GammaExpParametrization",
            "intervals_del": {
                "py/tuple": [
                    -100000000.0,
                    -1e-05,
                    1000
                ]
            },
            "intervals_ben": {
                "py/tuple": [
                    1e-05,
                    10000.0,
                    1000
                ]
            },
            "integration_mode": "midpoint",
            "linearized": true,
            "seed": 0,
            "opts_mle": {},
            "n_runs": 10,
            "x0": {
                "all": {
                    "S_b": 0.05627203,
                    "S_d": -26.88451,
                    "a": -1,
                    "b": 0.1464485,
                    "eps": 4.50288e-06,
                    "eps_cont": 0,
                    "lambda": 0,
                    "p_b": 0.004419742,
                    "r": [
                        0.4932568,
                        0.4490162,
                        0.411058,
                        0.4293708,
                        0.4059378,
                        0.3950674,
                        0.4836194,
                        0.4412304,
                        0.4459431,
                        0.5171633,
                        0.4880109,
                        0.499798,
                        0.5114526,
                        0.4705895,
                        0.3840001,
                        0.3914661,
                        0.4942643,
                        0.4410675,
                        0.4295933,
                        0.3836019,
                        0.3386893,
                        0.4566943,
                        0.4425798,
                        0.4623484,
                        0.424307,
                        0.4116725,
                        0.4906384,
                        0.4335386,
                        0.4045893,
                        0.5819833,
                        0.4816641,
                        0.5724359,
                        0.5396078,
                        0.5300813,
                        0.62822,
                        0.8578236,
                        0.810246,
                        2.052769
                    ],
                    "theta_bar": 0.001050261
                }
            },
            "bounds": {},
            "scales": {},
            "fixed_params": {},
            "shared_params": [],
            "covariates": [],
            "sfs_neut": {
                "py/object": "fastdfe.spectrum.Spectra",
                "data": {
                    "all": [
                        1037838.33330917,
                        1123.0,
                        298.0,
                        170.0,
                        111.0,
                        106.0,
                        75.0,
                        57.0,
                        69.0,
                        46.0,
                        52.0,
                        43.0,
                        52.0,
                        40.0,
                        36.0,
                        41.0,
                        38.0,
                        24.0,
                        24.0,
                        30.0,
                        34.0,
                        15.0,
                        10.0,
                        23.0,
                        20.0,
                        21.0,
                        17.0,
                        9.0,
                        14.0,
                        19.0,
                        27.0,
                        22.0,
                        24.0,
                        20.0,
                        15.0,
                        16.0,
                        38.0,
                        22.0,
                        16.0,
                        50.0,
                        0.0
                    ]
                }
            },
            "sfs_sel": {
                "py/object": "fastdfe.spectrum.Spectra",
                "data": {
                    "all": [
                        2843511.66669083,
                        2446.0,
                        550.0,
                        324.0,
                        208.0,
                        182.0,
                        122.0,
                        93.0,
                        108.0,
                        87.0,
                        101.0,
                        84.0,
                        78.0,
                        64.0,
                        54.0,
                        61.0,
                        36.0,
                        35.0,
                        52.0,
                        36.0,
                        33.0,
                        32.0,
                        34.0,
                        29.0,
                        34.0,
                        30.0,
                        19.0,
                        19.0,
                        31.0,
                        29.0,
                        11.0,
                        22.0,
                        25.0,
                        38.0,
                        26.0,
                        21.0,
                        19.0,
                        41.0,
                        43.0,
                        85.0,
                        0.0
                    ]
                }
            },
            "do_bootstrap": false,
            "n_bootstraps": 10,
            "parallelize": false,
            "loss_type": "likelihood"
        }
    },
    "output_file": null,
    "execution_time": 1342.5722501277924,
    "summary": {
        "py/object": "fastdfe.polydfe.PolyDFEResult",
        "output_file": "results/polydfe/hgdp/inference/1/opts.n.40.config.default/bootstraps/6/all.polydfe.txt",
        "postprocessing_source": "../resources/polydfe/postprocessing/script.R",
        "data": {
            "output_file": "/scratch/40841788/tmp4wm2u6he",
            "model": "C",
            "likelihood": -253.2146,
            "criteria": 9e-05,
            "params_mle": {
                "eps": 4.50509e-06,
                "eps_cont": 0,
                "lambda": 0,
                "theta_bar": 0.001085026,
                "a": -1,
                "S_d": -50.14932,
                "b": 0.1250663,
                "p_b": 0.004421713,
                "S_b": 0.05630404,
                "r": [
                    0.506998,
                    0.4589922,
                    0.4045728,
                    0.4645322,
                    0.3865172,
                    0.3471957,
                    0.472642,
                    0.4028008,
                    0.5185463,
                    0.4764904,
                    0.5351446,
                    0.4662163,
                    0.4365692,
                    0.532459,
                    0.4137363,
                    0.3518301,
                    0.4815763,
                    0.4429292,
                    0.4748094,
                    0.3507773,
                    0.3450022,
                    0.4274307,
                    0.4643613,
                    0.4579684,
                    0.337017,
                    0.2728279,
                    0.4556701,
                    0.504475,
                    0.4139673,
                    0.4962891,
                    0.5716033,
                    0.6989987,
                    0.5099906,
                    0.4745972,
                    0.7532626,
                    0.8570651,
                    0.8256108,
                    1.941697
                ]
            },