{
    "py/object": "fastdfe.polydfe.PolyDFE",
    "logger": {
        "py/reduce": [
            {
                "py/function": "logging.getLogger"
            },
            {
                "py/tuple": [
                    "fastdfe.PolyDFE"
                ]
            }
        ]
    },
    "bootstraps": null,
    "config": {
        "py/object": "fastdfe.config.Config",
        "data": {
            "model": "GammaExpParametrization",
            "intervals_del": {
                "py/tuple": [
                    -100000000.0,
                    -1e-05,
                    1000
                ]
            },
            "intervals_ben": {
                "py/tuple": [
                    1e-05,
                    10000.0,
                    1000
                ]
            },
            "integration_mode": "midpoint",
            "linearized": true,
            "seed": 0,
            "opts_mle": {},
            "n_runs": 10,
            "x0": {
                "all": {
                    "S_b": 0.05328228,
                    "S_d": -33.44406,
                    "a": -1,
                    "b": 0.1398527,
                    "eps": 4.50451e-06,
                    "eps_cont": 0,
                    "lambda": 0,
                    "p_b": 0.005009714,
                    "r": [
                        0.5834314,
                        0.499803,
                        0.5581096,
                        0.5076067,
                        0.557493,
                        0.6522272,
                        0.6050956,
                        0.5227928,
                        0.5765882,
                        0.4982845,
                        0.5150672,
                        0.5206269,
                        0.482151,
                        0.5460091,
                        0.5199818,
                        0.523935,
                        0.5814646,
                        0.6159988,
                        0.7697745,
                        0.7047025,
                        0.6593795,
                        0.914738,
                        1.558127
                    ],
                    "theta_bar": 0.0008647194
                }
            },
            "bounds": {},
            "scales": {},
            "fixed_params": {},
            "shared_params": [],
            "covariates": [],
            "sfs_neut": {
                "py/object": "fastdfe.spectrum.Spectra",
                "data": {
                    "all": [
                        1039503.17546773,
                        861.0,
                        262.0,
                        128.0,
                        131.0,
                        72.0,
                        79.0,
                        64.0,
                        53.0,
                        47.0,
                        53.0,
                        42.0,
                        34.0,
                        44.0,
                        27.0,
                        32.0,
                        33.0,
                        31.0,
                        36.0,
                        33.0,
                        34.0,
                        27.0,
                        32.0,
                        29.0,
                        39.0,
                        0.0
                    ]
                }
            },
            "sfs_sel": {
                "py/object": "fastdfe.spectrum.Spectra",
                "data": {
                    "all": [
                        2843581.82453227,
                        1919.0,
                        471.0,
                        289.0,
                        184.0,
                        157.0,
                        116.0,
                        144.0,
                        97.0,
                        88.0,
                        70.0,
                        68.0,
                        56.0,
                        53.0,
                        43.0,
                        48.0,
                        45.0,
                        43.0,
                        52.0,
                        33.0,
                        45.0,
                        61.0,
                        28.0,
                        57.0,
                        84.0,
                        0.0
                    ]
                }
            },
            "do_bootstrap": false,
            "n_bootstraps": 10,
            "parallelize": false,
            "loss_type": "likelihood"
        }
    },
    "output_file": null,
    "execution_time": 567.9694945812225,
    "summary": {
        "py/object": "fastdfe.polydfe.PolyDFEResult",
        "output_file": "results/polydfe/hgdp/inference/1/opts.n.25.config.default/bootstraps/56/all.polydfe.txt",
        "postprocessing_source": "../resources/polydfe/postprocessing/script.R",
        "data": {
            "output_file": "/scratch/40841232/tmpwfe7vavq",
            "model": "C",
            "likelihood": -164.5117,
            "criteria": 8e-05,
            "params_mle": {
                "eps": 4.50713e-06,
                "eps_cont": 0,
                "lambda": 0,
                "theta_bar": 0.0008361816,
                "a": -1,
                "S_d": -25.86144,
                "b": 0.1318523,
                "p_b": 0.005024678,
                "S_b": 0.0533245,
                "r": [
                    0.5623187,
                    0.4973301,
                    0.5129954,
                    0.4744488,
                    0.4915693,
                    0.618732,
                    0.514874,
                    0.5256686,
                    0.5360718,
                    0.5308191,
                    0.4765895,
                    0.5594759,
                    0.4369564,
                    0.5375024,
                    0.5613815,
                    0.5681287,
                    0.7180245,
                    0.5704264,
                    0.721102,
                    0.8460685,
                    0.6061313,
                    0.9108891,
                    1.362969
                ]
            },
            "n": 25,
            "expec": [
                {
                    "E[P_z(1)]": 0.000836178,
                    "E[P_z(2)]": 0.0002350994,
                    "E[P_z(3)]": 0.0001386189,
                    "E[P_z(4)]": 0.000107239,
                    "E[P_z(5)]": 7.93448e-05,
                    "E[P_z(6)]": 6.85067e-05,
                    "E[P_z(7)]": 7.39102e-05,
                    "E[P_z(8)]": 5.38159e-05,
                    "E[P_z(9)]": 4.88393e-05,
                    "E[P_z(10)]": 4.48253e-05,
                    "E[P_z(11)]": 4.0351e-05,
                    "E[P_z(12)]": 3.32096e-05,
                    "E[P_z(13)]": 3.59864e-05,
                    "E[P_z(14)]": 2.60983e-05,
                    "E[P_z(15)]": 2.99634e-05,
                    "E[P_z(16)]": 2.93386e-05,
                    "E[P_z(17)]": 2.79448e-05,
                    "E[P_z(18)]": 3.33557e-05,
                    "E[P_z(19)]": 2.51044e-05,
                    "E[P_z(20)]": 3.01488e-05,
                    "E[P_z(21)]": 3.36892e-05,
                    "E[P_z(22)]": 2.30385e-05,
                    "E[P_z(23)]": 3.31169e-05,
                    "E[P_z(24)]": 4.74906e-05,
                    "E[D_z]": null,
                    "E[mis_z]": null
                },
                {
                    "E[P_z(1)]": 0.0006703064,
                    "E[P_z(2)]": 0.0001713885,
                    "E[P_z(3)]": 9.57215e-05,
                    "E[P_z(4)]": 7.13842e-05,
                    "E[P_z(5)]": 5.13881e-05,
                    "E[P_z(6)]": 4.34135e-05,
                    "E[P_z(7)]": 4.60023e-05,
                    "E[P_z(8)]": 3.29861e-05,
                    "E[P_z(9)]": 2.95394e-05,
                    "E[P_z(10)]": 2.67937e-05,
                    "E[P_z(11)]": 2.38657e-05,
                    "E[P_z(12)]": 1.94547e-05,
                    "E[P_z(13)]": 2.08973e-05,