{
    "output_file": "/scratch/38995754/tmpe8dwtt86",
    "model": "C",
    "likelihood": -162.2617,
    "criteria": 8e-05,
    "params_mle": {
        "eps": 0,
        "eps_cont": 0,
        "lambda": 0,
        "theta_bar": 0.0008834853,
        "a": -1,
        "S_d": -189.7843,
        "b": 0.4020015,
        "p_b": 0,
        "S_b": 1,
        "r": [
            1.033281,
            1.107243,
            1.056707,
            1.183614,
            0.9033353,
            1.138516,
            0.8655867,
            1.237751,
            0.8808007,
            0.9688577,
            0.9964972,
            1.324259,
            1.108726,
            1.044048,
            0.9173734,
            1.325368,
            1.164652,
            1.250922
        ]
    },
    "n": 20,
    "expec": [
        {
            "E[P_z(1)]": 0.0008834853,
            "E[P_z(2)]": 0.0004564444,
            "E[P_z(3)]": 0.0003260776,
            "E[P_z(4)]": 0.0002333963,
            "E[P_z(5)]": 0.0002091412,
            "E[P_z(6)]": 0.0001330139,
            "E[P_z(7)]": 0.0001436946,
            "E[P_z(8)]": 9.55916e-05,
            "E[P_z(9)]": 0.0001215038,
            "E[P_z(10)]": 7.78174e-05,
            "E[P_z(11)]": 7.78156e-05,
            "E[P_z(12)]": 7.33659e-05,
            "E[P_z(13)]": 8.99972e-05,
            "E[P_z(14)]": 6.99673e-05,
            "E[P_z(15)]": 6.14934e-05,
            "E[P_z(16)]": 5.06554e-05,
            "E[P_z(17)]": 6.8879e-05,
            "E[P_z(18)]": 5.71641e-05,
            "E[P_z(19)]": 5.81669e-05,
            "E[D_z]": null,
            "E[mis_z]": null
        },
        {
            "E[P_z(1)]": 0.0003308334,
            "E[P_z(2)]": 0.0001175187,
            "E[P_z(3)]": 6.9308e-05,
            "E[P_z(4)]": 4.38679e-05,
            "E[P_z(5)]": 3.59529e-05,
            "E[P_z(6)]": 2.13289e-05,
            "E[P_z(7)]": 2.17682e-05,
            "E[P_z(8)]": 1.38029e-05,
            "E[P_z(9)]": 1.68324e-05,
            "E[P_z(10)]": 1.03944e-05,
            "E[P_z(11)]": 1.00614e-05,
            "E[P_z(12)]": 9.2115e-06,
            "E[P_z(13)]": 1.1001e-05,
            "E[P_z(14)]": 8.3448e-06,
            "E[P_z(15)]": 7.1691e-06,
            "E[P_z(16)]": 5.7818e-06,
            "E[P_z(17)]": 7.7077e-06,
            "E[P_z(18)]": 6.2789e-06,
            "E[P_z(19)]": 6.278e-06,
            "E[D_z]": null,
            "E[mis_z]": null
        }
    ],
    "alpha": 0.0,
    "execution_time": 92.30834531784058
}