{
    "output_file": "/scratch/40841838/tmpicjk1uwf",
    "model": "C",
    "likelihood": -254.3922,
    "criteria": 9e-05,
    "params_mle": {
        "eps": 4.50598e-06,
        "eps_cont": 0,
        "lambda": 0,
        "theta_bar": 0.001043349,
        "a": -1,
        "S_d": -17.76704,
        "b": 0.1743315,
        "p_b": 0.004428306,
        "S_b": 0.05632184,
        "r": [
            0.5001849,
            0.4183791,
            0.4228822,
            0.390759,
            0.4256537,
            0.4357099,
            0.4388538,
            0.4991378,
            0.483456,
            0.4785174,
            0.5091222,
            0.6341561,
            0.5468957,
            0.4002126,
            0.365456,
            0.4770537,
            0.5603045,
            0.349501,
            0.554234,
            0.3895487,
            0.3687134,
            0.472876,
            0.5942114,
            0.366984,
            0.4810708,
            0.5522521,
            0.4467603,
            0.4529898,
            0.3094597,
            0.6412236,
            0.5284261,
            0.5208813,
            0.564197,
            0.5009099,
            0.5861654,
            0.7475216,
            0.6953557,
            2.251784
        ]
    },
    "n": 40,
    "expec": [
        {
            "E[P_z(1)]": 0.001043344,
            "E[P_z(2)]": 0.0002609325,
            "E[P_z(3)]": 0.0001455045,
            "E[P_z(4)]": 0.000110303,
            "E[P_z(5)]": 8.15393e-05,
            "E[P_z(6)]": 7.40173e-05,
            "E[P_z(7)]": 6.49423e-05,
            "E[P_z(8)]": 5.72345e-05,
            "E[P_z(9)]": 5.78637e-05,
            "E[P_z(10)]": 5.04411e-05,
            "E[P_z(11)]": 4.53872e-05,
            "E[P_z(12)]": 4.42659e-05,
            "E[P_z(13)]": 5.08957e-05,
            "E[P_z(14)]": 4.07572e-05,
            "E[P_z(15)]": 2.78374e-05,
            "E[P_z(16)]": 2.38311e-05,
            "E[P_z(17)]": 2.92784e-05,
            "E[P_z(18)]": 3.24773e-05,
            "E[P_z(19)]": 1.91922e-05,
            "E[P_z(20)]": 2.8913e-05,
            "E[P_z(21)]": 1.93541e-05,
            "E[P_z(22)]": 1.74863e-05,
            "E[P_z(23)]": 2.14511e-05,
            "E[P_z(24)]": 2.58321e-05,
            "E[P_z(25)]": 1.53157e-05,
            "E[P_z(26)]": 1.93049e-05,
            "E[P_z(27)]": 2.13406e-05,
            "E[P_z(28)]": 1.66475e-05,
            "E[P_z(29)]": 1.62976e-05,
            "E[P_z(30)]": 1.07627e-05,
            "E[P_z(31)]": 2.15814e-05,
            "E[P_z(32)]": 1.72293e-05,
            "E[P_z(33)]": 1.64687e-05,
            "E[P_z(34)]": 1.73136e-05,
            "E[P_z(35)]": 1.49324e-05,
            "E[P_z(36)]": 1.69886e-05,
            "E[P_z(37)]": 2.10796e-05,
            "E[P_z(38)]": 1.90932e-05,
            "E[P_z(39)]": 6.02453e-05,
            "E[D_z]": null,
            "E[mis_z]": null
        },
        {
            "E[P_z(1)]": 0.0008818246,
            "E[P_z(2)]": 0.0002005882,
            "E[P_z(3)]": 0.0001051555,
            "E[P_z(4)]": 7.6244e-05,
            "E[P_z(5)]": 5.44577e-05,
            "E[P_z(6)]": 4.80787e-05,
            "E[P_z(7)]": 4.12144e-05,
            "E[P_z(8)]": 3.56059e-05,
            "E[P_z(9)]": 3.53756e-05,
            "E[P_z(10)]": 3.03648e-05,
            "E[P_z(11)]": 2.69458e-05,
            "E[P_z(12)]": 2.59513e-05,
            "E[P_z(13)]": 2.94966e-05,
            "E[P_z(14)]": 2.33716e-05,
            "E[P_z(15)]": 1.58068e-05,
            "E[P_z(16)]": 1.34086e-05,
            "E[P_z(17)]": 1.63328e-05,
            "E[P_z(18)]": 1.79719e-05,
            "E[P_z(19)]": 1.05399e-05,
            "E[P_z(20)]": 1.57645e-05,
            "E[P_z(21)]": 1.04808e-05,
            "E[P_z(22)]": 9.408e-06,
            "E[P_z(23)]": 1.14698e-05,
            "E[P_z(24)]": 1.37307e-05,
            "E[P_z(25)]": 8.0948e-06,
            "E[P_z(26)]": 1.01477e-05,
            "E[P_z(27)]": 1.11591e-05,
            "E[P_z(28)]": 8.6613e-06,
            "E[P_z(29)]": 8.4381e-06,
            "E[P_z(30)]": 5.5463e-06,
            "E[P_z(31)]": 1.10711e-05,
            "E[P_z(32)]": 8.7998e-06,
            "E[P_z(33)]": 8.3756e-06,
            "E[P_z(34)]": 8.769e-06,
            "E[P_z(35)]": 7.5327e-06,
            "E[P_z(36)]": 8.5367e-06,
            "E[P_z(37)]": 1.05524e-05,
            "E[P_z(38)]": 9.523e-06,
            "E[P_z(39)]": 2.99411e-05,
            "E[D_z]": null,
            "E[mis_z]": null
        }
    ],
    "alpha": 0.010239883729672326,
    "execution_time": 1086.8358595371246
}