{
    "py/object": "fastdfe.polydfe.PolyDFE",
    "logger": {
        "py/reduce": [
            {
                "py/function": "logging.getLogger"
            },
            {
                "py/tuple": [
                    "fastdfe.PolyDFE"
                ]
            }
        ]
    },
    "bootstraps": null,
    "config": {
        "py/object": "fastdfe.config.Config",
        "data": {
            "model": "GammaExpParametrization",
            "intervals_del": {
                "py/tuple": [
                    -100000000.0,
                    -1e-05,
                    1000
                ]
            },
            "intervals_ben": {
                "py/tuple": [
                    1e-05,
                    10000.0,
                    1000
                ]
            },
            "integration_mode": "midpoint",
            "linearized": true,
            "seed": 0,
            "opts_mle": {},
            "n_runs": 10,
            "x0": {
                "all": {
                    "S_b": 0.03800569,
                    "S_d": -68.01433,
                    "a": -1,
                    "b": 0.1127644,
                    "eps": 4.49744e-06,
                    "eps_cont": 0,
                    "lambda": 0,
                    "p_b": 0.003905648,
                    "r": [
                        0.5669393,
                        0.5649833,
                        0.5475162,
                        0.4995644,
                        0.5648594,
                        0.6039999,
                        0.4662727,
                        0.5802472,
                        0.5323765,
                        0.5838853,
                        0.5587549,
                        0.5490204,
                        0.5681745,
                        0.5012596,
                        0.6027202,
                        0.6738647,
                        0.7739941,
                        1.427315
                    ],
                    "theta_bar": 0.0008503307
                }
            },
            "bounds": {},
            "scales": {},
            "fixed_params": {},
            "shared_params": [],
            "covariates": [],
            "sfs_neut": {
                "py/object": "fastdfe.spectrum.Spectra",
                "data": {
                    "all": [
                        1040396.81958835,
                        934.0,
                        267.0,
                        153.0,
                        121.0,
                        82.0,
                        63.0,
                        76.0,
                        62.0,
                        54.0,
                        56.0,
                        45.0,
                        40.0,
                        31.0,
                        38.0,
                        25.0,
                        29.0,
                        41.0,
                        40.0,
                        66.0,
                        0.0
                    ]
                }
            },
            "sfs_sel": {
                "py/object": "fastdfe.spectrum.Spectra",
                "data": {
                    "all": [
                        2842942.18041165,
                        1828.0,
                        478.0,
                        319.0,
                        187.0,
                        140.0,
                        133.0,
                        120.0,
                        87.0,
                        92.0,
                        74.0,
                        81.0,
                        56.0,
                        56.0,
                        59.0,
                        51.0,
                        41.0,
                        48.0,
                        63.0,
                        84.0,
                        0.0
                    ]
                }
            },
            "do_bootstrap": false,
            "n_bootstraps": 10,
            "parallelize": false,
            "loss_type": "likelihood"
        }
    },
    "output_file": null,
    "execution_time": 479.89109110832214,
    "summary": {
        "py/object": "fastdfe.polydfe.PolyDFEResult",
        "output_file": "results/polydfe/hgdp/inference/1/opts.n.20.config.default/bootstraps/80/all.polydfe.txt",
        "postprocessing_source": "../resources/polydfe/postprocessing/script.R",
        "data": {
            "output_file": "/scratch/40841133/tmpzb56x8ln",
            "model": "C",
            "likelihood": -126.598,
            "criteria": 9e-05,
            "params_mle": {
                "eps": 4.49448e-06,
                "eps_cont": 0,
                "lambda": 0,
                "theta_bar": 0.0008883702,
                "a": -1,
                "S_d": -125.083,
                "b": 0.09071773,
                "p_b": 0.003886295,
                "S_b": 0.03792294,
                "r": [
                    0.569278,
                    0.5552919,
                    0.4912691,
                    0.4480409,
                    0.4792168,
                    0.5634654,
                    0.4927782,
                    0.5463233,
                    0.5432391,
                    0.5817894,
                    0.4855331,
                    0.478434,
                    0.5764503,
                    0.4854419,
                    0.4783131,
                    0.6479466,
                    0.7960191,
                    1.226553
                ]
            },
            "n": 20,
            "expec": [
                {
                    "E[P_z(1)]": 0.0008883665,
                    "E[P_z(2)]": 0.0002528638,
                    "E[P_z(3)]": 0.0001644344,
                    "E[P_z(4)]": 0.0001091068,
                    "E[P_z(5)]": 7.9605e-05,
                    "E[P_z(6)]": 7.09535e-05,
                    "E[P_z(7)]": 7.15092e-05,
                    "E[P_z(8)]": 5.47211e-05,
                    "E[P_z(9)]": 5.39263e-05,
                    "E[P_z(10)]": 4.82597e-05,
                    "E[P_z(11)]": 4.69859e-05,
                    "E[P_z(12)]": 3.59445e-05,
                    "E[P_z(13)]": 3.26945e-05,
                    "E[P_z(14)]": 3.65788e-05,
                    "E[P_z(15)]": 2.87504e-05,
                    "E[P_z(16)]": 2.65578e-05,
                    "E[P_z(17)]": 3.38604e-05,
                    "E[P_z(18)]": 3.92876e-05,
                    "E[P_z(19)]": 5.73529e-05,
                    "E[D_z]": null,
                    "E[mis_z]": null
                },
                {
                    "E[P_z(1)]": 0.0006448217,
                    "E[P_z(2)]": 0.0001690821,
                    "E[P_z(3)]": 0.000105573,
                    "E[P_z(4)]": 6.82285e-05,
                    "E[P_z(5)]": 4.88256e-05,
                    "E[P_z(6)]": 4.28608e-05,
                    "E[P_z(7)]": 4.26575e-05,
                    "E[P_z(8)]": 3.22965e-05,
                    "E[P_z(9)]": 3.15338e-05,
                    "E[P_z(10)]": 2.79894e-05,
                    "E[P_z(11)]": 2.7051e-05,
                    "E[P_z(12)]": 2.05568e-05,
                    "E[P_z(13)]": 1.85845e-05,
                    "E[P_z(14)]": 2.0676e-05,
                    "E[P_z(15)]": 1.61665e-05,
                    "E[P_z(16)]": 1.48612e-05,
                    "E[P_z(17)]": 1.88615e-05,
                    "E[P_z(18)]": 2.17911e-05,
                    "E[P_z(19)]": 3.16831e-05,
                    "E[D_z]": null,
                    "E[mis_z]": null
                }
            ],
            "alpha": 0.00842454104589338,
            "execution_time": 479.89109110832214
        }
    }
}