{
    "output_file": "/scratch/38995614/tmpi4_dhf8c",
    "model": "C",
    "likelihood": -143.767,
    "criteria": 0.00015,
    "params_mle": {
        "eps": 0,
        "eps_cont": 0,
        "lambda": 0,
        "theta_bar": 0.0008542879,
        "a": -1,
        "S_d": -368.3148,
        "b": 0.3302634,
        "p_b": 0,
        "S_b": 1,
        "r": [
            1.191271,
            1.107954,
            1.246158,
            1.205856,
            1.022601,
            1.211554,
            0.9220693,
            1.143084,
            1.020551,
            0.9596529,
            1.004656,
            1.431574,
            0.9397876,
            1.100833,
            0.9086985,
            1.302764,
            1.123524,
            1.598299
        ]
    },
    "n": 20,
    "expec": [
        {
            "E[P_z(1)]": 0.0008542879,
            "E[P_z(2)]": 0.0005088444,
            "E[P_z(3)]": 0.0003155039,
            "E[P_z(4)]": 0.0002661445,
            "E[P_z(5)]": 0.0002060297,
            "E[P_z(6)]": 0.0001455992,
            "E[P_z(7)]": 0.0001478594,
            "E[P_z(8)]": 9.84641e-05,
            "E[P_z(9)]": 0.0001085025,
            "E[P_z(10)]": 8.71844e-05,
            "E[P_z(11)]": 7.45291e-05,
            "E[P_z(12)]": 7.15221e-05,
            "E[P_z(13)]": 9.40751e-05,
            "E[P_z(14)]": 5.73464e-05,
            "E[P_z(15)]": 6.26952e-05,
            "E[P_z(16)]": 4.85181e-05,
            "E[P_z(17)]": 6.54668e-05,
            "E[P_z(18)]": 5.33229e-05,
            "E[P_z(19)]": 7.18635e-05,
            "E[D_z]": null,
            "E[mis_z]": null
        },
        {
            "E[P_z(1)]": 0.0002949103,
            "E[P_z(2)]": 0.0001263842,
            "E[P_z(3)]": 6.68297e-05,
            "E[P_z(4)]": 5.09521e-05,
            "E[P_z(5)]": 3.66565e-05,
            "E[P_z(6)]": 2.44658e-05,
            "E[P_z(7)]": 2.37114e-05,
            "E[P_z(8)]": 1.51793e-05,
            "E[P_z(9)]": 1.61659e-05,
            "E[P_z(10)]": 1.26052e-05,
            "E[P_z(11)]": 1.04903e-05,
            "E[P_z(12)]": 9.8259e-06,
            "E[P_z(13)]": 1.26417e-05,
            "E[P_z(14)]": 7.551e-06,
            "E[P_z(15)]": 8.1015e-06,
            "E[P_z(16)]": 6.1606e-06,
            "E[P_z(17)]": 8.1776e-06,
            "E[P_z(18)]": 6.5589e-06,
            "E[P_z(19)]": 8.712e-06,
            "E[D_z]": null,
            "E[mis_z]": null
        }
    ],
    "alpha": 0.0,
    "execution_time": 185.00671291351318
}