{
    "likelihood": -102.59861445857685,
    "L2_residual": 326.3902553710668,
    "params_mle": {
        "S_d": -100000.0,
        "b": 0.12846090289254328,
        "p_b": 0.0,
        "S_b": 1.0,
        "eps": 0.0
    },
    "alpha": 0.0,
    "result": {
        "fun": 100.52663363563224,
        "jac": [
            24.514776135960222,
            -0.0002842170928759176,
            NaN,
            NaN,
            NaN
        ],
        "nfev": 69,
        "njev": 23,
        "nit": 19,
        "status": 0,
        "message": "CONVERGENCE: REL_REDUCTION_OF_F_<=_FACTR*EPSMCH",
        "x": [
            -5.0,
            -0.8912290298552259,
            0.0,
            0.0,
            0.0
        ],
        "success": true,
        "hess_inv": null
    },
    "execution_time": 8.79748272895813,
    "sfs_mle": [
        0.0,
        6300.073745766809,
        1931.6477879401157,
        1016.6476370475821,
        641.1205530637137,
        438.5146912460174,
        316.56939867590404,
        241.211500480387,
        195.49919838921082,
        168.6873654775804,
        153.16568194395532,
        143.67716995801015,
        136.90318572021482,
        130.7389508990325,
        123.39018945712284,
        112.90721103452374,
        97.59728358651248,
        77.07268329963061,
        53.12852023645413,
        29.633435574934918,
        0.0
    ],
    "fixed_params": {
        "all.S_b": 1.0,
        "all.eps": 0.0,
        "all.p_b": 0.0
    },
    "bounds": {
        "S_d": [
            -100000.0,
            -0.01
        ],
        "b": [
            0.01,
            10
        ],
        "p_b": [
            0,
            0.5
        ],
        "S_b": [
            0.0001,
            100
        ],
        "eps": [
            0,
            0.15
        ]
    },
    "config": {
        "model": "GammaExpParametrization",
        "intervals_del": [
            -100000000.0,
            -1e-05,
            1000
        ],
        "intervals_ben": [
            1e-05,
            10000.0,
            1000
        ],
        "integration_mode": "midpoint",
        "linearized": true,
        "seed": 0,
        "opts_mle": {},
        "n_runs": 10,
        "x0": {
            "all": {
                "S_d": -20000.0,
                "b": 0.2,
                "p_b": 0.0,
                "S_b": 1.0,
                "eps": 0.0,
                "a": 2.0,
                "lambda": 0.005,
                "theta_bar": 0.001
            }
        },
        "bounds": {
            "S_d": [
                -100000.0,
                -0.01
            ],
            "b": [
                0.01,
                10
            ],
            "p_b": [
                0,
                0.5
            ],
            "S_b": [
                0.0001,
                100
            ],
            "eps": [
                0,
                0.15
            ]
        },
        "scales": {
            "S_d": "log",
            "b": "log",
            "p_b": "lin",
            "S_b": "log",
            "eps": "lin"
        },
        "fixed_params": {
            "all": {
                "S_b": 1.0,
                "eps": 0.0,
                "p_b": 0.0
            }
        },
        "shared_params": [],
        "covariates": [],
        "sfs_neut": {
            "all": [
                249220.24107671855,
                6040.167973003149,
                2106.1538925617215,
                1176.5323491075524,
                770.814371468484,
                542.1355467032516,
                400.042661468532,
                310.35308040454527,
                255.41000053152615,
                223.32413050183519,
                205.16538347306448,
                194.48673227097794,
                187.0882192546798,
                180.22476635984472,
                171.46265701183142,
                158.06553455292487,
                137.58214316888427,
                109.35639570576404,
                75.84456092646988,
                42.548524806413155,
                0.0
            ]
        },
        "sfs_sel": {
            "all": [
                948617.843718535,
                6008.273791641998,
                1816.0958900891053,
                1012.0587011539959,
                671.5352384579869,
                476.5821103400826,
                352.89230095207284,
                272.5593232025768,
                221.09098747235362,
                189.08984167582582,
                169.6208788217283,
                157.5902906662622,
                149.6817933568055,
                143.85865608984918,
                138.25202893936248,
                130.2304243168933,
                116.65222007485173,
                95.37579082755902,
                67.0911065546041,
                36.62490683101765,
                0.0
            ]
        },
        "do_bootstrap": true,
        "n_bootstraps": 100,
        "parallelize": true,
        "loss_type": "likelihood"
    }
}