{
    "py/object": "fastdfe.polydfe.PolyDFE",
    "logger": {
        "py/reduce": [
            {
                "py/function": "logging.getLogger"
            },
            {
                "py/tuple": [
                    "fastdfe.PolyDFE"
                ]
            }
        ]
    },
    "bootstraps": null,
    "config": {
        "py/object": "fastdfe.config.Config",
        "data": {
            "model": "GammaExpParametrization",
            "intervals_del": {
                "py/tuple": [
                    -100000000.0,
                    -1e-05,
                    1000
                ]
            },
            "intervals_ben": {
                "py/tuple": [
                    1e-05,
                    10000.0,
                    1000
                ]
            },
            "integration_mode": "midpoint",
            "linearized": true,
            "seed": 0,
            "opts_mle": {},
            "n_runs": 10,
            "x0": {
                "all": {
                    "S_b": 0.09636954,
                    "S_d": -44.34681,
                    "a": -1,
                    "b": 0.1221405,
                    "eps": 4.50123e-06,
                    "eps_cont": 0,
                    "lambda": 0,
                    "p_b": 0.01060767,
                    "r": [
                        0.6268517,
                        0.6514728,
                        0.6820074,
                        0.5848618,
                        0.7565646,
                        0.6523473,
                        0.6349214,
                        0.7005902,
                        0.6139579,
                        0.6324166,
                        0.6421517,
                        0.7478784,
                        1.22486
                    ],
                    "theta_bar": 0.0008663822
                }
            },
            "bounds": {},
            "scales": {},
            "fixed_params": {},
            "shared_params": [],
            "covariates": [],
            "sfs_neut": {
                "py/object": "fastdfe.spectrum.Spectra",
                "data": {
                    "all": [
                        870433.438336528,
                        767.0,
                        225.0,
                        158.0,
                        134.0,
                        88.0,
                        93.0,
                        87.0,
                        57.0,
                        56.0,
                        53.0,
                        44.0,
                        46.0,
                        55.0,
                        49.0,
                        0.0
                    ]
                }
            },
            "sfs_sel": {
                "py/object": "fastdfe.spectrum.Spectra",
                "data": {
                    "all": [
                        2365826.56166347,
                        1523.0,
                        448.0,
                        282.0,
                        223.0,
                        135.0,
                        164.0,
                        92.0,
                        95.0,
                        82.0,
                        66.0,
                        54.0,
                        58.0,
                        55.0,
                        95.0,
                        0.0
                    ]
                }
            },
            "do_bootstrap": false,
            "n_bootstraps": 10,
            "parallelize": false,
            "loss_type": "likelihood"
        }
    },
    "output_file": null,
    "execution_time": 197.36087942123413,
    "summary": {
        "py/object": "fastdfe.polydfe.PolyDFEResult",
        "output_file": "results/polydfe/hgdp/inference/1/opts.n.15.config.default/bootstraps/95/all.polydfe.txt",
        "postprocessing_source": "../resources/polydfe/postprocessing/script.R",
        "data": {
            "output_file": "/scratch/40840767/tmpmsg0tni7",
            "model": "C",
            "likelihood": -100.35,
            "criteria": 0.00019,
            "params_mle": {
                "eps": 4.503e-06,
                "eps_cont": 0,
                "lambda": 0,
                "theta_bar": 0.0008608119,
                "a": -1,
                "S_d": -20.91602,
                "b": 0.1707885,
                "p_b": 0.01046056,
                "S_b": 0.09577629,
                "r": [
                    0.6363966,
                    0.6518466,
                    0.7256649,
                    0.5786339,
                    0.813511,
                    0.6700161,
                    0.6576849,
                    0.6783969,
                    0.6556579,
                    0.5985487,
                    0.6978113,
                    0.8046767,
                    1.141025
                ]
            },
            "n": 15,
            "expec": [
                {
                    "E[P_z(1)]": 0.0008608084,
                    "E[P_z(2)]": 0.0002739079,
                    "E[P_z(3)]": 0.0001870385,
                    "E[P_z(4)]": 0.0001561648,
                    "E[P_z(5)]": 9.96188e-05,
                    "E[P_z(6)]": 0.0001167131,
                    "E[P_z(7)]": 8.23939e-05,
                    "E[P_z(8)]": 7.07679e-05,
                    "E[P_z(9)]": 6.4886e-05,
                    "E[P_z(10)]": 5.644e-05,
                    "E[P_z(11)]": 4.68403e-05,
                    "E[P_z(12)]": 5.00576e-05,
                    "E[P_z(13)]": 5.32837e-05,
                    "E[P_z(14)]": 7.01613e-05,
                    "E[D_z]": null,
                    "E[mis_z]": null
                },
                {
                    "E[P_z(1)]": 0.0006496294,
                    "E[P_z(2)]": 0.0001832054,
                    "E[P_z(3)]": 0.0001168501,
                    "E[P_z(4)]": 9.31843e-05,
                    "E[P_z(5)]": 5.74449e-05,
                    "E[P_z(6)]": 6.55017e-05,
                    "E[P_z(7)]": 4.52154e-05,
                    "E[P_z(8)]": 3.80997e-05,
                    "E[P_z(9)]": 3.43561e-05,
                    "E[P_z(10)]": 2.94465e-05,
                    "E[P_z(11)]": 2.41166e-05,
                    "E[P_z(12)]": 2.54652e-05,
                    "E[P_z(13)]": 2.68098e-05,
                    "E[P_z(14)]": 3.4946e-05,
                    "E[D_z]": null,
                    "E[mis_z]": null
                }
            ],
            "alpha": 0.023485194226499726,
            "execution_time": 197.36087942123413
        }
    }
}