{
    "py/object": "fastdfe.polydfe.PolyDFE",
    "logger": {
        "py/reduce": [
            {
                "py/function": "logging.getLogger"
            },
            {
                "py/tuple": [
                    "fastdfe.PolyDFE"
                ]
            }
        ]
    },
    "bootstraps": null,
    "config": {
        "py/object": "fastdfe.config.Config",
        "data": {
            "model": "GammaExpParametrization",
            "intervals_del": {
                "py/tuple": [
                    -100000000.0,
                    -1e-05,
                    1000
                ]
            },
            "intervals_ben": {
                "py/tuple": [
                    1e-05,
                    10000.0,
                    1000
                ]
            },
            "integration_mode": "midpoint",
            "linearized": true,
            "seed": 0,
            "opts_mle": {},
            "n_runs": 10,
            "x0": {
                "all": {
                    "S_b": 0.05328228,
                    "S_d": -33.44406,
                    "a": -1,
                    "b": 0.1398527,
                    "eps": 4.50451e-06,
                    "eps_cont": 0,
                    "lambda": 0,
                    "p_b": 0.005009714,
                    "r": [
                        0.5834314,
                        0.499803,
                        0.5581096,
                        0.5076067,
                        0.557493,
                        0.6522272,
                        0.6050956,
                        0.5227928,
                        0.5765882,
                        0.4982845,
                        0.5150672,
                        0.5206269,
                        0.482151,
                        0.5460091,
                        0.5199818,
                        0.523935,
                        0.5814646,
                        0.6159988,
                        0.7697745,
                        0.7047025,
                        0.6593795,
                        0.914738,
                        1.558127
                    ],
                    "theta_bar": 0.0008647194
                }
            },
            "bounds": {},
            "scales": {},
            "fixed_params": {},
            "shared_params": [],
            "covariates": [],
            "sfs_neut": {
                "py/object": "fastdfe.spectrum.Spectra",
                "data": {
                    "all": [
                        1039353.17546773,
                        916.0,
                        282.0,
                        124.0,
                        129.0,
                        105.0,
                        91.0,
                        73.0,
                        57.0,
                        50.0,
                        63.0,
                        47.0,
                        41.0,
                        44.0,
                        30.0,
                        25.0,
                        33.0,
                        22.0,
                        31.0,
                        35.0,
                        40.0,
                        23.0,
                        20.0,
                        34.0,
                        58.0,
                        0.0
                    ]
                }
            },
            "sfs_sel": {
                "py/object": "fastdfe.spectrum.Spectra",
                "data": {
                    "all": [
                        2843510.82453227,
                        2007.0,
                        476.0,
                        264.0,
                        211.0,
                        156.0,
                        136.0,
                        167.0,
                        103.0,
                        101.0,
                        65.0,
                        62.0,
                        42.0,
                        49.0,
                        35.0,
                        49.0,
                        39.0,
                        31.0,
                        30.0,
                        36.0,
                        36.0,
                        40.0,
                        22.0,
                        62.0,
                        103.0,
                        0.0
                    ]
                }
            },
            "do_bootstrap": false,
            "n_bootstraps": 10,
            "parallelize": false,
            "loss_type": "likelihood"
        }
    },
    "output_file": null,
    "execution_time": 535.21067070961,
    "summary": {
        "py/object": "fastdfe.polydfe.PolyDFEResult",
        "output_file": "results/polydfe/hgdp/inference/1/opts.n.25.config.default/bootstraps/28/all.polydfe.txt",
        "postprocessing_source": "../resources/polydfe/postprocessing/script.R",
        "data": {
            "output_file": "/scratch/40841236/tmp5zoce6nf",
            "model": "C",
            "likelihood": -166.8992,
            "criteria": 0.00027,
            "params_mle": {
                "eps": 4.50613e-06,
                "eps_cont": 0,
                "lambda": 0,
                "theta_bar": 0.0008903161,
                "a": -1,
                "S_d": -22.82965,
                "b": 0.1719886,
                "p_b": 0.005008115,
                "S_b": 0.05329194,
                "r": [
                    0.5598652,
                    0.449243,
                    0.5407476,
                    0.53044,
                    0.5632837,
                    0.7047801,
                    0.5434845,
                    0.5830394,
                    0.5541994,
                    0.5233848,
                    0.4379834,
                    0.5351937,
                    0.4053204,
                    0.4972257,
                    0.5187478,
                    0.4077263,
                    0.4991367,
                    0.615926,
                    0.6968544,
                    0.6088526,
                    0.4268366,
                    1.02339,
                    1.796959
                ]
            },
            "n": 25,
            "expec": [
                {
                    "E[P_z(1)]": 0.0008903124,
                    "E[P_z(2)]": 0.0002492276,
                    "E[P_z(3)]": 0.0001333223,
                    "E[P_z(4)]": 0.0001203587,
                    "E[P_z(5)]": 9.44516e-05,
                    "E[P_z(6)]": 8.35832e-05,
                    "E[P_z(7)]": 8.96393e-05,
                    "E[P_z(8)]": 6.04839e-05,
                    "E[P_z(9)]": 5.76765e-05,
                    "E[P_z(10)]": 4.93412e-05,
                    "E[P_z(11)]": 4.23616e-05,
                    "E[P_z(12)]": 3.24953e-05,
                    "E[P_z(13)]": 3.66532e-05,
                    "E[P_z(14)]": 2.5776e-05,
                    "E[P_z(15)]": 2.95126e-05,
                    "E[P_z(16)]": 2.88657e-05,
                    "E[P_z(17)]": 2.13534e-05,
                    "E[P_z(18)]": 2.46886e-05,
                    "E[P_z(19)]": 2.88618e-05,
                    "E[P_z(20)]": 3.10213e-05,
                    "E[P_z(21)]": 2.58133e-05,
                    "E[P_z(22)]": 1.72741e-05,
                    "E[P_z(23)]": 3.96157e-05,
                    "E[P_z(24)]": 6.66646e-05,
                    "E[D_z]": null,
                    "E[mis_z]": null
                },
                {
                    "E[P_z(1)]": 0.0007007219,
                    "E[P_z(2)]": 0.0001750003,
                    "E[P_z(3)]": 8.74713e-05,
                    "E[P_z(4)]": 7.5363e-05,
                    "E[P_z(5)]": 5.70993e-05,
                    "E[P_z(6)]": 4.91339e-05,
                    "E[P_z(7)]": 5.14854e-05,
                    "E[P_z(8)]": 3.40595e-05,
                    "E[P_z(9)]": 3.19241e-05,
                    "E[P_z(10)]": 2.68975e-05,
                    "E[P_z(11)]": 2.27793e-05,
                    "E[P_z(12)]": 1.72588e-05,
                    "E[P_z(13)]": 1.92478e-05,