{
    "output_file": "/scratch/40841833/tmpww_r8r_4",
    "model": "C",
    "likelihood": -252.637,
    "criteria": 9e-05,
    "params_mle": {
        "eps": 4.50444e-06,
        "eps_cont": 0,
        "lambda": 0,
        "theta_bar": 0.001087323,
        "a": -1,
        "S_d": -29.29411,
        "b": 0.1403704,
        "p_b": 0.004437533,
        "S_b": 0.05635636,
        "r": [
            0.4890739,
            0.434218,
            0.3910075,
            0.3956865,
            0.3783287,
            0.4105904,
            0.4401374,
            0.4610042,
            0.4963475,
            0.4686936,
            0.4821793,
            0.4194562,
            0.4780473,
            0.4272232,
            0.3805833,
            0.3531328,
            0.5505946,
            0.4176469,
            0.4411954,
            0.3762806,
            0.3877054,
            0.5122706,
            0.4084538,
            0.4888739,
            0.3614802,
            0.337742,
            0.5818382,
            0.322848,
            0.3887295,
            0.7492276,
            0.4280029,
            0.5976804,
            0.5429725,
            0.4836478,
            0.5770885,
            0.9453069,
            0.5557187,
            1.828154
        ]
    },
    "n": 40,
    "expec": [
        {
            "E[P_z(1)]": 0.001087319,
            "E[P_z(2)]": 0.0002658896,
            "E[P_z(3)]": 0.0001573778,
            "E[P_z(4)]": 0.0001062875,
            "E[P_z(5)]": 8.60475e-05,
            "E[P_z(6)]": 6.85607e-05,
            "E[P_z(7)]": 6.37776e-05,
            "E[P_z(8)]": 5.98213e-05,
            "E[P_z(9)]": 5.56955e-05,
            "E[P_z(10)]": 5.39688e-05,
            "E[P_z(11)]": 4.63291e-05,
            "E[P_z(12)]": 4.36903e-05,
            "E[P_z(13)]": 3.50833e-05,
            "E[P_z(14)]": 3.71279e-05,
            "E[P_z(15)]": 3.09686e-05,
            "E[P_z(16)]": 2.58635e-05,
            "E[P_z(17)]": 2.25865e-05,
            "E[P_z(18)]": 3.32596e-05,
            "E[P_z(19)]": 2.39009e-05,
            "E[P_z(20)]": 2.39861e-05,
            "E[P_z(21)]": 1.94828e-05,
            "E[P_z(22)]": 1.91619e-05,
            "E[P_z(23)]": 2.42175e-05,
            "E[P_z(24)]": 1.85051e-05,
            "E[P_z(25)]": 2.12626e-05,
            "E[P_z(26)]": 1.51172e-05,
            "E[P_z(27)]": 1.36014e-05,
            "E[P_z(28)]": 2.25946e-05,
            "E[P_z(29)]": 1.2105e-05,
            "E[P_z(30)]": 1.40893e-05,
            "E[P_z(31)]": 2.62792e-05,
            "E[P_z(32)]": 1.45433e-05,
            "E[P_z(33)]": 1.96933e-05,
            "E[P_z(34)]": 1.73645e-05,
            "E[P_z(35)]": 1.50255e-05,
            "E[P_z(36)]": 1.74304e-05,
            "E[P_z(37)]": 2.77804e-05,
            "E[P_z(38)]": 1.59023e-05,
            "E[P_z(39)]": 5.09738e-05,
            "E[D_z]": null,
            "E[mis_z]": null
        },
        {
            "E[P_z(1)]": 0.000891732,
            "E[P_z(2)]": 0.0001984241,
            "E[P_z(3)]": 0.000110998,
            "E[P_z(4)]": 7.20943e-05,
            "E[P_z(5)]": 5.66714e-05,
            "E[P_z(6)]": 4.41053e-05,
            "E[P_z(7)]": 4.02361e-05,
            "E[P_z(8)]": 3.71182e-05,
            "E[P_z(9)]": 3.40621e-05,
            "E[P_z(10)]": 3.25867e-05,
            "E[P_z(11)]": 2.76552e-05,
            "E[P_z(12)]": 2.5811e-05,
            "E[P_z(13)]": 2.05309e-05,
            "E[P_z(14)]": 2.15389e-05,
            "E[P_z(15)]": 1.78214e-05,
            "E[P_z(16)]": 1.47723e-05,
            "E[P_z(17)]": 1.28103e-05,
            "E[P_z(18)]": 1.87397e-05,
            "E[P_z(19)]": 1.33832e-05,
            "E[P_z(20)]": 1.3352e-05,
            "E[P_z(21)]": 1.07849e-05,
            "E[P_z(22)]": 1.05511e-05,
            "E[P_z(23)]": 1.32675e-05,
            "E[P_z(24)]": 1.0089e-05,
            "E[P_z(25)]": 1.15388e-05,
            "E[P_z(26)]": 8.1674e-06,
            "E[P_z(27)]": 7.3171e-06,
            "E[P_z(28)]": 1.21053e-05,
            "E[P_z(29)]": 6.4597e-06,
            "E[P_z(30)]": 7.4899e-06,
            "E[P_z(31)]": 1.39184e-05,
            "E[P_z(32)]": 7.6751e-06,
            "E[P_z(33)]": 1.0357e-05,
            "E[P_z(34)]": 9.1016e-06,
            "E[P_z(35)]": 7.8499e-06,
            "E[P_z(36)]": 9.0775e-06,
            "E[P_z(37)]": 1.44231e-05,
            "E[P_z(38)]": 8.2316e-06,
            "E[P_z(39)]": 2.63094e-05,
            "E[D_z]": null,
            "E[mis_z]": null
        }
    ],
    "alpha": 0.009909992628206719,
    "execution_time": 1411.9693982601166
}