{
    "py/object": "fastdfe.polydfe.PolyDFE",
    "logger": {
        "py/reduce": [
            {
                "py/function": "logging.getLogger"
            },
            {
                "py/tuple": [
                    "fastdfe.PolyDFE"
                ]
            }
        ]
    },
    "bootstraps": null,
    "config": {
        "py/object": "fastdfe.config.Config",
        "data": {
            "model": "GammaExpParametrization",
            "intervals_del": {
                "py/tuple": [
                    -100000000.0,
                    -1e-05,
                    1000
                ]
            },
            "intervals_ben": {
                "py/tuple": [
                    1e-05,
                    10000.0,
                    1000
                ]
            },
            "integration_mode": "midpoint",
            "linearized": true,
            "seed": 0,
            "opts_mle": {},
            "n_runs": 10,
            "x0": {
                "all": {
                    "S_b": 0.05627203,
                    "S_d": -26.88451,
                    "a": -1,
                    "b": 0.1464485,
                    "eps": 4.50288e-06,
                    "eps_cont": 0,
                    "lambda": 0,
                    "p_b": 0.004419742,
                    "r": [
                        0.4932568,
                        0.4490162,
                        0.411058,
                        0.4293708,
                        0.4059378,
                        0.3950674,
                        0.4836194,
                        0.4412304,
                        0.4459431,
                        0.5171633,
                        0.4880109,
                        0.499798,
                        0.5114526,
                        0.4705895,
                        0.3840001,
                        0.3914661,
                        0.4942643,
                        0.4410675,
                        0.4295933,
                        0.3836019,
                        0.3386893,
                        0.4566943,
                        0.4425798,
                        0.4623484,
                        0.424307,
                        0.4116725,
                        0.4906384,
                        0.4335386,
                        0.4045893,
                        0.5819833,
                        0.4816641,
                        0.5724359,
                        0.5396078,
                        0.5300813,
                        0.62822,
                        0.8578236,
                        0.810246,
                        2.052769
                    ],
                    "theta_bar": 0.001050261
                }
            },
            "bounds": {},
            "scales": {},
            "fixed_params": {},
            "shared_params": [],
            "covariates": [],
            "sfs_neut": {
                "py/object": "fastdfe.spectrum.Spectra",
                "data": {
                    "all": [
                        1037888.33330917,
                        1100.0,
                        300.0,
                        170.0,
                        112.0,
                        83.0,
                        78.0,
                        56.0,
                        66.0,
                        54.0,
                        54.0,
                        50.0,
                        55.0,
                        41.0,
                        46.0,
                        26.0,
                        27.0,
                        29.0,
                        35.0,
                        19.0,
                        37.0,
                        17.0,
                        11.0,
                        19.0,
                        21.0,
                        26.0,
                        17.0,
                        10.0,
                        24.0,
                        10.0,
                        15.0,
                        27.0,
                        21.0,
                        15.0,
                        25.0,
                        13.0,
                        24.0,
                        23.0,
                        13.0,
                        48.0,
                        0.0
                    ]
                }
            },
            "sfs_sel": {
                "py/object": "fastdfe.spectrum.Spectra",
                "data": {
                    "all": [
                        2843408.66669083,
                        2572.0,
                        542.0,
                        310.0,
                        204.0,
                        168.0,
                        119.0,
                        125.0,
                        102.0,
                        101.0,
                        95.0,
                        77.0,
                        64.0,
                        54.0,
                        54.0,
                        57.0,
                        42.0,
                        31.0,
                        53.0,
                        44.0,
                        26.0,
                        34.0,
                        39.0,
                        44.0,
                        27.0,
                        29.0,
                        22.0,
                        25.0,
                        34.0,
                        21.0,
                        21.0,
                        40.0,
                        16.0,
                        35.0,
                        19.0,
                        25.0,
                        20.0,
                        47.0,
                        27.0,
                        80.0,
                        0.0
                    ]
                }
            },
            "do_bootstrap": false,
            "n_bootstraps": 10,
            "parallelize": false,
            "loss_type": "likelihood"
        }
    },
    "output_file": null,
    "execution_time": 1411.9693982601166,
    "summary": {
        "py/object": "fastdfe.polydfe.PolyDFEResult",
        "output_file": "results/polydfe/hgdp/inference/1/opts.n.40.config.default/bootstraps/29/all.polydfe.txt",
        "postprocessing_source": "../resources/polydfe/postprocessing/script.R",
        "data": {
            "output_file": "/scratch/40841833/tmpww_r8r_4",
            "model": "C",
            "likelihood": -252.637,
            "criteria": 9e-05,
            "params_mle": {
                "eps": 4.50444e-06,
                "eps_cont": 0,
                "lambda": 0,
                "theta_bar": 0.001087323,
                "a": -1,
                "S_d": -29.29411,
                "b": 0.1403704,
                "p_b": 0.004437533,
                "S_b": 0.05635636,
                "r": [
                    0.4890739,
                    0.434218,
                    0.3910075,
                    0.3956865,
                    0.3783287,
                    0.4105904,
                    0.4401374,
                    0.4610042,
                    0.4963475,
                    0.4686936,
                    0.4821793,
                    0.4194562,
                    0.4780473,
                    0.4272232,
                    0.3805833,
                    0.3531328,
                    0.5505946,
                    0.4176469,
                    0.4411954,
                    0.3762806,
                    0.3877054,
                    0.5122706,
                    0.4084538,
                    0.4888739,
                    0.3614802,
                    0.337742,
                    0.5818382,
                    0.322848,
                    0.3887295,
                    0.7492276,
                    0.4280029,
                    0.5976804,
                    0.5429725,
                    0.4836478,
                    0.5770885,
                    0.9453069,
                    0.5557187,
                    1.828154
                ]
            },