{
    "output_file": "/scratch/40841837/tmphkuq2b8q",
    "model": "C",
    "likelihood": -260.6312,
    "criteria": 0.00098,
    "params_mle": {
        "eps": 4.50391e-06,
        "eps_cont": 0,
        "lambda": 0,
        "theta_bar": 0.001044217,
        "a": -1,
        "S_d": -28.23431,
        "b": 0.1410494,
        "p_b": 0.004424907,
        "S_b": 0.05630294,
        "r": [
            0.5038438,
            0.425696,
            0.407493,
            0.4733372,
            0.4170055,
            0.3464914,
            0.4573465,
            0.4697636,
            0.4327001,
            0.5675987,
            0.4463832,
            0.4680884,
            0.4919111,
            0.5296004,
            0.3783573,
            0.3547821,
            0.5397855,
            0.4685956,
            0.3494084,
            0.3604665,
            0.290108,
            0.4395436,
            0.5485417,
            0.5544829,
            0.4914596,
            0.5417976,
            0.5006177,
            0.5089546,
            0.3704036,
            0.476558,
            0.3128653,
            0.5592638,
            0.6415912,
            0.674995,
            0.5726767,
            0.9267263,
            0.8233953,
            2.450151
        ]
    },
    "n": 40,
    "expec": [
        {
            "E[P_z(1)]": 0.001044213,
            "E[P_z(2)]": 0.0002630601,
            "E[P_z(3)]": 0.0001481725,
            "E[P_z(4)]": 0.0001063774,
            "E[P_z(5)]": 9.8853e-05,
            "E[P_z(6)]": 7.25738e-05,
            "E[P_z(7)]": 5.16873e-05,
            "E[P_z(8)]": 5.96959e-05,
            "E[P_z(9)]": 5.45037e-05,
            "E[P_z(10)]": 4.51831e-05,
            "E[P_z(11)]": 5.38813e-05,
            "E[P_z(12)]": 3.88433e-05,
            "E[P_z(13)]": 3.75988e-05,
            "E[P_z(14)]": 3.66901e-05,
            "E[P_z(15)]": 3.68678e-05,
            "E[P_z(16)]": 2.46929e-05,
            "E[P_z(17)]": 2.17923e-05,
            "E[P_z(18)]": 3.1314e-05,
            "E[P_z(19)]": 2.57534e-05,
            "E[P_z(20)]": 1.82429e-05,
            "E[P_z(21)]": 1.79241e-05,
            "E[P_z(22)]": 1.37699e-05,
            "E[P_z(23)]": 1.99556e-05,
            "E[P_z(24)]": 2.38665e-05,
            "E[P_z(25)]": 2.31601e-05,
            "E[P_z(26)]": 1.97382e-05,
            "E[P_z(27)]": 2.09539e-05,
            "E[P_z(28)]": 1.86699e-05,
            "E[P_z(29)]": 1.83263e-05,
            "E[P_z(30)]": 1.28929e-05,
            "E[P_z(31)]": 1.60528e-05,
            "E[P_z(32)]": 1.02096e-05,
            "E[P_z(33)]": 1.76969e-05,
            "E[P_z(34)]": 1.9705e-05,
            "E[P_z(35)]": 2.01387e-05,
            "E[P_z(36)]": 1.66115e-05,
            "E[P_z(37)]": 2.61547e-05,
            "E[P_z(38)]": 2.26275e-05,
            "E[P_z(39)]": 6.56067e-05,
            "E[D_z]": null,
            "E[mis_z]": null
        },
        {
            "E[P_z(1)]": 0.0008589786,
            "E[P_z(2)]": 0.0001970119,
            "E[P_z(3)]": 0.0001048839,
            "E[P_z(4)]": 7.24136e-05,
            "E[P_z(5)]": 6.53342e-05,
            "E[P_z(6)]": 4.68481e-05,
            "E[P_z(7)]": 3.27192e-05,
            "E[P_z(8)]": 3.7164e-05,
            "E[P_z(9)]": 3.34427e-05,
            "E[P_z(10)]": 2.73701e-05,
            "E[P_z(11)]": 3.2266e-05,
            "E[P_z(12)]": 2.30198e-05,
            "E[P_z(13)]": 2.20715e-05,
            "E[P_z(14)]": 2.13504e-05,
            "E[P_z(15)]": 2.12808e-05,
            "E[P_z(16)]": 1.41462e-05,
            "E[P_z(17)]": 1.23967e-05,
            "E[P_z(18)]": 1.76956e-05,
            "E[P_z(19)]": 1.44627e-05,
            "E[P_z(20)]": 1.01845e-05,
            "E[P_z(21)]": 9.9506e-06,
            "E[P_z(22)]": 7.6037e-06,
            "E[P_z(23)]": 1.09636e-05,
            "E[P_z(24)]": 1.30487e-05,
            "E[P_z(25)]": 1.26036e-05,
            "E[P_z(26)]": 1.06936e-05,
            "E[P_z(27)]": 1.13036e-05,
            "E[P_z(28)]": 1.00299e-05,
            "E[P_z(29)]": 9.8062e-06,
            "E[P_z(30)]": 6.8724e-06,
            "E[P_z(31)]": 8.5249e-06,
            "E[P_z(32)]": 5.4024e-06,
            "E[P_z(33)]": 9.3318e-06,
            "E[P_z(34)]": 1.03556e-05,
            "E[P_z(35)]": 1.05489e-05,
            "E[P_z(36)]": 8.6736e-06,
            "E[P_z(37)]": 1.36143e-05,
            "E[P_z(38)]": 1.17429e-05,
            "E[P_z(39)]": 3.39485e-05,
            "E[D_z]": null,
            "E[mis_z]": null
        }
    ],
    "alpha": 0.009858139993751094,
    "execution_time": 667.3009564876556
}