{
    "output_file": "/scratch/40841202/tmpxcnwg3k7",
    "model": "C",
    "likelihood": -102.9833,
    "criteria": 0.00034,
    "params_mle": {
        "eps": 4.50315e-06,
        "eps_cont": 0,
        "lambda": 0,
        "theta_bar": 0.0008959412,
        "a": -1,
        "S_d": -59.99733,
        "b": 0.1091451,
        "p_b": 0.01054525,
        "S_b": 0.09617415,
        "r": [
            0.6653777,
            0.5939842,
            0.6194455,
            0.5907773,
            0.7757515,
            0.6597413,
            0.5838182,
            0.6566126,
            0.5718833,
            0.609946,
            0.65013,
            0.6139113,
            1.096548
        ]
    },
    "n": 15,
    "expec": [
        {
            "E[P_z(1)]": 0.0008959375,
            "E[P_z(2)]": 0.0002980685,
            "E[P_z(3)]": 0.000177391,
            "E[P_z(4)]": 0.0001387463,
            "E[P_z(5)]": 0.0001058601,
            "E[P_z(6)]": 0.0001158377,
            "E[P_z(7)]": 8.44413e-05,
            "E[P_z(8)]": 6.53834e-05,
            "E[P_z(9)]": 6.53654e-05,
            "E[P_z(10)]": 5.12376e-05,
            "E[P_z(11)]": 4.968e-05,
            "E[P_z(12)]": 4.85404e-05,
            "E[P_z(13)]": 4.2311e-05,
            "E[P_z(14)]": 7.01782e-05,
            "E[D_z]": null,
            "E[mis_z]": null
        },
        {
            "E[P_z(1)]": 0.0006531208,
            "E[P_z(2)]": 0.0001979479,
            "E[P_z(3)]": 0.0001123809,
            "E[P_z(4)]": 8.52443e-05,
            "E[P_z(5)]": 6.35898e-05,
            "E[P_z(6)]": 6.83579e-05,
            "E[P_z(7)]": 4.91057e-05,
            "E[P_z(8)]": 3.75517e-05,
            "E[P_z(9)]": 3.71367e-05,
            "E[P_z(10)]": 2.88323e-05,
            "E[P_z(11)]": 2.77163e-05,
            "E[P_z(12)]": 2.687e-05,
            "E[P_z(13)]": 2.3255e-05,
            "E[P_z(14)]": 3.83187e-05,
            "E[D_z]": null,
            "E[mis_z]": null
        }
    ],
    "alpha": 0.02179371639897765,
    "execution_time": 387.7070381641388
}