neutral,selected
999705828.9480368,999858010.7930702
37041.015259580585,14109.217021338685
19318.7351915976,5929.917350883725
13570.64775245855,3764.4852540508887
10760.027444844338,2807.987855483652
9132.396281299334,2290.79511206648
8109.729474832058,1978.5536973677256
7449.711047881388,1779.730458998072
7036.054961390479,1654.2941997998744
6808.204727735023,1584.0319027217797
3367.7258805191905,780.6440062059347
0.0,0.0
0.0,0.0
0.0,0.0
0.0,0.0
0.0,0.0
0.0,0.0
0.0,0.0
0.0,0.0
0.0,0.0
0.0,0.0
