{
    "likelihood": -111.34318889517526,
    "L2_residual": 110.97331279732647,
    "params_mle": {
        "S_d": -170.3743802425267,
        "b": 0.14514762478630128,
        "p_b": 0.19992137020755685,
        "S_b": 0.00010000220425911317,
        "eps": 0.0,
        "h": 0.5
    },
    "alpha": 0.3539310658976177,
    "result": {
        "fun": 100.072050802587,
        "jac": [
            0.04356479647968705,
            -0.1899024927759731,
            0.19872459244198468,
            0.00027284841219010677,
            NaN,
            NaN
        ],
        "nfev": 405,
        "njev": 81,
        "nit": 61,
        "status": 0,
        "message": "CONVERGENCE: REL_REDUCTION_OF_F_<=_FACTR*EPSMCH",
        "x": [
            -2.2314042890467487,
            -0.8381900666228193,
            0.19992137020755685,
            -3.9999904271298097,
            0.0,
            0.5
        ],
        "success": true,
        "hess_inv": null
    },
    "execution_time": 47.06783127784729,
    "sfs_mle": [
        0.0,
        39981.012454316275,
        18781.450361997973,
        12787.998621644856,
        10337.123647774713,
        9181.221123843306,
        8426.565881373914,
        7645.0741670632115,
        6745.706272236152,
        5858.558641160053,
        5153.151827821465,
        4690.209146508936,
        4381.480939778118,
        4055.0840532489387,
        3575.1590676875026,
        2936.393590055119,
        2259.8285469915622,
        1692.2350434465695,
        1303.3516956777635,
        1069.3356226668259,
        0.0
    ],
    "fixed_params": {
        "all.eps": 0,
        "all.h": 0.5
    },
    "bounds": {
        "S_d": [
            -100000.0,
            -0.01
        ],
        "b": [
            0.01,
            10
        ],
        "p_b": [
            0,
            0.5
        ],
        "S_b": [
            0.0001,
            100
        ],
        "eps": [
            0,
            0.15
        ],
        "h": [
            0,
            0.5
        ]
    },
    "config": {
        "model": "GammaExpParametrization",
        "intervals_del": [
            -100000000.0,
            -1e-05,
            1000
        ],
        "intervals_ben": [
            1e-05,
            10000.0,
            1000
        ],
        "intervals_h": [
            0.0,
            1.0,
            21
        ],
        "h_callback": null,
        "integration_mode": "midpoint",
        "linearized": true,
        "seed": 0,
        "opts_mle": {},
        "method_mle": "L-BFGS-B",
        "n_runs": 100,
        "x0": {
            "all": {
                "S_d": -1000,
                "b": 0.4,
                "p_b": 0.05,
                "S_b": 1,
                "eps": 0.0,
                "h": 0.5
            }
        },
        "bounds": {
            "S_d": [
                -100000.0,
                -0.01
            ],
            "b": [
                0.01,
                10
            ],
            "p_b": [
                0,
                0.5
            ],
            "S_b": [
                0.0001,
                100
            ],
            "eps": [
                0,
                0.15
            ],
            "h": [
                0,
                0.5
            ]
        },
        "scales": {
            "S_d": "log",
            "b": "log",
            "p_b": "lin",
            "S_b": "log",
            "eps": "lin",
            "h": "lin"
        },
        "fixed_params": {
            "all": {
                "eps": 0,
                "h": 0.5
            }
        },
        "shared_params": [],
        "covariates": [],
        "sfs_neut": {
            "all": [
                999425087.0,
                57902.31934647169,
                29861.49766045368,
                21262.101534491587,
                17681.914111432692,
                16030.442971195123,
                14949.830080507076,
                13741.370844735988,
                12258.819908281035,
                10748.106048444664,
                9533.134300876249,
                8741.470735771516,
                8221.037115621675,
                7655.240867055476,
                6787.192152945287,
                5603.511348244652,
                4333.254504195244,
                3259.526839094504,
                2521.100721433023,
                2076.6864661400045,
                25138.28785142367
            ]
        },
        "sfs_sel": {
            "all": [
                999584730.0,
                39990.144054543984,
                18784.274264112657,
                12762.424353736356,
                10302.43978553356,
                9163.782919136447,
                8440.896134593062,
                7686.794505890391,
                6796.1890876451125,
                5896.7895829353,
                5166.236173570082,
                4677.07237794598,
                4350.522010035484,
                4019.040349605767,
                3545.7629597412874,
                2920.721027239417,
                2259.2414917967444,
                1702.8780557867049,
                1317.2845987422318,
                1078.6986103929207,
                12730.385969658828
            ]
        },
        "do_bootstrap": true,
        "n_bootstraps": 100,
        "n_bootstrap_retries": 2,
        "parallelize": true,
        "loss_type": "likelihood"
    }
}