{
    "output_file": "/scratch/38996468/tmp2hu7u289",
    "model": "C",
    "likelihood": -136.8941,
    "criteria": 0.00068,
    "params_mle": {
        "eps": 0.007767075,
        "eps_cont": 0,
        "lambda": 0,
        "theta_bar": 0.007643679,
        "a": -1,
        "S_d": -95466.87,
        "b": 0.1467792,
        "p_b": 0.01368253,
        "S_b": 16.70038,
        "r": [
            0.8087535,
            0.714837,
            0.6916725,
            0.5618302,
            0.5420124,
            0.5753993,
            0.543587,
            0.4468614,
            0.4468149,
            0.5492523,
            0.5003663,
            0.4771861,
            0.4360754,
            0.521039,
            0.4446458,
            0.5921532,
            0.6619421,
            0.8442239
        ]
    },
    "n": 20,
    "expec": [
        {
            "E[P_z(1)]": 0.007586948,
            "E[P_z(2)]": 0.003069102,
            "E[P_z(3)]": 0.00180925,
            "E[P_z(4)]": 0.001313114,
            "E[P_z(5)]": 0.0008542811,
            "E[P_z(6)]": 0.0006869809,
            "E[P_z(7)]": 0.0006256088,
            "E[P_z(8)]": 0.0005178171,
            "E[P_z(9)]": 0.0003795351,
            "E[P_z(10)]": 0.000341531,
            "E[P_z(11)]": 0.0003816477,
            "E[P_z(12)]": 0.0003202785,
            "E[P_z(13)]": 0.0002832745,
            "E[P_z(14)]": 0.0002416011,
            "E[P_z(15)]": 0.0002701191,
            "E[P_z(16)]": 0.0002210367,
            "E[P_z(17)]": 0.0002783272,
            "E[P_z(18)]": 0.0003029172,
            "E[P_z(19)]": 0.0003963614,
            "E[D_z]": null,
            "E[mis_z]": null
        },
        {
            "E[P_z(1)]": 0.001942256,
            "E[P_z(2)]": 0.0006857073,
            "E[P_z(3)]": 0.0003807239,
            "E[P_z(4)]": 0.0002665372,
            "E[P_z(5)]": 0.0001692473,
            "E[P_z(6)]": 0.000133801,
            "E[P_z(7)]": 0.0001203993,
            "E[P_z(8)]": 9.88652e-05,
            "E[P_z(9)]": 7.21387e-05,
            "E[P_z(10)]": 6.48346e-05,
            "E[P_z(11)]": 7.26015e-05,
            "E[P_z(12)]": 6.1276e-05,
            "E[P_z(13)]": 5.47375e-05,
            "E[P_z(14)]": 4.73975e-05,
            "E[P_z(15)]": 5.41704e-05,
            "E[P_z(16)]": 4.57266e-05,
            "E[P_z(17)]": 6.0248e-05,
            "E[P_z(18)]": 7.01905e-05,
            "E[P_z(19)]": 0.0001039358,
            "E[D_z]": null,
            "E[mis_z]": null
        }
    ],
    "alpha": 0.6063847242269284,
    "execution_time": 1529.9542140960693
}