{
    "output_file": "/scratch/38995599/tmpqvk4s1pd",
    "model": "C",
    "likelihood": -151.7919,
    "criteria": 8e-05,
    "params_mle": {
        "eps": 0,
        "eps_cont": 0,
        "lambda": 0,
        "theta_bar": 0.0008768282,
        "a": -1,
        "S_d": -197.0552,
        "b": 0.4214053,
        "p_b": 0,
        "S_b": 1,
        "r": [
            1.147596,
            1.103131,
            1.22583,
            1.267772,
            0.896985,
            1.104866,
            0.8628302,
            1.31003,
            1.353774,
            1.122326,
            1.111705,
            1.502212,
            1.254225,
            1.065723,
            1.045234,
            1.309404,
            1.139443,
            1.476184
        ]
    },
    "n": 20,
    "expec": [
        {
            "E[P_z(1)]": 0.0008768282,
            "E[P_z(2)]": 0.0005031222,
            "E[P_z(3)]": 0.0003224188,
            "E[P_z(4)]": 0.0002687105,
            "E[P_z(5)]": 0.0002223237,
            "E[P_z(6)]": 0.0001310836,
            "E[P_z(7)]": 0.0001383968,
            "E[P_z(8)]": 9.45692e-05,
            "E[P_z(9)]": 0.0001276302,
            "E[P_z(10)]": 0.0001187027,
            "E[P_z(11)]": 8.94625e-05,
            "E[P_z(12)]": 8.12312e-05,
            "E[P_z(13)]": 0.0001013217,
            "E[P_z(14)]": 7.85528e-05,
            "E[P_z(15)]": 6.2297e-05,
            "E[P_z(16)]": 5.72807e-05,
            "E[P_z(17)]": 6.75366e-05,
            "E[P_z(18)]": 5.55053e-05,
            "E[P_z(19)]": 6.81242e-05,
            "E[D_z]": null,
            "E[mis_z]": null
        },
        {
            "E[P_z(1)]": 0.0003153913,
            "E[P_z(2)]": 0.0001219594,
            "E[P_z(3)]": 6.38621e-05,
            "E[P_z(4)]": 4.67632e-05,
            "E[P_z(5)]": 3.52257e-05,
            "E[P_z(6)]": 1.93051e-05,
            "E[P_z(7)]": 1.92012e-05,
            "E[P_z(8)]": 1.24766e-05,
            "E[P_z(9)]": 1.61221e-05,
            "E[P_z(10)]": 1.4432e-05,
            "E[P_z(11)]": 1.05123e-05,
            "E[P_z(12)]": 9.2557e-06,
            "E[P_z(13)]": 1.12255e-05,
            "E[P_z(14)]": 8.4815e-06,
            "E[P_z(15)]": 6.5679e-06,
            "E[P_z(16)]": 5.9066e-06,
            "E[P_z(17)]": 6.8213e-06,
            "E[P_z(18)]": 5.4981e-06,
            "E[P_z(19)]": 6.6253e-06,
            "E[D_z]": null,
            "E[mis_z]": null
        }
    ],
    "alpha": 0.0,
    "execution_time": 85.27506899833679
}