{
    "py/object": "fastdfe.polydfe.PolyDFE",
    "logger": {
        "py/reduce": [
            {
                "py/function": "logging.getLogger"
            },
            {
                "py/tuple": [
                    "fastdfe.PolyDFE"
                ]
            }
        ]
    },
    "bootstraps": null,
    "config": {
        "py/object": "fastdfe.config.Config",
        "data": {
            "model": "GammaExpParametrization",
            "intervals_del": {
                "py/tuple": [
                    -100000000.0,
                    -1e-05,
                    1000
                ]
            },
            "intervals_ben": {
                "py/tuple": [
                    1e-05,
                    10000.0,
                    1000
                ]
            },
            "integration_mode": "midpoint",
            "linearized": true,
            "seed": 0,
            "opts_mle": {},
            "n_runs": 10,
            "x0": {
                "all": {
                    "S_b": 0.05627203,
                    "S_d": -26.88451,
                    "a": -1,
                    "b": 0.1464485,
                    "eps": 4.50288e-06,
                    "eps_cont": 0,
                    "lambda": 0,
                    "p_b": 0.004419742,
                    "r": [
                        0.4932568,
                        0.4490162,
                        0.411058,
                        0.4293708,
                        0.4059378,
                        0.3950674,
                        0.4836194,
                        0.4412304,
                        0.4459431,
                        0.5171633,
                        0.4880109,
                        0.499798,
                        0.5114526,
                        0.4705895,
                        0.3840001,
                        0.3914661,
                        0.4942643,
                        0.4410675,
                        0.4295933,
                        0.3836019,
                        0.3386893,
                        0.4566943,
                        0.4425798,
                        0.4623484,
                        0.424307,
                        0.4116725,
                        0.4906384,
                        0.4335386,
                        0.4045893,
                        0.5819833,
                        0.4816641,
                        0.5724359,
                        0.5396078,
                        0.5300813,
                        0.62822,
                        0.8578236,
                        0.810246,
                        2.052769
                    ],
                    "theta_bar": 0.001050261
                }
            },
            "bounds": {},
            "scales": {},
            "fixed_params": {},
            "shared_params": [],
            "covariates": [],
            "sfs_neut": {
                "py/object": "fastdfe.spectrum.Spectra",
                "data": {
                    "all": [
                        1037945.33330917,
                        1091.0,
                        282.0,
                        156.0,
                        140.0,
                        95.0,
                        91.0,
                        45.0,
                        69.0,
                        50.0,
                        42.0,
                        53.0,
                        46.0,
                        43.0,
                        47.0,
                        32.0,
                        24.0,
                        30.0,
                        37.0,
                        23.0,
                        25.0,
                        18.0,
                        11.0,
                        16.0,
                        13.0,
                        25.0,
                        14.0,
                        10.0,
                        15.0,
                        18.0,
                        25.0,
                        19.0,
                        14.0,
                        16.0,
                        15.0,
                        17.0,
                        17.0,
                        18.0,
                        16.0,
                        42.0,
                        0.0
                    ]
                }
            },
            "sfs_sel": {
                "py/object": "fastdfe.spectrum.Spectra",
                "data": {
                    "all": [
                        2843520.66669083,
                        2522.0,
                        530.0,
                        307.0,
                        198.0,
                        186.0,
                        119.0,
                        103.0,
                        104.0,
                        96.0,
                        85.0,
                        74.0,
                        59.0,
                        78.0,
                        63.0,
                        50.0,
                        33.0,
                        40.0,
                        53.0,
                        49.0,
                        30.0,
                        32.0,
                        30.0,
                        39.0,
                        26.0,
                        19.0,
                        21.0,
                        26.0,
                        27.0,
                        25.0,
                        16.0,
                        29.0,
                        25.0,
                        30.0,
                        26.0,
                        28.0,
                        21.0,
                        33.0,
                        39.0,
                        62.0,
                        0.0
                    ]
                }
            },
            "do_bootstrap": false,
            "n_bootstraps": 10,
            "parallelize": false,
            "loss_type": "likelihood"
        }
    },
    "output_file": null,
    "execution_time": 1923.216284751892,
    "summary": {
        "py/object": "fastdfe.polydfe.PolyDFEResult",
        "output_file": "results/polydfe/hgdp/inference/1/opts.n.40.config.default/bootstraps/10/all.polydfe.txt",
        "postprocessing_source": "../resources/polydfe/postprocessing/script.R",
        "data": {
            "output_file": "/scratch/40841817/tmp3e_1tc7j",
            "model": "C",
            "likelihood": -244.1184,
            "criteria": 0.00032,
            "params_mle": {
                "eps": 4.50371e-06,
                "eps_cont": 0,
                "lambda": 0,
                "theta_bar": 0.001079123,
                "a": -1,
                "S_d": -38.02478,
                "b": 0.1254266,
                "p_b": 0.00445165,
                "S_b": 0.05642478,
                "r": [
                    0.4783137,
                    0.4236375,
                    0.4221387,
                    0.4463546,
                    0.4057986,
                    0.3374179,
                    0.4550547,
                    0.4355975,
                    0.4240618,
                    0.4694795,
                    0.4259193,
                    0.5344906,
                    0.5258194,
                    0.4218711,
                    0.314053,
                    0.4114578,
                    0.5621395,
                    0.4763379,
                    0.3842227,
                    0.3678627,
                    0.3169314,
                    0.4457129,
                    0.3306741,
                    0.3896009,
                    0.3230506,
                    0.3458577,
                    0.4193903,
                    0.4456015,
                    0.4404438,
                    0.5339193,
                    0.4486608,
                    0.5467149,
                    0.5029767,
                    0.5691932,
                    0.4952915,
                    0.684447,
                    0.7591082,
                    1.475402
                ]
            },