{
    "output_file": "/scratch/40840263/tmpbw9oi0tu",
    "model": "C",
    "likelihood": -70.46768,
    "criteria": 0.00023,
    "params_mle": {
        "eps": 4.49986e-06,
        "eps_cont": 0,
        "lambda": 0,
        "theta_bar": 0.000710323,
        "a": -1,
        "S_d": -11.67986,
        "b": 0.168032,
        "p_b": 0.0009290059,
        "S_b": 0.007920062,
        "r": [
            0.7702699,
            0.7905147,
            0.8212276,
            0.7555236,
            0.7951891,
            0.8260249,
            0.6551885,
            0.9348653
        ]
    },
    "n": 10,
    "expec": [
        {
            "E[P_z(1)]": 0.0007103201,
            "E[P_z(2)]": 0.0002735692,
            "E[P_z(3)]": 0.0001871731,
            "E[P_z(4)]": 0.000145834,
            "E[P_z(5)]": 0.0001073332,
            "E[P_z(6)]": 9.41404e-05,
            "E[P_z(7)]": 8.38211e-05,
            "E[P_z(8)]": 5.81754e-05,
            "E[P_z(9)]": 7.37869e-05,
            "E[D_z]": null,
            "E[mis_z]": null
        },
        {
            "E[P_z(1)]": 0.0005511139,
            "E[P_z(2)]": 0.0001895483,
            "E[P_z(3)]": 0.000121513,
            "E[P_z(4)]": 9.05795e-05,
            "E[P_z(5)]": 6.44896e-05,
            "E[P_z(6)]": 5.50844e-05,
            "E[P_z(7)]": 4.79773e-05,
            "E[P_z(8)]": 3.26757e-05,
            "E[P_z(9)]": 4.07656e-05,
            "E[D_z]": null,
            "E[mis_z]": null
        }
    ],
    "alpha": 0.0026687109157867215,
    "execution_time": 126.12582468986511
}