{
    "output_file": "/scratch/38996106/tmp_96g24uo",
    "model": "C",
    "likelihood": -139.4281,
    "criteria": 6e-05,
    "params_mle": {
        "eps": 0.02052504,
        "eps_cont": 0,
        "lambda": 0,
        "theta_bar": 0.0008883409,
        "a": -1,
        "S_d": -254.5852,
        "b": 0.3763583,
        "p_b": 0,
        "S_b": 1,
        "r": [
            1.063524,
            1.165153,
            1.066838,
            1.167463,
            0.8808013,
            1.264292,
            0.8054744,
            1.252963,
            0.9899533,
            0.824308,
            0.8853709,
            1.194659,
            1.100863,
            0.9102954,
            0.8975591,
            1.235281,
            1.105643,
            0.7985193
        ]
    },
    "n": 20,
    "expec": [
        {
            "E[P_z(1)]": 0.0008708739,
            "E[P_z(2)]": 0.0004638102,
            "E[P_z(3)]": 0.0003392611,
            "E[P_z(4)]": 0.0002330887,
            "E[P_z(5)]": 0.0002042702,
            "E[P_z(6)]": 0.0001291657,
            "E[P_z(7)]": 0.0001588285,
            "E[P_z(8)]": 8.89514e-05,
            "E[P_z(9)]": 0.000122501,
            "E[P_z(10)]": 8.79416e-05,
            "E[P_z(11)]": 6.77417e-05,
            "E[P_z(12)]": 6.60331e-05,
            "E[P_z(13)]": 8.32533e-05,
            "E[P_z(14)]": 7.10959e-05,
            "E[P_z(15)]": 5.7061e-05,
            "E[P_z(16)]": 5.36738e-05,
            "E[P_z(17)]": 7.03066e-05,
            "E[P_z(18)]": 6.31418e-05,
            "E[P_z(19)]": 5.48015e-05,
            "E[D_z]": null,
            "E[mis_z]": null
        },
        {
            "E[P_z(1)]": 0.0003083374,
            "E[P_z(2)]": 0.0001140527,
            "E[P_z(3)]": 6.95741e-05,
            "E[P_z(4)]": 4.25925e-05,
            "E[P_z(5)]": 3.43297e-05,
            "E[P_z(6)]": 2.03158e-05,
            "E[P_z(7)]": 2.37033e-05,
            "E[P_z(8)]": 1.26922e-05,
            "E[P_z(9)]": 1.68327e-05,
            "E[P_z(10)]": 1.1686e-05,
            "E[P_z(11)]": 8.753e-06,
            "E[P_z(12)]": 8.3118e-06,
            "E[P_z(13)]": 1.02695e-05,
            "E[P_z(14)]": 8.5971e-06,
            "E[P_z(15)]": 6.8925e-06,
            "E[P_z(16)]": 6.4865e-06,
            "E[P_z(17)]": 8.5704e-06,
            "E[P_z(18)]": 8.2983e-06,
            "E[P_z(19)]": 1.04377e-05,
            "E[D_z]": null,
            "E[mis_z]": null
        }
    ],
    "alpha": 0.0,
    "execution_time": 127.27705836296082
}