{
    "output_file": "/scratch/38995940/tmp1bd6nlk7",
    "model": "C",
    "likelihood": -272.0285,
    "criteria": 0.0001,
    "params_mle": {
        "eps": 0,
        "eps_cont": 0,
        "lambda": 0,
        "theta_bar": 0.003192592,
        "a": -1,
        "S_d": -123.6785,
        "b": 0.3093911,
        "p_b": 0,
        "S_b": 1,
        "r": [
            0.9555875,
            0.9165345,
            0.917908,
            0.9375632,
            0.9218074,
            0.909321,
            0.8989883,
            0.886413,
            0.9792978,
            0.9444968,
            0.8907385,
            0.8402052,
            0.9521423,
            0.9187261,
            1.004863,
            1.207985,
            1.253702,
            1.50044
        ]
    },
    "n": 20,
    "expec": [
        {
            "E[P_z(1)]": 0.003192592,
            "E[P_z(2)]": 0.001525401,
            "E[P_z(3)]": 0.0009753737,
            "E[P_z(4)]": 0.0007326266,
            "E[P_z(5)]": 0.0005986514,
            "E[P_z(6)]": 0.0004904925,
            "E[P_z(7)]": 0.0004147273,
            "E[P_z(8)]": 0.0003587629,
            "E[P_z(9)]": 0.0003144395,
            "E[P_z(10)]": 0.0003126499,
            "E[P_z(11)]": 0.0002741267,
            "E[P_z(12)]": 0.0002369804,
            "E[P_z(13)]": 0.000206341,
            "E[P_z(14)]": 0.0002171287,
            "E[P_z(15)]": 0.0001955412,
            "E[P_z(16)]": 0.0002005073,
            "E[P_z(17)]": 0.000226859,
            "E[P_z(18)]": 0.0002223645,
            "E[P_z(19)]": 0.0002521207,
            "E[D_z]": null,
            "E[mis_z]": null
        },
        {
            "E[P_z(1)]": 0.001543798,
            "E[P_z(2)]": 0.0005612009,
            "E[P_z(3)]": 0.0003112094,
            "E[P_z(4)]": 0.0002131251,
            "E[P_z(5)]": 0.0001627827,
            "E[P_z(6)]": 0.0001265025,
            "E[P_z(7)]": 0.0001024244,
            "E[P_z(8)]": 8.54125e-05,
            "E[P_z(9)]": 7.25203e-05,
            "E[P_z(10)]": 7.01168e-05,
            "E[P_z(11)]": 5.9958e-05,
            "E[P_z(12)]": 5.06736e-05,
            "E[P_z(13)]": 4.32201e-05,
            "E[P_z(14)]": 4.46239e-05,
            "E[P_z(15)]": 3.94865e-05,
            "E[P_z(16)]": 3.98314e-05,
            "E[P_z(17)]": 4.43805e-05,
            "E[P_z(18)]": 4.28788e-05,
            "E[P_z(19)]": 4.79601e-05,
            "E[D_z]": null,
            "E[mis_z]": null
        }
    ],
    "alpha": 0.0,
    "execution_time": 80.04918098449707
}