{
    "output_file": "/scratch/38996049/tmp6tbuzk83",
    "model": "C",
    "likelihood": -251.2665,
    "criteria": 7e-05,
    "params_mle": {
        "eps": 0,
        "eps_cont": 0,
        "lambda": 0,
        "theta_bar": 0.003209971,
        "a": -1,
        "S_d": -106.5633,
        "b": 0.3326131,
        "p_b": 0,
        "S_b": 1,
        "r": [
            0.9139329,
            0.908832,
            0.9836724,
            0.9693669,
            0.8273055,
            0.891663,
            0.9073805,
            0.8801305,
            1.03883,
            0.8876017,
            1.002823,
            0.9386569,
            0.8950226,
            0.98045,
            0.9825673,
            1.182721,
            1.306248,
            1.577889
        ]
    },
    "n": 20,
    "expec": [
        {
            "E[P_z(1)]": 0.003209971,
            "E[P_z(2)]": 0.001466849,
            "E[P_z(3)]": 0.0009724414,
            "E[P_z(4)]": 0.00078939,
            "E[P_z(5)]": 0.0006223279,
            "E[P_z(6)]": 0.0004426044,
            "E[P_z(7)]": 0.0004088875,
            "E[P_z(8)]": 0.0003640831,
            "E[P_z(9)]": 0.0003139104,
            "E[P_z(10)]": 0.0003334613,
            "E[P_z(11)]": 0.000259016,
            "E[P_z(12)]": 0.0002682527,
            "E[P_z(13)]": 0.0002317739,
            "E[P_z(14)]": 0.000205214,
            "E[P_z(15)]": 0.0002098144,
            "E[P_z(16)]": 0.0001971258,
            "E[P_z(17)]": 0.0002233235,
            "E[P_z(18)]": 0.0002329455,
            "E[P_z(19)]": 0.0002665777,
            "E[D_z]": null,
            "E[mis_z]": null
        },
        {
            "E[P_z(1)]": 0.001564677,
            "E[P_z(2)]": 0.0005370503,
            "E[P_z(3)]": 0.0003058536,
            "E[P_z(4)]": 0.0002248702,
            "E[P_z(5)]": 0.0001648906,
            "E[P_z(6)]": 0.0001107987,
            "E[P_z(7)]": 9.77036e-05,
            "E[P_z(8)]": 8.36391e-05,
            "E[P_z(9)]": 6.96965e-05,
            "E[P_z(10)]": 7.18461e-05,
            "E[P_z(11)]": 5.43279e-05,
            "E[P_z(12)]": 5.49159e-05,
            "E[P_z(13)]": 4.64086e-05,
            "E[P_z(14)]": 4.02618e-05,
            "E[P_z(15)]": 4.03952e-05,
            "E[P_z(16)]": 3.72915e-05,
            "E[P_z(17)]": 4.15587e-05,
            "E[P_z(18)]": 4.26848e-05,
            "E[P_z(19)]": 4.81407e-05,
            "E[D_z]": null,
            "E[mis_z]": null
        }
    ],
    "alpha": 0.0,
    "execution_time": 100.66298604011536
}