{
    "output_file": "/scratch/40840771/tmpex0xcks5",
    "model": "C",
    "likelihood": -106.5815,
    "criteria": 0.00561,
    "params_mle": {
        "eps": 4.50183e-06,
        "eps_cont": 0,
        "lambda": 0,
        "theta_bar": 0.0008803327,
        "a": -1,
        "S_d": -60.13471,
        "b": 0.1078202,
        "p_b": 0.01061599,
        "S_b": 0.09644861,
        "r": [
            0.6319703,
            0.6104985,
            0.6913572,
            0.5250418,
            0.7216945,
            0.673161,
            0.6411718,
            0.7121838,
            0.4734272,
            0.6694932,
            0.6045338,
            0.7386627,
            1.200638
        ]
    },
    "n": 15,
    "expec": [
        {
            "E[P_z(1)]": 0.0008803291,
            "E[P_z(2)]": 0.000278171,
            "E[P_z(3)]": 0.0001791467,
            "E[P_z(4)]": 0.0001521556,
            "E[P_z(5)]": 9.24421e-05,
            "E[P_z(6)]": 0.0001058884,
            "E[P_z(7)]": 8.46579e-05,
            "E[P_z(8)]": 7.05556e-05,
            "E[P_z(9)]": 6.96622e-05,
            "E[P_z(10)]": 4.16776e-05,
            "E[P_z(11)]": 5.35801e-05,
            "E[P_z(12)]": 4.43498e-05,
            "E[P_z(13)]": 5.00217e-05,
            "E[P_z(14)]": 7.55008e-05,
            "E[D_z]": null,
            "E[mis_z]": null
        },
        {
            "E[P_z(1)]": 0.0006432908,
            "E[P_z(2)]": 0.0001853791,
            "E[P_z(3)]": 0.0001139546,
            "E[P_z(4)]": 9.38981e-05,
            "E[P_z(5)]": 5.57916e-05,
            "E[P_z(6)]": 6.27951e-05,
            "E[P_z(7)]": 4.94835e-05,
            "E[P_z(8)]": 4.07356e-05,
            "E[P_z(9)]": 3.97916e-05,
            "E[P_z(10)]": 2.35821e-05,
            "E[P_z(11)]": 3.00602e-05,
            "E[P_z(12)]": 2.46906e-05,
            "E[P_z(13)]": 2.76525e-05,
            "E[P_z(14)]": 4.14675e-05,
            "E[D_z]": null,
            "E[mis_z]": null
        }
    ],
    "alpha": 0.021826143060559074,
    "execution_time": 172.85714030265808
}