{
    "output_file": "/scratch/38995924/tmpfpnw91d2",
    "model": "C",
    "likelihood": -151.8985,
    "criteria": 7e-05,
    "params_mle": {
        "eps": 0.01143845,
        "eps_cont": 0,
        "lambda": 0,
        "theta_bar": 0.0009231469,
        "a": -1,
        "S_d": -386.1785,
        "b": 0.3350123,
        "p_b": 0,
        "S_b": 1,
        "r": [
            1.13614,
            1.053088,
            1.193015,
            1.219534,
            1.013178,
            1.097592,
            0.9039888,
            1.144017,
            1.06251,
            0.8152839,
            0.8216763,
            1.412809,
            0.9606328,
            1.005373,
            0.8496835,
            1.283556,
            1.059888,
            0.7737745
        ]
    },
    "n": 20,
    "expec": [
        {
            "E[P_z(1)]": 0.0009130175,
            "E[P_z(2)]": 0.0005190353,
            "E[P_z(3)]": 0.0003211422,
            "E[P_z(4)]": 0.0002727433,
            "E[P_z(5)]": 0.0002232941,
            "E[P_z(6)]": 0.0001548268,
            "E[P_z(7)]": 0.0001442402,
            "E[P_z(8)]": 0.0001038441,
            "E[P_z(9)]": 0.0001167844,
            "E[P_z(10)]": 9.80853e-05,
            "E[P_z(11)]": 6.89802e-05,
            "E[P_z(12)]": 6.36808e-05,
            "E[P_z(13)]": 0.0001008335,
            "E[P_z(14)]": 6.44018e-05,
            "E[P_z(15)]": 6.37416e-05,
            "E[P_z(16)]": 5.16125e-05,
            "E[P_z(17)]": 7.261e-05,
            "E[P_z(18)]": 5.97341e-05,
            "E[P_z(19)]": 4.77245e-05,
            "E[D_z]": null,
            "E[mis_z]": null
        },
        {
            "E[P_z(1)]": 0.0003075375,
            "E[P_z(2)]": 0.0001249551,
            "E[P_z(3)]": 6.57318e-05,
            "E[P_z(4)]": 5.03918e-05,
            "E[P_z(5)]": 3.82908e-05,
            "E[P_z(6)]": 2.50497e-05,
            "E[P_z(7)]": 2.22499e-05,
            "E[P_z(8)]": 1.53982e-05,
            "E[P_z(9)]": 1.67344e-05,
            "E[P_z(10)]": 1.36382e-05,
            "E[P_z(11)]": 9.3446e-06,
            "E[P_z(12)]": 8.4269e-06,
            "E[P_z(13)]": 1.30592e-05,
            "E[P_z(14)]": 8.2077e-06,
            "E[P_z(15)]": 8.031e-06,
            "E[P_z(16)]": 6.4893e-06,
            "E[P_z(17)]": 9.0195e-06,
            "E[P_z(18)]": 7.7869e-06,
            "E[P_z(19)]": 7.88e-06,
            "E[D_z]": null,
            "E[mis_z]": null
        }
    ],
    "alpha": 0.0,
    "execution_time": 225.38782930374146
}