{
    "output_file": "/scratch/40840069/tmpyjd1ejfb",
    "model": "C",
    "likelihood": -30.84262,
    "criteria": 9e-05,
    "params_mle": {
        "eps": 4.48763e-06,
        "eps_cont": 0,
        "lambda": 0,
        "theta_bar": 0.0006346715,
        "a": -1,
        "S_d": -35625.76,
        "b": 0.04430653,
        "p_b": 0.01762461,
        "S_b": 0.1346749,
        "r": [
            0.8631953,
            0.8637795,
            0.7697623
        ]
    },
    "n": 5,
    "expec": [
        {
            "E[P_z(1)]": 0.0006346692,
            "E[P_z(2)]": 0.0002739223,
            "E[P_z(3)]": 0.0001827392,
            "E[P_z(4)]": 0.0001221388,
            "E[D_z]": null,
            "E[mis_z]": null
        },
        {
            "E[P_z(1)]": 0.0003931749,
            "E[P_z(2)]": 0.0001633597,
            "E[P_z(3)]": 0.0001070535,
            "E[P_z(4)]": 7.07367e-05,
            "E[D_z]": null,
            "E[mis_z]": null
        }
    ],
    "alpha": 0.04186775728478538,
    "execution_time": 81.88394570350647
}