{
    "output_file": "/scratch/38996111/tmpfvo3a5gy",
    "model": "C",
    "likelihood": -144.9172,
    "criteria": 7e-05,
    "params_mle": {
        "eps": 0.0168262,
        "eps_cont": 0,
        "lambda": 0,
        "theta_bar": 0.000886952,
        "a": -1,
        "S_d": -271.9836,
        "b": 0.3481451,
        "p_b": 0,
        "S_b": 1,
        "r": [
            1.063198,
            1.031662,
            1.219931,
            1.186867,
            0.9131526,
            0.9011423,
            0.9058301,
            1.297625,
            0.9932064,
            1.004943,
            0.9167008,
            1.462379,
            1.095275,
            1.138705,
            0.7800823,
            1.189599,
            0.8951223,
            0.7112019
        ]
    },
    "n": 20,
    "expec": [
        {
            "E[P_z(1)]": 0.0008725866,
            "E[P_z(2)]": 0.0004643115,
            "E[P_z(3)]": 0.0003009237,
            "E[P_z(4)]": 0.0002666811,
            "E[P_z(5)]": 0.0002081292,
            "E[P_z(6)]": 0.0001338833,
            "E[P_z(7)]": 0.000113939,
            "E[P_z(8)]": 9.98787e-05,
            "E[P_z(9)]": 0.0001270929,
            "E[P_z(10)]": 8.80926e-05,
            "E[P_z(11)]": 8.18189e-05,
            "E[P_z(12)]": 6.83056e-05,
            "E[P_z(13)]": 0.0001000163,
            "E[P_z(14)]": 7.04935e-05,
            "E[P_z(15)]": 6.97414e-05,
            "E[P_z(16)]": 4.70674e-05,
            "E[P_z(17)]": 6.61536e-05,
            "E[P_z(18)]": 5.12987e-05,
            "E[P_z(19)]": 4.75655e-05,
            "E[D_z]": null,
            "E[mis_z]": null
        },
        {
            "E[P_z(1)]": 0.0003181781,
            "E[P_z(2)]": 0.0001206825,
            "E[P_z(3)]": 6.61423e-05,
            "E[P_z(4)]": 5.27233e-05,
            "E[P_z(5)]": 3.80676e-05,
            "E[P_z(6)]": 2.30469e-05,
            "E[P_z(7)]": 1.86617e-05,
            "E[P_z(8)]": 1.57117e-05,
            "E[P_z(9)]": 1.93002e-05,
            "E[P_z(10)]": 1.29692e-05,
            "E[P_z(11)]": 1.17291e-05,
            "E[P_z(12)]": 9.5601e-06,
            "E[P_z(13)]": 1.36864e-05,
            "E[P_z(14)]": 9.494e-06,
            "E[P_z(15)]": 9.3081e-06,
            "E[P_z(16)]": 6.3604e-06,
            "E[P_z(17)]": 8.8319e-06,
            "E[P_z(18)]": 7.4495e-06,
            "E[P_z(19)]": 9.4366e-06,
            "E[D_z]": null,
            "E[mis_z]": null
        }
    ],
    "alpha": 0.0,
    "execution_time": 173.39688992500305
}