{
    "output_file": "/scratch/40840238/tmpcii8wem2",
    "model": "C",
    "likelihood": -31.21354,
    "criteria": 6e-05,
    "params_mle": {
        "eps": 4.49575e-06,
        "eps_cont": 0,
        "lambda": 0,
        "theta_bar": 0.0005911761,
        "a": -1,
        "S_d": -18.30358,
        "b": 0.1648989,
        "p_b": 0.0147251,
        "S_b": 0.1280259,
        "r": [
            0.9261741,
            0.8739432,
            0.9174722
        ]
    },
    "n": 5,
    "expec": [
        {
            "E[P_z(1)]": 0.0005911741,
            "E[P_z(2)]": 0.0002737656,
            "E[P_z(3)]": 0.0001722186,
            "E[P_z(4)]": 0.000135599,
            "E[D_z]": null,
            "E[mis_z]": null
        },
        {
            "E[P_z(1)]": 0.0004054806,
            "E[P_z(2)]": 0.0001653552,
            "E[P_z(3)]": 9.74145e-05,
            "E[P_z(4)]": 7.3474e-05,
            "E[D_z]": null,
            "E[mis_z]": null
        }
    ],
    "alpha": 0.031683711183012477,
    "execution_time": 13.549495935440063
}