{
    "py/object": "fastdfe.polydfe.PolyDFE",
    "logger": {
        "py/reduce": [
            {
                "py/function": "logging.getLogger"
            },
            {
                "py/tuple": [
                    "fastdfe.PolyDFE"
                ]
            }
        ]
    },
    "bootstraps": null,
    "config": {
        "py/object": "fastdfe.config.Config",
        "data": {
            "model": "GammaExpParametrization",
            "intervals_del": {
                "py/tuple": [
                    -100000000.0,
                    -1e-05,
                    1000
                ]
            },
            "intervals_ben": {
                "py/tuple": [
                    1e-05,
                    10000.0,
                    1000
                ]
            },
            "integration_mode": "midpoint",
            "linearized": true,
            "seed": 0,
            "opts_mle": {},
            "n_runs": 10,
            "x0": {
                "all": {
                    "S_b": 0.05328228,
                    "S_d": -33.44406,
                    "a": -1,
                    "b": 0.1398527,
                    "eps": 4.50451e-06,
                    "eps_cont": 0,
                    "lambda": 0,
                    "p_b": 0.005009714,
                    "r": [
                        0.5834314,
                        0.499803,
                        0.5581096,
                        0.5076067,
                        0.557493,
                        0.6522272,
                        0.6050956,
                        0.5227928,
                        0.5765882,
                        0.4982845,
                        0.5150672,
                        0.5206269,
                        0.482151,
                        0.5460091,
                        0.5199818,
                        0.523935,
                        0.5814646,
                        0.6159988,
                        0.7697745,
                        0.7047025,
                        0.6593795,
                        0.914738,
                        1.558127
                    ],
                    "theta_bar": 0.0008647194
                }
            },
            "bounds": {},
            "scales": {},
            "fixed_params": {},
            "shared_params": [],
            "covariates": [],
            "sfs_neut": {
                "py/object": "fastdfe.spectrum.Spectra",
                "data": {
                    "all": [
                        1039300.17546773,
                        913.0,
                        259.0,
                        137.0,
                        145.0,
                        77.0,
                        94.0,
                        79.0,
                        68.0,
                        56.0,
                        64.0,
                        40.0,
                        40.0,
                        44.0,
                        40.0,
                        44.0,
                        30.0,
                        42.0,
                        35.0,
                        36.0,
                        50.0,
                        29.0,
                        29.0,
                        22.0,
                        53.0,
                        0.0
                    ]
                }
            },
            "sfs_sel": {
                "py/object": "fastdfe.spectrum.Spectra",
                "data": {
                    "all": [
                        2843581.82453227,
                        1926.0,
                        493.0,
                        267.0,
                        170.0,
                        154.0,
                        140.0,
                        145.0,
                        124.0,
                        89.0,
                        80.0,
                        50.0,
                        51.0,
                        53.0,
                        46.0,
                        44.0,
                        51.0,
                        37.0,
                        50.0,
                        25.0,
                        36.0,
                        33.0,
                        34.0,
                        60.0,
                        93.0,
                        0.0
                    ]
                }
            },
            "do_bootstrap": false,
            "n_bootstraps": 10,
            "parallelize": false,
            "loss_type": "likelihood"
        }
    },
    "output_file": null,
    "execution_time": 492.62992334365845,
    "summary": {
        "py/object": "fastdfe.polydfe.PolyDFEResult",
        "output_file": "results/polydfe/hgdp/inference/1/opts.n.25.config.default/bootstraps/4/all.polydfe.txt",
        "postprocessing_source": "../resources/polydfe/postprocessing/script.R",
        "data": {
            "output_file": "/scratch/40841551/tmpx2vxwavy",
            "model": "C",
            "likelihood": -173.5872,
            "criteria": 0.0001,
            "params_mle": {
                "eps": 4.50762e-06,
                "eps_cont": 0,
                "lambda": 0,
                "theta_bar": 0.0008731011,
                "a": -1,
                "S_d": -23.05177,
                "b": 0.1916887,
                "p_b": 0.005000248,
                "S_b": 0.05329329,
                "r": [
                    0.5754917,
                    0.4866242,
                    0.52262,
                    0.4907454,
                    0.6079635,
                    0.6896114,
                    0.6844648,
                    0.5881553,
                    0.6554922,
                    0.4546756,
                    0.5055408,
                    0.5880305,
                    0.5651994,
                    0.6234713,
                    0.6156381,
                    0.6413672,
                    0.7343079,
                    0.5588383,
                    0.8330532,
                    0.6332085,
                    0.6767578,
                    0.9243901,
                    1.723528
                ]
            },
            "n": 25,
            "expec": [
                {
                    "E[P_z(1)]": 0.0008730975,
                    "E[P_z(2)]": 0.0002512302,
                    "E[P_z(3)]": 0.0001416235,
                    "E[P_z(4)]": 0.0001140746,
                    "E[P_z(5)]": 8.56939e-05,
                    "E[P_z(6)]": 8.84686e-05,
                    "E[P_z(7)]": 8.60141e-05,
                    "E[P_z(8)]": 7.47007e-05,
                    "E[P_z(9)]": 5.70576e-05,
                    "E[P_z(10)]": 5.7231e-05,
                    "E[P_z(11)]": 3.60889e-05,
                    "E[P_z(12)]": 3.67824e-05,
                    "E[P_z(13)]": 3.94931e-05,
                    "E[P_z(14)]": 3.52483e-05,
                    "E[P_z(15)]": 3.62903e-05,
                    "E[P_z(16)]": 3.35948e-05,
                    "E[P_z(17)]": 3.29401e-05,
                    "E[P_z(18)]": 3.56183e-05,
                    "E[P_z(19)]": 2.56804e-05,
                    "E[P_z(20)]": 3.63672e-05,
                    "E[P_z(21)]": 2.63268e-05,
                    "E[P_z(22)]": 2.68586e-05,
                    "E[P_z(23)]": 3.50917e-05,
                    "E[P_z(24)]": 6.27042e-05,
                    "E[D_z]": null,
                    "E[mis_z]": null
                },
                {
                    "E[P_z(1)]": 0.0006775167,
                    "E[P_z(2)]": 0.0001721623,
                    "E[P_z(3)]": 9.00562e-05,
                    "E[P_z(4)]": 6.88832e-05,
                    "E[P_z(5)]": 4.97677e-05,
                    "E[P_z(6)]": 4.98067e-05,
                    "E[P_z(7)]": 4.71928e-05,
                    "E[P_z(8)]": 4.00949e-05,
                    "E[P_z(9)]": 3.00448e-05,
                    "E[P_z(10)]": 2.96302e-05,
                    "E[P_z(11)]": 1.84028e-05,
                    "E[P_z(12)]": 1.85001e-05,
                    "E[P_z(13)]": 1.9615e-05,