{
    "py/object": "fastdfe.polydfe.PolyDFE",
    "logger": {
        "py/reduce": [
            {
                "py/function": "logging.getLogger"
            },
            {
                "py/tuple": [
                    "fastdfe.PolyDFE"
                ]
            }
        ]
    },
    "bootstraps": null,
    "config": {
        "py/object": "fastdfe.config.Config",
        "data": {
            "model": "GammaExpParametrization",
            "intervals_del": {
                "py/tuple": [
                    -100000000.0,
                    -1e-05,
                    1000
                ]
            },
            "intervals_ben": {
                "py/tuple": [
                    1e-05,
                    10000.0,
                    1000
                ]
            },
            "integration_mode": "midpoint",
            "linearized": true,
            "seed": 0,
            "opts_mle": {},
            "n_runs": 10,
            "x0": {
                "all": {
                    "S_b": 0.05328228,
                    "S_d": -33.44406,
                    "a": -1,
                    "b": 0.1398527,
                    "eps": 4.50451e-06,
                    "eps_cont": 0,
                    "lambda": 0,
                    "p_b": 0.005009714,
                    "r": [
                        0.5834314,
                        0.499803,
                        0.5581096,
                        0.5076067,
                        0.557493,
                        0.6522272,
                        0.6050956,
                        0.5227928,
                        0.5765882,
                        0.4982845,
                        0.5150672,
                        0.5206269,
                        0.482151,
                        0.5460091,
                        0.5199818,
                        0.523935,
                        0.5814646,
                        0.6159988,
                        0.7697745,
                        0.7047025,
                        0.6593795,
                        0.914738,
                        1.558127
                    ],
                    "theta_bar": 0.0008647194
                }
            },
            "bounds": {},
            "scales": {},
            "fixed_params": {},
            "shared_params": [],
            "covariates": [],
            "sfs_neut": {
                "py/object": "fastdfe.spectrum.Spectra",
                "data": {
                    "all": [
                        1039423.17546773,
                        902.0,
                        267.0,
                        120.0,
                        127.0,
                        85.0,
                        99.0,
                        68.0,
                        59.0,
                        47.0,
                        47.0,
                        48.0,
                        45.0,
                        37.0,
                        36.0,
                        38.0,
                        33.0,
                        26.0,
                        36.0,
                        29.0,
                        34.0,
                        24.0,
                        32.0,
                        25.0,
                        39.0,
                        0.0
                    ]
                }
            },
            "sfs_sel": {
                "py/object": "fastdfe.spectrum.Spectra",
                "data": {
                    "all": [
                        2843468.82453227,
                        1924.0,
                        517.0,
                        297.0,
                        198.0,
                        156.0,
                        126.0,
                        159.0,
                        126.0,
                        79.0,
                        72.0,
                        66.0,
                        40.0,
                        58.0,
                        52.0,
                        51.0,
                        45.0,
                        32.0,
                        47.0,
                        40.0,
                        41.0,
                        53.0,
                        45.0,
                        54.0,
                        86.0,
                        0.0
                    ]
                }
            },
            "do_bootstrap": false,
            "n_bootstraps": 10,
            "parallelize": false,
            "loss_type": "likelihood"
        }
    },
    "output_file": null,
    "execution_time": 915.37708568573,
    "summary": {
        "py/object": "fastdfe.polydfe.PolyDFEResult",
        "output_file": "results/polydfe/hgdp/inference/1/opts.n.25.config.default/bootstraps/60/all.polydfe.txt",
        "postprocessing_source": "../resources/polydfe/postprocessing/script.R",
        "data": {
            "output_file": "/scratch/40841254/tmpx99hh112",
            "model": "C",
            "likelihood": -167.3938,
            "criteria": 0.00034,
            "params_mle": {
                "eps": 4.50842e-06,
                "eps_cont": 0,
                "lambda": 0,
                "theta_bar": 0.0008593815,
                "a": -1,
                "S_d": -35.14556,
                "b": 0.1188819,
                "p_b": 0.005025373,
                "S_b": 0.05336733,
                "r": [
                    0.5903206,
                    0.4868696,
                    0.5171544,
                    0.4871311,
                    0.5526871,
                    0.6572989,
                    0.6176227,
                    0.4767804,
                    0.5036704,
                    0.5339239,
                    0.4366433,
                    0.531263,
                    0.5323592,
                    0.5792659,
                    0.543614,
                    0.4310653,
                    0.6553239,
                    0.576906,
                    0.6620563,
                    0.7157296,
                    0.751841,
                    0.8085114,
                    1.338096
                ]
            },
            "n": 25,
            "expec": [
                {
                    "E[P_z(1)]": 0.0008593779,
                    "E[P_z(2)]": 0.0002536543,
                    "E[P_z(3)]": 0.0001394684,
                    "E[P_z(4)]": 0.0001111079,
                    "E[P_z(5)]": 8.3726e-05,
                    "E[P_z(6)]": 7.91613e-05,
                    "E[P_z(7)]": 8.06956e-05,
                    "E[P_z(8)]": 6.63465e-05,
                    "E[P_z(9)]": 4.55262e-05,
                    "E[P_z(10)]": 4.32845e-05,
                    "E[P_z(11)]": 4.17131e-05,
                    "E[P_z(12)]": 3.12703e-05,
                    "E[P_z(13)]": 3.51198e-05,
                    "E[P_z(14)]": 3.26786e-05,
                    "E[P_z(15)]": 3.31874e-05,
                    "E[P_z(16)]": 2.91983e-05,
                    "E[P_z(17)]": 2.17914e-05,
                    "E[P_z(18)]": 3.12876e-05,
                    "E[P_z(19)]": 2.6094e-05,
                    "E[P_z(20)]": 2.84482e-05,
                    "E[P_z(21)]": 2.92901e-05,
                    "E[P_z(22)]": 2.93695e-05,
                    "E[P_z(23)]": 3.02106e-05,
                    "E[P_z(24)]": 4.79176e-05,
                    "E[D_z]": null,
                    "E[mis_z]": null
                },
                {
                    "E[P_z(1)]": 0.0006779554,
                    "E[P_z(2)]": 0.0001825157,
                    "E[P_z(3)]": 9.54035e-05,
                    "E[P_z(4)]": 7.34794e-05,
                    "E[P_z(5)]": 5.39999e-05,
                    "E[P_z(6)]": 5.00527e-05,
                    "E[P_z(7)]": 5.0194e-05,
                    "E[P_z(8)]": 4.06979e-05,
                    "E[P_z(9)]": 2.75905e-05,
                    "E[P_z(10)]": 2.59527e-05,
                    "E[P_z(11)]": 2.47719e-05,
                    "E[P_z(12)]": 1.84097e-05,
                    "E[P_z(13)]": 2.05123e-05,