{
    "py/object": "fastdfe.polydfe.PolyDFE",
    "logger": {
        "py/reduce": [
            {
                "py/function": "logging.getLogger"
            },
            {
                "py/tuple": [
                    "fastdfe.PolyDFE"
                ]
            }
        ]
    },
    "bootstraps": null,
    "config": {
        "py/object": "fastdfe.config.Config",
        "data": {
            "model": "GammaExpParametrization",
            "intervals_del": {
                "py/tuple": [
                    -100000000.0,
                    -1e-05,
                    1000
                ]
            },
            "intervals_ben": {
                "py/tuple": [
                    1e-05,
                    10000.0,
                    1000
                ]
            },
            "integration_mode": "midpoint",
            "linearized": true,
            "seed": 0,
            "opts_mle": {},
            "n_runs": 10,
            "x0": {
                "all": {
                    "S_b": 0.03800569,
                    "S_d": -68.01433,
                    "a": -1,
                    "b": 0.1127644,
                    "eps": 4.49744e-06,
                    "eps_cont": 0,
                    "lambda": 0,
                    "p_b": 0.003905648,
                    "r": [
                        0.5669393,
                        0.5649833,
                        0.5475162,
                        0.4995644,
                        0.5648594,
                        0.6039999,
                        0.4662727,
                        0.5802472,
                        0.5323765,
                        0.5838853,
                        0.5587549,
                        0.5490204,
                        0.5681745,
                        0.5012596,
                        0.6027202,
                        0.6738647,
                        0.7739941,
                        1.427315
                    ],
                    "theta_bar": 0.0008503307
                }
            },
            "bounds": {},
            "scales": {},
            "fixed_params": {},
            "shared_params": [],
            "covariates": [],
            "sfs_neut": {
                "py/object": "fastdfe.spectrum.Spectra",
                "data": {
                    "all": [
                        1040457.81958835,
                        880.0,
                        213.0,
                        175.0,
                        121.0,
                        79.0,
                        80.0,
                        90.0,
                        57.0,
                        53.0,
                        52.0,
                        55.0,
                        33.0,
                        42.0,
                        24.0,
                        22.0,
                        53.0,
                        35.0,
                        29.0,
                        69.0,
                        0.0
                    ]
                }
            },
            "sfs_sel": {
                "py/object": "fastdfe.spectrum.Spectra",
                "data": {
                    "all": [
                        2843070.18041165,
                        1767.0,
                        485.0,
                        280.0,
                        230.0,
                        126.0,
                        145.0,
                        104.0,
                        88.0,
                        86.0,
                        61.0,
                        70.0,
                        64.0,
                        43.0,
                        43.0,
                        52.0,
                        42.0,
                        36.0,
                        49.0,
                        98.0,
                        0.0
                    ]
                }
            },
            "do_bootstrap": false,
            "n_bootstraps": 10,
            "parallelize": false,
            "loss_type": "likelihood"
        }
    },
    "output_file": null,
    "execution_time": 482.7558550834656,
    "summary": {
        "py/object": "fastdfe.polydfe.PolyDFEResult",
        "output_file": "results/polydfe/hgdp/inference/1/opts.n.20.config.default/bootstraps/34/all.polydfe.txt",
        "postprocessing_source": "../resources/polydfe/postprocessing/script.R",
        "data": {
            "output_file": "/scratch/40841278/tmp4t3dkpji",
            "model": "C",
            "likelihood": -136.8442,
            "criteria": 0.0001,
            "params_mle": {
                "eps": 4.49787e-06,
                "eps_cont": 0,
                "lambda": 0,
                "theta_bar": 0.0008185512,
                "a": -1,
                "S_d": -23.01717,
                "b": 0.1682718,
                "p_b": 0.003882662,
                "S_b": 0.03795071,
                "r": [
                    0.5701781,
                    0.5823907,
                    0.6166737,
                    0.4599489,
                    0.6160476,
                    0.6282901,
                    0.5429647,
                    0.5914758,
                    0.5390225,
                    0.6610841,
                    0.5636401,
                    0.5385534,
                    0.4598891,
                    0.5472231,
                    0.7531876,
                    0.6009497,
                    0.7021622,
                    1.593501
                ]
            },
            "n": 20,
            "expec": [
                {
                    "E[P_z(1)]": 0.0008185479,
                    "E[P_z(2)]": 0.0002333591,
                    "E[P_z(3)]": 0.000158905,
                    "E[P_z(4)]": 0.0001261944,
                    "E[P_z(5)]": 7.52981e-05,
                    "E[P_z(6)]": 8.40442e-05,
                    "E[P_z(7)]": 7.34695e-05,
                    "E[P_z(8)]": 5.55555e-05,
                    "E[P_z(9)]": 5.37948e-05,
                    "E[P_z(10)]": 4.41218e-05,
                    "E[P_z(11)]": 4.91938e-05,
                    "E[P_z(12)]": 3.84474e-05,
                    "E[P_z(13)]": 3.39105e-05,
                    "E[P_z(14)]": 2.6889e-05,
                    "E[P_z(15)]": 2.98622e-05,
                    "E[P_z(16)]": 3.85331e-05,
                    "E[P_z(17)]": 2.89364e-05,
                    "E[P_z(18)]": 3.19318e-05,
                    "E[P_z(19)]": 6.8654e-05,
                    "E[D_z]": null,
                    "E[mis_z]": null
                },
                {
                    "E[P_z(1)]": 0.0006299924,
                    "E[P_z(2)]": 0.000159714,
                    "E[P_z(3)]": 0.0001016261,
                    "E[P_z(4)]": 7.70736e-05,
                    "E[P_z(5)]": 4.44315e-05,
                    "E[P_z(6)]": 4.82535e-05,
                    "E[P_z(7)]": 4.12374e-05,
                    "E[P_z(8)]": 3.05865e-05,
                    "E[P_z(9)]": 2.91236e-05,
                    "E[P_z(10)]": 2.35338e-05,
                    "E[P_z(11)]": 2.58911e-05,
                    "E[P_z(12)]": 1.99917e-05,
                    "E[P_z(13)]": 1.74383e-05,
                    "E[P_z(14)]": 1.3687e-05,
                    "E[P_z(15)]": 1.5057e-05,
                    "E[P_z(16)]": 1.9258e-05,
                    "E[P_z(17)]": 1.43424e-05,
                    "E[P_z(18)]": 1.57042e-05,
                    "E[P_z(19)]": 3.3517e-05,
                    "E[D_z]": null,
                    "E[mis_z]": null
                }
            ],
            "alpha": 0.009262476646112698,
            "execution_time": 482.7558550834656
        }
    }
}