{
    "output_file": "/scratch/38995571/tmpmuhwqcnh",
    "model": "C",
    "likelihood": -148.154,
    "criteria": 0.0001,
    "params_mle": {
        "eps": 0,
        "eps_cont": 0,
        "lambda": 0,
        "theta_bar": 0.0009064624,
        "a": -1,
        "S_d": -409.0707,
        "b": 0.3304901,
        "p_b": 0,
        "S_b": 1,
        "r": [
            1.07898,
            1.056355,
            1.288871,
            1.0958,
            0.8638409,
            1.065329,
            0.8909189,
            1.213941,
            1.096531,
            0.8277206,
            0.8240274,
            1.300978,
            0.9169802,
            0.8912272,
            0.9422331,
            1.349897,
            1.054378,
            1.303334
        ]
    },
    "n": 20,
    "expec": [
        {
            "E[P_z(1)]": 0.0009064624,
            "E[P_z(2)]": 0.0004890273,
            "E[P_z(3)]": 0.0003191822,
            "E[P_z(4)]": 0.0002920782,
            "E[P_z(5)]": 0.0001986602,
            "E[P_z(6)]": 0.0001305066,
            "E[P_z(7)]": 0.0001379544,
            "E[P_z(8)]": 0.0001009481,
            "E[P_z(9)]": 0.0001222658,
            "E[P_z(10)]": 9.93964e-05,
            "E[P_z(11)]": 6.82089e-05,
            "E[P_z(12)]": 6.22458e-05,
            "E[P_z(13)]": 9.07145e-05,
            "E[P_z(14)]": 5.9372e-05,
            "E[P_z(15)]": 5.38576e-05,
            "E[P_z(16)]": 5.33812e-05,
            "E[P_z(17)]": 7.19783e-05,
            "E[P_z(18)]": 5.30975e-05,
            "E[P_z(19)]": 6.21802e-05,
            "E[D_z]": null,
            "E[mis_z]": null
        },
        {
            "E[P_z(1)]": 0.000303183,
            "E[P_z(2)]": 0.000117324,
            "E[P_z(3)]": 6.52721e-05,
            "E[P_z(4)]": 5.39738e-05,
            "E[P_z(5)]": 3.41134e-05,
            "E[P_z(6)]": 2.11638e-05,
            "E[P_z(7)]": 2.13492e-05,
            "E[P_z(8)]": 1.50173e-05,
            "E[P_z(9)]": 1.75779e-05,
            "E[P_z(10)]": 1.38667e-05,
            "E[P_z(11)]": 9.2636e-06,
            "E[P_z(12)]": 8.2511e-06,
            "E[P_z(13)]": 1.17616e-05,
            "E[P_z(14)]": 7.5429e-06,
            "E[P_z(15)]": 6.7146e-06,
            "E[P_z(16)]": 6.5396e-06,
            "E[P_z(17)]": 8.6744e-06,
            "E[P_z(18)]": 6.3012e-06,
            "E[P_z(19)]": 7.2725e-06,
            "E[D_z]": null,
            "E[mis_z]": null
        }
    ],
    "alpha": 0.0,
    "execution_time": 101.93416428565979
}