{
    "likelihood": -980.0199613436924,
    "L2_residual": 2232.9716346024993,
    "params_mle": {
        "S_d": -100000.0,
        "b": 0.034584085303317434,
        "p_b": 0.0,
        "S_b": 1.0,
        "eps": 0.054914079981760754
    },
    "alpha": 0.0,
    "result": {
        "fun": 976.1910271104425,
        "jac": [
            28.03026308111405,
            0.0009094947073003559,
            NaN,
            NaN,
            -0.0014551915225928917
        ],
        "nfev": 156,
        "njev": 39,
        "nit": 24,
        "status": 0,
        "message": "CONVERGENCE: REL_REDUCTION_OF_F_<=_FACTR*EPSMCH",
        "x": [
            -5.0,
            -1.4611237062647597,
            0.0,
            0.0,
            0.054914079981760754
        ],
        "success": true,
        "hess_inv": null
    },
    "execution_time": 9.690305233001709,
    "sfs_mle": [
        0.0,
        18743.570853741607,
        8347.18552143734,
        5914.68620073323,
        4643.882967401124,
        3698.0596912990673,
        3055.2423522843364,
        2468.0581022631845,
        2259.884307790339,
        1911.3076102458524,
        1819.0204522418787,
        1720.272546483571,
        1647.193840575196,
        1588.5322703665374,
        1600.1204490455132,
        1599.3156121092775,
        1534.399143585937,
        1757.046607257623,
        2103.404167257682,
        4023.9014671012933,
        0.0
    ],
    "fixed_params": {
        "all.S_b": 1.0,
        "all.p_b": 0.0
    },
    "bounds": {
        "S_d": [
            -100000.0,
            -0.01
        ],
        "b": [
            0.01,
            10
        ],
        "p_b": [
            0,
            0.5
        ],
        "S_b": [
            0.0001,
            100
        ],
        "eps": [
            0,
            0.15
        ]
    },
    "config": {
        "model": "GammaExpParametrization",
        "intervals_del": [
            -100000000.0,
            -1e-05,
            1000
        ],
        "intervals_ben": [
            1e-05,
            10000.0,
            1000
        ],
        "integration_mode": "midpoint",
        "linearized": true,
        "seed": 0,
        "opts_mle": {},
        "n_runs": 10,
        "x0": {
            "all": {
                "S_d": -20000.0,
                "b": 0.2,
                "p_b": 0.0,
                "S_b": 1.0,
                "eps": 0.05,
                "a": 2.0,
                "lambda": 0.005,
                "theta_bar": 0.001
            }
        },
        "bounds": {
            "S_d": [
                -100000.0,
                -0.01
            ],
            "b": [
                0.01,
                10
            ],
            "p_b": [
                0,
                0.5
            ],
            "S_b": [
                0.0001,
                100
            ],
            "eps": [
                0,
                0.15
            ]
        },
        "scales": {
            "S_d": "log",
            "b": "log",
            "p_b": "lin",
            "S_b": "log",
            "eps": "lin"
        },
        "fixed_params": {
            "all": {
                "S_b": 1.0,
                "p_b": 0.0
            }
        },
        "shared_params": [],
        "covariates": [],
        "sfs_neut": {
            "all": [
                913967.0,
                10228.0,
                4673.0,
                3339.0,
                2630.0,
                2087.0,
                1715.0,
                1373.0,
                1246.0,
                1037.0,
                973.0,
                904.0,
                839.0,
                784.0,
                750.0,
                700.0,
                597.0,
                599.0,
                549.0,
                508.0,
                50502.0
            ]
        },
        "sfs_sel": {
            "all": [
                2591082.0,
                18664.0,
                7956.0,
                5274.0,
                3605.0,
                3329.0,
                2720.0,
                2306.0,
                2075.0,
                2065.0,
                2019.0,
                2049.0,
                1912.0,
                2105.0,
                2038.0,
                2107.0,
                2104.0,
                2333.0,
                2514.0,
                2908.0,
                338835.0
            ]
        },
        "do_bootstrap": true,
        "n_bootstraps": 100,
        "parallelize": true,
        "loss_type": "likelihood"
    }
}