{
    "output_file": "/scratch/40841150/tmpmgm_hot1",
    "model": "C",
    "likelihood": -134.362,
    "criteria": 7e-05,
    "params_mle": {
        "eps": 4.50377e-06,
        "eps_cont": 0,
        "lambda": 0,
        "theta_bar": 0.0009162577,
        "a": -1,
        "S_d": -656.7879,
        "b": 0.07459243,
        "p_b": 0.003962081,
        "S_b": 0.03824206,
        "r": [
            0.5251826,
            0.5478478,
            0.5165112,
            0.4965788,
            0.5150615,
            0.5617188,
            0.4774623,
            0.5694088,
            0.5356133,
            0.4721502,
            0.4565661,
            0.4797519,
            0.5063109,
            0.5375425,
            0.6964488,
            0.5976273,
            0.7639834,
            1.131193
        ]
    },
    "n": 20,
    "expec": [
        {
            "E[P_z(1)]": 0.0009162538,
            "E[P_z(2)]": 0.0002406004,
            "E[P_z(3)]": 0.0001673226,
            "E[P_z(4)]": 0.000118314,
            "E[P_z(5)]": 9.09986e-05,
            "E[P_z(6)]": 7.86546e-05,
            "E[P_z(7)]": 7.35254e-05,
            "E[P_z(8)]": 5.46847e-05,
            "E[P_z(9)]": 5.79694e-05,
            "E[P_z(10)]": 4.9076e-05,
            "E[P_z(11)]": 3.93284e-05,
            "E[P_z(12)]": 3.48611e-05,
            "E[P_z(13)]": 3.38137e-05,
            "E[P_z(14)]": 3.31367e-05,
            "E[P_z(15)]": 3.28354e-05,
            "E[P_z(16)]": 3.98833e-05,
            "E[P_z(17)]": 3.22112e-05,
            "E[P_z(18)]": 3.88901e-05,
            "E[P_z(19)]": 5.45547e-05,
            "E[D_z]": null,
            "E[mis_z]": null
        },
        {
            "E[P_z(1)]": 0.0006159992,
            "E[P_z(2)]": 0.0001507394,
            "E[P_z(3)]": 0.0001013546,
            "E[P_z(4)]": 7.01259e-05,
            "E[P_z(5)]": 5.30822e-05,
            "E[P_z(6)]": 4.53091e-05,
            "E[P_z(7)]": 4.19187e-05,
            "E[P_z(8)]": 3.09045e-05,
            "E[P_z(9)]": 3.25116e-05,
            "E[P_z(10)]": 2.73382e-05,
            "E[P_z(11)]": 2.1776e-05,
            "E[P_z(12)]": 1.91968e-05,
            "E[P_z(13)]": 1.85269e-05,
            "E[P_z(14)]": 1.80721e-05,
            "E[P_z(15)]": 1.78311e-05,
            "E[P_z(16)]": 2.15718e-05,
            "E[P_z(17)]": 1.7357e-05,
            "E[P_z(18)]": 2.08821e-05,
            "E[P_z(19)]": 2.9196e-05,
            "E[D_z]": null,
            "E[mis_z]": null
        }
    ],
    "alpha": 0.009105553907167668,
    "execution_time": 619.6014437675476
}