{
    "output_file": "/scratch/40841233/tmp3bk3dfe0",
    "model": "C",
    "likelihood": -170.2271,
    "criteria": 0.00066,
    "params_mle": {
        "eps": 4.50598e-06,
        "eps_cont": 0,
        "lambda": 0,
        "theta_bar": 0.0008525175,
        "a": -1,
        "S_d": -21.41907,
        "b": 0.1743803,
        "p_b": 0.005013357,
        "S_b": 0.0533111,
        "r": [
            0.5860097,
            0.4781337,
            0.5724718,
            0.5414198,
            0.5759775,
            0.6450293,
            0.576397,
            0.5428514,
            0.7035422,
            0.6352169,
            0.4453521,
            0.587591,
            0.5457656,
            0.5811554,
            0.5481036,
            0.649342,
            0.6567005,
            0.5966973,
            0.8219739,
            0.9467458,
            0.7945557,
            1.08914,
            1.454487
        ]
    },
    "n": 25,
    "expec": [
        {
            "E[P_z(1)]": 0.000852514,
            "E[P_z(2)]": 0.0002497908,
            "E[P_z(3)]": 0.000135872,
            "E[P_z(4)]": 0.0001220102,
            "E[P_z(5)]": 9.23137e-05,
            "E[P_z(6)]": 8.18382e-05,
            "E[P_z(7)]": 7.85568e-05,
            "E[P_z(8)]": 6.14234e-05,
            "E[P_z(9)]": 5.1421e-05,
            "E[P_z(10)]": 5.99781e-05,
            "E[P_z(11)]": 4.92302e-05,
            "E[P_z(12)]": 3.16392e-05,
            "E[P_z(13)]": 3.85332e-05,
            "E[P_z(14)]": 3.3234e-05,
            "E[P_z(15)]": 3.30298e-05,
            "E[P_z(16)]": 2.92043e-05,
            "E[P_z(17)]": 3.25634e-05,
            "E[P_z(18)]": 3.11029e-05,
            "E[P_z(19)]": 2.67737e-05,
            "E[P_z(20)]": 3.50376e-05,
            "E[P_z(21)]": 3.84345e-05,
            "E[P_z(22)]": 3.07901e-05,
            "E[P_z(23)]": 4.0371e-05,
            "E[P_z(24)]": 5.16693e-05,
            "E[D_z]": null,
            "E[mis_z]": null
        },
        {
            "E[P_z(1)]": 0.0006748647,
            "E[P_z(2)]": 0.0001765373,
            "E[P_z(3)]": 8.97081e-05,
            "E[P_z(4)]": 7.68565e-05,
            "E[P_z(5)]": 5.61253e-05,
            "E[P_z(6)]": 4.83693e-05,
            "E[P_z(7)]": 4.53539e-05,
            "E[P_z(8)]": 3.47602e-05,
            "E[P_z(9)]": 2.85974e-05,
            "E[P_z(10)]": 3.28461e-05,
            "E[P_z(11)]": 2.659e-05,
            "E[P_z(12)]": 1.6876e-05,
            "E[P_z(13)]": 2.03188e-05,
            "E[P_z(14)]": 1.73404e-05,
            "E[P_z(15)]": 1.7066e-05,
            "E[P_z(16)]": 1.49524e-05,
            "E[P_z(17)]": 1.65303e-05,
            "E[P_z(18)]": 1.56624e-05,
            "E[P_z(19)]": 1.33804e-05,
            "E[P_z(20)]": 1.73849e-05,
            "E[P_z(21)]": 1.89406e-05,
            "E[P_z(22)]": 1.50751e-05,
            "E[P_z(23)]": 1.96436e-05,
            "E[P_z(24)]": 2.4993e-05,
            "E[D_z]": null,
            "E[mis_z]": null
        }
    ],
    "alpha": 0.011804315044897016,
    "execution_time": 375.3094584941864
}