{
    "py/object": "fastdfe.polydfe.PolyDFE",
    "logger": {
        "py/reduce": [
            {
                "py/function": "logging.getLogger"
            },
            {
                "py/tuple": [
                    "fastdfe.PolyDFE"
                ]
            }
        ]
    },
    "bootstraps": null,
    "config": {
        "py/object": "fastdfe.config.Config",
        "data": {
            "model": "GammaExpParametrization",
            "intervals_del": {
                "py/tuple": [
                    -100000000.0,
                    -1e-05,
                    1000
                ]
            },
            "intervals_ben": {
                "py/tuple": [
                    1e-05,
                    10000.0,
                    1000
                ]
            },
            "integration_mode": "midpoint",
            "linearized": true,
            "seed": 0,
            "opts_mle": {},
            "n_runs": 10,
            "x0": {
                "all": {
                    "S_b": 1.562568,
                    "S_d": -22188.79,
                    "a": -1,
                    "b": 0.1916524,
                    "eps": 0.007632547,
                    "eps_cont": 0,
                    "lambda": 0,
                    "p_b": 0.04617354,
                    "r": [
                        0.8275426,
                        0.7254075,
                        0.6568578,
                        0.602303,
                        0.5558673,
                        0.5172334,
                        0.4889478,
                        0.4709818,
                        0.4671859,
                        0.4710718,
                        0.4770928,
                        0.4916403,
                        0.5096436,
                        0.5365832,
                        0.5691288,
                        0.6256435,
                        0.7473002,
                        1.000285
                    ],
                    "theta_bar": 0.007669351
                }
            },
            "bounds": {},
            "scales": {},
            "fixed_params": {
                "all": {}
            },
            "shared_params": [],
            "covariates": [],
            "sfs_neut": {
                "py/object": "fastdfe.spectrum.Spectra",
                "data": {
                    "all": [
                        257317.66666666698,
                        1961.0,
                        844.0,
                        461.0,
                        332.0,
                        234.0,
                        211.0,
                        144.0,
                        129.0,
                        96.0,
                        110.0,
                        93.0,
                        76.0,
                        58.0,
                        79.0,
                        78.0,
                        73.0,
                        69.0,
                        92.0,
                        135.0,
                        0.0
                    ]
                }
            },
            "sfs_sel": {
                "py/object": "fastdfe.spectrum.Spectra",
                "data": {
                    "all": [
                        956751.333333333,
                        1927.0,
                        637.0,
                        358.0,
                        248.0,
                        189.0,
                        130.0,
                        111.0,
                        89.0,
                        83.0,
                        62.0,
                        70.0,
                        56.0,
                        51.0,
                        54.0,
                        42.0,
                        54.0,
                        66.0,
                        53.0,
                        112.0,
                        0.0
                    ]
                }
            },
            "do_bootstrap": null,
            "n_bootstraps": 10,
            "parallelize": true,
            "loss_type": "likelihood"
        }
    },
    "output_file": null,
    "execution_time": 1475.5245242118835,
    "summary": {
        "py/object": "fastdfe.polydfe.PolyDFEResult",
        "output_file": "results/polydfe/pendula_C_full_anc/bootstraps/83/out.txt",
        "postprocessing_source": "../resources/polydfe/postprocessing/script.R",
        "data": {
            "output_file": "/scratch/38996458/tmpedkvl8rj",
            "model": "C",
            "likelihood": -136.1683,
            "criteria": 8e-05,
            "params_mle": {
                "eps": 0.0244917,
                "eps_cont": 0,
                "lambda": 0,
                "theta_bar": 0.007653272,
                "a": -1,
                "S_d": -422.0292,
                "b": 1.618442,
                "p_b": 0.1974305,
                "S_b": 0.001810723,
                "r": [
                    0.8507418,
                    0.7173646,
                    0.679756,
                    0.6198932,
                    0.5986575,
                    0.5221016,
                    0.5079918,
                    0.4657122,
                    0.4961685,
                    0.515987,
                    0.4493712,
                    0.3947754,
                    0.5156865,
                    0.4856931,
                    0.5325492,
                    0.575746,
                    0.5753071,
                    0.8396091
                ]
            },
            "n": 20,
            "expec": [
                {
                    "E[P_z(1)]": 0.007474114,
                    "E[P_z(2)]": 0.003181738,
                    "E[P_z(3)]": 0.001791589,
                    "E[P_z(4)]": 0.001274975,
                    "E[P_z(5)]": 0.0009316728,
                    "E[P_z(6)]": 0.000751817,
                    "E[P_z(7)]": 0.0005625381,
                    "E[P_z(8)]": 0.0004810918,
                    "E[P_z(9)]": 0.0003951179,
                    "E[P_z(10)]": 0.0003797312,
                    "E[P_z(11)]": 0.0003599058,
                    "E[P_z(12)]": 0.0002914798,
                    "E[P_z(13)]": 0.0002406979,
                    "E[P_z(14)]": 0.0002937042,
                    "E[P_z(15)]": 0.0002649789,
                    "E[P_z(16)]": 0.0002803488,
                    "E[P_z(17)]": 0.0002976697,
                    "E[P_z(18)]": 0.0003183514,
                    "E[P_z(19)]": 0.0005173563,
                    "E[D_z]": null,
                    "E[mis_z]": null
                },
                {
                    "E[P_z(1)]": 0.00200331,
                    "E[P_z(2)]": 0.0006714538,
                    "E[P_z(3)]": 0.0003626671,
                    "E[P_z(4)]": 0.0002551167,
                    "E[P_z(5)]": 0.0001855554,
                    "E[P_z(6)]": 0.0001493819,
                    "E[P_z(7)]": 0.0001116212,
                    "E[P_z(8)]": 9.53775e-05,
                    "E[P_z(9)]": 7.82872e-05,
                    "E[P_z(10)]": 7.52084e-05,
                    "E[P_z(11)]": 7.12614e-05,
                    "E[P_z(12)]": 5.77024e-05,
                    "E[P_z(13)]": 4.76453e-05,
                    "E[P_z(14)]": 5.81363e-05,
                    "E[P_z(15)]": 5.24615e-05,
                    "E[P_z(16)]": 5.55397e-05,
                    "E[P_z(17)]": 5.90975e-05,
                    "E[P_z(18)]": 6.40345e-05,
                    "E[P_z(19)]": 0.0001155202,
                    "E[D_z]": null,
                    "E[mis_z]": null
                }
            ],
            "alpha": 0.9988700134868324,
            "execution_time": 1475.5245242118835
        }
    }
}