{
    "output_file": "/scratch/40840198/tmpvt2_jxxj",
    "model": "C",
    "likelihood": -30.91877,
    "criteria": 9e-05,
    "params_mle": {
        "eps": 4.49436e-06,
        "eps_cont": 0,
        "lambda": 0,
        "theta_bar": 0.0006001071,
        "a": -1,
        "S_d": -29.11278,
        "b": 0.138805,
        "p_b": 0.01453118,
        "S_b": 0.1266493,
        "r": [
            0.9025432,
            0.9444527,
            0.8917904
        ]
    },
    "n": 5,
    "expec": [
        {
            "E[P_z(1)]": 0.000600105,
            "E[P_z(2)]": 0.0002708109,
            "E[P_z(3)]": 0.0001889246,
            "E[P_z(4)]": 0.0001337945,
            "E[D_z]": null,
            "E[mis_z]": null
        },
        {
            "E[P_z(1)]": 0.0004044773,
            "E[P_z(2)]": 0.0001629707,
            "E[P_z(3)]": 0.0001074651,
            "E[P_z(4)]": 7.33712e-05,
            "E[D_z]": null,
            "E[mis_z]": null
        }
    ],
    "alpha": 0.0307451395888877,
    "execution_time": 22.902745008468628
}