{
    "output_file": "/scratch/40840195/tmpwnj871of",
    "model": "C",
    "likelihood": -32.18315,
    "criteria": 0.00025,
    "params_mle": {
        "eps": 4.49278e-06,
        "eps_cont": 0,
        "lambda": 0,
        "theta_bar": 0.0006122478,
        "a": -1,
        "S_d": -13.7374,
        "b": 0.2087785,
        "p_b": 0.01414171,
        "S_b": 0.1250744,
        "r": [
            0.8855222,
            0.9380153,
            0.8201672
        ]
    },
    "n": 5,
    "expec": [
        {
            "E[P_z(1)]": 0.0006122456,
            "E[P_z(2)]": 0.0002710791,
            "E[P_z(3)]": 0.0001914329,
            "E[P_z(4)]": 0.0001255386,
            "E[D_z]": null,
            "E[mis_z]": null
        },
        {
            "E[P_z(1)]": 0.00041545,
            "E[P_z(2)]": 0.0001582234,
            "E[P_z(3)]": 0.0001030445,
            "E[P_z(4)]": 6.40482e-05,
            "E[D_z]": null,
            "E[mis_z]": null
        }
    ],
    "alpha": 0.03272371340731634,
    "execution_time": 42.29571890830994
}