{
    "py/object": "fastdfe.polydfe.PolyDFE",
    "logger": {
        "py/reduce": [
            {
                "py/function": "logging.getLogger"
            },
            {
                "py/tuple": [
                    "fastdfe.PolyDFE"
                ]
            }
        ]
    },
    "bootstraps": null,
    "config": {
        "py/object": "fastdfe.config.Config",
        "data": {
            "model": "GammaExpParametrization",
            "intervals_del": {
                "py/tuple": [
                    -100000000.0,
                    -1e-05,
                    1000
                ]
            },
            "intervals_ben": {
                "py/tuple": [
                    1e-05,
                    10000.0,
                    1000
                ]
            },
            "integration_mode": "midpoint",
            "linearized": true,
            "seed": 0,
            "opts_mle": {},
            "n_runs": 10,
            "x0": {
                "all": {
                    "S_b": 0.1083917,
                    "S_d": -45.46375,
                    "a": -1,
                    "b": 0.1287808,
                    "eps": 4.50268e-06,
                    "eps_cont": 0,
                    "lambda": 0,
                    "p_b": 0.009184894,
                    "r": [
                        0.5642878,
                        0.496756,
                        0.4953868,
                        0.4840476,
                        0.4906511,
                        0.4906073,
                        0.5437098,
                        0.5553355,
                        0.5124802,
                        0.5092361,
                        0.6175192,
                        0.5977393,
                        0.4504409,
                        0.522028,
                        0.3860458,
                        0.4756257,
                        0.5506624,
                        0.3834732,
                        0.531485,
                        0.4975372,
                        0.5880576,
                        0.5381713,
                        0.7063446,
                        0.5665509,
                        0.6574706,
                        0.6611074,
                        0.9643355,
                        1.73894
                    ],
                    "theta_bar": 0.0009259123
                }
            },
            "bounds": {},
            "scales": {},
            "fixed_params": {},
            "shared_params": [],
            "covariates": [],
            "sfs_neut": {
                "py/object": "fastdfe.spectrum.Spectra",
                "data": {
                    "all": [
                        1037557.3337252,
                        943.0,
                        272.0,
                        176.0,
                        115.0,
                        91.0,
                        83.0,
                        66.0,
                        56.0,
                        53.0,
                        43.0,
                        45.0,
                        53.0,
                        40.0,
                        28.0,
                        26.0,
                        31.0,
                        34.0,
                        35.0,
                        19.0,
                        41.0,
                        13.0,
                        26.0,
                        24.0,
                        22.0,
                        23.0,
                        23.0,
                        44.0,
                        21.0,
                        46.0,
                        0.0
                    ]
                }
            },
            "sfs_sel": {
                "py/object": "fastdfe.spectrum.Spectra",
                "data": {
                    "all": [
                        2844927.6662748,
                        2036.0,
                        480.0,
                        304.0,
                        220.0,
                        157.0,
                        139.0,
                        98.0,
                        122.0,
                        104.0,
                        58.0,
                        53.0,
                        62.0,
                        71.0,
                        43.0,
                        48.0,
                        43.0,
                        38.0,
                        36.0,
                        36.0,
                        30.0,
                        49.0,
                        44.0,
                        32.0,
                        46.0,
                        25.0,
                        35.0,
                        38.0,
                        46.0,
                        89.0,
                        0.0
                    ]
                }
            },
            "do_bootstrap": false,
            "n_bootstraps": 10,
            "parallelize": false,
            "loss_type": "likelihood"
        }
    },
    "output_file": null,
    "execution_time": 10020.392658233643,
    "summary": {
        "py/object": "fastdfe.polydfe.PolyDFEResult",
        "output_file": "results/polydfe/hgdp/inference/1/opts.n.30.config.default/bootstraps/47/all.polydfe.txt",
        "postprocessing_source": "../resources/polydfe/postprocessing/script.R",
        "data": {
            "output_file": "/scratch/40841659/tmpen1hzvlc",
            "model": "C",
            "likelihood": -196.2114,
            "criteria": 0.00053,
            "params_mle": {
                "eps": 4.86434e-06,
                "eps_cont": 0,
                "lambda": 0,
                "theta_bar": 0.0009131131,
                "a": -1,
                "S_d": -34.2552,
                "b": 0.1507291,
                "p_b": 0.00828557,
                "S_b": 92.34986,
                "r": [
                    0.5427944,
                    0.540982,
                    0.5169867,
                    0.4878115,
                    0.5320067,
                    0.4641871,
                    0.5817227,
                    0.5822869,
                    0.4193752,
                    0.4505598,
                    0.580138,
                    0.6097078,
                    0.4218766,
                    0.4729621,
                    0.5062105,
                    0.5248258,
                    0.5492811,
                    0.4499635,
                    0.6121726,
                    0.5615916,
                    0.6640122,
                    0.5545484,
                    0.7005431,
                    0.5124066,
                    0.6381389,
                    0.9221685,
                    0.7571992,
                    1.448539
                ]
            },
            "n": 30,
            "expec": [
                {
                    "E[P_z(1)]": 0.0009131089,
                    "E[P_z(2)]": 0.0002478152,
                    "E[P_z(3)]": 0.0001646586,
                    "E[P_z(4)]": 0.0001180164,
                    "E[P_z(5)]": 8.90851e-05,
                    "E[P_z(6)]": 8.09634e-05,
                    "E[P_z(7)]": 6.05506e-05,
                    "E[P_z(8)]": 6.63971e-05,
                    "E[P_z(9)]": 5.90769e-05,
                    "E[P_z(10)]": 3.82937e-05,
                    "E[P_z(11)]": 3.7401e-05,
                    "E[P_z(12)]": 4.41442e-05,
                    "E[P_z(13)]": 4.28255e-05,
                    "E[P_z(14)]": 2.75158e-05,
                    "E[P_z(15)]": 2.87912e-05,
                    "E[P_z(16)]": 2.88892e-05,
                    "E[P_z(17)]": 2.81898e-05,
                    "E[P_z(18)]": 2.78643e-05,
                    "E[P_z(19)]": 2.16247e-05,
                    "E[P_z(20)]": 2.79492e-05,
                    "E[P_z(21)]": 2.44191e-05,
                    "E[P_z(22)]": 2.75601e-05,
                    "E[P_z(23)]": 2.20161e-05,
                    "E[P_z(24)]": 2.66534e-05,
                    "E[P_z(25)]": 1.87158e-05,