{
    "output_file": "/scratch/40841659/tmpen1hzvlc",
    "model": "C",
    "likelihood": -196.2114,
    "criteria": 0.00053,
    "params_mle": {
        "eps": 4.86434e-06,
        "eps_cont": 0,
        "lambda": 0,
        "theta_bar": 0.0009131131,
        "a": -1,
        "S_d": -34.2552,
        "b": 0.1507291,
        "p_b": 0.00828557,
        "S_b": 92.34986,
        "r": [
            0.5427944,
            0.540982,
            0.5169867,
            0.4878115,
            0.5320067,
            0.4641871,
            0.5817227,
            0.5822869,
            0.4193752,
            0.4505598,
            0.580138,
            0.6097078,
            0.4218766,
            0.4729621,
            0.5062105,
            0.5248258,
            0.5492811,
            0.4499635,
            0.6121726,
            0.5615916,
            0.6640122,
            0.5545484,
            0.7005431,
            0.5124066,
            0.6381389,
            0.9221685,
            0.7571992,
            1.448539
        ]
    },
    "n": 30,
    "expec": [
        {
            "E[P_z(1)]": 0.0009131089,
            "E[P_z(2)]": 0.0002478152,
            "E[P_z(3)]": 0.0001646586,
            "E[P_z(4)]": 0.0001180164,
            "E[P_z(5)]": 8.90851e-05,
            "E[P_z(6)]": 8.09634e-05,
            "E[P_z(7)]": 6.05506e-05,
            "E[P_z(8)]": 6.63971e-05,
            "E[P_z(9)]": 5.90769e-05,
            "E[P_z(10)]": 3.82937e-05,
            "E[P_z(11)]": 3.7401e-05,
            "E[P_z(12)]": 4.41442e-05,
            "E[P_z(13)]": 4.28255e-05,
            "E[P_z(14)]": 2.75158e-05,
            "E[P_z(15)]": 2.87912e-05,
            "E[P_z(16)]": 2.88892e-05,
            "E[P_z(17)]": 2.81898e-05,
            "E[P_z(18)]": 2.78643e-05,
            "E[P_z(19)]": 2.16247e-05,
            "E[P_z(20)]": 2.79492e-05,
            "E[P_z(21)]": 2.44191e-05,
            "E[P_z(22)]": 2.75601e-05,
            "E[P_z(23)]": 2.20161e-05,
            "E[P_z(24)]": 2.66534e-05,
            "E[P_z(25)]": 1.87158e-05,
            "E[P_z(26)]": 2.24117e-05,
            "E[P_z(27)]": 3.11875e-05,
            "E[P_z(28)]": 2.46942e-05,
            "E[P_z(29)]": 4.56139e-05,
            "E[D_z]": null,
            "E[mis_z]": null
        },
        {
            "E[P_z(1)]": 0.0007121482,
            "E[P_z(2)]": 0.0001734563,
            "E[P_z(3)]": 0.0001083462,
            "E[P_z(4)]": 7.44879e-05,
            "E[P_z(5)]": 5.4517e-05,
            "E[P_z(6)]": 4.83569e-05,
            "E[P_z(7)]": 3.5453e-05,
            "E[P_z(8)]": 3.82321e-05,
            "E[P_z(9)]": 3.35339e-05,
            "E[P_z(10)]": 2.14684e-05,
            "E[P_z(11)]": 2.07409e-05,
            "E[P_z(12)]": 2.42467e-05,
            "E[P_z(13)]": 2.33237e-05,
            "E[P_z(14)]": 1.48739e-05,
            "E[P_z(15)]": 1.54612e-05,
            "E[P_z(16)]": 1.54254e-05,
            "E[P_z(17)]": 1.49789e-05,
            "E[P_z(18)]": 1.47467e-05,
            "E[P_z(19)]": 1.14093e-05,
            "E[P_z(20)]": 1.47157e-05,
            "E[P_z(21)]": 1.28458e-05,
            "E[P_z(22)]": 1.45067e-05,
            "E[P_z(23)]": 1.16173e-05,
            "E[P_z(24)]": 1.41359e-05,
            "E[P_z(25)]": 1.00149e-05,
            "E[P_z(26)]": 1.21746e-05,
            "E[P_z(27)]": 1.73934e-05,
            "E[P_z(28)]": 1.44997e-05,
            "E[P_z(29)]": 3.07259e-05,
            "E[D_z]": null,
            "E[mis_z]": null
        }
    ],
    "alpha": 0.6181901019600706,
    "execution_time": 10020.392658233643
}