{
    "output_file": "/scratch/38995765/tmpvlsruvph",
    "model": "C",
    "likelihood": -153.0187,
    "criteria": 0.0001,
    "params_mle": {
        "eps": 0,
        "eps_cont": 0,
        "lambda": 0,
        "theta_bar": 0.0008618153,
        "a": -1,
        "S_d": -227.7199,
        "b": 0.3750654,
        "p_b": 0,
        "S_b": 1,
        "r": [
            1.195908,
            1.157647,
            1.299681,
            1.115592,
            1.047296,
            1.160249,
            0.7428753,
            1.377841,
            1.121084,
            0.8990692,
            1.038457,
            1.535967,
            0.932667,
            0.8651508,
            1.186902,
            1.369219,
            1.038048,
            1.395905
        ]
    },
    "n": 20,
    "expec": [
        {
            "E[P_z(1)]": 0.0008618153,
            "E[P_z(2)]": 0.0005153261,
            "E[P_z(3)]": 0.0003325593,
            "E[P_z(4)]": 0.0002800212,
            "E[P_z(5)]": 0.0001922869,
            "E[P_z(6)]": 0.0001504293,
            "E[P_z(7)]": 0.0001428458,
            "E[P_z(8)]": 8.00277e-05,
            "E[P_z(9)]": 0.0001319383,
            "E[P_z(10)]": 9.66167e-05,
            "E[P_z(11)]": 7.04392e-05,
            "E[P_z(12)]": 7.45799e-05,
            "E[P_z(13)]": 0.0001018246,
            "E[P_z(14)]": 5.74133e-05,
            "E[P_z(15)]": 4.97067e-05,
            "E[P_z(16)]": 6.39307e-05,
            "E[P_z(17)]": 6.94126e-05,
            "E[P_z(18)]": 4.97003e-05,
            "E[P_z(19)]": 6.33164e-05,
            "E[D_z]": null,
            "E[mis_z]": null
        },
        {
            "E[P_z(1)]": 0.0003170598,
            "E[P_z(2)]": 0.0001325598,
            "E[P_z(3)]": 7.14802e-05,
            "E[P_z(4)]": 5.36598e-05,
            "E[P_z(5)]": 3.39041e-05,
            "E[P_z(6)]": 2.48564e-05,
            "E[P_z(7)]": 2.23839e-05,
            "E[P_z(8)]": 1.19912e-05,
            "E[P_z(9)]": 1.90192e-05,
            "E[P_z(10)]": 1.34612e-05,
            "E[P_z(11)]": 9.5202e-06,
            "E[P_z(12)]": 9.8068e-06,
            "E[P_z(13)]": 1.30584e-05,
            "E[P_z(14)]": 7.1955e-06,
            "E[P_z(15)]": 6.0984e-06,
            "E[P_z(16)]": 7.6897e-06,
            "E[P_z(17)]": 8.1958e-06,
            "E[P_z(18)]": 5.7671e-06,
            "E[P_z(19)]": 7.2275e-06,
            "E[D_z]": null,
            "E[mis_z]": null
        }
    ],
    "alpha": 0.0,
    "execution_time": 77.42686247825623
}