{
    "likelihood": -53.15047874097115,
    "L2_residual": 99.48881140592283,
    "params_mle": {
        "S_d": -0.3418082439967153,
        "b": 10.0,
        "p_b": 0.0,
        "S_b": 0.00046252846816503183,
        "eps": 0.0
    },
    "alpha": 0.0,
    "result": {
        "fun": 44.69384701874691,
        "jac": [
            0.00010231815400331019,
            -0.021691448528290032,
            0.10392966487415833,
            0.0,
            298.67755984014366
        ],
        "nfev": 192,
        "njev": 32,
        "nit": 16,
        "status": 0,
        "message": "CONVERGENCE: REL_REDUCTION_OF_F_<=_FACTR*EPSMCH",
        "x": [
            0.4662174668373258,
            1.0,
            0.0,
            -3.33486153171091,
            0.0
        ],
        "success": true,
        "hess_inv": "<5x5 LbfgsInvHessProduct with dtype=float64>"
    },
    "execution_time": 97.52094507217407,
    "sfs_mle": [
        0.0,
        646.0541843295741,
        219.35802125250325,
        194.9603756231897,
        126.76303968270564,
        89.91421234987811,
        92.92282941426639,
        55.53338909523044,
        50.380072953364994,
        70.70477117593735,
        0.0
    ],
    "fixed_params": {},
    "bounds": {
        "S_d": [
            -100000.0,
            -0.01
        ],
        "b": [
            0.01,
            10
        ],
        "p_b": [
            0,
            0.5
        ],
        "S_b": [
            0.0001,
            100
        ],
        "eps": [
            0,
            0.15
        ]
    },
    "config": {
        "model": "GammaExpParametrization",
        "intervals_del": [
            -100000000.0,
            -1e-05,
            1000
        ],
        "intervals_ben": [
            1e-05,
            10000.0,
            1000
        ],
        "integration_mode": "midpoint",
        "linearized": true,
        "seed": 0,
        "opts_mle": {},
        "n_runs": 100,
        "x0": {
            "all": {
                "S_d": -1000,
                "b": 0.4,
                "p_b": 0.05,
                "S_b": 1,
                "eps": 0.0
            }
        },
        "bounds": {
            "S_d": [
                -100000.0,
                -0.01
            ],
            "b": [
                0.01,
                10
            ],
            "p_b": [
                0,
                0.5
            ],
            "S_b": [
                0.0001,
                100
            ],
            "eps": [
                0,
                0.15
            ]
        },
        "scales": {
            "S_d": "log",
            "b": "log",
            "p_b": "lin",
            "S_b": "log",
            "eps": "lin"
        },
        "fixed_params": {},
        "shared_params": [],
        "covariates": [],
        "sfs_neut": {
            "all": [
                945554.5566452486,
                539.0,
                186.0,
                168.0,
                111.0,
                80.0,
                84.0,
                51.0,
                47.0,
                67.0,
                0.0
            ]
        },
        "sfs_sel": {
            "all": [
                1151973.4433547514,
                734.0,
                239.0,
                164.0,
                135.0,
                101.0,
                78.0,
                50.0,
                65.0,
                58.0,
                0.0
            ]
        },
        "do_bootstrap": true,
        "n_bootstraps": 1000,
        "parallelize": false,
        "loss_type": "likelihood"
    }
}