{
    "output_file": "/scratch/38996069/tmpff9e1et6",
    "model": "C",
    "likelihood": -249.6118,
    "criteria": 8e-05,
    "params_mle": {
        "eps": 0,
        "eps_cont": 0,
        "lambda": 0,
        "theta_bar": 0.003215896,
        "a": -1,
        "S_d": -104.3557,
        "b": 0.3325486,
        "p_b": 0,
        "S_b": 1,
        "r": [
            0.933601,
            0.9242191,
            0.9680052,
            0.9464325,
            0.8583309,
            0.9467975,
            0.8898656,
            0.8994552,
            0.9059412,
            0.8500174,
            0.9313856,
            0.8815137,
            0.8964637,
            0.9849166,
            0.9750401,
            1.241796,
            1.29331,
            1.486898
        ]
    },
    "n": 20,
    "expec": [
        {
            "E[P_z(1)]": 0.003215896,
            "E[P_z(2)]": 0.001501182,
            "E[P_z(3)]": 0.0009907307,
            "E[P_z(4)]": 0.0007782509,
            "E[P_z(5)]": 0.0006087257,
            "E[P_z(6)]": 0.0004600505,
            "E[P_z(7)]": 0.0004349717,
            "E[P_z(8)]": 0.0003577144,
            "E[P_z(9)]": 0.0003213949,
            "E[P_z(10)]": 0.0002913413,
            "E[P_z(11)]": 0.0002485061,
            "E[P_z(12)]": 0.0002496032,
            "E[P_z(13)]": 0.0002180658,
            "E[P_z(14)]": 0.0002059238,
            "E[P_z(15)]": 0.0002111593,
            "E[P_z(16)]": 0.0001959767,
            "E[P_z(17)]": 0.000234911,
            "E[P_z(18)]": 0.0002310638,
            "E[P_z(19)]": 0.000251669,
            "E[D_z]": null,
            "E[mis_z]": null
        },
        {
            "E[P_z(1)]": 0.001576369,
            "E[P_z(2)]": 0.0005532725,
            "E[P_z(3)]": 0.0003137562,
            "E[P_z(4)]": 0.0002232493,
            "E[P_z(5)]": 0.0001624246,
            "E[P_z(6)]": 0.0001159827,
            "E[P_z(7)]": 0.000104676,
            "E[P_z(8)]": 8.27623e-05,
            "E[P_z(9)]": 7.18684e-05,
            "E[P_z(10)]": 6.32206e-05,
            "E[P_z(11)]": 5.24973e-05,
            "E[P_z(12)]": 5.14649e-05,
            "E[P_z(13)]": 4.39776e-05,
            "E[P_z(14)]": 4.06917e-05,
            "E[P_z(15)]": 4.09468e-05,
            "E[P_z(16)]": 3.73412e-05,
            "E[P_z(17)]": 4.40303e-05,
            "E[P_z(18)]": 4.26455e-05,
            "E[P_z(19)]": 4.57765e-05,
            "E[D_z]": null,
            "E[mis_z]": null
        }
    ],
    "alpha": 0.0,
    "execution_time": 68.59624648094177
}