{
    "output_file": "/scratch/40841145/tmppgwqhcrm",
    "model": "C",
    "likelihood": -140.6238,
    "criteria": 9e-05,
    "params_mle": {
        "eps": 4.5012e-06,
        "eps_cont": 0,
        "lambda": 0,
        "theta_bar": 0.0008919512,
        "a": -1,
        "S_d": -528.7966,
        "b": 0.07033405,
        "p_b": 0.0039118,
        "S_b": 0.03811924,
        "r": [
            0.5554139,
            0.5050895,
            0.4916395,
            0.4101947,
            0.5374089,
            0.5160959,
            0.4808665,
            0.5545462,
            0.6600998,
            0.5636779,
            0.5265922,
            0.5775863,
            0.6118991,
            0.4929401,
            0.5472434,
            0.5826794,
            0.6563746,
            1.234932
        ]
    },
    "n": 20,
    "expec": [
        {
            "E[P_z(1)]": 0.0008919474,
            "E[P_z(2)]": 0.0002477001,
            "E[P_z(3)]": 0.0001501712,
            "E[P_z(4)]": 0.0001096293,
            "E[P_z(5)]": 7.31745e-05,
            "E[P_z(6)]": 7.98902e-05,
            "E[P_z(7)]": 6.57617e-05,
            "E[P_z(8)]": 5.36136e-05,
            "E[P_z(9)]": 5.49586e-05,
            "E[P_z(10)]": 5.88777e-05,
            "E[P_z(11)]": 4.57067e-05,
            "E[P_z(12)]": 3.91413e-05,
            "E[P_z(13)]": 3.96293e-05,
            "E[P_z(14)]": 3.89848e-05,
            "E[P_z(15)]": 2.93121e-05,
            "E[P_z(16)]": 3.05075e-05,
            "E[P_z(17)]": 3.05724e-05,
            "E[P_z(18)]": 3.25262e-05,
            "E[P_z(19)]": 5.79774e-05,
            "E[D_z]": null,
            "E[mis_z]": null
        },
        {
            "E[P_z(1)]": 0.0006199811,
            "E[P_z(2)]": 0.0001611365,
            "E[P_z(3)]": 9.46385e-05,
            "E[P_z(4)]": 6.76872e-05,
            "E[P_z(5)]": 4.45051e-05,
            "E[P_z(6)]": 4.80178e-05,
            "E[P_z(7)]": 3.91423e-05,
            "E[P_z(8)]": 3.16483e-05,
            "E[P_z(9)]": 3.22096e-05,
            "E[P_z(10)]": 3.42868e-05,
            "E[P_z(11)]": 2.64652e-05,
            "E[P_z(12)]": 2.25467e-05,
            "E[P_z(13)]": 2.27199e-05,
            "E[P_z(14)]": 2.2253e-05,
            "E[P_z(15)]": 1.66641e-05,
            "E[P_z(16)]": 1.72783e-05,
            "E[P_z(17)]": 1.72539e-05,
            "E[P_z(18)]": 1.82955e-05,
            "E[P_z(19)]": 3.25093e-05,
            "E[D_z]": null,
            "E[mis_z]": null
        }
    ],
    "alpha": 0.008693592024152102,
    "execution_time": 1087.4897191524506
}