{
    "output_file": "/scratch/40841235/tmp4ysa5gz1",
    "model": "C",
    "likelihood": -167.7884,
    "criteria": 7e-05,
    "params_mle": {
        "eps": 4.50864e-06,
        "eps_cont": 0,
        "lambda": 0,
        "theta_bar": 0.0008683561,
        "a": -1,
        "S_d": -16.14581,
        "b": 0.1800697,
        "p_b": 0.005001133,
        "S_b": 0.05325412,
        "r": [
            0.5687858,
            0.4884818,
            0.5507216,
            0.4911241,
            0.5876634,
            0.6459483,
            0.6184482,
            0.4251162,
            0.5766236,
            0.4136674,
            0.4018909,
            0.4846187,
            0.4815094,
            0.4515865,
            0.4771425,
            0.5095927,
            0.5750539,
            0.5575116,
            0.8196308,
            0.7767512,
            0.7658423,
            0.867886,
            1.480959
        ]
    },
    "n": 25,
    "expec": [
        {
            "E[P_z(1)]": 0.0008683525,
            "E[P_z(2)]": 0.0002469533,
            "E[P_z(3)]": 0.0001413916,
            "E[P_z(4)]": 0.0001195552,
            "E[P_z(5)]": 8.52939e-05,
            "E[P_z(6)]": 8.50499e-05,
            "E[P_z(7)]": 8.01302e-05,
            "E[P_z(8)]": 6.7129e-05,
            "E[P_z(9)]": 4.10168e-05,
            "E[P_z(10)]": 5.00714e-05,
            "E[P_z(11)]": 3.26555e-05,
            "E[P_z(12)]": 2.90821e-05,
            "E[P_z(13)]": 3.23709e-05,
            "E[P_z(14)]": 2.98658e-05,
            "E[P_z(15)]": 2.61426e-05,
            "E[P_z(16)]": 2.58957e-05,
            "E[P_z(17)]": 2.60301e-05,
            "E[P_z(18)]": 2.7742e-05,
            "E[P_z(19)]": 2.54802e-05,
            "E[P_z(20)]": 3.55868e-05,
            "E[P_z(21)]": 3.21193e-05,
            "E[P_z(22)]": 3.02289e-05,
            "E[P_z(23)]": 3.27677e-05,
            "E[P_z(24)]": 5.3587e-05,
            "E[D_z]": null,
            "E[mis_z]": null
        },
        {
            "E[P_z(1)]": 0.0007073541,
            "E[P_z(2)]": 0.0001807485,
            "E[P_z(3)]": 9.6815e-05,
            "E[P_z(4)]": 7.8115e-05,
            "E[P_z(5)]": 5.37766e-05,
            "E[P_z(6)]": 5.21102e-05,
            "E[P_z(7)]": 4.79405e-05,
            "E[P_z(8)]": 3.93527e-05,
            "E[P_z(9)]": 2.36218e-05,
            "E[P_z(10)]": 2.83859e-05,
            "E[P_z(11)]": 1.82528e-05,
            "E[P_z(12)]": 1.60483e-05,
            "E[P_z(13)]": 1.76546e-05,
            "E[P_z(14)]": 1.61131e-05,
            "E[P_z(15)]": 1.39635e-05,
            "E[P_z(16)]": 1.37027e-05,
            "E[P_z(17)]": 1.36536e-05,
            "E[P_z(18)]": 1.44319e-05,
            "E[P_z(19)]": 1.31524e-05,
            "E[P_z(20)]": 1.82341e-05,
            "E[P_z(21)]": 1.63424e-05,
            "E[P_z(22)]": 1.52781e-05,
            "E[P_z(23)]": 1.6456e-05,
            "E[P_z(24)]": 2.67485e-05,
            "E[D_z]": null,
            "E[mis_z]": null
        }
    ],
    "alpha": 0.011419267157490951,
    "execution_time": 538.0861232280731
}