{
    "py/object": "fastdfe.polydfe.PolyDFE",
    "logger": {
        "py/reduce": [
            {
                "py/function": "logging.getLogger"
            },
            {
                "py/tuple": [
                    "fastdfe.PolyDFE"
                ]
            }
        ]
    },
    "bootstraps": null,
    "config": {
        "py/object": "fastdfe.config.Config",
        "data": {
            "model": "GammaExpParametrization",
            "intervals_del": {
                "py/tuple": [
                    -100000000.0,
                    -1e-05,
                    1000
                ]
            },
            "intervals_ben": {
                "py/tuple": [
                    1e-05,
                    10000.0,
                    1000
                ]
            },
            "integration_mode": "midpoint",
            "linearized": true,
            "seed": 0,
            "opts_mle": {},
            "n_runs": 10,
            "x0": {
                "all": {
                    "S_b": 0.09636954,
                    "S_d": -44.34681,
                    "a": -1,
                    "b": 0.1221405,
                    "eps": 4.50123e-06,
                    "eps_cont": 0,
                    "lambda": 0,
                    "p_b": 0.01060767,
                    "r": [
                        0.6268517,
                        0.6514728,
                        0.6820074,
                        0.5848618,
                        0.7565646,
                        0.6523473,
                        0.6349214,
                        0.7005902,
                        0.6139579,
                        0.6324166,
                        0.6421517,
                        0.7478784,
                        1.22486
                    ],
                    "theta_bar": 0.0008663822
                }
            },
            "bounds": {},
            "scales": {},
            "fixed_params": {},
            "shared_params": [],
            "covariates": [],
            "sfs_neut": {
                "py/object": "fastdfe.spectrum.Spectra",
                "data": {
                    "all": [
                        870476.438336528,
                        766.0,
                        215.0,
                        164.0,
                        128.0,
                        91.0,
                        87.0,
                        78.0,
                        53.0,
                        58.0,
                        43.0,
                        44.0,
                        39.0,
                        53.0,
                        50.0,
                        0.0
                    ]
                }
            },
            "sfs_sel": {
                "py/object": "fastdfe.spectrum.Spectra",
                "data": {
                    "all": [
                        2365850.56166347,
                        1488.0,
                        474.0,
                        238.0,
                        205.0,
                        126.0,
                        209.0,
                        98.0,
                        101.0,
                        82.0,
                        55.0,
                        53.0,
                        56.0,
                        48.0,
                        115.0,
                        0.0
                    ]
                }
            },
            "do_bootstrap": false,
            "n_bootstraps": 10,
            "parallelize": false,
            "loss_type": "likelihood"
        }
    },
    "output_file": null,
    "execution_time": 295.44390392303467,
    "summary": {
        "py/object": "fastdfe.polydfe.PolyDFEResult",
        "output_file": "results/polydfe/hgdp/inference/1/opts.n.15.config.default/bootstraps/82/all.polydfe.txt",
        "postprocessing_source": "../resources/polydfe/postprocessing/script.R",
        "data": {
            "output_file": "/scratch/40840751/tmprtwg9j75",
            "model": "C",
            "likelihood": -111.5335,
            "criteria": 0.00019,
            "params_mle": {
                "eps": 4.50284e-06,
                "eps_cont": 0,
                "lambda": 0,
                "theta_bar": 0.0008638998,
                "a": -1,
                "S_d": -57.87777,
                "b": 0.1080651,
                "p_b": 0.01060858,
                "S_b": 0.09642315,
                "r": [
                    0.6493628,
                    0.5855328,
                    0.6591708,
                    0.5444734,
                    0.9009926,
                    0.6306207,
                    0.635408,
                    0.6541116,
                    0.5116934,
                    0.5599966,
                    0.6011041,
                    0.6952706,
                    1.227978
                ]
            },
            "n": 15,
            "expec": [
                {
                    "E[P_z(1)]": 0.0008638962,
                    "E[P_z(2)]": 0.0002804911,
                    "E[P_z(3)]": 0.0001686133,
                    "E[P_z(4)]": 0.0001423639,
                    "E[P_z(5)]": 9.40739e-05,
                    "E[P_z(6)]": 0.0001297276,
                    "E[P_z(7)]": 7.78275e-05,
                    "E[P_z(8)]": 6.86161e-05,
                    "E[P_z(9)]": 6.27877e-05,
                    "E[P_z(10)]": 4.42054e-05,
                    "E[P_z(11)]": 4.39805e-05,
                    "E[P_z(12)]": 4.3275e-05,
                    "E[P_z(13)]": 4.62044e-05,
                    "E[P_z(14)]": 7.57785e-05,
                    "E[D_z]": null,
                    "E[mis_z]": null
                },
                {
                    "E[P_z(1)]": 0.0006332956,
                    "E[P_z(2)]": 0.0001875367,
                    "E[P_z(3)]": 0.0001075992,
                    "E[P_z(4)]": 8.81333e-05,
                    "E[P_z(5)]": 5.69536e-05,
                    "E[P_z(6)]": 7.71697e-05,
                    "E[P_z(7)]": 4.563e-05,
                    "E[P_z(8)]": 3.97358e-05,
                    "E[P_z(9)]": 3.59725e-05,
                    "E[P_z(10)]": 2.5087e-05,
                    "E[P_z(11)]": 2.47476e-05,
                    "E[P_z(12)]": 2.41632e-05,
                    "E[P_z(13)]": 2.56172e-05,
                    "E[P_z(14)]": 4.17414e-05,
                    "E[D_z]": null,
                    "E[mis_z]": null
                }
            ],
            "alpha": 0.021740661581654823,
            "execution_time": 295.44390392303467
        }
    }
}