{
    "likelihood": -38.08890336329051,
    "L2_residual": 17.000089049359833,
    "params_mle": {
        "S_d": -74.7424710766471,
        "b": 0.5452275776209116,
        "p_b": 0.5,
        "S_b": 0.024182277557858785,
        "eps": 0.0
    },
    "alpha": 0.9173430268937875,
    "result": {
        "fun": 31.556790967116683,
        "jac": [
            -4.54747353650178e-05,
            2.842170944536394e-06,
            -0.5850608889328167,
            3.4106051523763346e-05,
            118.04204120835493
        ],
        "nfev": 660,
        "njev": 110,
        "nit": 85,
        "status": 0,
        "message": "CONVERGENCE: REL_REDUCTION_OF_F_<=_FACTR*EPSMCH",
        "x": [
            -1.8735674520527112,
            -0.26342218565892095,
            0.5,
            -1.6165027984202758,
            0.0
        ],
        "success": true,
        "hess_inv": "<5x5 LbfgsInvHessProduct with dtype=float64>"
    },
    "execution_time": 329.85686206817627,
    "sfs_mle": [
        0.0,
        658.3403010725248,
        204.90698722156503,
        144.80724067013477,
        117.15637130787339,
        80.86244771046285,
        68.07722059774372,
        57.35928544201845,
        59.6290875675903,
        65.33573826064536,
        0.0
    ],
    "fixed_params": {},
    "bounds": {
        "S_d": [
            -100000.0,
            -0.01
        ],
        "b": [
            0.01,
            10
        ],
        "p_b": [
            0,
            0.5
        ],
        "S_b": [
            0.0001,
            100
        ],
        "eps": [
            0,
            0.15
        ]
    },
    "config": {
        "model": "GammaExpParametrization",
        "intervals_del": [
            -100000000.0,
            -1e-05,
            1000
        ],
        "intervals_ben": [
            1e-05,
            10000.0,
            1000
        ],
        "integration_mode": "midpoint",
        "linearized": true,
        "seed": 0,
        "opts_mle": {},
        "n_runs": 100,
        "x0": {
            "all": {
                "S_d": -1000,
                "b": 0.4,
                "p_b": 0.05,
                "S_b": 1,
                "eps": 0.0
            }
        },
        "bounds": {
            "S_d": [
                -100000.0,
                -0.01
            ],
            "b": [
                0.01,
                10
            ],
            "p_b": [
                0,
                0.5
            ],
            "S_b": [
                0.0001,
                100
            ],
            "eps": [
                0,
                0.15
            ]
        },
        "scales": {
            "S_d": "log",
            "b": "log",
            "p_b": "lin",
            "S_b": "log",
            "eps": "lin"
        },
        "fixed_params": {},
        "shared_params": [],
        "covariates": [],
        "sfs_neut": {
            "all": [
                13915.0,
                636.0,
                219.0,
                161.0,
                133.0,
                93.0,
                79.0,
                67.0,
                70.0,
                77.0,
                301.0
            ]
        },
        "sfs_sel": {
            "all": [
                22392.0,
                661.0,
                202.0,
                139.0,
                119.0,
                78.0,
                75.0,
                67.0,
                60.0,
                56.0,
                249.0
            ]
        },
        "do_bootstrap": true,
        "n_bootstraps": 1000,
        "parallelize": false,
        "loss_type": "likelihood"
    }
}