{
    "output_file": "/scratch/40840178/tmp_d_xmgob",
    "model": "C",
    "likelihood": -30.95835,
    "criteria": 6e-05,
    "params_mle": {
        "eps": 4.49483e-06,
        "eps_cont": 0,
        "lambda": 0,
        "theta_bar": 0.0006269596,
        "a": -1,
        "S_d": -47.72966,
        "b": 0.1332395,
        "p_b": 0.0147751,
        "S_b": 0.128589,
        "r": [
            0.8881169,
            0.80971,
            0.7936306
        ]
    },
    "n": 5,
    "expec": [
        {
            "E[P_z(1)]": 0.0006269574,
            "E[P_z(2)]": 0.0002784062,
            "E[P_z(3)]": 0.000169219,
            "E[P_z(4)]": 0.0001243959,
            "E[D_z]": null,
            "E[mis_z]": null
        },
        {
            "E[P_z(1)]": 0.0004026238,
            "E[P_z(2)]": 0.0001597557,
            "E[P_z(3)]": 9.19469e-05,
            "E[P_z(4)]": 6.52514e-05,
            "E[D_z]": null,
            "E[mis_z]": null
        }
    ],
    "alpha": 0.03268578452897763,
    "execution_time": 19.347604036331177
}