{
    "output_file": "/scratch/40840326/tmp27n2holv",
    "model": "C",
    "likelihood": -64.77367,
    "criteria": 0.0001,
    "params_mle": {
        "eps": 4.49785e-06,
        "eps_cont": 0,
        "lambda": 0,
        "theta_bar": 0.0006692399,
        "a": -1,
        "S_d": -4.444841,
        "b": 0.402413,
        "p_b": 0.0009274629,
        "S_b": 0.007919662,
        "r": [
            0.7435872,
            0.8086625,
            0.7742625,
            0.9648873,
            0.7240119,
            0.8369645,
            1.042047,
            1.275374
        ]
    },
    "n": 10,
    "expec": [
        {
            "E[P_z(1)]": 0.0006692373,
            "E[P_z(2)]": 0.0002488184,
            "E[P_z(3)]": 0.000180396,
            "E[P_z(4)]": 0.0001295416,
            "E[P_z(5)]": 0.0001291482,
            "E[P_z(6)]": 8.07565e-05,
            "E[P_z(7)]": 8.0019e-05,
            "E[P_z(8)]": 8.71732e-05,
            "E[P_z(9)]": 9.48393e-05,
            "E[D_z]": null,
            "E[mis_z]": null
        },
        {
            "E[P_z(1)]": 0.0005490988,
            "E[P_z(2)]": 0.0001781244,
            "E[P_z(3)]": 0.0001168737,
            "E[P_z(4)]": 7.77026e-05,
            "E[P_z(5)]": 7.28029e-05,
            "E[P_z(6)]": 4.32283e-05,
            "E[P_z(7)]": 4.09795e-05,
            "E[P_z(8)]": 4.29518e-05,
            "E[P_z(9)]": 4.51556e-05,
            "E[D_z]": null,
            "E[mis_z]": null
        }
    ],
    "alpha": 0.0031833094439330163,
    "execution_time": 44.26630640029907
}