{
    "output_file": "/scratch/40841119/tmpso_40xq7",
    "model": "C",
    "likelihood": -100.0746,
    "criteria": 0.00015,
    "params_mle": {
        "eps": 4.50254e-06,
        "eps_cont": 0,
        "lambda": 0,
        "theta_bar": 0.0009022304,
        "a": -1,
        "S_d": -97.91125,
        "b": 0.1077607,
        "p_b": 0.01058582,
        "S_b": 0.09663583,
        "r": [
            0.6191712,
            0.70406,
            0.668422,
            0.6234637,
            0.707978,
            0.6027524,
            0.6694797,
            0.670176,
            0.6300619,
            0.6908544,
            0.4817886,
            0.8440094,
            1.214046
        ]
    },
    "n": 15,
    "expec": [
        {
            "E[P_z(1)]": 0.0009022267,
            "E[P_z(2)]": 0.0002793166,
            "E[P_z(3)]": 0.0002117407,
            "E[P_z(4)]": 0.0001507672,
            "E[P_z(5)]": 0.0001125013,
            "E[P_z(6)]": 0.0001064597,
            "E[P_z(7)]": 7.76888e-05,
            "E[P_z(8)]": 7.55031e-05,
            "E[P_z(9)]": 6.71839e-05,
            "E[P_z(10)]": 5.68464e-05,
            "E[P_z(11)]": 5.6665e-05,
            "E[P_z(12)]": 3.62245e-05,
            "E[P_z(13)]": 5.85772e-05,
            "E[P_z(14)]": 7.8243e-05,
            "E[D_z]": null,
            "E[mis_z]": null
        },
        {
            "E[P_z(1)]": 0.0006288809,
            "E[P_z(2)]": 0.0001770005,
            "E[P_z(3)]": 0.0001280117,
            "E[P_z(4)]": 8.84169e-05,
            "E[P_z(5)]": 6.45195e-05,
            "E[P_z(6)]": 5.99907e-05,
            "E[P_z(7)]": 4.31486e-05,
            "E[P_z(8)]": 4.1421e-05,
            "E[P_z(9)]": 3.64646e-05,
            "E[P_z(10)]": 3.05629e-05,
            "E[P_z(11)]": 3.02076e-05,
            "E[P_z(12)]": 1.91628e-05,
            "E[P_z(13)]": 3.07697e-05,
            "E[P_z(14)]": 4.0834e-05,
            "E[D_z]": null,
            "E[mis_z]": null
        }
    ],
    "alpha": 0.02290837307233642,
    "execution_time": 413.75960659980774
}