{
    "output_file": "/scratch/40841143/tmpyi59f3yv",
    "model": "C",
    "likelihood": -136.4187,
    "criteria": 0.00105,
    "params_mle": {
        "eps": 4.49744e-06,
        "eps_cont": 0,
        "lambda": 0,
        "theta_bar": 0.0008765815,
        "a": -1,
        "S_d": -50.21232,
        "b": 0.1354515,
        "p_b": 0.003880674,
        "S_b": 0.03794708,
        "r": [
            0.5276568,
            0.5493363,
            0.5024061,
            0.5455963,
            0.5236326,
            0.5474896,
            0.4622022,
            0.5121511,
            0.5912724,
            0.6496586,
            0.5659028,
            0.4503076,
            0.6347944,
            0.565893,
            0.6060865,
            0.7805597,
            0.7372425,
            1.41089
        ]
    },
    "n": 20,
    "expec": [
        {
            "E[P_z(1)]": 0.0008765779,
            "E[P_z(2)]": 0.0002312662,
            "E[P_z(3)]": 0.0001605122,
            "E[P_z(4)]": 0.0001100996,
            "E[P_z(5)]": 9.56516e-05,
            "E[P_z(6)]": 7.65009e-05,
            "E[P_z(7)]": 6.85597e-05,
            "E[P_z(8)]": 5.06447e-05,
            "E[P_z(9)]": 4.98825e-05,
            "E[P_z(10)]": 5.18298e-05,
            "E[P_z(11)]": 5.17708e-05,
            "E[P_z(12)]": 4.13384e-05,
            "E[P_z(13)]": 3.03641e-05,
            "E[P_z(14)]": 3.97465e-05,
            "E[P_z(15)]": 3.30704e-05,
            "E[P_z(16)]": 3.32056e-05,
            "E[P_z(17)]": 4.0249e-05,
            "E[P_z(18)]": 3.59038e-05,
            "E[P_z(19)]": 6.50963e-05,
            "E[D_z]": null,
            "E[mis_z]": null
        },
        {
            "E[P_z(1)]": 0.0006382655,
            "E[P_z(2)]": 0.0001506423,
            "E[P_z(3)]": 9.85733e-05,
            "E[P_z(4)]": 6.50428e-05,
            "E[P_z(5)]": 5.49139e-05,
            "E[P_z(6)]": 4.29391e-05,
            "E[P_z(7)]": 3.77725e-05,
            "E[P_z(8)]": 2.74646e-05,
            "E[P_z(9)]": 2.66821e-05,
            "E[P_z(10)]": 2.73886e-05,
            "E[P_z(11)]": 2.70609e-05,
            "E[P_z(12)]": 2.13955e-05,
            "E[P_z(13)]": 1.55743e-05,
            "E[P_z(14)]": 2.02177e-05,
            "E[P_z(15)]": 1.66925e-05,
            "E[P_z(16)]": 1.66405e-05,
            "E[P_z(17)]": 2.00346e-05,
            "E[P_z(18)]": 1.77587e-05,
            "E[P_z(19)]": 3.2006e-05,
            "E[D_z]": null,
            "E[mis_z]": null
        }
    ],
    "alpha": 0.009205408946238272,
    "execution_time": 385.99144220352173
}