{
    "output_file": "/scratch/40840250/tmptetysxh_",
    "model": "C",
    "likelihood": -32.08547,
    "criteria": 7e-05,
    "params_mle": {
        "eps": 4.49496e-06,
        "eps_cont": 0,
        "lambda": 0,
        "theta_bar": 0.0005922794,
        "a": -1,
        "S_d": -29.07463,
        "b": 0.141897,
        "p_b": 0.01454996,
        "S_b": 0.1268884,
        "r": [
            0.9015055,
            0.9455633,
            0.8690203
        ]
    },
    "n": 5,
    "expec": [
        {
            "E[P_z(1)]": 0.0005922773,
            "E[P_z(2)]": 0.0002669712,
            "E[P_z(3)]": 0.0001866796,
            "E[P_z(4)]": 0.0001286778,
            "E[D_z]": null,
            "E[mis_z]": null
        },
        {
            "E[P_z(1)]": 0.0003969368,
            "E[P_z(2)]": 0.0001593642,
            "E[P_z(3)]": 0.0001052014,
            "E[P_z(4)]": 6.98536e-05,
            "E[D_z]": null,
            "E[mis_z]": null
        }
    ],
    "alpha": 0.031117213814646907,
    "execution_time": 18.093125820159912
}