{
    "py/object": "fastdfe.polydfe.PolyDFE",
    "logger": {
        "py/reduce": [
            {
                "py/function": "logging.getLogger"
            },
            {
                "py/tuple": [
                    "fastdfe.PolyDFE"
                ]
            }
        ]
    },
    "bootstraps": null,
    "config": {
        "py/object": "fastdfe.config.Config",
        "data": {
            "model": "GammaExpParametrization",
            "intervals_del": {
                "py/tuple": [
                    -100000000.0,
                    -1e-05,
                    1000
                ]
            },
            "intervals_ben": {
                "py/tuple": [
                    1e-05,
                    10000.0,
                    1000
                ]
            },
            "integration_mode": "midpoint",
            "linearized": true,
            "seed": 0,
            "opts_mle": {},
            "n_runs": 10,
            "x0": {
                "all": {
                    "S_b": 0.09636954,
                    "S_d": -44.34681,
                    "a": -1,
                    "b": 0.1221405,
                    "eps": 4.50123e-06,
                    "eps_cont": 0,
                    "lambda": 0,
                    "p_b": 0.01060767,
                    "r": [
                        0.6268517,
                        0.6514728,
                        0.6820074,
                        0.5848618,
                        0.7565646,
                        0.6523473,
                        0.6349214,
                        0.7005902,
                        0.6139579,
                        0.6324166,
                        0.6421517,
                        0.7478784,
                        1.22486
                    ],
                    "theta_bar": 0.0008663822
                }
            },
            "bounds": {},
            "scales": {},
            "fixed_params": {},
            "shared_params": [],
            "covariates": [],
            "sfs_neut": {
                "py/object": "fastdfe.spectrum.Spectra",
                "data": {
                    "all": [
                        870447.438336528,
                        772.0,
                        202.0,
                        183.0,
                        137.0,
                        105.0,
                        77.0,
                        86.0,
                        41.0,
                        60.0,
                        50.0,
                        36.0,
                        40.0,
                        54.0,
                        55.0,
                        0.0
                    ]
                }
            },
            "sfs_sel": {
                "py/object": "fastdfe.spectrum.Spectra",
                "data": {
                    "all": [
                        2365844.56166347,
                        1544.0,
                        451.0,
                        276.0,
                        217.0,
                        145.0,
                        163.0,
                        96.0,
                        91.0,
                        81.0,
                        68.0,
                        55.0,
                        53.0,
                        47.0,
                        67.0,
                        0.0
                    ]
                }
            },
            "do_bootstrap": false,
            "n_bootstraps": 10,
            "parallelize": false,
            "loss_type": "likelihood"
        }
    },
    "output_file": null,
    "execution_time": 201.27082443237305,
    "summary": {
        "py/object": "fastdfe.polydfe.PolyDFEResult",
        "output_file": "results/polydfe/hgdp/inference/1/opts.n.15.config.default/bootstraps/92/all.polydfe.txt",
        "postprocessing_source": "../resources/polydfe/postprocessing/script.R",
        "data": {
            "output_file": "/scratch/40840712/tmpxrxkmlwg",
            "model": "C",
            "likelihood": -105.6951,
            "criteria": 0.00064,
            "params_mle": {
                "eps": 4.49976e-06,
                "eps_cont": 0,
                "lambda": 0,
                "theta_bar": 0.0008601001,
                "a": -1,
                "S_d": -14.7961,
                "b": 0.2078507,
                "p_b": 0.01035995,
                "S_b": 0.09524629,
                "r": [
                    0.6143453,
                    0.6806984,
                    0.7237757,
                    0.6549268,
                    0.7692661,
                    0.6915742,
                    0.5809873,
                    0.7063289,
                    0.663601,
                    0.5681063,
                    0.6386223,
                    0.7570182,
                    0.9915067
                ]
            },
            "n": 15,
            "expec": [
                {
                    "E[P_z(1)]": 0.0008600965,
                    "E[P_z(2)]": 0.0002641983,
                    "E[P_z(3)]": 0.0001951556,
                    "E[P_z(4)]": 0.0001556294,
                    "E[P_z(5)]": 0.0001126603,
                    "E[P_z(6)]": 0.0001102741,
                    "E[P_z(7)]": 8.49746e-05,
                    "E[P_z(8)]": 6.24635e-05,
                    "E[P_z(9)]": 6.75017e-05,
                    "E[P_z(10)]": 5.70766e-05,
                    "E[P_z(11)]": 4.44213e-05,
                    "E[P_z(12)]": 4.57739e-05,
                    "E[P_z(13)]": 5.00865e-05,
                    "E[P_z(14)]": 6.09175e-05,
                    "E[D_z]": null,
                    "E[mis_z]": null
                },
                {
                    "E[P_z(1)]": 0.0006608483,
                    "E[P_z(2)]": 0.0001783271,
                    "E[P_z(3)]": 0.0001218719,
                    "E[P_z(4)]": 9.21145e-05,
                    "E[P_z(5)]": 6.40419e-05,
                    "E[P_z(6)]": 6.06971e-05,
                    "E[P_z(7)]": 4.55368e-05,
                    "E[P_z(8)]": 3.27168e-05,
                    "E[P_z(9)]": 3.46578e-05,
                    "E[P_z(10)]": 2.87915e-05,
                    "E[P_z(11)]": 2.20545e-05,
                    "E[P_z(12)]": 2.24006e-05,
                    "E[P_z(13)]": 2.41893e-05,
                    "E[P_z(14)]": 2.90643e-05,
                    "E[D_z]": null,
                    "E[mis_z]": null
                }
            ],
            "alpha": 0.0243238372938911,
            "execution_time": 201.27082443237305
        }
    }
}