{
    "py/object": "fastdfe.polydfe.PolyDFE",
    "logger": {
        "py/reduce": [
            {
                "py/function": "logging.getLogger"
            },
            {
                "py/tuple": [
                    "fastdfe.PolyDFE"
                ]
            }
        ]
    },
    "bootstraps": null,
    "config": {
        "py/object": "fastdfe.config.Config",
        "data": {
            "model": "GammaExpParametrization",
            "intervals_del": {
                "py/tuple": [
                    -100000000.0,
                    -1e-05,
                    1000
                ]
            },
            "intervals_ben": {
                "py/tuple": [
                    1e-05,
                    10000.0,
                    1000
                ]
            },
            "integration_mode": "midpoint",
            "linearized": true,
            "seed": 0,
            "opts_mle": {},
            "n_runs": 10,
            "x0": {
                "all": {
                    "S_b": 1.562568,
                    "S_d": -22188.79,
                    "a": -1,
                    "b": 0.1916524,
                    "eps": 0.007632547,
                    "eps_cont": 0,
                    "lambda": 0,
                    "p_b": 0.04617354,
                    "r": [
                        0.8275426,
                        0.7254075,
                        0.6568578,
                        0.602303,
                        0.5558673,
                        0.5172334,
                        0.4889478,
                        0.4709818,
                        0.4671859,
                        0.4710718,
                        0.4770928,
                        0.4916403,
                        0.5096436,
                        0.5365832,
                        0.5691288,
                        0.6256435,
                        0.7473002,
                        1.000285
                    ],
                    "theta_bar": 0.007669351
                }
            },
            "bounds": {},
            "scales": {},
            "fixed_params": {
                "all": {}
            },
            "shared_params": [],
            "covariates": [],
            "sfs_neut": {
                "py/object": "fastdfe.spectrum.Spectra",
                "data": {
                    "all": [
                        257259.66666666698,
                        2027.0,
                        857.0,
                        480.0,
                        310.0,
                        238.0,
                        188.0,
                        151.0,
                        104.0,
                        108.0,
                        101.0,
                        105.0,
                        69.0,
                        68.0,
                        63.0,
                        74.0,
                        70.0,
                        77.0,
                        98.0,
                        145.0,
                        0.0
                    ]
                }
            },
            "sfs_sel": {
                "py/object": "fastdfe.spectrum.Spectra",
                "data": {
                    "all": [
                        956683.333333333,
                        1917.0,
                        692.0,
                        401.0,
                        247.0,
                        176.0,
                        137.0,
                        112.0,
                        95.0,
                        75.0,
                        52.0,
                        50.0,
                        55.0,
                        66.0,
                        61.0,
                        53.0,
                        58.0,
                        63.0,
                        54.0,
                        96.0,
                        0.0
                    ]
                }
            },
            "do_bootstrap": null,
            "n_bootstraps": 10,
            "parallelize": true,
            "loss_type": "likelihood"
        }
    },
    "output_file": null,
    "execution_time": 2904.436778306961,
    "summary": {
        "py/object": "fastdfe.polydfe.PolyDFEResult",
        "output_file": "results/polydfe/pendula_C_full_anc/bootstraps/39/out.txt",
        "postprocessing_source": "../resources/polydfe/postprocessing/script.R",
        "data": {
            "output_file": "/scratch/38996477/tmpc3s2ktvl",
            "model": "C",
            "likelihood": -139.9078,
            "criteria": 8e-05,
            "params_mle": {
                "eps": 6.486266e-05,
                "eps_cont": 0,
                "lambda": 0,
                "theta_bar": 0.007724927,
                "a": -1,
                "S_d": -9109.046,
                "b": 0.3526071,
                "p_b": 0.16377,
                "S_b": 0.008246343,
                "r": [
                    0.8344654,
                    0.7266099,
                    0.6194224,
                    0.5797611,
                    0.5490998,
                    0.5205604,
                    0.4516552,
                    0.4685479,
                    0.4362862,
                    0.4871714,
                    0.4259139,
                    0.4993908,
                    0.4983558,
                    0.5475457,
                    0.5892885,
                    0.6854565,
                    0.788561,
                    1.320408
                ]
            },
            "n": 20,
            "expec": [
                {
                    "E[P_z(1)]": 0.007724461,
                    "E[P_z(2)]": 0.003222905,
                    "E[P_z(3)]": 0.001870902,
                    "E[P_z(4)]": 0.001196189,
                    "E[P_z(5)]": 0.0008956826,
                    "E[P_z(6)]": 0.0007069313,
                    "E[P_z(7)]": 0.0005744521,
                    "E[P_z(8)]": 0.0004361149,
                    "E[P_z(9)]": 0.0004021625,
                    "E[P_z(10)]": 0.0003370279,
                    "E[P_z(11)]": 0.0003421278,
                    "E[P_z(12)]": 0.00027419,
                    "E[P_z(13)]": 0.0002967686,
                    "E[P_z(14)]": 0.000275011,
                    "E[P_z(15)]": 0.0002820232,
                    "E[P_z(16)]": 0.0002845723,
                    "E[P_z(17)]": 0.0003115777,
                    "E[P_z(18)]": 0.000338608,
                    "E[P_z(19)]": 0.0005373112,
                    "E[D_z]": null,
                    "E[mis_z]": null
                },
                {
                    "E[P_z(1)]": 0.001993068,
                    "E[P_z(2)]": 0.0007310995,
                    "E[P_z(3)]": 0.0004054694,
                    "E[P_z(4)]": 0.0002527077,
                    "E[P_z(5)]": 0.0001860254,
                    "E[P_z(6)]": 0.0001450006,
                    "E[P_z(7)]": 0.0001166888,
                    "E[P_z(8)]": 8.78951e-05,
                    "E[P_z(9)]": 8.05236e-05,
                    "E[P_z(10)]": 6.7107e-05,
                    "E[P_z(11)]": 6.77944e-05,
                    "E[P_z(12)]": 5.41022e-05,
                    "E[P_z(13)]": 5.83372e-05,
                    "E[P_z(14)]": 5.38779e-05,
                    "E[P_z(15)]": 5.50832e-05,
                    "E[P_z(16)]": 5.54271e-05,
                    "E[P_z(17)]": 6.05337e-05,
                    "E[P_z(18)]": 6.56347e-05,
                    "E[P_z(19)]": 0.0001039461,
                    "E[D_z]": null,
                    "E[mis_z]": null
                }
            ],
            "alpha": 0.8539629508955412,
            "execution_time": 2904.436778306961
        }
    }
}