{
    "output_file": "/scratch/38996477/tmpc3s2ktvl",
    "model": "C",
    "likelihood": -139.9078,
    "criteria": 8e-05,
    "params_mle": {
        "eps": 6.486266e-05,
        "eps_cont": 0,
        "lambda": 0,
        "theta_bar": 0.007724927,
        "a": -1,
        "S_d": -9109.046,
        "b": 0.3526071,
        "p_b": 0.16377,
        "S_b": 0.008246343,
        "r": [
            0.8344654,
            0.7266099,
            0.6194224,
            0.5797611,
            0.5490998,
            0.5205604,
            0.4516552,
            0.4685479,
            0.4362862,
            0.4871714,
            0.4259139,
            0.4993908,
            0.4983558,
            0.5475457,
            0.5892885,
            0.6854565,
            0.788561,
            1.320408
        ]
    },
    "n": 20,
    "expec": [
        {
            "E[P_z(1)]": 0.007724461,
            "E[P_z(2)]": 0.003222905,
            "E[P_z(3)]": 0.001870902,
            "E[P_z(4)]": 0.001196189,
            "E[P_z(5)]": 0.0008956826,
            "E[P_z(6)]": 0.0007069313,
            "E[P_z(7)]": 0.0005744521,
            "E[P_z(8)]": 0.0004361149,
            "E[P_z(9)]": 0.0004021625,
            "E[P_z(10)]": 0.0003370279,
            "E[P_z(11)]": 0.0003421278,
            "E[P_z(12)]": 0.00027419,
            "E[P_z(13)]": 0.0002967686,
            "E[P_z(14)]": 0.000275011,
            "E[P_z(15)]": 0.0002820232,
            "E[P_z(16)]": 0.0002845723,
            "E[P_z(17)]": 0.0003115777,
            "E[P_z(18)]": 0.000338608,
            "E[P_z(19)]": 0.0005373112,
            "E[D_z]": null,
            "E[mis_z]": null
        },
        {
            "E[P_z(1)]": 0.001993068,
            "E[P_z(2)]": 0.0007310995,
            "E[P_z(3)]": 0.0004054694,
            "E[P_z(4)]": 0.0002527077,
            "E[P_z(5)]": 0.0001860254,
            "E[P_z(6)]": 0.0001450006,
            "E[P_z(7)]": 0.0001166888,
            "E[P_z(8)]": 8.78951e-05,
            "E[P_z(9)]": 8.05236e-05,
            "E[P_z(10)]": 6.7107e-05,
            "E[P_z(11)]": 6.77944e-05,
            "E[P_z(12)]": 5.41022e-05,
            "E[P_z(13)]": 5.83372e-05,
            "E[P_z(14)]": 5.38779e-05,
            "E[P_z(15)]": 5.50832e-05,
            "E[P_z(16)]": 5.54271e-05,
            "E[P_z(17)]": 6.05337e-05,
            "E[P_z(18)]": 6.56347e-05,
            "E[P_z(19)]": 0.0001039461,
            "E[D_z]": null,
            "E[mis_z]": null
        }
    ],
    "alpha": 0.8539629508955412,
    "execution_time": 2904.436778306961
}