{
    "output_file": "/scratch/40840196/tmpqsicyi6b",
    "model": "C",
    "likelihood": -30.08531,
    "criteria": 6e-05,
    "params_mle": {
        "eps": 4.49529e-06,
        "eps_cont": 0,
        "lambda": 0,
        "theta_bar": 0.0005947317,
        "a": -1,
        "S_d": -238.6998,
        "b": 0.07150135,
        "p_b": 0.01533359,
        "S_b": 0.1315773,
        "r": [
            0.8066073,
            0.8432997,
            0.801971
        ]
    },
    "n": 5,
    "expec": [
        {
            "E[P_z(1)]": 0.0005947295,
            "E[P_z(2)]": 0.0002398571,
            "E[P_z(3)]": 0.0001671793,
            "E[P_z(4)]": 0.0001192415,
            "E[D_z]": null,
            "E[mis_z]": null
        },
        {
            "E[P_z(1)]": 0.0004022184,
            "E[P_z(2)]": 0.0001524142,
            "E[P_z(3)]": 0.0001031621,
            "E[P_z(4)]": 7.22026e-05,
            "E[D_z]": null,
            "E[mis_z]": null
        }
    ],
    "alpha": 0.030728344328282173,
    "execution_time": 50.84339928627014
}