{
    "output_file": "/scratch/40840240/tmp7un9r71p",
    "model": "C",
    "likelihood": -30.8936,
    "criteria": 0.00409,
    "params_mle": {
        "eps": 4.49781e-06,
        "eps_cont": 0,
        "lambda": 0,
        "theta_bar": 0.0006558894,
        "a": -1,
        "S_d": -80957.38,
        "b": 0.08361988,
        "p_b": 0.2907401,
        "S_b": 0.8265708,
        "r": [
            0.8229002,
            0.8003981,
            0.8203219
        ]
    },
    "n": 5,
    "expec": [
        {
            "E[P_z(1)]": 0.000655887,
            "E[P_z(2)]": 0.0002698653,
            "E[P_z(3)]": 0.0001749913,
            "E[P_z(4)]": 0.0001345125,
            "E[D_z]": null,
            "E[mis_z]": null
        },
        {
            "E[P_z(1)]": 0.0003837042,
            "E[P_z(2)]": 0.0001576195,
            "E[P_z(3)]": 0.000104523,
            "E[P_z(4)]": 8.30467e-05,
            "E[D_z]": null,
            "E[mis_z]": null
        }
    ],
    "alpha": 0.6634714904230661,
    "execution_time": 148.78670811653137
}