{
    "output_file": "/scratch/38996029/tmpk8f2ksbn",
    "model": "C",
    "likelihood": -254.8835,
    "criteria": 8e-05,
    "params_mle": {
        "eps": 0,
        "eps_cont": 0,
        "lambda": 0,
        "theta_bar": 0.003147602,
        "a": -1,
        "S_d": -128.7988,
        "b": 0.3135898,
        "p_b": 0,
        "S_b": 1,
        "r": [
            0.9382995,
            0.9197361,
            0.9172152,
            0.9541568,
            0.9122384,
            0.9408595,
            0.929962,
            0.9197907,
            0.9855853,
            0.9199621,
            0.974938,
            0.9492056,
            0.9378258,
            0.9965003,
            0.985696,
            1.187487,
            1.263985,
            1.678916
        ]
    },
    "n": 20,
    "expec": [
        {
            "E[P_z(1)]": 0.003147602,
            "E[P_z(2)]": 0.001476696,
            "E[P_z(3)]": 0.0009649876,
            "E[P_z(4)]": 0.000721757,
            "E[P_z(5)]": 0.0006006611,
            "E[P_z(6)]": 0.0004785605,
            "E[P_z(7)]": 0.0004230644,
            "E[P_z(8)]": 0.0003658938,
            "E[P_z(9)]": 0.0003216816,
            "E[P_z(10)]": 0.000310223,
            "E[P_z(11)]": 0.0002632431,
            "E[P_z(12)]": 0.0002557264,
            "E[P_z(13)]": 0.0002298247,
            "E[P_z(14)]": 0.0002108501,
            "E[P_z(15)]": 0.0002091057,
            "E[P_z(16)]": 0.0001939112,
            "E[P_z(17)]": 0.0002198669,
            "E[P_z(18)]": 0.000221029,
            "E[P_z(19)]": 0.0002781347,
            "E[D_z]": null,
            "E[mis_z]": null
        },
        {
            "E[P_z(1)]": 0.001497464,
            "E[P_z(2)]": 0.0005317691,
            "E[P_z(3)]": 0.0003006712,
            "E[P_z(4)]": 0.0002047474,
            "E[P_z(5)]": 0.0001591132,
            "E[P_z(6)]": 0.0001201474,
            "E[P_z(7)]": 0.0001016459,
            "E[P_z(8)]": 8.47008e-05,
            "E[P_z(9)]": 7.21066e-05,
            "E[P_z(10)]": 6.75922e-05,
            "E[P_z(11)]": 5.59194e-05,
            "E[P_z(12)]": 5.30909e-05,
            "E[P_z(13)]": 4.67251e-05,
            "E[P_z(14)]": 4.205e-05,
            "E[P_z(15)]": 4.09652e-05,
            "E[P_z(16)]": 3.7363e-05,
            "E[P_z(17)]": 4.17111e-05,
            "E[P_z(18)]": 4.13236e-05,
            "E[P_z(19)]": 5.12884e-05,
            "E[D_z]": null,
            "E[mis_z]": null
        }
    ],
    "alpha": 0.0,
    "execution_time": 66.71482944488525
}