{
    "output_file": "/scratch/40841853/tmp98fs8rh6",
    "model": "C",
    "likelihood": -245.0555,
    "criteria": 0.00025,
    "params_mle": {
        "eps": 4.5045e-06,
        "eps_cont": 0,
        "lambda": 0,
        "theta_bar": 0.001031267,
        "a": -1,
        "S_d": -20.74903,
        "b": 0.1642086,
        "p_b": 0.004430737,
        "S_b": 0.05633377,
        "r": [
            0.4955806,
            0.4755158,
            0.4162881,
            0.4769919,
            0.4205375,
            0.4497653,
            0.4648695,
            0.4403839,
            0.4726651,
            0.5281098,
            0.5072942,
            0.5767523,
            0.513134,
            0.4927142,
            0.3874522,
            0.4575676,
            0.4933997,
            0.3958343,
            0.418376,
            0.4016238,
            0.4057358,
            0.5299064,
            0.4092738,
            0.4752068,
            0.3569236,
            0.4646686,
            0.4188049,
            0.4572403,
            0.4164086,
            0.6590386,
            0.5579613,
            0.6152002,
            0.6485216,
            0.7100278,
            0.9852247,
            0.9857063,
            0.9397637,
            2.270161
        ]
    },
    "n": 40,
    "expec": [
        {
            "E[P_z(1)]": 0.001031263,
            "E[P_z(2)]": 0.000255537,
            "E[P_z(3)]": 0.0001634606,
            "E[P_z(4)]": 0.0001073257,
            "E[P_z(5)]": 9.83809e-05,
            "E[P_z(6)]": 7.22808e-05,
            "E[P_z(7)]": 6.6261e-05,
            "E[P_z(8)]": 5.99254e-05,
            "E[P_z(9)]": 5.04614e-05,
            "E[P_z(10)]": 4.87442e-05,
            "E[P_z(11)]": 4.9511e-05,
            "E[P_z(12)]": 4.35962e-05,
            "E[P_z(13)]": 4.57526e-05,
            "E[P_z(14)]": 3.77983e-05,
            "E[P_z(15)]": 3.38746e-05,
            "E[P_z(16)]": 2.49729e-05,
            "E[P_z(17)]": 2.77573e-05,
            "E[P_z(18)]": 2.82681e-05,
            "E[P_z(19)]": 2.14848e-05,
            "E[P_z(20)]": 2.15729e-05,
            "E[P_z(21)]": 1.97229e-05,
            "E[P_z(22)]": 1.90192e-05,
            "E[P_z(23)]": 2.37598e-05,
            "E[P_z(24)]": 1.75863e-05,
            "E[P_z(25)]": 1.96027e-05,
            "E[P_z(26)]": 1.41572e-05,
            "E[P_z(27)]": 1.77482e-05,
            "E[P_z(28)]": 1.54251e-05,
            "E[P_z(29)]": 1.626e-05,
            "E[P_z(30)]": 1.43144e-05,
            "E[P_z(31)]": 2.19242e-05,
            "E[P_z(32)]": 1.79817e-05,
            "E[P_z(33)]": 1.92255e-05,
            "E[P_z(34)]": 1.96708e-05,
            "E[P_z(35)]": 2.09212e-05,
            "E[P_z(36)]": 2.82234e-05,
            "E[P_z(37)]": 2.74743e-05,
            "E[P_z(38)]": 2.55049e-05,
            "E[P_z(39)]": 6.00337e-05,
            "E[D_z]": null,
            "E[mis_z]": null
        },
        {
            "E[P_z(1)]": 0.0008623662,
            "E[P_z(2)]": 0.0001941296,
            "E[P_z(3)]": 0.000116846,
            "E[P_z(4)]": 7.34702e-05,
            "E[P_z(5)]": 6.51518e-05,
            "E[P_z(6)]": 4.66074e-05,
            "E[P_z(7)]": 4.1786e-05,
            "E[P_z(8)]": 3.70784e-05,
            "E[P_z(9)]": 3.07086e-05,
            "E[P_z(10)]": 2.92305e-05,
            "E[P_z(11)]": 2.9301e-05,
            "E[P_z(12)]": 2.54939e-05,
            "E[P_z(13)]": 2.6464e-05,
            "E[P_z(14)]": 2.16442e-05,
            "E[P_z(15)]": 1.92174e-05,
            "E[P_z(16)]": 1.40448e-05,
            "E[P_z(17)]": 1.54844e-05,
            "E[P_z(18)]": 1.56494e-05,
            "E[P_z(19)]": 1.18088e-05,
            "E[P_z(20)]": 1.17766e-05,
            "E[P_z(21)]": 1.06973e-05,
            "E[P_z(22)]": 1.02524e-05,
            "E[P_z(23)]": 1.27328e-05,
            "E[P_z(24)]": 9.3717e-06,
            "E[P_z(25)]": 1.03903e-05,
            "E[P_z(26)]": 7.4653e-06,
            "E[P_z(27)]": 9.3126e-06,
            "E[P_z(28)]": 8.0552e-06,
            "E[P_z(29)]": 8.4522e-06,
            "E[P_z(30)]": 7.4078e-06,
            "E[P_z(31)]": 1.12973e-05,
            "E[P_z(32)]": 9.2274e-06,
            "E[P_z(33)]": 9.826e-06,
            "E[P_z(34)]": 1.00144e-05,
            "E[P_z(35)]": 1.06107e-05,
            "E[P_z(36)]": 1.42615e-05,
            "E[P_z(37)]": 1.38334e-05,
            "E[P_z(38)]": 1.27973e-05,
            "E[P_z(39)]": 3.00211e-05,
            "E[D_z]": null,
            "E[mis_z]": null
        }
    ],
    "alpha": 0.010185231426812007,
    "execution_time": 1297.339866399765
}