{
    "output_file": "/scratch/38996268/tmplk9qe9wo",
    "model": "C",
    "likelihood": -150.7623,
    "criteria": 9e-05,
    "params_mle": {
        "eps": 0.01524495,
        "eps_cont": 0,
        "lambda": 0,
        "theta_bar": 0.0009101971,
        "a": -1,
        "S_d": -271.5756,
        "b": 0.3801992,
        "p_b": 0,
        "S_b": 1,
        "r": [
            1.140145,
            1.021833,
            1.22582,
            1.197711,
            0.9558328,
            1.02178,
            0.9125044,
            1.103461,
            0.9059576,
            0.9099504,
            1.079647,
            1.203397,
            0.9737673,
            1.024319,
            0.9598101,
            1.05491,
            1.135264,
            0.853768
        ]
    },
    "n": 20,
    "expec": [
        {
            "E[P_z(1)]": 0.0008969447,
            "E[P_z(2)]": 0.0005118431,
            "E[P_z(3)]": 0.0003061579,
            "E[P_z(4)]": 0.0002755144,
            "E[P_z(5)]": 0.0002156543,
            "E[P_z(6)]": 0.000143754,
            "E[P_z(7)]": 0.0001321191,
            "E[P_z(8)]": 0.0001034855,
            "E[P_z(9)]": 0.0001110429,
            "E[P_z(10)]": 8.246e-05,
            "E[P_z(11)]": 7.58474e-05,
            "E[P_z(12)]": 8.22253e-05,
            "E[P_z(13)]": 8.4997e-05,
            "E[P_z(14)]": 6.4554e-05,
            "E[P_z(15)]": 6.45318e-05,
            "E[P_z(16)]": 5.8021e-05,
            "E[P_z(17)]": 6.03462e-05,
            "E[P_z(18)]": 6.44414e-05,
            "E[P_z(19)]": 5.41522e-05,
            "E[D_z]": null,
            "E[mis_z]": null
        },
        {
            "E[P_z(1)]": 0.0003089888,
            "E[P_z(2)]": 0.0001217019,
            "E[P_z(3)]": 6.05671e-05,
            "E[P_z(4)]": 4.84992e-05,
            "E[P_z(5)]": 3.48736e-05,
            "E[P_z(6)]": 2.17565e-05,
            "E[P_z(7)]": 1.89443e-05,
            "E[P_z(8)]": 1.41835e-05,
            "E[P_z(9)]": 1.46457e-05,
            "E[P_z(10)]": 1.05134e-05,
            "E[P_z(11)]": 9.3909e-06,
            "E[P_z(12)]": 9.9129e-06,
            "E[P_z(13)]": 1.00166e-05,
            "E[P_z(14)]": 7.4743e-06,
            "E[P_z(15)]": 7.3978e-06,
            "E[P_z(16)]": 6.6554e-06,
            "E[P_z(17)]": 6.9319e-06,
            "E[P_z(18)]": 7.87e-06,
            "E[P_z(19)]": 8.9778e-06,
            "E[D_z]": null,
            "E[mis_z]": null
        }
    ],
    "alpha": 0.0,
    "execution_time": 174.21299648284912
}