{
    "likelihood": -44.799876415090175,
    "L2_residual": 76.2367598077281,
    "params_mle": {
        "S_d": -0.5150459734467697,
        "b": 10.0,
        "p_b": 0.03512263851939815,
        "S_b": 100.0,
        "eps": 0.0
    },
    "alpha": 0.826072030608216,
    "result": {
        "fun": 37.75034064589468,
        "jac": [
            2.5579538500827548e-05,
            -0.03031175295521661,
            -5.400124790872059e-05,
            -0.23534312419780834,
            96.50319157117337
        ],
        "nfev": 270,
        "njev": 45,
        "nit": 29,
        "status": 0,
        "message": "CONVERGENCE: REL_REDUCTION_OF_F_<=_FACTR*EPSMCH",
        "x": [
            0.28815400372943456,
            1.0,
            0.03512263851939815,
            2.0,
            0.0
        ],
        "success": true,
        "hess_inv": "<5x5 LbfgsInvHessProduct with dtype=float64>"
    },
    "execution_time": 91.277676820755,
    "sfs_mle": [
        0.0,
        459.30713919287047,
        221.0751018511572,
        149.23561019266117,
        123.18410032474668,
        96.41909458688775,
        88.77752337575986,
        81.25604442920798,
        69.8544853044219,
        72.11336915281102,
        0.0
    ],
    "fixed_params": {},
    "bounds": {
        "S_d": [
            -100000.0,
            -0.01
        ],
        "b": [
            0.01,
            10
        ],
        "p_b": [
            0,
            0.5
        ],
        "S_b": [
            0.0001,
            100
        ],
        "eps": [
            0,
            0.15
        ]
    },
    "config": {
        "model": "GammaExpParametrization",
        "intervals_del": [
            -100000000.0,
            -1e-05,
            1000
        ],
        "intervals_ben": [
            1e-05,
            10000.0,
            1000
        ],
        "integration_mode": "midpoint",
        "linearized": true,
        "seed": 0,
        "opts_mle": {},
        "n_runs": 100,
        "x0": {
            "all": {
                "S_d": -1000,
                "b": 0.4,
                "p_b": 0.05,
                "S_b": 1,
                "eps": 0.0
            }
        },
        "bounds": {
            "S_d": [
                -100000.0,
                -0.01
            ],
            "b": [
                0.01,
                10
            ],
            "p_b": [
                0,
                0.5
            ],
            "S_b": [
                0.0001,
                100
            ],
            "eps": [
                0,
                0.15
            ]
        },
        "scales": {
            "S_d": "log",
            "b": "log",
            "p_b": "lin",
            "S_b": "log",
            "eps": "lin"
        },
        "fixed_params": {},
        "shared_params": [],
        "covariates": [],
        "sfs_neut": {
            "all": [
                1453169.717185859,
                475.0,
                233.0,
                160.0,
                134.0,
                106.0,
                98.0,
                89.0,
                74.0,
                69.0,
                0.0
            ]
        },
        "sfs_sel": {
            "all": [
                1433969.282814141,
                532.0,
                209.0,
                160.0,
                125.0,
                98.0,
                77.0,
                71.0,
                71.0,
                76.0,
                0.0
            ]
        },
        "do_bootstrap": true,
        "n_bootstraps": 1000,
        "parallelize": false,
        "loss_type": "likelihood"
    }
}