{
    "output_file": "/scratch/40841085/tmpbn3g_dld",
    "model": "C",
    "likelihood": -100.2871,
    "criteria": 9e-05,
    "params_mle": {
        "eps": 4.50177e-06,
        "eps_cont": 0,
        "lambda": 0,
        "theta_bar": 0.0008321674,
        "a": -1,
        "S_d": -10.93415,
        "b": 0.2745983,
        "p_b": 0.01045918,
        "S_b": 0.09590674,
        "r": [
            0.6607845,
            0.6748758,
            0.7480466,
            0.6593183,
            0.8037236,
            0.8268071,
            0.6830312,
            0.7258928,
            0.5688222,
            0.7742478,
            0.704962,
            0.7870987,
            1.357263
        ]
    },
    "n": 15,
    "expec": [
        {
            "E[P_z(1)]": 0.000832164,
            "E[P_z(2)]": 0.0002749406,
            "E[P_z(3)]": 0.0001872026,
            "E[P_z(4)]": 0.0001556246,
            "E[P_z(5)]": 0.0001097324,
            "E[P_z(6)]": 0.0001114719,
            "E[P_z(7)]": 9.82916e-05,
            "E[P_z(8)]": 7.10497e-05,
            "E[P_z(9)]": 6.71185e-05,
            "E[P_z(10)]": 4.73358e-05,
            "E[P_z(11)]": 5.85735e-05,
            "E[P_z(12)]": 4.88878e-05,
            "E[P_z(13)]": 5.03855e-05,
            "E[P_z(14)]": 8.06798e-05,
            "E[D_z]": null,
            "E[mis_z]": null
        },
        {
            "E[P_z(1)]": 0.000647082,
            "E[P_z(2)]": 0.0001853638,
            "E[P_z(3)]": 0.0001150988,
            "E[P_z(4)]": 8.9583e-05,
            "E[P_z(5)]": 6.00519e-05,
            "E[P_z(6)]": 5.85674e-05,
            "E[P_z(7)]": 4.99137e-05,
            "E[P_z(8)]": 3.50416e-05,
            "E[P_z(9)]": 3.2268e-05,
            "E[P_z(10)]": 2.22466e-05,
            "E[P_z(11)]": 2.69716e-05,
            "E[P_z(12)]": 2.20976e-05,
            "E[P_z(13)]": 2.23903e-05,
            "E[P_z(14)]": 3.52942e-05,
            "E[D_z]": null,
            "E[mis_z]": null
        }
    ],
    "alpha": 0.026947096346863667,
    "execution_time": 99.9957685470581
}