{
    "output_file": "/scratch/38995225/tmpwp2kh_8z",
    "model": "C",
    "likelihood": -250051,
    "criteria": 1481.143,
    "params_mle": {
        "eps": 0,
        "eps_cont": 0,
        "lambda": 0,
        "theta_bar": 0.001,
        "a": -1,
        "S_d": -20000,
        "b": 0.2,
        "p_b": 0,
        "S_b": 1,
        "r": [
            1,
            1,
            1,
            1,
            1,
            1,
            1,
            1,
            1,
            1,
            1,
            1,
            1,
            1,
            1,
            1,
            1,
            1
        ]
    },
    "n": 20,
    "expec": [
        {
            "E[P_z(1)]": 0.001,
            "E[P_z(2)]": 0.0005,
            "E[P_z(3)]": 0.0003333333,
            "E[P_z(4)]": 0.00025,
            "E[P_z(5)]": 0.0002,
            "E[P_z(6)]": 0.0001666667,
            "E[P_z(7)]": 0.0001428571,
            "E[P_z(8)]": 0.000125,
            "E[P_z(9)]": 0.0001111111,
            "E[P_z(10)]": 0.0001,
            "E[P_z(11)]": 9.09091e-05,
            "E[P_z(12)]": 8.33333e-05,
            "E[P_z(13)]": 7.69231e-05,
            "E[P_z(14)]": 7.14286e-05,
            "E[P_z(15)]": 6.66667e-05,
            "E[P_z(16)]": 6.25e-05,
            "E[P_z(17)]": 5.88235e-05,
            "E[P_z(18)]": 5.55556e-05,
            "E[P_z(19)]": 5.26316e-05,
            "E[D_z]": null,
            "E[mis_z]": null
        },
        {
            "E[P_z(1)]": 0.0002152937,
            "E[P_z(2)]": 8.75436e-05,
            "E[P_z(3)]": 5.30828e-05,
            "E[P_z(4)]": 3.74831e-05,
            "E[P_z(5)]": 2.86999e-05,
            "E[P_z(6)]": 2.31094e-05,
            "E[P_z(7)]": 1.92581e-05,
            "E[P_z(8)]": 1.64539e-05,
            "E[P_z(9)]": 1.43265e-05,
            "E[P_z(10)]": 1.26608e-05,
            "E[P_z(11)]": 1.13235e-05,
            "E[P_z(12)]": 1.02277e-05,
            "E[P_z(13)]": 9.3145e-06,
            "E[P_z(14)]": 8.5424e-06,
            "E[P_z(15)]": 7.8817e-06,
            "E[P_z(16)]": 7.3103e-06,
            "E[P_z(17)]": 6.8115e-06,
            "E[P_z(18)]": 6.3726e-06,
            "E[P_z(19)]": 5.9836e-06,
            "E[D_z]": null,
            "E[mis_z]": null
        }
    ],
    "alpha": 0.0,
    "execution_time": 92.14143896102905
}