{
    "py/object": "fastdfe.polydfe.PolyDFE",
    "logger": {
        "py/reduce": [
            {
                "py/function": "logging.getLogger"
            },
            {
                "py/tuple": [
                    "fastdfe.PolyDFE"
                ]
            }
        ]
    },
    "bootstraps": null,
    "config": {
        "py/object": "fastdfe.config.Config",
        "data": {
            "model": "GammaExpParametrization",
            "intervals_del": {
                "py/tuple": [
                    -100000000.0,
                    -1e-05,
                    1000
                ]
            },
            "intervals_ben": {
                "py/tuple": [
                    1e-05,
                    10000.0,
                    1000
                ]
            },
            "integration_mode": "midpoint",
            "linearized": true,
            "seed": 0,
            "opts_mle": {},
            "n_runs": 10,
            "x0": {
                "all": {
                    "S_b": 0.1083917,
                    "S_d": -45.46375,
                    "a": -1,
                    "b": 0.1287808,
                    "eps": 4.50268e-06,
                    "eps_cont": 0,
                    "lambda": 0,
                    "p_b": 0.009184894,
                    "r": [
                        0.5642878,
                        0.496756,
                        0.4953868,
                        0.4840476,
                        0.4906511,
                        0.4906073,
                        0.5437098,
                        0.5553355,
                        0.5124802,
                        0.5092361,
                        0.6175192,
                        0.5977393,
                        0.4504409,
                        0.522028,
                        0.3860458,
                        0.4756257,
                        0.5506624,
                        0.3834732,
                        0.531485,
                        0.4975372,
                        0.5880576,
                        0.5381713,
                        0.7063446,
                        0.5665509,
                        0.6574706,
                        0.6611074,
                        0.9643355,
                        1.73894
                    ],
                    "theta_bar": 0.0009259123
                }
            },
            "bounds": {},
            "scales": {},
            "fixed_params": {},
            "shared_params": [],
            "covariates": [],
            "sfs_neut": {
                "py/object": "fastdfe.spectrum.Spectra",
                "data": {
                    "all": [
                        1037479.3337252,
                        983.0,
                        325.0,
                        164.0,
                        108.0,
                        93.0,
                        69.0,
                        73.0,
                        50.0,
                        56.0,
                        74.0,
                        49.0,
                        36.0,
                        45.0,
                        36.0,
                        27.0,
                        27.0,
                        27.0,
                        28.0,
                        17.0,
                        31.0,
                        11.0,
                        15.0,
                        21.0,
                        29.0,
                        38.0,
                        26.0,
                        24.0,
                        29.0,
                        59.0,
                        0.0
                    ]
                }
            },
            "sfs_sel": {
                "py/object": "fastdfe.spectrum.Spectra",
                "data": {
                    "all": [
                        2844898.6662748,
                        2115.0,
                        481.0,
                        308.0,
                        208.0,
                        157.0,
                        123.0,
                        118.0,
                        96.0,
                        108.0,
                        66.0,
                        70.0,
                        77.0,
                        70.0,
                        41.0,
                        56.0,
                        36.0,
                        22.0,
                        35.0,
                        40.0,
                        24.0,
                        45.0,
                        36.0,
                        37.0,
                        39.0,
                        27.0,
                        24.0,
                        20.0,
                        55.0,
                        77.0,
                        0.0
                    ]
                }
            },
            "do_bootstrap": false,
            "n_bootstraps": 10,
            "parallelize": false,
            "loss_type": "likelihood"
        }
    },
    "output_file": null,
    "execution_time": 780.9699819087982,
    "summary": {
        "py/object": "fastdfe.polydfe.PolyDFEResult",
        "output_file": "results/polydfe/hgdp/inference/1/opts.n.30.config.default/bootstraps/23/all.polydfe.txt",
        "postprocessing_source": "../resources/polydfe/postprocessing/script.R",
        "data": {
            "output_file": "/scratch/40841734/tmp18ywt91l",
            "model": "C",
            "likelihood": -208.6882,
            "criteria": 0.00038,
            "params_mle": {
                "eps": 4.50226e-06,
                "eps_cont": 0,
                "lambda": 0,
                "theta_bar": 0.0009677639,
                "a": -1,
                "S_d": -53.44682,
                "b": 0.1317499,
                "p_b": 0.009163375,
                "S_b": 0.1082207,
                "r": [
                    0.5577527,
                    0.5082844,
                    0.464752,
                    0.4677559,
                    0.4370569,
                    0.5129739,
                    0.4524011,
                    0.5764047,
                    0.5506951,
                    0.5181594,
                    0.5399551,
                    0.5983165,
                    0.4335282,
                    0.5029166,
                    0.408852,
                    0.3392389,
                    0.4634376,
                    0.444035,
                    0.4525208,
                    0.4852092,
                    0.4643106,
                    0.5534769,
                    0.6789052,
                    0.6776216,
                    0.5434672,
                    0.4977304,
                    0.9876846,
                    1.659534
                ]
            },
            "n": 30,
            "expec": [
                {
                    "E[P_z(1)]": 0.0009677597,
                    "E[P_z(2)]": 0.0002698854,
                    "E[P_z(3)]": 0.0001639658,
                    "E[P_z(4)]": 0.0001124421,
                    "E[P_z(5)]": 9.05352e-05,
                    "E[P_z(6)]": 7.04945e-05,
                    "E[P_z(7)]": 7.09194e-05,
                    "E[P_z(8)]": 5.4727e-05,
                    "E[P_z(9)]": 6.19802e-05,
                    "E[P_z(10)]": 5.32941e-05,
                    "E[P_z(11)]": 4.55868e-05,
                    "E[P_z(12)]": 4.35457e-05,
                    "E[P_z(13)]": 4.45406e-05,
                    "E[P_z(14)]": 2.9968e-05,
                    "E[P_z(15)]": 3.2447e-05,
                    "E[P_z(16)]": 2.47295e-05,
                    "E[P_z(17)]": 1.93121e-05,
                    "E[P_z(18)]": 2.49166e-05,
                    "E[P_z(19)]": 2.2617e-05,
                    "E[P_z(20)]": 2.18968e-05,
                    "E[P_z(21)]": 2.23606e-05,
                    "E[P_z(22)]": 2.04248e-05,
                    "E[P_z(23)]": 2.32887e-05,
                    "E[P_z(24)]": 2.7376e-05,
                    "E[P_z(25)]": 2.62314e-05,
                    "E[P_z(26)]": 2.02292e-05,