{
    "output_file": "/scratch/40841688/tmpcc66k1u5",
    "model": "C",
    "likelihood": -208.9567,
    "criteria": 9e-05,
    "params_mle": {
        "eps": 4.50543e-06,
        "eps_cont": 0,
        "lambda": 0,
        "theta_bar": 0.0009529047,
        "a": -1,
        "S_d": -694.2972,
        "b": 0.06447784,
        "p_b": 0.009497957,
        "S_b": 0.1114362,
        "r": [
            0.5270811,
            0.497527,
            0.4817287,
            0.4749828,
            0.5049942,
            0.3941479,
            0.4915967,
            0.5824503,
            0.4569444,
            0.5209579,
            0.5152821,
            0.4953322,
            0.4652375,
            0.4823832,
            0.3805903,
            0.4378551,
            0.4367461,
            0.3811889,
            0.4096419,
            0.3576608,
            0.6481271,
            0.5624863,
            0.7370018,
            0.4767906,
            0.6079372,
            0.6110012,
            0.7874662,
            1.632896
        ]
    },
    "n": 30,
    "expec": [
        {
            "E[P_z(1)]": 0.0009529006,
            "E[P_z(2)]": 0.000251128,
            "E[P_z(3)]": 0.0001580313,
            "E[P_z(4)]": 0.00011476,
            "E[P_z(5)]": 9.05223e-05,
            "E[P_z(6)]": 8.02017e-05,
            "E[P_z(7)]": 5.36549e-05,
            "E[P_z(8)]": 5.85555e-05,
            "E[P_z(9)]": 6.16686e-05,
            "E[P_z(10)]": 4.35423e-05,
            "E[P_z(11)]": 4.51293e-05,
            "E[P_z(12)]": 4.09178e-05,
            "E[P_z(13)]": 3.6308e-05,
            "E[P_z(14)]": 3.16662e-05,
            "E[P_z(15)]": 3.06443e-05,
            "E[P_z(16)]": 2.26667e-05,
            "E[P_z(17)]": 2.45432e-05,
            "E[P_z(18)]": 2.3121e-05,
            "E[P_z(19)]": 1.91178e-05,
            "E[P_z(20)]": 1.95176e-05,
            "E[P_z(21)]": 1.62296e-05,
            "E[P_z(22)]": 2.8073e-05,
            "E[P_z(23)]": 2.33043e-05,
            "E[P_z(24)]": 2.92624e-05,
            "E[P_z(25)]": 1.81738e-05,
            "E[P_z(26)]": 2.22814e-05,
            "E[P_z(27)]": 2.15645e-05,
            "E[P_z(28)]": 2.68003e-05,
            "E[P_z(29)]": 5.3659e-05,
            "E[D_z]": null,
            "E[mis_z]": null
        },
        {
            "E[P_z(1)]": 0.0006846495,
            "E[P_z(2)]": 0.0001697873,
            "E[P_z(3)]": 0.0001037508,
            "E[P_z(4)]": 7.39231e-05,
            "E[P_z(5)]": 5.75024e-05,
            "E[P_z(6)]": 5.03902e-05,
            "E[P_z(7)]": 3.34082e-05,
            "E[P_z(8)]": 3.61816e-05,
            "E[P_z(9)]": 3.78532e-05,
            "E[P_z(10)]": 2.6571e-05,
            "E[P_z(11)]": 2.73955e-05,
            "E[P_z(12)]": 2.47216e-05,
            "E[P_z(13)]": 2.18418e-05,
            "E[P_z(14)]": 1.89739e-05,
            "E[P_z(15)]": 1.8294e-05,
            "E[P_z(16)]": 1.34853e-05,
            "E[P_z(17)]": 1.4555e-05,
            "E[P_z(18)]": 1.36704e-05,
            "E[P_z(19)]": 1.12715e-05,
            "E[P_z(20)]": 1.14763e-05,
            "E[P_z(21)]": 9.5187e-06,
            "E[P_z(22)]": 1.64251e-05,
            "E[P_z(23)]": 1.36035e-05,
            "E[P_z(24)]": 1.70438e-05,
            "E[P_z(25)]": 1.05629e-05,
            "E[P_z(26)]": 1.29241e-05,
            "E[P_z(27)]": 1.24839e-05,
            "E[P_z(28)]": 1.54859e-05,
            "E[P_z(29)]": 3.09499e-05,
            "E[D_z]": null,
            "E[mis_z]": null
        }
    ],
    "alpha": 0.020185195518529014,
    "execution_time": 1019.4761817455292
}