{
    "output_file": "/scratch/38995956/tmp3bzh0t_5",
    "model": "C",
    "likelihood": -136.0881,
    "criteria": 0.0001,
    "params_mle": {
        "eps": 0.006844568,
        "eps_cont": 0,
        "lambda": 0,
        "theta_bar": 0.0009168265,
        "a": -1,
        "S_d": -283.6943,
        "b": 0.3564587,
        "p_b": 0,
        "S_b": 1,
        "r": [
            1.099616,
            1.034157,
            1.136213,
            1.179986,
            0.7606512,
            0.9793032,
            0.7660777,
            1.147001,
            1.129911,
            0.9088677,
            0.9070701,
            1.376183,
            1.101872,
            0.9213076,
            1.085006,
            1.187197,
            0.7873966,
            0.9342506
        ]
    },
    "n": 20,
    "expec": [
        {
            "E[P_z(1)]": 0.0009108598,
            "E[P_z(2)]": 0.0005009027,
            "E[P_z(3)]": 0.0003143225,
            "E[P_z(4)]": 0.0002590705,
            "E[P_z(5)]": 0.000215273,
            "E[P_z(6)]": 0.0001159292,
            "E[P_z(7)]": 0.0001280508,
            "E[P_z(8)]": 8.76685e-05,
            "E[P_z(9)]": 0.0001165633,
            "E[P_z(10)]": 0.0001035932,
            "E[P_z(11)]": 7.60334e-05,
            "E[P_z(12)]": 6.94287e-05,
            "E[P_z(13)]": 9.7269e-05,
            "E[P_z(14)]": 7.24606e-05,
            "E[P_z(15)]": 5.74075e-05,
            "E[P_z(16)]": 6.35296e-05,
            "E[P_z(17)]": 6.57517e-05,
            "E[P_z(18)]": 4.32816e-05,
            "E[P_z(19)]": 5.10481e-05,
            "E[D_z]": null,
            "E[mis_z]": null
        },
        {
            "E[P_z(1)]": 0.0003229632,
            "E[P_z(2)]": 0.0001253999,
            "E[P_z(3)]": 6.62651e-05,
            "E[P_z(4)]": 4.89657e-05,
            "E[P_z(5)]": 3.75936e-05,
            "E[P_z(6)]": 1.90243e-05,
            "E[P_z(7)]": 1.99815e-05,
            "E[P_z(8)]": 1.31134e-05,
            "E[P_z(9)]": 1.68117e-05,
            "E[P_z(10)]": 1.44686e-05,
            "E[P_z(11)]": 1.03235e-05,
            "E[P_z(12)]": 9.188e-06,
            "E[P_z(13)]": 1.25787e-05,
            "E[P_z(14)]": 9.1804e-06,
            "E[P_z(15)]": 7.1794e-06,
            "E[P_z(16)]": 7.8353e-06,
            "E[P_z(17)]": 8.043e-06,
            "E[P_z(18)]": 5.5382e-06,
            "E[P_z(19)]": 7.3981e-06,
            "E[D_z]": null,
            "E[mis_z]": null
        }
    ],
    "alpha": 0.0,
    "execution_time": 225.86137413978577
}