{
    "output_file": "/scratch/40840063/tmprj4424zw",
    "model": "C",
    "likelihood": -32.53942,
    "criteria": 0.00048,
    "params_mle": {
        "eps": 4.49576e-06,
        "eps_cont": 0,
        "lambda": 0,
        "theta_bar": 0.0006206153,
        "a": -1,
        "S_d": -77.55762,
        "b": 0.1118649,
        "p_b": 0.01494222,
        "S_b": 0.1296349,
        "r": [
            0.8823779,
            0.8777397,
            0.8851318
        ]
    },
    "n": 5,
    "expec": [
        {
            "E[P_z(1)]": 0.0006206132,
            "E[P_z(2)]": 0.0002738082,
            "E[P_z(3)]": 0.00018158,
            "E[P_z(4)]": 0.0001373338,
            "E[D_z]": null,
            "E[mis_z]": null
        },
        {
            "E[P_z(1)]": 0.0003991783,
            "E[P_z(2)]": 0.0001599158,
            "E[P_z(3)]": 0.0001012867,
            "E[P_z(4)]": 7.43687e-05,
            "E[D_z]": null,
            "E[mis_z]": null
        }
    ],
    "alpha": 0.03206579750647922,
    "execution_time": 46.29642987251282
}