{
    "output_file": "/scratch/40840756/tmpvydizd2j",
    "model": "C",
    "likelihood": -98.75835,
    "criteria": 0.0001,
    "params_mle": {
        "eps": 4.50141e-06,
        "eps_cont": 0,
        "lambda": 0,
        "theta_bar": 0.0008279556,
        "a": -1,
        "S_d": -38.54532,
        "b": 0.1175544,
        "p_b": 0.01058192,
        "S_b": 0.09616396,
        "r": [
            0.5991478,
            0.6949271,
            0.6798063,
            0.6886165,
            0.842505,
            0.6914244,
            0.6553694,
            0.6066598,
            0.6566037,
            0.6422903,
            0.5923473,
            0.65901,
            1.100027
        ]
    },
    "n": 15,
    "expec": [
        {
            "E[P_z(1)]": 0.0008279522,
            "E[P_z(2)]": 0.000248033,
            "E[P_z(3)]": 0.0001917889,
            "E[P_z(4)]": 0.0001407119,
            "E[P_z(5)]": 0.0001140285,
            "E[P_z(6)]": 0.0001162592,
            "E[P_z(7)]": 8.17812e-05,
            "E[P_z(8)]": 6.78272e-05,
            "E[P_z(9)]": 5.581e-05,
            "E[P_z(10)]": 5.43641e-05,
            "E[P_z(11)]": 4.83448e-05,
            "E[P_z(12)]": 4.08705e-05,
            "E[P_z(13)]": 4.19725e-05,
            "E[P_z(14)]": 6.50587e-05,
            "E[D_z]": null,
            "E[mis_z]": null
        },
        {
            "E[P_z(1)]": 0.0006211992,
            "E[P_z(2)]": 0.0001690986,
            "E[P_z(3)]": 0.0001243867,
            "E[P_z(4)]": 8.83217e-05,
            "E[P_z(5)]": 6.98667e-05,
            "E[P_z(6)]": 6.98895e-05,
            "E[P_z(7)]": 4.83964e-05,
            "E[P_z(8)]": 3.9605e-05,
            "E[P_z(9)]": 3.2211e-05,
            "E[P_z(10)]": 3.10549e-05,
            "E[P_z(11)]": 2.73623e-05,
            "E[P_z(12)]": 2.29388e-05,
            "E[P_z(13)]": 2.33772e-05,
            "E[P_z(14)]": 3.59803e-05,
            "E[D_z]": null,
            "E[mis_z]": null
        }
    ],
    "alpha": 0.02151315498266235,
    "execution_time": 284.8768062591553
}