{
    "output_file": "/scratch/40840306/tmpnl8p596x",
    "model": "C",
    "likelihood": -67.90552,
    "criteria": 0.00036,
    "params_mle": {
        "eps": 4.49955e-06,
        "eps_cont": 0,
        "lambda": 0,
        "theta_bar": 0.0007449553,
        "a": -1,
        "S_d": -21.87314,
        "b": 0.1301123,
        "p_b": 0.0009297583,
        "S_b": 0.007920635,
        "r": [
            0.7460703,
            0.7740703,
            0.7660688,
            0.7967979,
            0.7538039,
            0.7102754,
            0.7185675,
            0.9505451
        ]
    },
    "n": 10,
    "expec": [
        {
            "E[P_z(1)]": 0.0007449523,
            "E[P_z(2)]": 0.0002778936,
            "E[P_z(3)]": 0.0001922154,
            "E[P_z(4)]": 0.0001426715,
            "E[P_z(5)]": 0.0001187158,
            "E[P_z(6)]": 9.35919e-05,
            "E[P_z(7)]": 7.55896e-05,
            "E[P_z(8)]": 6.69135e-05,
            "E[P_z(9)]": 7.86823e-05,
            "E[D_z]": null,
            "E[mis_z]": null
        },
        {
            "E[P_z(1)]": 0.0005592809,
            "E[P_z(2)]": 0.0001883759,
            "E[P_z(3)]": 0.0001234259,
            "E[P_z(4)]": 8.83937e-05,
            "E[P_z(5)]": 7.1626e-05,
            "E[P_z(6)]": 5.52922e-05,
            "E[P_z(7)]": 4.38846e-05,
            "E[P_z(8)]": 3.82728e-05,
            "E[P_z(9)]": 4.44221e-05,
            "E[D_z]": null,
            "E[mis_z]": null
        }
    ],
    "alpha": 0.0026132425688491696,
    "execution_time": 205.61678838729858
}