neutral,selected
999722901.6220685,999935280.7863303
34445.92415358116,2361.6696563187384
17891.560903332,328.6425830417043
12570.217925332476,124.43919678817737
9996.460127146813,66.5155009611938
8520.468225568722,42.412649730519846
7604.676358314353,29.92746717500491
7023.202879780637,22.504516832017785
6664.330927858195,17.940149518712175
6468.665108079543,15.418289546298027
3203.235975568696,7.304502195464936
0.0,0.0
0.0,0.0
0.0,0.0
0.0,0.0
0.0,0.0
0.0,0.0
0.0,0.0
0.0,0.0
0.0,0.0
0.0,0.0
