{
    "output_file": "/scratch/40841724/tmpkee76k85",
    "model": "C",
    "likelihood": -195.1679,
    "criteria": 0.00063,
    "params_mle": {
        "eps": 4.51419e-06,
        "eps_cont": 0,
        "lambda": 0,
        "theta_bar": 0.0009027034,
        "a": -1,
        "S_d": -49.92041,
        "b": 0.1204188,
        "p_b": 0.01502017,
        "S_b": 0.1437369,
        "r": [
            0.5787398,
            0.5148104,
            0.5220663,
            0.5403808,
            0.4575005,
            0.5448603,
            0.5830891,
            0.5477276,
            0.535037,
            0.5513575,
            0.6542363,
            0.5340779,
            0.4201913,
            0.5085362,
            0.3562914,
            0.5304088,
            0.6167727,
            0.3305838,
            0.4256264,
            0.6004981,
            0.5742687,
            0.5722751,
            0.6605205,
            0.4848981,
            0.6850793,
            0.5960631,
            0.7408124,
            1.903298
        ]
    },
    "n": 30,
    "expec": [
        {
            "E[P_z(1)]": 0.0009026996,
            "E[P_z(2)]": 0.0002612141,
            "E[P_z(3)]": 0.0001549064,
            "E[P_z(4)]": 0.0001178173,
            "E[P_z(5)]": 9.75603e-05,
            "E[P_z(6)]": 6.8831e-05,
            "E[P_z(7)]": 7.02637e-05,
            "E[P_z(8)]": 6.57944e-05,
            "E[P_z(9)]": 5.49371e-05,
            "E[P_z(10)]": 4.82978e-05,
            "E[P_z(11)]": 4.52464e-05,
            "E[P_z(12)]": 4.9215e-05,
            "E[P_z(13)]": 3.70856e-05,
            "E[P_z(14)]": 2.70934e-05,
            "E[P_z(15)]": 3.06038e-05,
            "E[P_z(16)]": 2.01016e-05,
            "E[P_z(17)]": 2.81649e-05,
            "E[P_z(18)]": 3.09314e-05,
            "E[P_z(19)]": 1.57064e-05,
            "E[P_z(20)]": 1.92108e-05,
            "E[P_z(21)]": 2.58131e-05,
            "E[P_z(22)]": 2.35636e-05,
            "E[P_z(23)]": 2.24609e-05,
            "E[P_z(24)]": 2.48441e-05,
            "E[P_z(25)]": 1.75091e-05,
            "E[P_z(26)]": 2.37859e-05,
            "E[P_z(27)]": 1.99291e-05,
            "E[P_z(28)]": 2.38844e-05,
            "E[P_z(29)]": 5.92491e-05,
            "E[D_z]": null,
            "E[mis_z]": null
        },
        {
            "E[P_z(1)]": 0.000700522,
            "E[P_z(2)]": 0.0001843555,
            "E[P_z(3)]": 0.0001038363,
            "E[P_z(4)]": 7.63164e-05,
            "E[P_z(5)]": 6.16129e-05,
            "E[P_z(6)]": 4.26077e-05,
            "E[P_z(7)]": 4.27832e-05,
            "E[P_z(8)]": 3.95051e-05,
            "E[P_z(9)]": 3.2588e-05,
            "E[P_z(10)]": 2.83444e-05,
            "E[P_z(11)]": 2.63004e-05,
            "E[P_z(12)]": 2.83605e-05,
            "E[P_z(13)]": 2.12027e-05,
            "E[P_z(14)]": 1.53778e-05,
            "E[P_z(15)]": 1.72537e-05,
            "E[P_z(16)]": 1.12621e-05,
            "E[P_z(17)]": 1.56876e-05,
            "E[P_z(18)]": 1.71342e-05,
            "E[P_z(19)]": 8.6556e-06,
            "E[P_z(20)]": 1.05351e-05,
            "E[P_z(21)]": 1.40902e-05,
            "E[P_z(22)]": 1.28057e-05,
            "E[P_z(23)]": 1.21552e-05,
            "E[P_z(24)]": 1.3391e-05,
            "E[P_z(25)]": 9.4012e-06,
            "E[P_z(26)]": 1.27244e-05,
            "E[P_z(27)]": 1.06235e-05,
            "E[P_z(28)]": 1.26887e-05,
            "E[P_z(29)]": 3.13737e-05,
            "E[D_z]": null,
            "E[mis_z]": null
        }
    ],
    "alpha": 0.031977095134539814,
    "execution_time": 1323.0426614284515
}