{
    "output_file": "/scratch/40840296/tmpx_z3l6gj",
    "model": "C",
    "likelihood": -65.98251,
    "criteria": 9e-05,
    "params_mle": {
        "eps": 4.50007e-06,
        "eps_cont": 0,
        "lambda": 0,
        "theta_bar": 0.0007455572,
        "a": -1,
        "S_d": -13.23824,
        "b": 0.1916083,
        "p_b": 0.0009292569,
        "S_b": 0.007920428,
        "r": [
            0.7504761,
            0.7630848,
            0.7937664,
            0.7091732,
            0.7109895,
            0.7278914,
            0.8424152,
            1.073537
        ]
    },
    "n": 10,
    "expec": [
        {
            "E[P_z(1)]": 0.0007455543,
            "E[P_z(2)]": 0.0002797606,
            "E[P_z(3)]": 0.0001896406,
            "E[P_z(4)]": 0.0001479493,
            "E[P_z(5)]": 0.0001057458,
            "E[P_z(6)]": 8.83475e-05,
            "E[P_z(7)]": 7.75269e-05,
            "E[P_z(8)]": 7.85095e-05,
            "E[P_z(9)]": 8.89344e-05,
            "E[D_z]": null,
            "E[mis_z]": null
        },
        {
            "E[P_z(1)]": 0.0005590846,
            "E[P_z(2)]": 0.0001843149,
            "E[P_z(3)]": 0.0001159707,
            "E[P_z(4)]": 8.60151e-05,
            "E[P_z(5)]": 5.91927e-05,
            "E[P_z(6)]": 4.79821e-05,
            "E[P_z(7)]": 4.1061e-05,
            "E[P_z(8)]": 4.0697e-05,
            "E[P_z(9)]": 4.52423e-05,
            "E[D_z]": null,
            "E[mis_z]": null
        }
    ],
    "alpha": 0.002905241707840025,
    "execution_time": 50.581249475479126
}