{
    "py/object": "fastdfe.polydfe.PolyDFE",
    "logger": {
        "py/reduce": [
            {
                "py/function": "logging.getLogger"
            },
            {
                "py/tuple": [
                    "fastdfe.PolyDFE"
                ]
            }
        ]
    },
    "bootstraps": null,
    "config": {
        "py/object": "fastdfe.config.Config",
        "data": {
            "model": "GammaExpParametrization",
            "intervals_del": {
                "py/tuple": [
                    -100000000.0,
                    -1e-05,
                    1000
                ]
            },
            "intervals_ben": {
                "py/tuple": [
                    1e-05,
                    10000.0,
                    1000
                ]
            },
            "integration_mode": "midpoint",
            "linearized": true,
            "seed": 0,
            "opts_mle": {},
            "n_runs": 10,
            "x0": {
                "all": {
                    "S_b": 0.05627203,
                    "S_d": -26.88451,
                    "a": -1,
                    "b": 0.1464485,
                    "eps": 4.50288e-06,
                    "eps_cont": 0,
                    "lambda": 0,
                    "p_b": 0.004419742,
                    "r": [
                        0.4932568,
                        0.4490162,
                        0.411058,
                        0.4293708,
                        0.4059378,
                        0.3950674,
                        0.4836194,
                        0.4412304,
                        0.4459431,
                        0.5171633,
                        0.4880109,
                        0.499798,
                        0.5114526,
                        0.4705895,
                        0.3840001,
                        0.3914661,
                        0.4942643,
                        0.4410675,
                        0.4295933,
                        0.3836019,
                        0.3386893,
                        0.4566943,
                        0.4425798,
                        0.4623484,
                        0.424307,
                        0.4116725,
                        0.4906384,
                        0.4335386,
                        0.4045893,
                        0.5819833,
                        0.4816641,
                        0.5724359,
                        0.5396078,
                        0.5300813,
                        0.62822,
                        0.8578236,
                        0.810246,
                        2.052769
                    ],
                    "theta_bar": 0.001050261
                }
            },
            "bounds": {},
            "scales": {},
            "fixed_params": {},
            "shared_params": [],
            "covariates": [],
            "sfs_neut": {
                "py/object": "fastdfe.spectrum.Spectra",
                "data": {
                    "all": [
                        1037911.33330917,
                        1078.0,
                        290.0,
                        185.0,
                        107.0,
                        67.0,
                        84.0,
                        63.0,
                        54.0,
                        37.0,
                        34.0,
                        71.0,
                        46.0,
                        54.0,
                        42.0,
                        34.0,
                        25.0,
                        37.0,
                        37.0,
                        28.0,
                        26.0,
                        13.0,
                        12.0,
                        14.0,
                        16.0,
                        22.0,
                        27.0,
                        14.0,
                        23.0,
                        24.0,
                        16.0,
                        18.0,
                        24.0,
                        21.0,
                        23.0,
                        17.0,
                        29.0,
                        14.0,
                        20.0,
                        48.0,
                        0.0
                    ]
                }
            },
            "sfs_sel": {
                "py/object": "fastdfe.spectrum.Spectra",
                "data": {
                    "all": [
                        2843610.66669083,
                        2366.0,
                        518.0,
                        309.0,
                        241.0,
                        158.0,
                        136.0,
                        114.0,
                        111.0,
                        85.0,
                        87.0,
                        75.0,
                        70.0,
                        74.0,
                        42.0,
                        60.0,
                        43.0,
                        31.0,
                        48.0,
                        52.0,
                        24.0,
                        27.0,
                        41.0,
                        36.0,
                        32.0,
                        18.0,
                        24.0,
                        32.0,
                        21.0,
                        22.0,
                        13.0,
                        20.0,
                        19.0,
                        24.0,
                        26.0,
                        23.0,
                        27.0,
                        59.0,
                        51.0,
                        84.0,
                        0.0
                    ]
                }
            },
            "do_bootstrap": false,
            "n_bootstraps": 10,
            "parallelize": false,
            "loss_type": "likelihood"
        }
    },
    "output_file": null,
    "execution_time": 1636.6900806427002,
    "summary": {
        "py/object": "fastdfe.polydfe.PolyDFEResult",
        "output_file": "results/polydfe/hgdp/inference/1/opts.n.40.config.default/bootstraps/98/all.polydfe.txt",
        "postprocessing_source": "../resources/polydfe/postprocessing/script.R",
        "data": {
            "output_file": "/scratch/40841804/tmp9ys28vne",
            "model": "C",
            "likelihood": -271.4548,
            "criteria": 0.00032,
            "params_mle": {
                "eps": 4.50576e-06,
                "eps_cont": 0,
                "lambda": 0,
                "theta_bar": 0.001043174,
                "a": -1,
                "S_d": -49.48623,
                "b": 0.1212972,
                "p_b": 0.004423381,
                "S_b": 0.05633086,
                "r": [
                    0.4997956,
                    0.4743991,
                    0.4558869,
                    0.3747143,
                    0.4455114,
                    0.4227356,
                    0.4545207,
                    0.3810888,
                    0.4228912,
                    0.5647739,
                    0.4922662,
                    0.5914466,
                    0.4199551,
                    0.5056806,
                    0.3917651,
                    0.4178026,
                    0.5549022,
                    0.5530876,
                    0.3650126,
                    0.3074737,
                    0.4280362,
                    0.4232868,
                    0.425094,
                    0.3698568,
                    0.4916267,
                    0.4615159,
                    0.4587442,
                    0.4977862,
                    0.3252558,
                    0.4412318,
                    0.5163933,
                    0.5582787,
                    0.6274466,
                    0.5281133,
                    0.761735,
                    1.02215,
                    1.022572,
                    1.953914
                ]
            },