{
    "likelihood": -99.8977176112866,
    "L2_residual": 22.07165904934354,
    "params_mle": {
        "S_d": -35.06465219825216,
        "b": 0.25197179553105103,
        "p_b": 0.3144523337568239,
        "S_b": 0.17582808487353171,
        "eps": 0.0,
        "h": 0.5
    },
    "alpha": 0.6025798638621497,
    "result": {
        "fun": 87.86196578387444,
        "jac": [
            0.0025465851804409964,
            -0.015279510913009331,
            0.023555912788317635,
            0.002728484091608809,
            NaN,
            NaN
        ],
        "nfev": 445,
        "njev": 89,
        "nit": 57,
        "status": 0,
        "message": "CONVERGENCE: REL_REDUCTION_OF_F_<=_FACTR*EPSMCH",
        "x": [
            -1.544869535545396,
            -0.5986480692611248,
            0.3144523337568239,
            -0.7549117542256647,
            0.0,
            0.5
        ],
        "success": true,
        "hess_inv": null
    },
    "execution_time": 53.50927805900574,
    "sfs_mle": [
        0.0,
        8706.089625997547,
        4418.266587493038,
        3090.840453423266,
        2455.9607000689484,
        2087.0764217665433,
        1842.7317659099247,
        1665.9102524340294,
        1531.3179321622601,
        1425.307838980629,
        1338.756667682058,
        1265.396361475021,
        1201.7463568041933,
        1146.9345779089037,
        1101.4650321879255,
        1064.8324316307844,
        1033.2927659629174,
        1000.3194432910436,
        962.781444715136,
        930.8430032558315,
        0.0
    ],
    "fixed_params": {
        "all.eps": 0,
        "all.h": 0.5
    },
    "bounds": {
        "S_d": [
            -100000.0,
            -0.01
        ],
        "b": [
            0.01,
            10
        ],
        "p_b": [
            0,
            0.5
        ],
        "S_b": [
            0.0001,
            100
        ],
        "eps": [
            0,
            0.15
        ],
        "h": [
            0,
            0.5
        ]
    },
    "config": {
        "model": "GammaExpParametrization",
        "intervals_del": [
            -100000000.0,
            -1e-05,
            1000
        ],
        "intervals_ben": [
            1e-05,
            10000.0,
            1000
        ],
        "intervals_h": [
            0.0,
            1.0,
            21
        ],
        "h_callback": null,
        "integration_mode": "midpoint",
        "linearized": true,
        "seed": 0,
        "opts_mle": {},
        "method_mle": "L-BFGS-B",
        "n_runs": 100,
        "x0": {
            "all": {
                "S_d": -1000,
                "b": 0.4,
                "p_b": 0.05,
                "S_b": 1,
                "eps": 0.0,
                "h": 0.5
            }
        },
        "bounds": {
            "S_d": [
                -100000.0,
                -0.01
            ],
            "b": [
                0.01,
                10
            ],
            "p_b": [
                0,
                0.5
            ],
            "S_b": [
                0.0001,
                100
            ],
            "eps": [
                0,
                0.15
            ],
            "h": [
                0,
                0.5
            ]
        },
        "scales": {
            "S_d": "log",
            "b": "log",
            "p_b": "lin",
            "S_b": "log",
            "eps": "lin",
            "h": "lin"
        },
        "fixed_params": {
            "all": {
                "eps": 0,
                "h": 0.5
            }
        },
        "shared_params": [],
        "covariates": [],
        "sfs_neut": {
            "all": [
                999828903.0,
                11179.066144028844,
                6279.970034282388,
                4636.994529114957,
                3812.768392235741,
                3318.9670637201307,
                2983.7173274651905,
                2735.718627334143,
                2543.410241533977,
                2389.5364105835347,
                2261.985996616862,
                2152.1346964367285,
                2055.3366818225004,
                1970.9857822560743,
                1900.6150181081207,
                1843.8726669258429,
                1794.6564353641386,
                1741.865294635208,
                1680.1712652092708,
                1627.4316610515373,
                78606.415139246
            ]
        },
        "sfs_sel": {
            "all": [
                999889776.0,
                8701.970023556018,
                4419.220523359812,
                3099.219296245696,
                2462.123725690285,
                2086.1824956466867,
                1835.668276598374,
                1656.8519736030134,
                1524.1380086834297,
                1421.9665223774746,
                1339.4584601176716,
                1269.3441900640485,
                1207.750943049742,
                1153.5016136154663,
                1106.565152386282,
                1066.4426061864667,
                1031.4917646611002,
                998.7222263155874,
                963.7256968500942,
                924.9201711674716,
                41973.4520662603
            ]
        },
        "do_bootstrap": true,
        "n_bootstraps": 100,
        "n_bootstrap_retries": 2,
        "parallelize": true,
        "loss_type": "likelihood"
    }
}