{
    "output_file": "/scratch/40840253/tmpchbeqrhq",
    "model": "C",
    "likelihood": -31.04843,
    "criteria": 9e-05,
    "params_mle": {
        "eps": 4.49472e-06,
        "eps_cont": 0,
        "lambda": 0,
        "theta_bar": 0.0005983906,
        "a": -1,
        "S_d": -88.99674,
        "b": 0.09434111,
        "p_b": 0.01469371,
        "S_b": 0.1273171,
        "r": [
            0.8594427,
            0.8321046,
            0.9007187
        ]
    },
    "n": 5,
    "expec": [
        {
            "E[P_z(1)]": 0.0005983886,
            "E[P_z(2)]": 0.0002571408,
            "E[P_z(3)]": 0.0001659749,
            "E[P_z(4)]": 0.0001347475,
            "E[D_z]": null,
            "E[mis_z]": null
        },
        {
            "E[P_z(1)]": 0.0004008606,
            "E[P_z(2)]": 0.0001587607,
            "E[P_z(3)]": 9.85761e-05,
            "E[P_z(4)]": 7.80509e-05,
            "E[D_z]": null,
            "E[mis_z]": null
        }
    ],
    "alpha": 0.029725315243237453,
    "execution_time": 49.601502656936646
}