{
    "py/object": "fastdfe.polydfe.PolyDFE",
    "logger": {
        "py/reduce": [
            {
                "py/function": "logging.getLogger"
            },
            {
                "py/tuple": [
                    "fastdfe.PolyDFE"
                ]
            }
        ]
    },
    "bootstraps": null,
    "config": {
        "py/object": "fastdfe.config.Config",
        "data": {
            "model": "GammaExpParametrization",
            "intervals_del": {
                "py/tuple": [
                    -100000000.0,
                    -1e-05,
                    1000
                ]
            },
            "intervals_ben": {
                "py/tuple": [
                    1e-05,
                    10000.0,
                    1000
                ]
            },
            "integration_mode": "midpoint",
            "linearized": true,
            "seed": 0,
            "opts_mle": {},
            "n_runs": 10,
            "x0": {
                "all": {
                    "S_b": 1.562568,
                    "S_d": -22188.79,
                    "a": -1,
                    "b": 0.1916524,
                    "eps": 0.007632547,
                    "eps_cont": 0,
                    "lambda": 0,
                    "p_b": 0.04617354,
                    "r": [
                        0.8275426,
                        0.7254075,
                        0.6568578,
                        0.602303,
                        0.5558673,
                        0.5172334,
                        0.4889478,
                        0.4709818,
                        0.4671859,
                        0.4710718,
                        0.4770928,
                        0.4916403,
                        0.5096436,
                        0.5365832,
                        0.5691288,
                        0.6256435,
                        0.7473002,
                        1.000285
                    ],
                    "theta_bar": 0.007669351
                }
            },
            "bounds": {},
            "scales": {},
            "fixed_params": {
                "all": {}
            },
            "shared_params": [],
            "covariates": [],
            "sfs_neut": {
                "py/object": "fastdfe.spectrum.Spectra",
                "data": {
                    "all": [
                        257270.66666666698,
                        2017.0,
                        820.0,
                        481.0,
                        340.0,
                        255.0,
                        185.0,
                        133.0,
                        139.0,
                        106.0,
                        90.0,
                        94.0,
                        82.0,
                        70.0,
                        74.0,
                        67.0,
                        71.0,
                        89.0,
                        91.0,
                        118.0,
                        0.0
                    ]
                }
            },
            "sfs_sel": {
                "py/object": "fastdfe.spectrum.Spectra",
                "data": {
                    "all": [
                        956811.333333333,
                        1857.0,
                        668.0,
                        376.0,
                        251.0,
                        171.0,
                        119.0,
                        107.0,
                        102.0,
                        78.0,
                        69.0,
                        59.0,
                        68.0,
                        57.0,
                        41.0,
                        48.0,
                        44.0,
                        50.0,
                        63.0,
                        104.0,
                        0.0
                    ]
                }
            },
            "do_bootstrap": null,
            "n_bootstraps": 10,
            "parallelize": true,
            "loss_type": "likelihood"
        }
    },
    "output_file": null,
    "execution_time": 2427.0507805347443,
    "summary": {
        "py/object": "fastdfe.polydfe.PolyDFEResult",
        "output_file": "results/polydfe/pendula_C_full_anc/bootstraps/42/out.txt",
        "postprocessing_source": "../resources/polydfe/postprocessing/script.R",
        "data": {
            "output_file": "/scratch/38996449/tmpzq0rk9dl",
            "model": "C",
            "likelihood": -132.2535,
            "criteria": 0.00045,
            "params_mle": {
                "eps": 0.04195185,
                "eps_cont": 0,
                "lambda": 0,
                "theta_bar": 0.008012678,
                "a": -1,
                "S_d": -51485.35,
                "b": 0.2063611,
                "p_b": 0.09778241,
                "S_b": 0.07366362,
                "r": [
                    0.8124478,
                    0.7163891,
                    0.6670148,
                    0.6047836,
                    0.5189797,
                    0.477597,
                    0.5482741,
                    0.4682365,
                    0.4475967,
                    0.4707061,
                    0.495177,
                    0.4490621,
                    0.4233126,
                    0.4302113,
                    0.4255625,
                    0.5165904,
                    0.4789624,
                    0.2951201
                ]
            },
            "n": 20,
            "expec": [
                {
                    "E[P_z(1)]": 0.007681753,
                    "E[P_z(2)]": 0.003127335,
                    "E[P_z(3)]": 0.001843343,
                    "E[P_z(4)]": 0.001289031,
                    "E[P_z(5)]": 0.000938169,
                    "E[P_z(6)]": 0.0006741579,
                    "E[P_z(7)]": 0.0005353671,
                    "E[P_z(8)]": 0.0005399764,
                    "E[P_z(9)]": 0.0004137655,
                    "E[P_z(10)]": 0.0003586448,
                    "E[P_z(11)]": 0.0003459784,
                    "E[P_z(12)]": 0.0003398077,
                    "E[P_z(13)]": 0.0002881069,
                    "E[P_z(14)]": 0.0002611879,
                    "E[P_z(15)]": 0.0002608279,
                    "E[P_z(16)]": 0.0002602314,
                    "E[P_z(17)]": 0.0003135425,
                    "E[P_z(18)]": 0.0003408158,
                    "E[P_z(19)]": 0.0004553834,
                    "E[D_z]": null,
                    "E[mis_z]": null
                },
                {
                    "E[P_z(1)]": 0.001932369,
                    "E[P_z(2)]": 0.0006935958,
                    "E[P_z(3)]": 0.000387746,
                    "E[P_z(4)]": 0.0002626441,
                    "E[P_z(5)]": 0.0001869171,
                    "E[P_z(6)]": 0.0001320549,
                    "E[P_z(7)]": 0.000103466,
                    "E[P_z(8)]": 0.0001032347,
                    "E[P_z(9)]": 7.83929e-05,
                    "E[P_z(10)]": 6.74439e-05,
                    "E[P_z(11)]": 6.46604e-05,
                    "E[P_z(12)]": 6.32033e-05,
                    "E[P_z(13)]": 5.3388e-05,
                    "E[P_z(14)]": 4.83405e-05,
                    "E[P_z(15)]": 4.83758e-05,
                    "E[P_z(16)]": 4.86243e-05,
                    "E[P_z(17)]": 5.92385e-05,
                    "E[P_z(18)]": 6.72538e-05,
                    "E[P_z(19)]": 0.0001060801,
                    "E[D_z]": null,
                    "E[mis_z]": null
                }
            ],
            "alpha": 0.5667746660971448,
            "execution_time": 2427.0507805347443
        }
    }
}