{
    "output_file": "/scratch/40841752/tmps92gnx6o",
    "model": "C",
    "likelihood": -199.9785,
    "criteria": 0.00136,
    "params_mle": {
        "eps": 4.5037e-06,
        "eps_cont": 0,
        "lambda": 0,
        "theta_bar": 0.0009256099,
        "a": -1,
        "S_d": -76.02142,
        "b": 0.1095599,
        "p_b": 0.009371473,
        "S_b": 0.1098102,
        "r": [
            0.5437663,
            0.5154887,
            0.4984359,
            0.4670874,
            0.5180601,
            0.4590098,
            0.6174804,
            0.6098254,
            0.5213107,
            0.5410724,
            0.6807029,
            0.6243048,
            0.4805925,
            0.5353389,
            0.4544744,
            0.5967615,
            0.5294362,
            0.3631469,
            0.3999685,
            0.4648871,
            0.6724448,
            0.5019552,
            0.6359857,
            0.5269162,
            0.7906897,
            0.7312964,
            1.175236,
            1.662924
        ]
    },
    "n": 30,
    "expec": [
        {
            "E[P_z(1)]": 0.000925606,
            "E[P_z(2)]": 0.0002516568,
            "E[P_z(3)]": 0.0001590465,
            "E[P_z(4)]": 0.0001153389,
            "E[P_z(5)]": 8.64678e-05,
            "E[P_z(6)]": 7.992e-05,
            "E[P_z(7)]": 6.06947e-05,
            "E[P_z(8)]": 7.1443e-05,
            "E[P_z(9)]": 6.27176e-05,
            "E[P_z(10)]": 4.82529e-05,
            "E[P_z(11)]": 4.55291e-05,
            "E[P_z(12)]": 5.25053e-05,
            "E[P_z(13)]": 4.44509e-05,
            "E[P_z(14)]": 3.17743e-05,
            "E[P_z(15)]": 3.30343e-05,
            "E[P_z(16)]": 2.62916e-05,
            "E[P_z(17)]": 3.24923e-05,
            "E[P_z(18)]": 2.72252e-05,
            "E[P_z(19)]": 1.76913e-05,
            "E[P_z(20)]": 1.85109e-05,
            "E[P_z(21)]": 2.04909e-05,
            "E[P_z(22)]": 2.82921e-05,
            "E[P_z(23)]": 2.02008e-05,
            "E[P_z(24)]": 2.45284e-05,
            "E[P_z(25)]": 1.95091e-05,
            "E[P_z(26)]": 2.81492e-05,
            "E[P_z(27)]": 2.50708e-05,
            "E[P_z(28)]": 3.88513e-05,
            "E[P_z(29)]": 5.30804e-05,
            "E[D_z]": null,
            "E[mis_z]": null
        },
        {
            "E[P_z(1)]": 0.0006998416,
            "E[P_z(2)]": 0.0001734533,
            "E[P_z(3)]": 0.0001044331,
            "E[P_z(4)]": 7.3357e-05,
            "E[P_z(5)]": 5.37164e-05,
            "E[P_z(6)]": 4.87367e-05,
            "E[P_z(7)]": 3.64522e-05,
            "E[P_z(8)]": 4.23556e-05,
            "E[P_z(9)]": 3.67674e-05,
            "E[P_z(10)]": 2.80087e-05,
            "E[P_z(11)]": 2.61944e-05,
            "E[P_z(12)]": 2.99668e-05,
            "E[P_z(13)]": 2.51848e-05,
            "E[P_z(14)]": 1.78818e-05,
            "E[P_z(15)]": 1.84753e-05,
            "E[P_z(16)]": 1.46193e-05,
            "E[P_z(17)]": 1.79694e-05,
            "E[P_z(18)]": 1.498e-05,
            "E[P_z(19)]": 9.6875e-06,
            "E[P_z(20)]": 1.00904e-05,
            "E[P_z(21)]": 1.11216e-05,
            "E[P_z(22)]": 1.52929e-05,
            "E[P_z(23)]": 1.08766e-05,
            "E[P_z(24)]": 1.31574e-05,
            "E[P_z(25)]": 1.04275e-05,
            "E[P_z(26)]": 1.4994e-05,
            "E[P_z(27)]": 1.33102e-05,
            "E[P_z(28)]": 2.05609e-05,
            "E[P_z(29)]": 2.80059e-05,
            "E[D_z]": null,
            "E[mis_z]": null
        }
    ],
    "alpha": 0.020158145076909138,
    "execution_time": 1072.518966436386
}