{
    "output_file": "/scratch/40841777/tmpmw1euhe1",
    "model": "C",
    "likelihood": -255.1762,
    "criteria": 0.00031,
    "params_mle": {
        "eps": 4.50619e-06,
        "eps_cont": 0,
        "lambda": 0,
        "theta_bar": 0.001043922,
        "a": -1,
        "S_d": -25.82988,
        "b": 0.1517198,
        "p_b": 0.004450701,
        "S_b": 0.05640446,
        "r": [
            0.500773,
            0.4580788,
            0.4222522,
            0.4529583,
            0.3816162,
            0.4416505,
            0.5817968,
            0.3741196,
            0.4996033,
            0.5460172,
            0.4466657,
            0.3894865,
            0.4771403,
            0.4219297,
            0.4058986,
            0.4518168,
            0.5331032,
            0.5580417,
            0.4495837,
            0.3728327,
            0.2939348,
            0.3853729,
            0.4571617,
            0.5150452,
            0.4199866,
            0.3966384,
            0.4864507,
            0.384303,
            0.3871244,
            0.4953181,
            0.5124352,
            0.5170108,
            0.4556999,
            0.4431764,
            0.7474432,
            1.083136,
            0.9092166,
            2.140967
        ]
    },
    "n": 40,
    "expec": [
        {
            "E[P_z(1)]": 0.001043917,
            "E[P_z(2)]": 0.0002613828,
            "E[P_z(3)]": 0.0001593989,
            "E[P_z(4)]": 0.0001101992,
            "E[P_z(5)]": 9.45702e-05,
            "E[P_z(6)]": 6.6396e-05,
            "E[P_z(7)]": 6.58638e-05,
            "E[P_z(8)]": 7.59185e-05,
            "E[P_z(9)]": 4.33945e-05,
            "E[P_z(10)]": 5.21545e-05,
            "E[P_z(11)]": 5.18179e-05,
            "E[P_z(12)]": 3.88569e-05,
            "E[P_z(13)]": 3.12763e-05,
            "E[P_z(14)]": 3.55783e-05,
            "E[P_z(15)]": 2.93641e-05,
            "E[P_z(16)]": 2.64829e-05,
            "E[P_z(17)]": 2.77447e-05,
            "E[P_z(18)]": 3.09176e-05,
            "E[P_z(19)]": 3.06606e-05,
            "E[P_z(20)]": 2.34665e-05,
            "E[P_z(21)]": 1.85338e-05,
            "E[P_z(22)]": 1.39476e-05,
            "E[P_z(23)]": 1.74913e-05,
            "E[P_z(24)]": 1.98851e-05,
            "E[P_z(25)]": 2.15067e-05,
            "E[P_z(26)]": 1.68629e-05,
            "E[P_z(27)]": 1.53356e-05,
            "E[P_z(28)]": 1.81364e-05,
            "E[P_z(29)]": 1.3834e-05,
            "E[P_z(30)]": 1.34711e-05,
            "E[P_z(31)]": 1.66799e-05,
            "E[P_z(32)]": 1.67172e-05,
            "E[P_z(33)]": 1.63553e-05,
            "E[P_z(34)]": 1.39919e-05,
            "E[P_z(35)]": 1.32187e-05,
            "E[P_z(36)]": 2.16746e-05,
            "E[P_z(37)]": 3.05603e-05,
            "E[P_z(38)]": 2.49787e-05,
            "E[P_z(39)]": 5.73122e-05,
            "E[D_z]": null,
            "E[mis_z]": null
        },
        {
            "E[P_z(1)]": 0.000860217,
            "E[P_z(2)]": 0.000195509,
            "E[P_z(3)]": 0.0001123649,
            "E[P_z(4)]": 7.45315e-05,
            "E[P_z(5)]": 6.1983e-05,
            "E[P_z(6)]": 4.24364e-05,
            "E[P_z(7)]": 4.12259e-05,
            "E[P_z(8)]": 4.66796e-05,
            "E[P_z(9)]": 2.62706e-05,
            "E[P_z(10)]": 3.11429e-05,
            "E[P_z(11)]": 3.05632e-05,
            "E[P_z(12)]": 2.26644e-05,
            "E[P_z(13)]": 1.80579e-05,
            "E[P_z(14)]": 2.035e-05,
            "E[P_z(15)]": 1.66505e-05,
            "E[P_z(16)]": 1.48958e-05,
            "E[P_z(17)]": 1.54881e-05,
            "E[P_z(18)]": 1.71371e-05,
            "E[P_z(19)]": 1.68812e-05,
            "E[P_z(20)]": 1.28386e-05,
            "E[P_z(21)]": 1.00791e-05,
            "E[P_z(22)]": 7.5418e-06,
            "E[P_z(23)]": 9.4065e-06,
            "E[P_z(24)]": 1.06383e-05,
            "E[P_z(25)]": 1.14485e-05,
            "E[P_z(26)]": 8.9336e-06,
            "E[P_z(27)]": 8.0872e-06,
            "E[P_z(28)]": 9.5219e-06,
            "E[P_z(29)]": 7.2321e-06,
            "E[P_z(30)]": 7.0134e-06,
            "E[P_z(31)]": 8.6494e-06,
            "E[P_z(32)]": 8.6354e-06,
            "E[P_z(33)]": 8.4169e-06,
            "E[P_z(34)]": 7.1745e-06,
            "E[P_z(35)]": 6.7543e-06,
            "E[P_z(36)]": 1.10372e-05,
            "E[P_z(37)]": 1.55103e-05,
            "E[P_z(38)]": 1.26367e-05,
            "E[P_z(39)]": 2.89037e-05,
            "E[D_z]": null,
            "E[mis_z]": null
        }
    ],
    "alpha": 0.010157194386784486,
    "execution_time": 1602.7252774238586
}