{
    "output_file": "/scratch/40841168/tmp564865gy",
    "model": "C",
    "likelihood": -145.6549,
    "criteria": 8e-05,
    "params_mle": {
        "eps": 4.4965e-06,
        "eps_cont": 0,
        "lambda": 0,
        "theta_bar": 0.0008507528,
        "a": -1,
        "S_d": -37.387,
        "b": 0.1437631,
        "p_b": 0.003868867,
        "S_b": 0.03790352,
        "r": [
            0.5738993,
            0.5518304,
            0.5447206,
            0.5045013,
            0.6063376,
            0.5877025,
            0.4691375,
            0.5774343,
            0.4493543,
            0.6093965,
            0.6075846,
            0.6072618,
            0.6442014,
            0.4882894,
            0.6975242,
            0.7280094,
            0.7910162,
            1.566683
        ]
    },
    "n": 20,
    "expec": [
        {
            "E[P_z(1)]": 0.0008507493,
            "E[P_z(2)]": 0.0002441223,
            "E[P_z(3)]": 0.0001564899,
            "E[P_z(4)]": 0.0001158553,
            "E[P_z(5)]": 8.58409e-05,
            "E[P_z(6)]": 8.59737e-05,
            "E[P_z(7)]": 7.14269e-05,
            "E[P_z(8)]": 4.989e-05,
            "E[P_z(9)]": 5.45837e-05,
            "E[P_z(10)]": 3.82289e-05,
            "E[P_z(11)]": 4.71315e-05,
            "E[P_z(12)]": 4.30754e-05,
            "E[P_z(13)]": 3.97409e-05,
            "E[P_z(14)]": 3.91471e-05,
            "E[P_z(15)]": 2.76945e-05,
            "E[P_z(16)]": 3.70891e-05,
            "E[P_z(17)]": 3.64332e-05,
            "E[P_z(18)]": 3.73876e-05,
            "E[P_z(19)]": 7.0154e-05,
            "E[D_z]": null,
            "E[mis_z]": null
        },
        {
            "E[P_z(1)]": 0.0006336598,
            "E[P_z(2)]": 0.0001624469,
            "E[P_z(3)]": 9.79444e-05,
            "E[P_z(4)]": 6.9621e-05,
            "E[P_z(5)]": 5.00536e-05,
            "E[P_z(6)]": 4.89513e-05,
            "E[P_z(7)]": 3.98775e-05,
            "E[P_z(8)]": 2.73919e-05,
            "E[P_z(9)]": 2.95367e-05,
            "E[P_z(10)]": 2.04223e-05,
            "E[P_z(11)]": 2.48897e-05,
            "E[P_z(12)]": 2.25113e-05,
            "E[P_z(13)]": 2.05711e-05,
            "E[P_z(14)]": 2.00861e-05,
            "E[P_z(15)]": 1.40943e-05,
            "E[P_z(16)]": 1.87321e-05,
            "E[P_z(17)]": 1.82699e-05,
            "E[P_z(18)]": 1.8623e-05,
            "E[P_z(19)]": 3.47236e-05,
            "E[D_z]": null,
            "E[mis_z]": null
        }
    ],
    "alpha": 0.009113461804448981,
    "execution_time": 276.3888359069824
}