{
    "output_file": "/scratch/40841750/tmpbh7ooxwy",
    "model": "C",
    "likelihood": -197.9778,
    "criteria": 0.00014,
    "params_mle": {
        "eps": 4.50352e-06,
        "eps_cont": 0,
        "lambda": 0,
        "theta_bar": 0.0009357369,
        "a": -1,
        "S_d": -122.9696,
        "b": 0.08970539,
        "p_b": 0.009414977,
        "S_b": 0.1103691,
        "r": [
            0.5454259,
            0.5011263,
            0.463889,
            0.4917191,
            0.4779946,
            0.5540992,
            0.5118397,
            0.5167297,
            0.5151007,
            0.4835911,
            0.604717,
            0.5810913,
            0.3965865,
            0.4676999,
            0.399008,
            0.4993312,
            0.4870825,
            0.3410677,
            0.4078123,
            0.4123004,
            0.5476507,
            0.5644114,
            0.7254757,
            0.5450766,
            0.4626671,
            0.5359584,
            1.06794,
            1.508346
        ]
    },
    "n": 30,
    "expec": [
        {
            "E[P_z(1)]": 0.0009357329,
            "E[P_z(2)]": 0.0002551866,
            "E[P_z(3)]": 0.0001563068,
            "E[P_z(4)]": 0.0001085191,
            "E[P_z(5)]": 9.20236e-05,
            "E[P_z(6)]": 7.4546e-05,
            "E[P_z(7)]": 7.40699e-05,
            "E[P_z(8)]": 5.98683e-05,
            "E[P_z(9)]": 5.37246e-05,
            "E[P_z(10)]": 4.81997e-05,
            "E[P_z(11)]": 4.11375e-05,
            "E[P_z(12)]": 4.71546e-05,
            "E[P_z(13)]": 4.18267e-05,
            "E[P_z(14)]": 2.65072e-05,
            "E[P_z(15)]": 2.91763e-05,
            "E[P_z(16)]": 2.33354e-05,
            "E[P_z(17)]": 2.74849e-05,
            "E[P_z(18)]": 2.53213e-05,
            "E[P_z(19)]": 1.67975e-05,
            "E[P_z(20)]": 1.90804e-05,
            "E[P_z(21)]": 1.83718e-05,
            "E[P_z(22)]": 2.32937e-05,
            "E[P_z(23)]": 2.29629e-05,
            "E[P_z(24)]": 2.82858e-05,
            "E[P_z(25)]": 2.04023e-05,
            "E[P_z(26)]": 1.66517e-05,
            "E[P_z(27)]": 1.85753e-05,
            "E[P_z(28)]": 3.56907e-05,
            "E[P_z(29)]": 4.86735e-05,
            "E[D_z]": null,
            "E[mis_z]": null
        },
        {
            "E[P_z(1)]": 0.0007046136,
            "E[P_z(2)]": 0.0001774308,
            "E[P_z(3)]": 0.0001043808,
            "E[P_z(4)]": 7.05858e-05,
            "E[P_z(5)]": 5.87088e-05,
            "E[P_z(6)]": 4.68391e-05,
            "E[P_z(7)]": 4.59601e-05,
            "E[P_z(8)]": 3.67551e-05,
            "E[P_z(9)]": 3.26805e-05,
            "E[P_z(10)]": 2.90822e-05,
            "E[P_z(11)]": 2.4641e-05,
            "E[P_z(12)]": 2.80599e-05,
            "E[P_z(13)]": 2.47404e-05,
            "E[P_z(14)]": 1.55925e-05,
            "E[P_z(15)]": 1.70749e-05,
            "E[P_z(16)]": 1.35918e-05,
            "E[P_z(17)]": 1.59375e-05,
            "E[P_z(18)]": 1.46216e-05,
            "E[P_z(19)]": 9.6614e-06,
            "E[P_z(20)]": 1.09336e-05,
            "E[P_z(21)]": 1.04904e-05,
            "E[P_z(22)]": 1.3256e-05,
            "E[P_z(23)]": 1.30259e-05,
            "E[P_z(24)]": 1.59961e-05,
            "E[P_z(25)]": 1.1504e-05,
            "E[P_z(26)]": 9.3628e-06,
            "E[P_z(27)]": 1.0416e-05,
            "E[P_z(28)]": 1.99613e-05,
            "E[P_z(29)]": 2.71545e-05,
            "E[D_z]": null,
            "E[mis_z]": null
        }
    ],
    "alpha": 0.019522524328076753,
    "execution_time": 1892.012835741043
}