{
    "py/object": "fastdfe.polydfe.PolyDFE",
    "logger": {
        "py/reduce": [
            {
                "py/function": "logging.getLogger"
            },
            {
                "py/tuple": [
                    "fastdfe.PolyDFE"
                ]
            }
        ]
    },
    "bootstraps": null,
    "config": {
        "py/object": "fastdfe.config.Config",
        "data": {
            "model": "GammaExpParametrization",
            "intervals_del": {
                "py/tuple": [
                    -100000000.0,
                    -1e-05,
                    1000
                ]
            },
            "intervals_ben": {
                "py/tuple": [
                    1e-05,
                    10000.0,
                    1000
                ]
            },
            "integration_mode": "midpoint",
            "linearized": true,
            "seed": 0,
            "opts_mle": {},
            "n_runs": 10,
            "x0": {
                "all": {
                    "S_b": 0.05328228,
                    "S_d": -33.44406,
                    "a": -1,
                    "b": 0.1398527,
                    "eps": 4.50451e-06,
                    "eps_cont": 0,
                    "lambda": 0,
                    "p_b": 0.005009714,
                    "r": [
                        0.5834314,
                        0.499803,
                        0.5581096,
                        0.5076067,
                        0.557493,
                        0.6522272,
                        0.6050956,
                        0.5227928,
                        0.5765882,
                        0.4982845,
                        0.5150672,
                        0.5206269,
                        0.482151,
                        0.5460091,
                        0.5199818,
                        0.523935,
                        0.5814646,
                        0.6159988,
                        0.7697745,
                        0.7047025,
                        0.6593795,
                        0.914738,
                        1.558127
                    ],
                    "theta_bar": 0.0008647194
                }
            },
            "bounds": {},
            "scales": {},
            "fixed_params": {},
            "shared_params": [],
            "covariates": [],
            "sfs_neut": {
                "py/object": "fastdfe.spectrum.Spectra",
                "data": {
                    "all": [
                        1039319.17546773,
                        994.0,
                        226.0,
                        148.0,
                        135.0,
                        86.0,
                        87.0,
                        69.0,
                        56.0,
                        34.0,
                        61.0,
                        41.0,
                        39.0,
                        41.0,
                        40.0,
                        29.0,
                        31.0,
                        26.0,
                        34.0,
                        43.0,
                        48.0,
                        28.0,
                        32.0,
                        29.0,
                        50.0,
                        0.0
                    ]
                }
            },
            "sfs_sel": {
                "py/object": "fastdfe.spectrum.Spectra",
                "data": {
                    "all": [
                        2843567.82453227,
                        1896.0,
                        560.0,
                        286.0,
                        191.0,
                        146.0,
                        122.0,
                        151.0,
                        104.0,
                        90.0,
                        67.0,
                        60.0,
                        41.0,
                        45.0,
                        55.0,
                        41.0,
                        50.0,
                        42.0,
                        36.0,
                        35.0,
                        50.0,
                        37.0,
                        24.0,
                        54.0,
                        82.0,
                        0.0
                    ]
                }
            },
            "do_bootstrap": false,
            "n_bootstraps": 10,
            "parallelize": false,
            "loss_type": "likelihood"
        }
    },
    "output_file": null,
    "execution_time": 637.3698272705078,
    "summary": {
        "py/object": "fastdfe.polydfe.PolyDFEResult",
        "output_file": "results/polydfe/hgdp/inference/1/opts.n.25.config.default/bootstraps/70/all.polydfe.txt",
        "postprocessing_source": "../resources/polydfe/postprocessing/script.R",
        "data": {
            "output_file": "/scratch/40841231/tmp5qd7n8jx",
            "model": "C",
            "likelihood": -176.8934,
            "criteria": 0.00073,
            "params_mle": {
                "eps": 4.50555e-06,
                "eps_cont": 0,
                "lambda": 0,
                "theta_bar": 0.000904682,
                "a": -1,
                "S_d": -41.91456,
                "b": 0.1400475,
                "p_b": 0.004968455,
                "S_b": 0.05316765,
                "r": [
                    0.5847161,
                    0.503262,
                    0.5169228,
                    0.4684241,
                    0.5137479,
                    0.638418,
                    0.5359508,
                    0.4713076,
                    0.5446845,
                    0.4760018,
                    0.4137803,
                    0.4845727,
                    0.5793214,
                    0.4595809,
                    0.5697071,
                    0.5102375,
                    0.5582644,
                    0.6589674,
                    0.8744493,
                    0.6109836,
                    0.5530463,
                    0.8595508,
                    1.430464
                ]
            },
            "n": 25,
            "expec": [
                {
                    "E[P_z(1)]": 0.0009046782,
                    "E[P_z(2)]": 0.00026449,
                    "E[P_z(3)]": 0.0001517634,
                    "E[P_z(4)]": 0.0001169123,
                    "E[P_z(5)]": 8.47548e-05,
                    "E[P_z(6)]": 7.74629e-05,
                    "E[P_z(7)]": 8.25091e-05,
                    "E[P_z(8)]": 6.0608e-05,
                    "E[P_z(9)]": 4.73759e-05,
                    "E[P_z(10)]": 4.92765e-05,
                    "E[P_z(11)]": 3.91482e-05,
                    "E[P_z(12)]": 3.1195e-05,
                    "E[P_z(13)]": 3.37218e-05,
                    "E[P_z(14)]": 3.74358e-05,
                    "E[P_z(15)]": 2.77184e-05,
                    "E[P_z(16)]": 3.22128e-05,
                    "E[P_z(17)]": 2.71533e-05,
                    "E[P_z(18)]": 2.80587e-05,
                    "E[P_z(19)]": 3.13768e-05,
                    "E[P_z(20)]": 3.95551e-05,
                    "E[P_z(21)]": 2.63216e-05,
                    "E[P_z(22)]": 2.27429e-05,
                    "E[P_z(23)]": 3.38106e-05,
                    "E[P_z(24)]": 5.39253e-05,
                    "E[D_z]": null,
                    "E[mis_z]": null
                },
                {
                    "E[P_z(1)]": 0.0006838727,
                    "E[P_z(2)]": 0.0001792514,
                    "E[P_z(3)]": 9.68703e-05,
                    "E[P_z(4)]": 7.17026e-05,
                    "E[P_z(5)]": 5.04632e-05,
                    "E[P_z(6)]": 4.50539e-05,
                    "E[P_z(7)]": 4.70708e-05,
                    "E[P_z(8)]": 3.40134e-05,
                    "E[P_z(9)]": 2.6211e-05,
                    "E[P_z(10)]": 2.69212e-05,
                    "E[P_z(11)]": 2.11477e-05,
                    "E[P_z(12)]": 1.668e-05,
                    "E[P_z(13)]": 1.78634e-05,