{
    "py/object": "fastdfe.polydfe.PolyDFE",
    "logger": {
        "py/reduce": [
            {
                "py/function": "logging.getLogger"
            },
            {
                "py/tuple": [
                    "fastdfe.PolyDFE"
                ]
            }
        ]
    },
    "bootstraps": null,
    "config": {
        "py/object": "fastdfe.config.Config",
        "data": {
            "model": "GammaExpParametrization",
            "intervals_del": {
                "py/tuple": [
                    -100000000.0,
                    -1e-05,
                    1000
                ]
            },
            "intervals_ben": {
                "py/tuple": [
                    1e-05,
                    10000.0,
                    1000
                ]
            },
            "integration_mode": "midpoint",
            "linearized": true,
            "seed": 0,
            "opts_mle": {},
            "n_runs": 10,
            "x0": {
                "all": {
                    "S_b": 0.03800569,
                    "S_d": -68.01433,
                    "a": -1,
                    "b": 0.1127644,
                    "eps": 4.49744e-06,
                    "eps_cont": 0,
                    "lambda": 0,
                    "p_b": 0.003905648,
                    "r": [
                        0.5669393,
                        0.5649833,
                        0.5475162,
                        0.4995644,
                        0.5648594,
                        0.6039999,
                        0.4662727,
                        0.5802472,
                        0.5323765,
                        0.5838853,
                        0.5587549,
                        0.5490204,
                        0.5681745,
                        0.5012596,
                        0.6027202,
                        0.6738647,
                        0.7739941,
                        1.427315
                    ],
                    "theta_bar": 0.0008503307
                }
            },
            "bounds": {},
            "scales": {},
            "fixed_params": {},
            "shared_params": [],
            "covariates": [],
            "sfs_neut": {
                "py/object": "fastdfe.spectrum.Spectra",
                "data": {
                    "all": [
                        1040443.81958835,
                        823.0,
                        295.0,
                        138.0,
                        113.0,
                        98.0,
                        74.0,
                        85.0,
                        49.0,
                        64.0,
                        42.0,
                        57.0,
                        47.0,
                        44.0,
                        36.0,
                        25.0,
                        49.0,
                        42.0,
                        23.0,
                        72.0,
                        0.0
                    ]
                }
            },
            "sfs_sel": {
                "py/object": "fastdfe.spectrum.Spectra",
                "data": {
                    "all": [
                        2842926.18041165,
                        1837.0,
                        459.0,
                        304.0,
                        239.0,
                        156.0,
                        166.0,
                        121.0,
                        83.0,
                        78.0,
                        68.0,
                        49.0,
                        67.0,
                        45.0,
                        72.0,
                        42.0,
                        44.0,
                        43.0,
                        59.0,
                        81.0,
                        0.0
                    ]
                }
            },
            "do_bootstrap": false,
            "n_bootstraps": 10,
            "parallelize": false,
            "loss_type": "likelihood"
        }
    },
    "output_file": null,
    "execution_time": 199.38477969169617,
    "summary": {
        "py/object": "fastdfe.polydfe.PolyDFEResult",
        "output_file": "results/polydfe/hgdp/inference/1/opts.n.20.config.default/bootstraps/11/all.polydfe.txt",
        "postprocessing_source": "../resources/polydfe/postprocessing/script.R",
        "data": {
            "output_file": "/scratch/40841173/tmpy6rc5n43",
            "model": "C",
            "likelihood": -145.8361,
            "criteria": 6e-05,
            "params_mle": {
                "eps": 4.49647e-06,
                "eps_cont": 0,
                "lambda": 0,
                "theta_bar": 0.0007951978,
                "a": -1,
                "S_d": -12.05006,
                "b": 0.2201371,
                "p_b": 0.00387569,
                "S_b": 0.03791604,
                "r": [
                    0.6141731,
                    0.567675,
                    0.6241691,
                    0.5779944,
                    0.6692229,
                    0.6818219,
                    0.5066729,
                    0.6210314,
                    0.5405476,
                    0.5787412,
                    0.6851719,
                    0.584266,
                    0.7693173,
                    0.5149235,
                    0.7673527,
                    0.7496941,
                    0.7701165,
                    1.524827
                ]
            },
            "n": 20,
            "expec": [
                {
                    "E[P_z(1)]": 0.0007951945,
                    "E[P_z(2)]": 0.0002441936,
                    "E[P_z(3)]": 0.0001504708,
                    "E[P_z(4)]": 0.0001240841,
                    "E[P_z(5)]": 9.19237e-05,
                    "E[P_z(6)]": 8.86939e-05,
                    "E[P_z(7)]": 7.74546e-05,
                    "E[P_z(8)]": 5.03631e-05,
                    "E[P_z(9)]": 5.48714e-05,
                    "E[P_z(10)]": 4.29842e-05,
                    "E[P_z(11)]": 4.18377e-05,
                    "E[P_z(12)]": 4.5404e-05,
                    "E[P_z(13)]": 3.57392e-05,
                    "E[P_z(14)]": 4.36973e-05,
                    "E[P_z(15)]": 2.7298e-05,
                    "E[P_z(16)]": 3.81377e-05,
                    "E[P_z(17)]": 3.50685e-05,
                    "E[P_z(18)]": 3.40229e-05,
                    "E[P_z(19)]": 6.38212e-05,
                    "E[D_z]": null,
                    "E[mis_z]": null
                },
                {
                    "E[P_z(1)]": 0.0006431202,
                    "E[P_z(2)]": 0.000175416,
                    "E[P_z(3)]": 0.0001001471,
                    "E[P_z(4)]": 7.81991e-05,
                    "E[P_z(5)]": 5.55537e-05,
                    "E[P_z(6)]": 5.18199e-05,
                    "E[P_z(7)]": 4.39929e-05,
                    "E[P_z(8)]": 2.79209e-05,
                    "E[P_z(9)]": 2.97825e-05,
                    "E[P_z(10)]": 2.28954e-05,
                    "E[P_z(11)]": 2.19106e-05,
                    "E[P_z(12)]": 2.34153e-05,
                    "E[P_z(13)]": 1.8173e-05,
                    "E[P_z(14)]": 2.19323e-05,
                    "E[P_z(15)]": 1.35366e-05,
                    "E[P_z(16)]": 1.86995e-05,
                    "E[P_z(17)]": 1.70135e-05,
                    "E[P_z(18)]": 1.63426e-05,
                    "E[P_z(19)]": 3.03688e-05,
                    "E[D_z]": null,
                    "E[mis_z]": null
                }
            ],
            "alpha": 0.009503052490867718,
            "execution_time": 199.38477969169617
        }
    }
}