{
    "output_file": "/scratch/38995528/tmpgxksbqfg",
    "model": "C",
    "likelihood": -154.8821,
    "criteria": 0.0001,
    "params_mle": {
        "eps": 0,
        "eps_cont": 0,
        "lambda": 0,
        "theta_bar": 0.0008493601,
        "a": -1,
        "S_d": -186.6397,
        "b": 0.4122526,
        "p_b": 0,
        "S_b": 1,
        "r": [
            1.14189,
            1.107412,
            1.249149,
            1.344831,
            0.9583345,
            1.167208,
            0.9490129,
            1.315256,
            1.137397,
            1.111928,
            0.9430787,
            1.594527,
            1.115504,
            1.08338,
            1.105218,
            1.119612,
            1.255362,
            1.501447
        ]
    },
    "n": 20,
    "expec": [
        {
            "E[P_z(1)]": 0.0008493601,
            "E[P_z(2)]": 0.000484938,
            "E[P_z(3)]": 0.0003135306,
            "E[P_z(4)]": 0.0002652443,
            "E[P_z(5)]": 0.0002284491,
            "E[P_z(6)]": 0.0001356619,
            "E[P_z(7)]": 0.0001416257,
            "E[P_z(8)]": 0.0001007567,
            "E[P_z(9)]": 0.0001241251,
            "E[P_z(10)]": 9.6606e-05,
            "E[P_z(11)]": 8.58571e-05,
            "E[P_z(12)]": 6.67511e-05,
            "E[P_z(13)]": 0.0001041791,
            "E[P_z(14)]": 6.7676e-05,
            "E[P_z(15)]": 6.13453e-05,
            "E[P_z(16)]": 5.86705e-05,
            "E[P_z(17)]": 5.59385e-05,
            "E[P_z(18)]": 5.92364e-05,
            "E[P_z(19)]": 6.71194e-05,
            "E[D_z]": null,
            "E[mis_z]": null
        },
        {
            "E[P_z(1)]": 0.0003152152,
            "E[P_z(2)]": 0.0001226878,
            "E[P_z(3)]": 6.51571e-05,
            "E[P_z(4)]": 4.8585e-05,
            "E[P_z(5)]": 3.81827e-05,
            "E[P_z(6)]": 2.11116e-05,
            "E[P_z(7)]": 2.07911e-05,
            "E[P_z(8)]": 1.40813e-05,
            "E[P_z(9)]": 1.66255e-05,
            "E[P_z(10)]": 1.24647e-05,
            "E[P_z(11)]": 1.07144e-05,
            "E[P_z(12)]": 8.083e-06,
            "E[P_z(13)]": 1.22737e-05,
            "E[P_z(14)]": 7.7746e-06,
            "E[P_z(15)]": 6.8849e-06,
            "E[P_z(16)]": 6.4433e-06,
            "E[P_z(17)]": 6.0199e-06,
            "E[P_z(18)]": 6.2545e-06,
            "E[P_z(19)]": 6.9606e-06,
            "E[D_z]": null,
            "E[mis_z]": null
        }
    ],
    "alpha": 0.0,
    "execution_time": 66.49171113967896
}