{
    "output_file": "/scratch/38995935/tmp94yumcd2",
    "model": "C",
    "likelihood": -170.2234,
    "criteria": 0.0001,
    "params_mle": {
        "eps": 0.02105894,
        "eps_cont": 0,
        "lambda": 0,
        "theta_bar": 0.0008777182,
        "a": -1,
        "S_d": -236.1391,
        "b": 0.3608648,
        "p_b": 0,
        "S_b": 1,
        "r": [
            1.082944,
            1.116485,
            1.174172,
            1.152768,
            0.9215743,
            1.007121,
            0.8411156,
            1.043993,
            1.100785,
            0.8879539,
            1.007842,
            1.28285,
            1.045418,
            0.9640942,
            0.9346605,
            1.169511,
            0.9124818,
            0.8203089
        ]
    },
    "n": 20,
    "expec": [
        {
            "E[P_z(1)]": 0.0008600324,
            "E[P_z(2)]": 0.0004661885,
            "E[P_z(3)]": 0.0003210456,
            "E[P_z(4)]": 0.0002533021,
            "E[P_z(5)]": 0.0001992875,
            "E[P_z(6)]": 0.0001333549,
            "E[P_z(7)]": 0.0001254458,
            "E[P_z(8)]": 9.18918e-05,
            "E[P_z(9)]": 0.0001011626,
            "E[P_z(10)]": 9.66179e-05,
            "E[P_z(11)]": 7.15042e-05,
            "E[P_z(12)]": 7.41078e-05,
            "E[P_z(13)]": 8.74492e-05,
            "E[P_z(14)]": 6.70004e-05,
            "E[P_z(15)]": 5.9487e-05,
            "E[P_z(16)]": 5.56191e-05,
            "E[P_z(17)]": 6.59898e-05,
            "E[P_z(18)]": 5.3566e-05,
            "E[P_z(19)]": 5.55805e-05,
            "E[D_z]": null,
            "E[mis_z]": null
        },
        {
            "E[P_z(1)]": 0.000320101,
            "E[P_z(2)]": 0.0001227683,
            "E[P_z(3)]": 7.10932e-05,
            "E[P_z(4)]": 5.02439e-05,
            "E[P_z(5)]": 3.64825e-05,
            "E[P_z(6)]": 2.29203e-05,
            "E[P_z(7)]": 2.04859e-05,
            "E[P_z(8)]": 1.43819e-05,
            "E[P_z(9)]": 1.52712e-05,
            "E[P_z(10)]": 1.41275e-05,
            "E[P_z(11)]": 1.01734e-05,
            "E[P_z(12)]": 1.02851e-05,
            "E[P_z(13)]": 1.18826e-05,
            "E[P_z(14)]": 8.9616e-06,
            "E[P_z(15)]": 7.926e-06,
            "E[P_z(16)]": 7.4487e-06,
            "E[P_z(17)]": 8.8959e-06,
            "E[P_z(18)]": 7.979e-06,
            "E[P_z(19)]": 1.13609e-05,
            "E[D_z]": null,
            "E[mis_z]": null
        }
    ],
    "alpha": 0.0,
    "execution_time": 205.78399419784546
}