neutral,selected
387938.33633423655,1140963.6636657636
205.0,322.0
74.0,112.0
65.0,94.0
41.0,73.0
138.0,145.0
