{
    "output_file": "/scratch/38996100/tmp35nxwh0q",
    "model": "C",
    "likelihood": -154.269,
    "criteria": 8e-05,
    "params_mle": {
        "eps": 0.005558268,
        "eps_cont": 0,
        "lambda": 0,
        "theta_bar": 0.0008892312,
        "a": -1,
        "S_d": -169.2363,
        "b": 0.4194519,
        "p_b": 0,
        "S_b": 1,
        "r": [
            1.07856,
            1.015829,
            1.167419,
            1.246391,
            0.9276559,
            1.199519,
            0.8606146,
            1.168331,
            1.042361,
            0.7949241,
            0.8458411,
            1.524917,
            1.008534,
            0.8229168,
            1.097951,
            1.145644,
            1.4319,
            1.311745
        ]
    },
    "n": 20,
    "expec": [
        {
            "E[P_z(1)]": 0.0008846298,
            "E[P_z(2)]": 0.0004772724,
            "E[P_z(3)]": 0.0002997618,
            "E[P_z(4)]": 0.0002584229,
            "E[P_z(5)]": 0.000220705,
            "E[P_z(6)]": 0.0001370753,
            "E[P_z(7)]": 0.0001521114,
            "E[P_z(8)]": 9.54773e-05,
            "E[P_z(9)]": 0.0001151507,
            "E[P_z(10)]": 9.269e-05,
            "E[P_z(11)]": 6.45455e-05,
            "E[P_z(12)]": 6.28623e-05,
            "E[P_z(13)]": 0.0001045752,
            "E[P_z(14)]": 6.44667e-05,
            "E[P_z(15)]": 4.97451e-05,
            "E[P_z(16)]": 6.21241e-05,
            "E[P_z(17)]": 6.12665e-05,
            "E[P_z(18)]": 7.30106e-05,
            "E[P_z(19)]": 6.59932e-05,
            "E[D_z]": null,
            "E[mis_z]": null
        },
        {
            "E[P_z(1)]": 0.0003358694,
            "E[P_z(2)]": 0.0001233912,
            "E[P_z(3)]": 6.34977e-05,
            "E[P_z(4)]": 4.81558e-05,
            "E[P_z(5)]": 3.74765e-05,
            "E[P_z(6)]": 2.164e-05,
            "E[P_z(7)]": 2.26295e-05,
            "E[P_z(8)]": 1.35147e-05,
            "E[P_z(9)]": 1.56146e-05,
            "E[P_z(10)]": 1.21027e-05,
            "E[P_z(11)]": 8.1529e-06,
            "E[P_z(12)]": 7.7054e-06,
            "E[P_z(13)]": 1.24743e-05,
            "E[P_z(14)]": 7.5122e-06,
            "E[P_z(15)]": 5.7065e-06,
            "E[P_z(16)]": 6.995e-06,
            "E[P_z(17)]": 6.8252e-06,
            "E[P_z(18)]": 8.1809e-06,
            "E[P_z(19)]": 8.2611e-06,
            "E[D_z]": null,
            "E[mis_z]": null
        }
    ],
    "alpha": 0.0,
    "execution_time": 244.41511797904968
}