{
    "py/object": "fastdfe.polydfe.PolyDFE",
    "logger": {
        "py/reduce": [
            {
                "py/function": "logging.getLogger"
            },
            {
                "py/tuple": [
                    "fastdfe.PolyDFE"
                ]
            }
        ]
    },
    "bootstraps": null,
    "config": {
        "py/object": "fastdfe.config.Config",
        "data": {
            "model": "GammaExpParametrization",
            "intervals_del": {
                "py/tuple": [
                    -100000000.0,
                    -1e-05,
                    1000
                ]
            },
            "intervals_ben": {
                "py/tuple": [
                    1e-05,
                    10000.0,
                    1000
                ]
            },
            "integration_mode": "midpoint",
            "linearized": true,
            "seed": 0,
            "opts_mle": {},
            "n_runs": 10,
            "x0": {
                "all": {
                    "S_b": 1.562568,
                    "S_d": -22188.79,
                    "a": -1,
                    "b": 0.1916524,
                    "eps": 0.007632547,
                    "eps_cont": 0,
                    "lambda": 0,
                    "p_b": 0.04617354,
                    "r": [
                        0.8275426,
                        0.7254075,
                        0.6568578,
                        0.602303,
                        0.5558673,
                        0.5172334,
                        0.4889478,
                        0.4709818,
                        0.4671859,
                        0.4710718,
                        0.4770928,
                        0.4916403,
                        0.5096436,
                        0.5365832,
                        0.5691288,
                        0.6256435,
                        0.7473002,
                        1.000285
                    ],
                    "theta_bar": 0.007669351
                }
            },
            "bounds": {},
            "scales": {},
            "fixed_params": {
                "all": {}
            },
            "shared_params": [],
            "covariates": [],
            "sfs_neut": {
                "py/object": "fastdfe.spectrum.Spectra",
                "data": {
                    "all": [
                        257419.66666666698,
                        2002.0,
                        816.0,
                        476.0,
                        298.0,
                        250.0,
                        178.0,
                        139.0,
                        110.0,
                        91.0,
                        81.0,
                        86.0,
                        74.0,
                        84.0,
                        58.0,
                        69.0,
                        59.0,
                        85.0,
                        100.0,
                        117.0,
                        0.0
                    ]
                }
            },
            "sfs_sel": {
                "py/object": "fastdfe.spectrum.Spectra",
                "data": {
                    "all": [
                        956717.333333333,
                        1936.0,
                        643.0,
                        372.0,
                        263.0,
                        176.0,
                        124.0,
                        109.0,
                        101.0,
                        81.0,
                        75.0,
                        64.0,
                        56.0,
                        64.0,
                        52.0,
                        57.0,
                        48.0,
                        46.0,
                        56.0,
                        103.0,
                        0.0
                    ]
                }
            },
            "do_bootstrap": null,
            "n_bootstraps": 10,
            "parallelize": true,
            "loss_type": "likelihood"
        }
    },
    "output_file": null,
    "execution_time": 1105.3868372440338,
    "summary": {
        "py/object": "fastdfe.polydfe.PolyDFEResult",
        "output_file": "results/polydfe/pendula_C_full_anc/bootstraps/43/out.txt",
        "postprocessing_source": "../resources/polydfe/postprocessing/script.R",
        "data": {
            "output_file": "/scratch/38996455/tmp8suhu42u",
            "model": "C",
            "likelihood": -136.0756,
            "criteria": 0.00564,
            "params_mle": {
                "eps": 0.02174769,
                "eps_cont": 0,
                "lambda": 0,
                "theta_bar": 0.007806268,
                "a": -1,
                "S_d": -894.1292,
                "b": 1.04229,
                "p_b": 0.2053315,
                "S_b": 0.06120997,
                "r": [
                    0.8021681,
                    0.7086024,
                    0.627467,
                    0.5956089,
                    0.5061902,
                    0.4827868,
                    0.4692143,
                    0.4276388,
                    0.4298093,
                    0.4530195,
                    0.4233209,
                    0.5211602,
                    0.4062576,
                    0.4913824,
                    0.4255162,
                    0.5354424,
                    0.6250978,
                    0.7051045
                ]
            },
            "n": 20,
            "expec": [
                {
                    "E[P_z(1)]": 0.0076428,
                    "E[P_z(2)]": 0.003068774,
                    "E[P_z(3)]": 0.001809094,
                    "E[P_z(4)]": 0.001202428,
                    "E[P_z(5)]": 0.0009152348,
                    "E[P_z(6)]": 0.00064918,
                    "E[P_z(7)]": 0.0005334918,
                    "E[P_z(8)]": 0.0004538832,
                    "E[P_z(9)]": 0.0003698431,
                    "E[P_z(10)]": 0.0003355206,
                    "E[P_z(11)]": 0.0003225651,
                    "E[P_z(12)]": 0.000279348,
                    "E[P_z(13)]": 0.0003178503,
                    "E[P_z(14)]": 0.0002359215,
                    "E[P_z(15)]": 0.0002703859,
                    "E[P_z(16)]": 0.0002297219,
                    "E[P_z(17)]": 0.0002806233,
                    "E[P_z(18)]": 0.0003332891,
                    "E[P_z(19)]": 0.0004531646,
                    "E[D_z]": null,
                    "E[mis_z]": null
                },
                {
                    "E[P_z(1)]": 0.002010016,
                    "E[P_z(2)]": 0.0006796887,
                    "E[P_z(3)]": 0.000388047,
                    "E[P_z(4)]": 0.0002551514,
                    "E[P_z(5)]": 0.0001932872,
                    "E[P_z(6)]": 0.0001367845,
                    "E[P_z(7)]": 0.0001122898,
                    "E[P_z(8)]": 9.5499e-05,
                    "E[P_z(9)]": 7.78231e-05,
                    "E[P_z(10)]": 7.0627e-05,
                    "E[P_z(11)]": 6.79389e-05,
                    "E[P_z(12)]": 5.88785e-05,
                    "E[P_z(13)]": 6.70506e-05,
                    "E[P_z(14)]": 4.98131e-05,
                    "E[P_z(15)]": 5.71528e-05,
                    "E[P_z(16)]": 4.86294e-05,
                    "E[P_z(17)]": 5.95596e-05,
                    "E[P_z(18)]": 7.13345e-05,
                    "E[P_z(19)]": 0.0001048407,
                    "E[D_z]": null,
                    "E[mis_z]": null
                }
            ],
            "alpha": 0.9945579775194738,
            "execution_time": 1105.3868372440338
        }
    }
}