{
    "output_file": "/scratch/38996258/tmpje6xvt2c",
    "model": "C",
    "likelihood": -157.1227,
    "criteria": 9e-05,
    "params_mle": {
        "eps": 0.01485474,
        "eps_cont": 0,
        "lambda": 0,
        "theta_bar": 0.000896305,
        "a": -1,
        "S_d": -265.0362,
        "b": 0.377725,
        "p_b": 0,
        "S_b": 1,
        "r": [
            1.127376,
            1.138029,
            1.165831,
            1.330222,
            1.015936,
            1.008966,
            0.9800402,
            1.26507,
            1.099403,
            1.042707,
            0.9402091,
            1.270403,
            0.9353251,
            1.090433,
            1.003587,
            1.246759,
            0.9297956,
            1.053552
        ]
    },
    "n": 20,
    "expec": [
        {
            "E[P_z(1)]": 0.0008837289,
            "E[P_z(2)]": 0.0004984189,
            "E[P_z(3)]": 0.0003359327,
            "E[P_z(4)]": 0.0002581896,
            "E[P_z(5)]": 0.0002358826,
            "E[P_z(6)]": 0.0001503999,
            "E[P_z(7)]": 0.0001285736,
            "E[P_z(8)]": 0.000109214,
            "E[P_z(9)]": 0.0001253782,
            "E[P_z(10)]": 9.854e-05,
            "E[P_z(11)]": 8.55716e-05,
            "E[P_z(12)]": 7.08141e-05,
            "E[P_z(13)]": 8.82079e-05,
            "E[P_z(14)]": 6.12461e-05,
            "E[P_z(15)]": 6.77317e-05,
            "E[P_z(16)]": 5.92654e-05,
            "E[P_z(17)]": 6.98082e-05,
            "E[P_z(18)]": 5.31163e-05,
            "E[P_z(19)]": 6.22763e-05,
            "E[D_z]": null,
            "E[mis_z]": null
        },
        {
            "E[P_z(1)]": 0.0003081433,
            "E[P_z(2)]": 0.0001204055,
            "E[P_z(3)]": 6.76035e-05,
            "E[P_z(4)]": 4.62714e-05,
            "E[P_z(5)]": 3.88645e-05,
            "E[P_z(6)]": 2.3205e-05,
            "E[P_z(7)]": 1.87963e-05,
            "E[P_z(8)]": 1.52718e-05,
            "E[P_z(9)]": 1.68707e-05,
            "E[P_z(10)]": 1.28202e-05,
            "E[P_z(11)]": 1.08129e-05,
            "E[P_z(12)]": 8.7194e-06,
            "E[P_z(13)]": 1.06079e-05,
            "E[P_z(14)]": 7.2466e-06,
            "E[P_z(15)]": 7.9312e-06,
            "E[P_z(16)]": 6.9102e-06,
            "E[P_z(17)]": 8.1488e-06,
            "E[P_z(18)]": 6.7499e-06,
            "E[P_z(19)]": 9.8564e-06,
            "E[D_z]": null,
            "E[mis_z]": null
        }
    ],
    "alpha": 0.0,
    "execution_time": 148.40869545936584
}