{
    "output_file": "/scratch/40841513/tmpvbquv5w4",
    "model": "C",
    "likelihood": -167.3194,
    "criteria": 0.0002,
    "params_mle": {
        "eps": 4.50611e-06,
        "eps_cont": 0,
        "lambda": 0,
        "theta_bar": 0.000875002,
        "a": -1,
        "S_d": -37.85963,
        "b": 0.135976,
        "p_b": 0.005012951,
        "S_b": 0.05331538,
        "r": [
            0.5806777,
            0.4987943,
            0.5265715,
            0.4851517,
            0.5404487,
            0.6230916,
            0.6918213,
            0.4485037,
            0.6275725,
            0.4936259,
            0.5627579,
            0.4525758,
            0.4960281,
            0.5472586,
            0.5790976,
            0.4575955,
            0.6565439,
            0.523748,
            0.7617215,
            0.7354722,
            0.6021943,
            0.7471083,
            1.409204
        ]
    },
    "n": 25,
    "expec": [
        {
            "E[P_z(1)]": 0.0008749983,
            "E[P_z(2)]": 0.0002540461,
            "E[P_z(3)]": 0.0001454815,
            "E[P_z(4)]": 0.0001151874,
            "E[P_z(5)]": 8.49015e-05,
            "E[P_z(6)]": 7.88154e-05,
            "E[P_z(7)]": 7.78864e-05,
            "E[P_z(8)]": 7.56679e-05,
            "E[P_z(9)]": 4.36046e-05,
            "E[P_z(10)]": 5.49126e-05,
            "E[P_z(11)]": 3.92657e-05,
            "E[P_z(12)]": 4.10345e-05,
            "E[P_z(13)]": 3.0462e-05,
            "E[P_z(14)]": 3.10019e-05,
            "E[P_z(15)]": 3.19236e-05,
            "E[P_z(16)]": 3.16695e-05,
            "E[P_z(17)]": 2.3553e-05,
            "E[P_z(18)]": 3.19156e-05,
            "E[P_z(19)]": 2.41203e-05,
            "E[P_z(20)]": 3.33256e-05,
            "E[P_z(21)]": 3.06451e-05,
            "E[P_z(22)]": 2.39515e-05,
            "E[P_z(23)]": 2.84237e-05,
            "E[P_z(24)]": 5.13811e-05,
            "E[D_z]": null,
            "E[mis_z]": null
        },
        {
            "E[P_z(1)]": 0.0006719046,
            "E[P_z(2)]": 0.0001756957,
            "E[P_z(3)]": 9.49621e-05,
            "E[P_z(4)]": 7.23388e-05,
            "E[P_z(5)]": 5.18116e-05,
            "E[P_z(6)]": 4.70184e-05,
            "E[P_z(7)]": 4.56023e-05,
            "E[P_z(8)]": 4.36038e-05,
            "E[P_z(9)]": 2.47821e-05,
            "E[P_z(10)]": 3.08296e-05,
            "E[P_z(11)]": 2.18049e-05,
            "E[P_z(12)]": 2.25622e-05,
            "E[P_z(13)]": 1.65977e-05,
            "E[P_z(14)]": 1.67515e-05,
            "E[P_z(15)]": 1.71166e-05,
            "E[P_z(16)]": 1.68584e-05,
            "E[P_z(17)]": 1.24535e-05,
            "E[P_z(18)]": 1.67683e-05,
            "E[P_z(19)]": 1.2597e-05,
            "E[P_z(20)]": 1.73061e-05,
            "E[P_z(21)]": 1.58286e-05,
            "E[P_z(22)]": 1.2308e-05,
            "E[P_z(23)]": 1.45348e-05,
            "E[P_z(24)]": 2.6152e-05,
            "E[D_z]": null,
            "E[mis_z]": null
        }
    ],
    "alpha": 0.011256623988464153,
    "execution_time": 646.4061558246613
}