{
    "py/object": "fastdfe.polydfe.PolyDFE",
    "logger": {
        "py/reduce": [
            {
                "py/function": "logging.getLogger"
            },
            {
                "py/tuple": [
                    "fastdfe.PolyDFE"
                ]
            }
        ]
    },
    "bootstraps": null,
    "config": {
        "py/object": "fastdfe.config.Config",
        "data": {
            "model": "GammaExpParametrization",
            "intervals_del": {
                "py/tuple": [
                    -100000000.0,
                    -1e-05,
                    1000
                ]
            },
            "intervals_ben": {
                "py/tuple": [
                    1e-05,
                    10000.0,
                    1000
                ]
            },
            "integration_mode": "midpoint",
            "linearized": true,
            "seed": 0,
            "opts_mle": {},
            "n_runs": 10,
            "x0": {
                "all": {
                    "S_b": 0.05328228,
                    "S_d": -33.44406,
                    "a": -1,
                    "b": 0.1398527,
                    "eps": 4.50451e-06,
                    "eps_cont": 0,
                    "lambda": 0,
                    "p_b": 0.005009714,
                    "r": [
                        0.5834314,
                        0.499803,
                        0.5581096,
                        0.5076067,
                        0.557493,
                        0.6522272,
                        0.6050956,
                        0.5227928,
                        0.5765882,
                        0.4982845,
                        0.5150672,
                        0.5206269,
                        0.482151,
                        0.5460091,
                        0.5199818,
                        0.523935,
                        0.5814646,
                        0.6159988,
                        0.7697745,
                        0.7047025,
                        0.6593795,
                        0.914738,
                        1.558127
                    ],
                    "theta_bar": 0.0008647194
                }
            },
            "bounds": {},
            "scales": {},
            "fixed_params": {},
            "shared_params": [],
            "covariates": [],
            "sfs_neut": {
                "py/object": "fastdfe.spectrum.Spectra",
                "data": {
                    "all": [
                        1039373.17546773,
                        914.0,
                        273.0,
                        139.0,
                        115.0,
                        86.0,
                        94.0,
                        68.0,
                        74.0,
                        35.0,
                        70.0,
                        53.0,
                        40.0,
                        39.0,
                        34.0,
                        33.0,
                        37.0,
                        26.0,
                        38.0,
                        31.0,
                        34.0,
                        26.0,
                        30.0,
                        22.0,
                        42.0,
                        0.0
                    ]
                }
            },
            "sfs_sel": {
                "py/object": "fastdfe.spectrum.Spectra",
                "data": {
                    "all": [
                        2843566.82453227,
                        1911.0,
                        492.0,
                        283.0,
                        211.0,
                        150.0,
                        122.0,
                        143.0,
                        129.0,
                        81.0,
                        75.0,
                        50.0,
                        67.0,
                        40.0,
                        46.0,
                        49.0,
                        44.0,
                        34.0,
                        43.0,
                        30.0,
                        50.0,
                        51.0,
                        30.0,
                        49.0,
                        86.0,
                        0.0
                    ]
                }
            },
            "do_bootstrap": false,
            "n_bootstraps": 10,
            "parallelize": false,
            "loss_type": "likelihood"
        }
    },
    "output_file": null,
    "execution_time": 646.4061558246613,
    "summary": {
        "py/object": "fastdfe.polydfe.PolyDFEResult",
        "output_file": "results/polydfe/hgdp/inference/1/opts.n.25.config.default/bootstraps/35/all.polydfe.txt",
        "postprocessing_source": "../resources/polydfe/postprocessing/script.R",
        "data": {
            "output_file": "/scratch/40841513/tmpvbquv5w4",
            "model": "C",
            "likelihood": -167.3194,
            "criteria": 0.0002,
            "params_mle": {
                "eps": 4.50611e-06,
                "eps_cont": 0,
                "lambda": 0,
                "theta_bar": 0.000875002,
                "a": -1,
                "S_d": -37.85963,
                "b": 0.135976,
                "p_b": 0.005012951,
                "S_b": 0.05331538,
                "r": [
                    0.5806777,
                    0.4987943,
                    0.5265715,
                    0.4851517,
                    0.5404487,
                    0.6230916,
                    0.6918213,
                    0.4485037,
                    0.6275725,
                    0.4936259,
                    0.5627579,
                    0.4525758,
                    0.4960281,
                    0.5472586,
                    0.5790976,
                    0.4575955,
                    0.6565439,
                    0.523748,
                    0.7617215,
                    0.7354722,
                    0.6021943,
                    0.7471083,
                    1.409204
                ]
            },
            "n": 25,
            "expec": [
                {
                    "E[P_z(1)]": 0.0008749983,
                    "E[P_z(2)]": 0.0002540461,
                    "E[P_z(3)]": 0.0001454815,
                    "E[P_z(4)]": 0.0001151874,
                    "E[P_z(5)]": 8.49015e-05,
                    "E[P_z(6)]": 7.88154e-05,
                    "E[P_z(7)]": 7.78864e-05,
                    "E[P_z(8)]": 7.56679e-05,
                    "E[P_z(9)]": 4.36046e-05,
                    "E[P_z(10)]": 5.49126e-05,
                    "E[P_z(11)]": 3.92657e-05,
                    "E[P_z(12)]": 4.10345e-05,
                    "E[P_z(13)]": 3.0462e-05,
                    "E[P_z(14)]": 3.10019e-05,
                    "E[P_z(15)]": 3.19236e-05,
                    "E[P_z(16)]": 3.16695e-05,
                    "E[P_z(17)]": 2.3553e-05,
                    "E[P_z(18)]": 3.19156e-05,
                    "E[P_z(19)]": 2.41203e-05,
                    "E[P_z(20)]": 3.33256e-05,
                    "E[P_z(21)]": 3.06451e-05,
                    "E[P_z(22)]": 2.39515e-05,
                    "E[P_z(23)]": 2.84237e-05,
                    "E[P_z(24)]": 5.13811e-05,
                    "E[D_z]": null,
                    "E[mis_z]": null
                },
                {
                    "E[P_z(1)]": 0.0006719046,
                    "E[P_z(2)]": 0.0001756957,
                    "E[P_z(3)]": 9.49621e-05,
                    "E[P_z(4)]": 7.23388e-05,
                    "E[P_z(5)]": 5.18116e-05,
                    "E[P_z(6)]": 4.70184e-05,
                    "E[P_z(7)]": 4.56023e-05,
                    "E[P_z(8)]": 4.36038e-05,
                    "E[P_z(9)]": 2.47821e-05,
                    "E[P_z(10)]": 3.08296e-05,
                    "E[P_z(11)]": 2.18049e-05,
                    "E[P_z(12)]": 2.25622e-05,
                    "E[P_z(13)]": 1.65977e-05,