{
    "output_file": "/scratch/38995977/tmpfc4iny3s",
    "model": "C",
    "likelihood": -238.3403,
    "criteria": 9e-05,
    "params_mle": {
        "eps": 0,
        "eps_cont": 0,
        "lambda": 0,
        "theta_bar": 0.00316849,
        "a": -1,
        "S_d": -121.9402,
        "b": 0.3107132,
        "p_b": 0,
        "S_b": 1,
        "r": [
            0.9538582,
            0.9144919,
            0.9598017,
            0.9429399,
            0.9021995,
            0.8986077,
            0.8647687,
            0.9269763,
            0.9266505,
            0.8303828,
            0.9717048,
            0.9225507,
            0.8941633,
            0.8435487,
            0.9370046,
            1.139961,
            1.407903,
            1.699806
        ]
    },
    "n": 20,
    "expec": [
        {
            "E[P_z(1)]": 0.00316849,
            "E[P_z(2)]": 0.001511145,
            "E[P_z(3)]": 0.0009658527,
            "E[P_z(4)]": 0.0007602805,
            "E[P_z(5)]": 0.0005975391,
            "E[P_z(6)]": 0.000476435,
            "E[P_z(7)]": 0.0004067471,
            "E[P_z(8)]": 0.0003425013,
            "E[P_z(9)]": 0.0003263461,
            "E[P_z(10)]": 0.0002936083,
            "E[P_z(11)]": 0.0002391872,
            "E[P_z(12)]": 0.0002565697,
            "E[P_z(13)]": 0.0002248533,
            "E[P_z(14)]": 0.0002023677,
            "E[P_z(15)]": 0.000178185,
            "E[P_z(16)]": 0.0001855556,
            "E[P_z(17)]": 0.0002124679,
            "E[P_z(18)]": 0.0002478292,
            "E[P_z(19)]": 0.0002834642,
            "E[D_z]": null,
            "E[mis_z]": null
        },
        {
            "E[P_z(1)]": 0.001534835,
            "E[P_z(2)]": 0.0005566187,
            "E[P_z(3)]": 0.0003083822,
            "E[P_z(4)]": 0.00022124,
            "E[P_z(5)]": 0.0001624871,
            "E[P_z(6)]": 0.0001228553,
            "E[P_z(7)]": 0.0001004178,
            "E[P_z(8)]": 8.14996e-05,
            "E[P_z(9)]": 7.52182e-05,
            "E[P_z(10)]": 6.57968e-05,
            "E[P_z(11)]": 5.2271e-05,
            "E[P_z(12)]": 5.48102e-05,
            "E[P_z(13)]": 4.70489e-05,
            "E[P_z(14)]": 4.15439e-05,
            "E[P_z(15)]": 3.5939e-05,
            "E[P_z(16)]": 3.6815e-05,
            "E[P_z(17)]": 4.15105e-05,
            "E[P_z(18)]": 4.77235e-05,
            "E[P_z(19)]": 5.38453e-05,
            "E[D_z]": null,
            "E[mis_z]": null
        }
    ],
    "alpha": 0.0,
    "execution_time": 65.5456223487854
}