{
    "output_file": "/scratch/40841695/tmpm9_jogg4",
    "model": "C",
    "likelihood": -193.0909,
    "criteria": 0.00032,
    "params_mle": {
        "eps": 4.52248e-06,
        "eps_cont": 0,
        "lambda": 0,
        "theta_bar": 0.0009437505,
        "a": -1,
        "S_d": -33.97926,
        "b": 0.1627369,
        "p_b": 0.007399799,
        "S_b": 0.1009814,
        "r": [
            0.5601768,
            0.4723984,
            0.4918807,
            0.467148,
            0.5084805,
            0.4726724,
            0.5206265,
            0.5180768,
            0.5024028,
            0.5021769,
            0.6820435,
            0.5904969,
            0.5093347,
            0.5550279,
            0.4445331,
            0.4452803,
            0.5744691,
            0.4278404,
            0.4955619,
            0.4856164,
            0.6838839,
            0.5657609,
            0.6133583,
            0.5303112,
            0.6914328,
            0.6840296,
            1.023142,
            2.137654
        ]
    },
    "n": 30,
    "expec": [
        {
            "E[P_z(1)]": 0.0009437466,
            "E[P_z(2)]": 0.0002643325,
            "E[P_z(3)]": 0.0001486082,
            "E[P_z(4)]": 0.0001160528,
            "E[P_z(5)]": 8.81739e-05,
            "E[P_z(6)]": 7.99795e-05,
            "E[P_z(7)]": 6.37262e-05,
            "E[P_z(8)]": 6.14175e-05,
            "E[P_z(9)]": 5.4326e-05,
            "E[P_z(10)]": 4.74142e-05,
            "E[P_z(11)]": 4.30844e-05,
            "E[P_z(12)]": 5.36398e-05,
            "E[P_z(13)]": 4.28677e-05,
            "E[P_z(14)]": 3.43346e-05,
            "E[P_z(15)]": 3.49205e-05,
            "E[P_z(16)]": 2.62206e-05,
            "E[P_z(17)]": 2.47197e-05,
            "E[P_z(18)]": 3.01199e-05,
            "E[P_z(19)]": 2.12514e-05,
            "E[P_z(20)]": 2.33844e-05,
            "E[P_z(21)]": 2.1824e-05,
            "E[P_z(22)]": 2.93372e-05,
            "E[P_z(23)]": 2.32148e-05,
            "E[P_z(24)]": 2.41193e-05,
            "E[P_z(25)]": 2.00196e-05,
            "E[P_z(26)]": 2.50981e-05,
            "E[P_z(27)]": 2.39099e-05,
            "E[P_z(28)]": 3.44864e-05,
            "E[P_z(29)]": 6.95699e-05,
            "E[D_z]": null,
            "E[mis_z]": null
        },
        {
            "E[P_z(1)]": 0.0007287129,
            "E[P_z(2)]": 0.0001818228,
            "E[P_z(3)]": 9.56083e-05,
            "E[P_z(4)]": 7.13444e-05,
            "E[P_z(5)]": 5.23931e-05,
            "E[P_z(6)]": 4.62578e-05,
            "E[P_z(7)]": 3.60439e-05,
            "E[P_z(8)]": 3.40849e-05,
            "E[P_z(9)]": 2.9656e-05,
            "E[P_z(10)]": 2.55084e-05,
            "E[P_z(11)]": 2.28785e-05,
            "E[P_z(12)]": 2.81491e-05,
            "E[P_z(13)]": 2.22548e-05,
            "E[P_z(14)]": 1.76488e-05,
            "E[P_z(15)]": 1.77857e-05,
            "E[P_z(16)]": 1.32408e-05,
            "E[P_z(17)]": 1.23834e-05,
            "E[P_z(18)]": 1.49756e-05,
            "E[P_z(19)]": 1.04915e-05,
            "E[P_z(20)]": 1.14673e-05,
            "E[P_z(21)]": 1.06341e-05,
            "E[P_z(22)]": 1.42087e-05,
            "E[P_z(23)]": 1.11787e-05,
            "E[P_z(24)]": 1.15502e-05,
            "E[P_z(25)]": 9.5363e-06,
            "E[P_z(26)]": 1.18948e-05,
            "E[P_z(27)]": 1.12765e-05,
            "E[P_z(28)]": 1.61884e-05,
            "E[P_z(29)]": 3.25099e-05,
            "E[D_z]": null,
            "E[mis_z]": null
        }
    ],
    "alpha": 0.017890625166436035,
    "execution_time": 1913.875632762909
}