{
    "py/object": "fastdfe.polydfe.PolyDFE",
    "logger": {
        "py/reduce": [
            {
                "py/function": "logging.getLogger"
            },
            {
                "py/tuple": [
                    "fastdfe.PolyDFE"
                ]
            }
        ]
    },
    "bootstraps": null,
    "config": {
        "py/object": "fastdfe.config.Config",
        "data": {
            "model": "GammaExpParametrization",
            "intervals_del": {
                "py/tuple": [
                    -100000000.0,
                    -1e-05,
                    1000
                ]
            },
            "intervals_ben": {
                "py/tuple": [
                    1e-05,
                    10000.0,
                    1000
                ]
            },
            "integration_mode": "midpoint",
            "linearized": true,
            "seed": 0,
            "opts_mle": {},
            "n_runs": 10,
            "x0": {
                "all": {
                    "S_b": 0.05328228,
                    "S_d": -33.44406,
                    "a": -1,
                    "b": 0.1398527,
                    "eps": 4.50451e-06,
                    "eps_cont": 0,
                    "lambda": 0,
                    "p_b": 0.005009714,
                    "r": [
                        0.5834314,
                        0.499803,
                        0.5581096,
                        0.5076067,
                        0.557493,
                        0.6522272,
                        0.6050956,
                        0.5227928,
                        0.5765882,
                        0.4982845,
                        0.5150672,
                        0.5206269,
                        0.482151,
                        0.5460091,
                        0.5199818,
                        0.523935,
                        0.5814646,
                        0.6159988,
                        0.7697745,
                        0.7047025,
                        0.6593795,
                        0.914738,
                        1.558127
                    ],
                    "theta_bar": 0.0008647194
                }
            },
            "bounds": {},
            "scales": {},
            "fixed_params": {},
            "shared_params": [],
            "covariates": [],
            "sfs_neut": {
                "py/object": "fastdfe.spectrum.Spectra",
                "data": {
                    "all": [
                        1039411.17546773,
                        939.0,
                        249.0,
                        138.0,
                        124.0,
                        86.0,
                        94.0,
                        58.0,
                        65.0,
                        49.0,
                        51.0,
                        44.0,
                        43.0,
                        30.0,
                        37.0,
                        34.0,
                        28.0,
                        29.0,
                        22.0,
                        29.0,
                        36.0,
                        26.0,
                        26.0,
                        38.0,
                        40.0,
                        0.0
                    ]
                }
            },
            "sfs_sel": {
                "py/object": "fastdfe.spectrum.Spectra",
                "data": {
                    "all": [
                        2843579.82453227,
                        1932.0,
                        510.0,
                        288.0,
                        217.0,
                        128.0,
                        130.0,
                        140.0,
                        83.0,
                        91.0,
                        56.0,
                        47.0,
                        57.0,
                        43.0,
                        39.0,
                        46.0,
                        47.0,
                        46.0,
                        33.0,
                        38.0,
                        45.0,
                        47.0,
                        32.0,
                        64.0,
                        94.0,
                        0.0
                    ]
                }
            },
            "do_bootstrap": false,
            "n_bootstraps": 10,
            "parallelize": false,
            "loss_type": "likelihood"
        }
    },
    "output_file": null,
    "execution_time": 731.0125968456268,
    "summary": {
        "py/object": "fastdfe.polydfe.PolyDFEResult",
        "output_file": "results/polydfe/hgdp/inference/1/opts.n.25.config.default/bootstraps/52/all.polydfe.txt",
        "postprocessing_source": "../resources/polydfe/postprocessing/script.R",
        "data": {
            "output_file": "/scratch/40841543/tmpy5r8ihl7",
            "model": "C",
            "likelihood": -162.7583,
            "criteria": 0.00019,
            "params_mle": {
                "eps": 4.5082e-06,
                "eps_cont": 0,
                "lambda": 0,
                "theta_bar": 0.0008900187,
                "a": -1,
                "S_d": -45.13163,
                "b": 0.1221005,
                "p_b": 0.005029153,
                "S_b": 0.05340701,
                "r": [
                    0.5643523,
                    0.4916894,
                    0.536657,
                    0.4279501,
                    0.5444662,
                    0.5674215,
                    0.4890429,
                    0.5244413,
                    0.4483713,
                    0.4219925,
                    0.5086431,
                    0.4042422,
                    0.4552939,
                    0.51565,
                    0.517663,
                    0.5520245,
                    0.4300996,
                    0.5548195,
                    0.7082173,
                    0.6721088,
                    0.5609461,
                    1.034083,
                    1.420994
                ]
            },
            "n": 25,
            "expec": [
                {
                    "E[P_z(1)]": 0.0008900149,
                    "E[P_z(2)]": 0.0002511411,
                    "E[P_z(3)]": 0.0001458704,
                    "E[P_z(4)]": 0.0001194083,
                    "E[P_z(5)]": 7.61765e-05,
                    "E[P_z(6)]": 8.07639e-05,
                    "E[P_z(7)]": 7.21449e-05,
                    "E[P_z(8)]": 5.4407e-05,
                    "E[P_z(9)]": 5.18624e-05,
                    "E[P_z(10)]": 3.99058e-05,
                    "E[P_z(11)]": 3.41437e-05,
                    "E[P_z(12)]": 3.77251e-05,
                    "E[P_z(13)]": 2.76757e-05,
                    "E[P_z(14)]": 2.89443e-05,
                    "E[P_z(15)]": 3.05959e-05,
                    "E[P_z(16)]": 2.87957e-05,
                    "E[P_z(17)]": 2.89008e-05,
                    "E[P_z(18)]": 2.12667e-05,
                    "E[P_z(19)]": 2.59897e-05,
                    "E[P_z(20)]": 3.15165e-05,
                    "E[P_z(21)]": 2.84856e-05,
                    "E[P_z(22)]": 2.26939e-05,
                    "E[P_z(23)]": 4.00163e-05,
                    "E[P_z(24)]": 5.27001e-05,
                    "E[D_z]": null,
                    "E[mis_z]": null
                },
                {
                    "E[P_z(1)]": 0.0006825785,
                    "E[P_z(2)]": 0.0001746566,
                    "E[P_z(3)]": 9.62277e-05,
                    "E[P_z(4)]": 7.60602e-05,
                    "E[P_z(5)]": 4.72809e-05,
                    "E[P_z(6)]": 4.9112e-05,
                    "E[P_z(7)]": 4.31362e-05,
                    "E[P_z(8)]": 3.20671e-05,
                    "E[P_z(9)]": 3.01886e-05,
                    "E[P_z(10)]": 2.29743e-05,
                    "E[P_z(11)]": 1.9464e-05,
                    "E[P_z(12)]": 2.13143e-05,
                    "E[P_z(13)]": 1.55092e-05,