{
    "py/object": "fastdfe.polydfe.PolyDFE",
    "logger": {
        "py/reduce": [
            {
                "py/function": "logging.getLogger"
            },
            {
                "py/tuple": [
                    "fastdfe.PolyDFE"
                ]
            }
        ]
    },
    "bootstraps": null,
    "config": {
        "py/object": "fastdfe.config.Config",
        "data": {
            "model": "GammaExpParametrization",
            "intervals_del": {
                "py/tuple": [
                    -100000000.0,
                    -1e-05,
                    1000
                ]
            },
            "intervals_ben": {
                "py/tuple": [
                    1e-05,
                    10000.0,
                    1000
                ]
            },
            "integration_mode": "midpoint",
            "linearized": true,
            "seed": 0,
            "opts_mle": {},
            "n_runs": 10,
            "x0": {
                "all": {
                    "S_b": 0.03800569,
                    "S_d": -68.01433,
                    "a": -1,
                    "b": 0.1127644,
                    "eps": 4.49744e-06,
                    "eps_cont": 0,
                    "lambda": 0,
                    "p_b": 0.003905648,
                    "r": [
                        0.5669393,
                        0.5649833,
                        0.5475162,
                        0.4995644,
                        0.5648594,
                        0.6039999,
                        0.4662727,
                        0.5802472,
                        0.5323765,
                        0.5838853,
                        0.5587549,
                        0.5490204,
                        0.5681745,
                        0.5012596,
                        0.6027202,
                        0.6738647,
                        0.7739941,
                        1.427315
                    ],
                    "theta_bar": 0.0008503307
                }
            },
            "bounds": {},
            "scales": {},
            "fixed_params": {},
            "shared_params": [],
            "covariates": [],
            "sfs_neut": {
                "py/object": "fastdfe.spectrum.Spectra",
                "data": {
                    "all": [
                        1040479.81958835,
                        873.0,
                        247.0,
                        162.0,
                        108.0,
                        82.0,
                        65.0,
                        100.0,
                        40.0,
                        61.0,
                        49.0,
                        45.0,
                        52.0,
                        32.0,
                        25.0,
                        23.0,
                        35.0,
                        52.0,
                        17.0,
                        72.0,
                        0.0
                    ]
                }
            },
            "sfs_sel": {
                "py/object": "fastdfe.spectrum.Spectra",
                "data": {
                    "all": [
                        2843089.18041165,
                        1703.0,
                        441.0,
                        297.0,
                        238.0,
                        141.0,
                        133.0,
                        111.0,
                        76.0,
                        95.0,
                        68.0,
                        62.0,
                        53.0,
                        53.0,
                        66.0,
                        55.0,
                        39.0,
                        50.0,
                        62.0,
                        107.0,
                        0.0
                    ]
                }
            },
            "do_bootstrap": false,
            "n_bootstraps": 10,
            "parallelize": false,
            "loss_type": "likelihood"
        }
    },
    "output_file": null,
    "execution_time": 438.96471428871155,
    "summary": {
        "py/object": "fastdfe.polydfe.PolyDFEResult",
        "output_file": "results/polydfe/hgdp/inference/1/opts.n.20.config.default/bootstraps/89/all.polydfe.txt",
        "postprocessing_source": "../resources/polydfe/postprocessing/script.R",
        "data": {
            "output_file": "/scratch/40841192/tmp7ah5aoip",
            "model": "C",
            "likelihood": -143.8169,
            "criteria": 0.00085,
            "params_mle": {
                "eps": 4.4982e-06,
                "eps_cont": 0,
                "lambda": 0,
                "theta_bar": 0.0008331974,
                "a": -1,
                "S_d": -208.3618,
                "b": 0.0792498,
                "p_b": 0.003909035,
                "S_b": 0.03803098,
                "r": [
                    0.5603557,
                    0.5736841,
                    0.5852262,
                    0.4765177,
                    0.5119922,
                    0.6408777,
                    0.4049846,
                    0.6159502,
                    0.5154677,
                    0.520587,
                    0.559363,
                    0.492163,
                    0.5691384,
                    0.5241102,
                    0.5317976,
                    0.7806801,
                    0.6416743,
                    1.538124
                ]
            },
            "n": 20,
            "expec": [
                {
                    "E[P_z(1)]": 0.000833194,
                    "E[P_z(2)]": 0.0002334425,
                    "E[P_z(3)]": 0.0001593302,
                    "E[P_z(4)]": 0.0001219018,
                    "E[P_z(5)]": 7.94064e-05,
                    "E[P_z(6)]": 7.10983e-05,
                    "E[P_z(7)]": 7.62823e-05,
                    "E[P_z(8)]": 4.2179e-05,
                    "E[P_z(9)]": 5.7023e-05,
                    "E[P_z(10)]": 4.29486e-05,
                    "E[P_z(11)]": 3.94321e-05,
                    "E[P_z(12)]": 3.88383e-05,
                    "E[P_z(13)]": 3.1544e-05,
                    "E[P_z(14)]": 3.38719e-05,
                    "E[P_z(15)]": 2.91127e-05,
                    "E[P_z(16)]": 2.76937e-05,
                    "E[P_z(17)]": 3.82629e-05,
                    "E[P_z(18)]": 2.97032e-05,
                    "E[P_z(19)]": 6.7454e-05,
                    "E[D_z]": null,
                    "E[mis_z]": null
                },
                {
                    "E[P_z(1)]": 0.0005997111,
                    "E[P_z(2)]": 0.0001561693,
                    "E[P_z(3)]": 0.000102855,
                    "E[P_z(4)]": 7.68987e-05,
                    "E[P_z(5)]": 4.92506e-05,
                    "E[P_z(6)]": 4.35135e-05,
                    "E[P_z(7)]": 4.61764e-05,
                    "E[P_z(8)]": 2.52954e-05,
                    "E[P_z(9)]": 3.39214e-05,
                    "E[P_z(10)]": 2.5366e-05,
                    "E[P_z(11)]": 2.31398e-05,
                    "E[P_z(12)]": 2.2659e-05,
                    "E[P_z(13)]": 1.83054e-05,
                    "E[P_z(14)]": 1.956e-05,
                    "E[P_z(15)]": 1.67352e-05,
                    "E[P_z(16)]": 1.5852e-05,
                    "E[P_z(17)]": 2.18147e-05,
                    "E[P_z(18)]": 1.68713e-05,
                    "E[P_z(19)]": 3.81783e-05,
                    "E[D_z]": null,
                    "E[mis_z]": null
                }
            ],
            "alpha": 0.008425249632544232,
            "execution_time": 438.96471428871155
        }
    }
}