{
    "py/object": "fastdfe.polydfe.PolyDFE",
    "logger": {
        "py/reduce": [
            {
                "py/function": "logging.getLogger"
            },
            {
                "py/tuple": [
                    "fastdfe.PolyDFE"
                ]
            }
        ]
    },
    "bootstraps": null,
    "config": {
        "py/object": "fastdfe.config.Config",
        "data": {
            "model": "GammaExpParametrization",
            "intervals_del": {
                "py/tuple": [
                    -100000000.0,
                    -1e-05,
                    1000
                ]
            },
            "intervals_ben": {
                "py/tuple": [
                    1e-05,
                    10000.0,
                    1000
                ]
            },
            "integration_mode": "midpoint",
            "linearized": true,
            "seed": 0,
            "opts_mle": {},
            "n_runs": 10,
            "x0": {
                "all": {
                    "S_b": 0.09636954,
                    "S_d": -44.34681,
                    "a": -1,
                    "b": 0.1221405,
                    "eps": 4.50123e-06,
                    "eps_cont": 0,
                    "lambda": 0,
                    "p_b": 0.01060767,
                    "r": [
                        0.6268517,
                        0.6514728,
                        0.6820074,
                        0.5848618,
                        0.7565646,
                        0.6523473,
                        0.6349214,
                        0.7005902,
                        0.6139579,
                        0.6324166,
                        0.6421517,
                        0.7478784,
                        1.22486
                    ],
                    "theta_bar": 0.0008663822
                }
            },
            "bounds": {},
            "scales": {},
            "fixed_params": {},
            "shared_params": [],
            "covariates": [],
            "sfs_neut": {
                "py/object": "fastdfe.spectrum.Spectra",
                "data": {
                    "all": [
                        870438.438336528,
                        771.0,
                        201.0,
                        184.0,
                        124.0,
                        88.0,
                        81.0,
                        86.0,
                        61.0,
                        55.0,
                        46.0,
                        40.0,
                        45.0,
                        67.0,
                        58.0,
                        0.0
                    ]
                }
            },
            "sfs_sel": {
                "py/object": "fastdfe.spectrum.Spectra",
                "data": {
                    "all": [
                        2365816.56166347,
                        1527.0,
                        455.0,
                        249.0,
                        201.0,
                        148.0,
                        164.0,
                        105.0,
                        100.0,
                        76.0,
                        60.0,
                        63.0,
                        79.0,
                        53.0,
                        102.0,
                        0.0
                    ]
                }
            },
            "do_bootstrap": false,
            "n_bootstraps": 10,
            "parallelize": false,
            "loss_type": "likelihood"
        }
    },
    "output_file": null,
    "execution_time": 144.00339818000793,
    "summary": {
        "py/object": "fastdfe.polydfe.PolyDFEResult",
        "output_file": "results/polydfe/hgdp/inference/1/opts.n.15.config.default/bootstraps/49/all.polydfe.txt",
        "postprocessing_source": "../resources/polydfe/postprocessing/script.R",
        "data": {
            "output_file": "/scratch/40840723/tmpobmmsy_1",
            "model": "C",
            "likelihood": -108.6187,
            "criteria": 9e-05,
            "params_mle": {
                "eps": 4.50219e-06,
                "eps_cont": 0,
                "lambda": 0,
                "theta_bar": 0.0008673574,
                "a": -1,
                "S_d": -25.83802,
                "b": 0.1509565,
                "p_b": 0.01050476,
                "S_b": 0.09586963,
                "r": [
                    0.6150899,
                    0.6335734,
                    0.6506458,
                    0.6018436,
                    0.7609313,
                    0.700517,
                    0.6817888,
                    0.6296408,
                    0.5705188,
                    0.6140685,
                    0.8115604,
                    0.855715,
                    1.235165
                ]
            },
            "n": 15,
            "expec": [
                {
                    "E[P_z(1)]": 0.0008673538,
                    "E[P_z(2)]": 0.0002667505,
                    "E[P_z(3)]": 0.0001831776,
                    "E[P_z(4)]": 0.0001410852,
                    "E[P_z(5)]": 0.0001044024,
                    "E[P_z(6)]": 0.0001099997,
                    "E[P_z(7)]": 8.67997e-05,
                    "E[P_z(8)]": 7.39194e-05,
                    "E[P_z(9)]": 6.06806e-05,
                    "E[P_z(10)]": 4.94846e-05,
                    "E[P_z(11)]": 4.84201e-05,
                    "E[P_z(12)]": 5.866e-05,
                    "E[P_z(13)]": 5.70941e-05,
                    "E[P_z(14)]": 7.65271e-05,
                    "E[D_z]": null,
                    "E[mis_z]": null
                },
                {
                    "E[P_z(1)]": 0.0006505881,
                    "E[P_z(2)]": 0.0001786688,
                    "E[P_z(3)]": 0.0001153162,
                    "E[P_z(4)]": 8.52289e-05,
                    "E[P_z(5)]": 6.117e-05,
                    "E[P_z(6)]": 6.29088e-05,
                    "E[P_z(7)]": 4.86585e-05,
                    "E[P_z(8)]": 4.07383e-05,
                    "E[P_z(9)]": 3.29503e-05,
                    "E[P_z(10)]": 2.65205e-05,
                    "E[P_z(11)]": 2.56462e-05,
                    "E[P_z(12)]": 3.07396e-05,
                    "E[P_z(13)]": 2.96278e-05,
                    "E[P_z(14)]": 3.93562e-05,
                    "E[D_z]": null,
                    "E[mis_z]": null
                }
            ],
            "alpha": 0.02283763805573371,
            "execution_time": 144.00339818000793
        }
    }
}