{
    "output_file": "/scratch/40840723/tmpobmmsy_1",
    "model": "C",
    "likelihood": -108.6187,
    "criteria": 9e-05,
    "params_mle": {
        "eps": 4.50219e-06,
        "eps_cont": 0,
        "lambda": 0,
        "theta_bar": 0.0008673574,
        "a": -1,
        "S_d": -25.83802,
        "b": 0.1509565,
        "p_b": 0.01050476,
        "S_b": 0.09586963,
        "r": [
            0.6150899,
            0.6335734,
            0.6506458,
            0.6018436,
            0.7609313,
            0.700517,
            0.6817888,
            0.6296408,
            0.5705188,
            0.6140685,
            0.8115604,
            0.855715,
            1.235165
        ]
    },
    "n": 15,
    "expec": [
        {
            "E[P_z(1)]": 0.0008673538,
            "E[P_z(2)]": 0.0002667505,
            "E[P_z(3)]": 0.0001831776,
            "E[P_z(4)]": 0.0001410852,
            "E[P_z(5)]": 0.0001044024,
            "E[P_z(6)]": 0.0001099997,
            "E[P_z(7)]": 8.67997e-05,
            "E[P_z(8)]": 7.39194e-05,
            "E[P_z(9)]": 6.06806e-05,
            "E[P_z(10)]": 4.94846e-05,
            "E[P_z(11)]": 4.84201e-05,
            "E[P_z(12)]": 5.866e-05,
            "E[P_z(13)]": 5.70941e-05,
            "E[P_z(14)]": 7.65271e-05,
            "E[D_z]": null,
            "E[mis_z]": null
        },
        {
            "E[P_z(1)]": 0.0006505881,
            "E[P_z(2)]": 0.0001786688,
            "E[P_z(3)]": 0.0001153162,
            "E[P_z(4)]": 8.52289e-05,
            "E[P_z(5)]": 6.117e-05,
            "E[P_z(6)]": 6.29088e-05,
            "E[P_z(7)]": 4.86585e-05,
            "E[P_z(8)]": 4.07383e-05,
            "E[P_z(9)]": 3.29503e-05,
            "E[P_z(10)]": 2.65205e-05,
            "E[P_z(11)]": 2.56462e-05,
            "E[P_z(12)]": 3.07396e-05,
            "E[P_z(13)]": 2.96278e-05,
            "E[P_z(14)]": 3.93562e-05,
            "E[D_z]": null,
            "E[mis_z]": null
        }
    ],
    "alpha": 0.02283763805573371,
    "execution_time": 144.00339818000793
}