{
    "output_file": "/scratch/40840282/tmp4perf_vf",
    "model": "C",
    "likelihood": -65.47217,
    "criteria": 5e-05,
    "params_mle": {
        "eps": 4.49994e-06,
        "eps_cont": 0,
        "lambda": 0,
        "theta_bar": 0.0007567012,
        "a": -1,
        "S_d": -17.59531,
        "b": 0.2259113,
        "p_b": 0.0009288029,
        "S_b": 0.007920354,
        "r": [
            0.7980009,
            0.8784025,
            0.9196243,
            0.7671522,
            0.7381221,
            0.7912631,
            0.9441579,
            1.112148
        ]
    },
    "n": 10,
    "expec": [
        {
            "E[P_z(1)]": 0.0007566983,
            "E[P_z(2)]": 0.0003019232,
            "E[P_z(3)]": 0.0002215621,
            "E[P_z(4)]": 0.0001739699,
            "E[P_z(5)]": 0.000116101,
            "E[P_z(6)]": 9.309e-05,
            "E[P_z(7)]": 8.55363e-05,
            "E[P_z(8)]": 8.93066e-05,
            "E[P_z(9)]": 9.351e-05,
            "E[D_z]": null,
            "E[mis_z]": null
        },
        {
            "E[P_z(1)]": 0.000529312,
            "E[P_z(2)]": 0.0001803087,
            "E[P_z(3)]": 0.0001209603,
            "E[P_z(4)]": 8.94096e-05,
            "E[P_z(5)]": 5.7039e-05,
            "E[P_z(6)]": 4.41243e-05,
            "E[P_z(7)]": 3.93565e-05,
            "E[P_z(8)]": 4.00604e-05,
            "E[P_z(9)]": 4.10255e-05,
            "E[D_z]": null,
            "E[mis_z]": null
        }
    ],
    "alpha": 0.0033848701803010374,
    "execution_time": 35.841862201690674
}