{
    "py/object": "fastdfe.polydfe.PolyDFE",
    "logger": {
        "py/reduce": [
            {
                "py/function": "logging.getLogger"
            },
            {
                "py/tuple": [
                    "fastdfe.PolyDFE"
                ]
            }
        ]
    },
    "bootstraps": null,
    "config": {
        "py/object": "fastdfe.config.Config",
        "data": {
            "model": "GammaExpParametrization",
            "intervals_del": {
                "py/tuple": [
                    -100000000.0,
                    -1e-05,
                    1000
                ]
            },
            "intervals_ben": {
                "py/tuple": [
                    1e-05,
                    10000.0,
                    1000
                ]
            },
            "integration_mode": "midpoint",
            "linearized": true,
            "seed": 0,
            "opts_mle": {},
            "n_runs": 10,
            "x0": {
                "all": {
                    "S_b": 0.03800569,
                    "S_d": -68.01433,
                    "a": -1,
                    "b": 0.1127644,
                    "eps": 4.49744e-06,
                    "eps_cont": 0,
                    "lambda": 0,
                    "p_b": 0.003905648,
                    "r": [
                        0.5669393,
                        0.5649833,
                        0.5475162,
                        0.4995644,
                        0.5648594,
                        0.6039999,
                        0.4662727,
                        0.5802472,
                        0.5323765,
                        0.5838853,
                        0.5587549,
                        0.5490204,
                        0.5681745,
                        0.5012596,
                        0.6027202,
                        0.6738647,
                        0.7739941,
                        1.427315
                    ],
                    "theta_bar": 0.0008503307
                }
            },
            "bounds": {},
            "scales": {},
            "fixed_params": {},
            "shared_params": [],
            "covariates": [],
            "sfs_neut": {
                "py/object": "fastdfe.spectrum.Spectra",
                "data": {
                    "all": [
                        1040433.81958835,
                        884.0,
                        251.0,
                        181.0,
                        98.0,
                        77.0,
                        86.0,
                        86.0,
                        53.0,
                        50.0,
                        47.0,
                        58.0,
                        35.0,
                        45.0,
                        29.0,
                        20.0,
                        36.0,
                        49.0,
                        33.0,
                        68.0,
                        0.0
                    ]
                }
            },
            "sfs_sel": {
                "py/object": "fastdfe.spectrum.Spectra",
                "data": {
                    "all": [
                        2843052.18041165,
                        1789.0,
                        453.0,
                        283.0,
                        205.0,
                        147.0,
                        153.0,
                        119.0,
                        85.0,
                        88.0,
                        60.0,
                        61.0,
                        55.0,
                        45.0,
                        59.0,
                        56.0,
                        45.0,
                        28.0,
                        53.0,
                        103.0,
                        0.0
                    ]
                }
            },
            "do_bootstrap": false,
            "n_bootstraps": 10,
            "parallelize": false,
            "loss_type": "likelihood"
        }
    },
    "output_file": null,
    "execution_time": 342.5130443572998,
    "summary": {
        "py/object": "fastdfe.polydfe.PolyDFEResult",
        "output_file": "results/polydfe/hgdp/inference/1/opts.n.20.config.default/bootstraps/33/all.polydfe.txt",
        "postprocessing_source": "../resources/polydfe/postprocessing/script.R",
        "data": {
            "output_file": "/scratch/40841271/tmp20r0iy4_",
            "model": "C",
            "likelihood": -139.8746,
            "criteria": 0.0001,
            "params_mle": {
                "eps": 4.49766e-06,
                "eps_cont": 0,
                "lambda": 0,
                "theta_bar": 0.0008440948,
                "a": -1,
                "S_d": -41.42417,
                "b": 0.1333543,
                "p_b": 0.003889993,
                "S_b": 0.03795564,
                "r": [
                    0.5652362,
                    0.5797227,
                    0.5169449,
                    0.4861088,
                    0.630931,
                    0.6384567,
                    0.4958423,
                    0.5623848,
                    0.4879923,
                    0.6008237,
                    0.4985844,
                    0.5429875,
                    0.5745339,
                    0.5340249,
                    0.6096129,
                    0.6181047,
                    0.7336389,
                    1.545021
                ]
            },
            "n": 20,
            "expec": [
                {
                    "E[P_z(1)]": 0.0008440913,
                    "E[P_z(2)]": 0.0002385556,
                    "E[P_z(3)]": 0.000163113,
                    "E[P_z(4)]": 0.0001090873,
                    "E[P_z(5)]": 8.20642e-05,
                    "E[P_z(6)]": 8.87607e-05,
                    "E[P_z(7)]": 7.69881e-05,
                    "E[P_z(8)]": 5.23172e-05,
                    "E[P_z(9)]": 5.27451e-05,
                    "E[P_z(10)]": 4.11912e-05,
                    "E[P_z(11)]": 4.61048e-05,
                    "E[P_z(12)]": 3.50711e-05,
                    "E[P_z(13)]": 3.52566e-05,
                    "E[P_z(14)]": 3.46403e-05,
                    "E[P_z(15)]": 3.00514e-05,
                    "E[P_z(16)]": 3.2161e-05,
                    "E[P_z(17)]": 3.06911e-05,
                    "E[P_z(18)]": 3.44043e-05,
                    "E[P_z(19)]": 6.86427e-05,
                    "E[D_z]": null,
                    "E[mis_z]": null
                },
                {
                    "E[P_z(1)]": 0.0006297694,
                    "E[P_z(2)]": 0.0001599171,
                    "E[P_z(3)]": 0.0001032463,
                    "E[P_z(4)]": 6.6479e-05,
                    "E[P_z(5)]": 4.86276e-05,
                    "E[P_z(6)]": 5.14434e-05,
                    "E[P_z(7)]": 4.38124e-05,
                    "E[P_z(8)]": 2.93137e-05,
                    "E[P_z(9)]": 2.9157e-05,
                    "E[P_z(10)]": 2.24994e-05,
                    "E[P_z(11)]": 2.4915e-05,
                    "E[P_z(12)]": 1.87692e-05,
                    "E[P_z(13)]": 1.87016e-05,
                    "E[P_z(14)]": 1.82249e-05,
                    "E[P_z(15)]": 1.5691e-05,
                    "E[P_z(16)]": 1.6674e-05,
                    "E[P_z(17)]": 1.58067e-05,
                    "E[P_z(18)]": 1.76088e-05,
                    "E[P_z(19)]": 3.49264e-05,
                    "E[D_z]": null,
                    "E[mis_z]": null
                }
            ],
            "alpha": 0.008926440813761422,
            "execution_time": 342.5130443572998
        }
    }
}