{
    "output_file": "/scratch/40841271/tmp20r0iy4_",
    "model": "C",
    "likelihood": -139.8746,
    "criteria": 0.0001,
    "params_mle": {
        "eps": 4.49766e-06,
        "eps_cont": 0,
        "lambda": 0,
        "theta_bar": 0.0008440948,
        "a": -1,
        "S_d": -41.42417,
        "b": 0.1333543,
        "p_b": 0.003889993,
        "S_b": 0.03795564,
        "r": [
            0.5652362,
            0.5797227,
            0.5169449,
            0.4861088,
            0.630931,
            0.6384567,
            0.4958423,
            0.5623848,
            0.4879923,
            0.6008237,
            0.4985844,
            0.5429875,
            0.5745339,
            0.5340249,
            0.6096129,
            0.6181047,
            0.7336389,
            1.545021
        ]
    },
    "n": 20,
    "expec": [
        {
            "E[P_z(1)]": 0.0008440913,
            "E[P_z(2)]": 0.0002385556,
            "E[P_z(3)]": 0.000163113,
            "E[P_z(4)]": 0.0001090873,
            "E[P_z(5)]": 8.20642e-05,
            "E[P_z(6)]": 8.87607e-05,
            "E[P_z(7)]": 7.69881e-05,
            "E[P_z(8)]": 5.23172e-05,
            "E[P_z(9)]": 5.27451e-05,
            "E[P_z(10)]": 4.11912e-05,
            "E[P_z(11)]": 4.61048e-05,
            "E[P_z(12)]": 3.50711e-05,
            "E[P_z(13)]": 3.52566e-05,
            "E[P_z(14)]": 3.46403e-05,
            "E[P_z(15)]": 3.00514e-05,
            "E[P_z(16)]": 3.2161e-05,
            "E[P_z(17)]": 3.06911e-05,
            "E[P_z(18)]": 3.44043e-05,
            "E[P_z(19)]": 6.86427e-05,
            "E[D_z]": null,
            "E[mis_z]": null
        },
        {
            "E[P_z(1)]": 0.0006297694,
            "E[P_z(2)]": 0.0001599171,
            "E[P_z(3)]": 0.0001032463,
            "E[P_z(4)]": 6.6479e-05,
            "E[P_z(5)]": 4.86276e-05,
            "E[P_z(6)]": 5.14434e-05,
            "E[P_z(7)]": 4.38124e-05,
            "E[P_z(8)]": 2.93137e-05,
            "E[P_z(9)]": 2.9157e-05,
            "E[P_z(10)]": 2.24994e-05,
            "E[P_z(11)]": 2.4915e-05,
            "E[P_z(12)]": 1.87692e-05,
            "E[P_z(13)]": 1.87016e-05,
            "E[P_z(14)]": 1.82249e-05,
            "E[P_z(15)]": 1.5691e-05,
            "E[P_z(16)]": 1.6674e-05,
            "E[P_z(17)]": 1.58067e-05,
            "E[P_z(18)]": 1.76088e-05,
            "E[P_z(19)]": 3.49264e-05,
            "E[D_z]": null,
            "E[mis_z]": null
        }
    ],
    "alpha": 0.008926440813761422,
    "execution_time": 342.5130443572998
}