{
    "output_file": "/scratch/40840201/tmpr48derm1",
    "model": "C",
    "likelihood": -31.10364,
    "criteria": 7e-05,
    "params_mle": {
        "eps": 4.49535e-06,
        "eps_cont": 0,
        "lambda": 0,
        "theta_bar": 0.0006044236,
        "a": -1,
        "S_d": -12.18684,
        "b": 0.2464102,
        "p_b": 0.01442768,
        "S_b": 0.1273767,
        "r": [
            0.9443448,
            0.9372988,
            0.9083969
        ]
    },
    "n": 5,
    "expec": [
        {
            "E[P_z(1)]": 0.0006044215,
            "E[P_z(2)]": 0.0002853917,
            "E[P_z(3)]": 0.0001888423,
            "E[P_z(4)]": 0.0001372662,
            "E[D_z]": null,
            "E[mis_z]": null
        },
        {
            "E[P_z(1)]": 0.0004040364,
            "E[P_z(2)]": 0.0001610298,
            "E[P_z(3)]": 9.70384e-05,
            "E[P_z(4)]": 6.62716e-05,
            "E[D_z]": null,
            "E[mis_z]": null
        }
    ],
    "alpha": 0.035716036528606436,
    "execution_time": 19.177647352218628
}