{
    "likelihood": -87.89135437657954,
    "L2_residual": 29.063297924595417,
    "params_mle": {
        "S_d": -966.7907121977144,
        "b": 0.30259498088889963,
        "p_b": 0.0,
        "S_b": 0.00021148276197610716,
        "eps": 0.0,
        "h": 0.4
    },
    "alpha": 0.0,
    "result": {
        "fun": 78.60558792455572,
        "jac": [
            0.0031263880563449733,
            0.00038653524631124795,
            23.786083147570025,
            0.0,
            NaN,
            NaN
        ],
        "nfev": 215,
        "njev": 43,
        "nit": 30,
        "status": 0,
        "message": "CONVERGENCE: REL_REDUCTION_OF_F_<=_FACTR*EPSMCH",
        "x": [
            -2.985332469558682,
            -0.5191382798499526,
            0.0,
            -3.674725026320881,
            0.0,
            0.4
        ],
        "success": true,
        "hess_inv": null
    },
    "execution_time": 211.24070858955383,
    "sfs_mle": [
        0.0,
        10192.719275852796,
        3659.2860971665227,
        2093.11214387868,
        1422.9549794116165,
        1058.805210603492,
        832.8737462067717,
        680.5688455042513,
        572.2516947200158,
        492.2248535903267,
        431.0454290328445,
        382.5422257568267,
        342.58962223227036,
        308.5742914660116,
        279.11606430581975,
        253.76888244789998,
        232.59045633735698,
        215.68688678831282,
        202.87749277417143,
        193.41382437867097,
        0.0
    ],
    "fixed_params": {
        "all.eps": 0,
        "all.h": 0.4
    },
    "bounds": {
        "S_d": [
            -100000.0,
            -0.01
        ],
        "b": [
            0.01,
            10
        ],
        "p_b": [
            0,
            0.5
        ],
        "S_b": [
            0.0001,
            100
        ],
        "eps": [
            0,
            0.15
        ],
        "h": [
            0,
            0.4
        ]
    },
    "config": {
        "model": "GammaExpParametrization",
        "intervals_del": [
            -100000000.0,
            -1e-05,
            1000
        ],
        "intervals_ben": [
            1e-05,
            10000.0,
            1000
        ],
        "intervals_h": [
            0.0,
            1.0,
            21
        ],
        "h_callback": null,
        "integration_mode": "midpoint",
        "linearized": true,
        "seed": 0,
        "opts_mle": {},
        "method_mle": "L-BFGS-B",
        "n_runs": 100,
        "x0": {
            "all": {
                "S_d": -1000,
                "b": 0.4,
                "p_b": 0.05,
                "S_b": 1,
                "eps": 0.0,
                "h": 0.5
            }
        },
        "bounds": {
            "S_d": [
                -100000.0,
                -0.01
            ],
            "b": [
                0.01,
                10
            ],
            "p_b": [
                0,
                0.5
            ],
            "S_b": [
                0.0001,
                100
            ],
            "eps": [
                0,
                0.15
            ],
            "h": [
                0,
                0.4
            ]
        },
        "scales": {
            "S_d": "log",
            "b": "log",
            "p_b": "lin",
            "S_b": "log",
            "eps": "lin",
            "h": "lin"
        },
        "fixed_params": {
            "all": {
                "eps": 0,
                "h": 0.4
            }
        },
        "shared_params": [],
        "covariates": [],
        "sfs_neut": {
            "all": [
                999644019.0,
                34255.925286404854,
                16878.412983704737,
                11204.376796822213,
                8375.784060096279,
                6680.1589812227785,
                5549.957609887588,
                4744.552389131159,
                4146.250152846509,
                3688.736371042915,
                3328.771260060728,
                3035.510913833504,
                2786.814223107695,
                2568.2988575559466,
                2373.1762766374795,
                2201.1822132655147,
                2055.7886411232503,
                1940.6289453104628,
                1856.5319945645183,
                1799.6241968976522,
                67935.50203710738
            ]
        },
        "sfs_sel": {
            "all": [
                999873416.0,
                10186.448106397133,
                3644.1881828381393,
                2095.110383282192,
                1434.019407968276,
                1071.2898214174647,
                842.9090960199592,
                687.3852292094437,
                576.399563050315,
                494.48065934807727,
                432.00506995796405,
                382.5378651660757,
                341.73633977908025,
                306.8710810785677,
                276.52345467340365,
                250.21496356652352,
                228.0504901494921,
                210.4711249688408,
                197.57716400830324,
                188.33002738264508,
                7104.874870700718
            ]
        },
        "do_bootstrap": true,
        "n_bootstraps": 100,
        "n_bootstrap_retries": 2,
        "parallelize": true,
        "loss_type": "likelihood"
    }
}