{
    "py/object": "fastdfe.polydfe.PolyDFE",
    "logger": {
        "py/reduce": [
            {
                "py/function": "logging.getLogger"
            },
            {
                "py/tuple": [
                    "fastdfe.PolyDFE"
                ]
            }
        ]
    },
    "bootstraps": null,
    "config": {
        "py/object": "fastdfe.config.Config",
        "data": {
            "model": "GammaExpParametrization",
            "intervals_del": {
                "py/tuple": [
                    -100000000.0,
                    -1e-05,
                    1000
                ]
            },
            "intervals_ben": {
                "py/tuple": [
                    1e-05,
                    10000.0,
                    1000
                ]
            },
            "integration_mode": "midpoint",
            "linearized": true,
            "seed": 0,
            "opts_mle": {},
            "n_runs": 10,
            "x0": {
                "all": {
                    "S_b": 0.1083917,
                    "S_d": -45.46375,
                    "a": -1,
                    "b": 0.1287808,
                    "eps": 4.50268e-06,
                    "eps_cont": 0,
                    "lambda": 0,
                    "p_b": 0.009184894,
                    "r": [
                        0.5642878,
                        0.496756,
                        0.4953868,
                        0.4840476,
                        0.4906511,
                        0.4906073,
                        0.5437098,
                        0.5553355,
                        0.5124802,
                        0.5092361,
                        0.6175192,
                        0.5977393,
                        0.4504409,
                        0.522028,
                        0.3860458,
                        0.4756257,
                        0.5506624,
                        0.3834732,
                        0.531485,
                        0.4975372,
                        0.5880576,
                        0.5381713,
                        0.7063446,
                        0.5665509,
                        0.6574706,
                        0.6611074,
                        0.9643355,
                        1.73894
                    ],
                    "theta_bar": 0.0009259123
                }
            },
            "bounds": {},
            "scales": {},
            "fixed_params": {},
            "shared_params": [],
            "covariates": [],
            "sfs_neut": {
                "py/object": "fastdfe.spectrum.Spectra",
                "data": {
                    "all": [
                        1037598.3337252,
                        940.0,
                        276.0,
                        142.0,
                        103.0,
                        91.0,
                        82.0,
                        60.0,
                        56.0,
                        51.0,
                        46.0,
                        57.0,
                        55.0,
                        32.0,
                        36.0,
                        32.0,
                        30.0,
                        29.0,
                        34.0,
                        14.0,
                        35.0,
                        15.0,
                        19.0,
                        24.0,
                        19.0,
                        26.0,
                        27.0,
                        20.0,
                        40.0,
                        60.0,
                        0.0
                    ]
                }
            },
            "sfs_sel": {
                "py/object": "fastdfe.spectrum.Spectra",
                "data": {
                    "all": [
                        2844828.6662748,
                        2051.0,
                        529.0,
                        310.0,
                        240.0,
                        163.0,
                        138.0,
                        98.0,
                        125.0,
                        97.0,
                        71.0,
                        57.0,
                        80.0,
                        67.0,
                        40.0,
                        47.0,
                        24.0,
                        26.0,
                        51.0,
                        23.0,
                        34.0,
                        39.0,
                        33.0,
                        40.0,
                        40.0,
                        28.0,
                        44.0,
                        42.0,
                        61.0,
                        83.0,
                        0.0
                    ]
                }
            },
            "do_bootstrap": false,
            "n_bootstraps": 10,
            "parallelize": false,
            "loss_type": "likelihood"
        }
    },
    "output_file": null,
    "execution_time": 951.0605959892273,
    "summary": {
        "py/object": "fastdfe.polydfe.PolyDFEResult",
        "output_file": "results/polydfe/hgdp/inference/1/opts.n.30.config.default/bootstraps/43/all.polydfe.txt",
        "postprocessing_source": "../resources/polydfe/postprocessing/script.R",
        "data": {
            "output_file": "/scratch/40841675/tmpr4feojic",
            "model": "C",
            "likelihood": -193.2216,
            "criteria": 9e-05,
            "params_mle": {
                "eps": 4.50277e-06,
                "eps_cont": 0,
                "lambda": 0,
                "theta_bar": 0.000890973,
                "a": -1,
                "S_d": -24.1682,
                "b": 0.1438602,
                "p_b": 0.009119738,
                "S_b": 0.1080371,
                "r": [
                    0.574816,
                    0.5028219,
                    0.5219531,
                    0.4924331,
                    0.5195696,
                    0.4407415,
                    0.5830874,
                    0.5412449,
                    0.4792217,
                    0.5172723,
                    0.6725308,
                    0.5374068,
                    0.4466703,
                    0.4999255,
                    0.3661701,
                    0.397959,
                    0.6538196,
                    0.3015308,
                    0.5940521,
                    0.4897956,
                    0.4957044,
                    0.6397721,
                    0.6172161,
                    0.5900779,
                    0.8090374,
                    0.735515,
                    1.245629,
                    1.830807
                ]
            },
            "n": 30,
            "expec": [
                {
                    "E[P_z(1)]": 0.0008909692,
                    "E[P_z(2)]": 0.0002560718,
                    "E[P_z(3)]": 0.000149333,
                    "E[P_z(4)]": 0.0001162611,
                    "E[P_z(5)]": 8.77486e-05,
                    "E[P_z(6)]": 7.71535e-05,
                    "E[P_z(7)]": 5.60983e-05,
                    "E[P_z(8)]": 6.49392e-05,
                    "E[P_z(9)]": 5.35815e-05,
                    "E[P_z(10)]": 4.26973e-05,
                    "E[P_z(11)]": 4.18977e-05,
                    "E[P_z(12)]": 4.99338e-05,
                    "E[P_z(13)]": 3.68318e-05,
                    "E[P_z(14)]": 2.84265e-05,
                    "E[P_z(15)]": 2.96947e-05,
                    "E[P_z(16)]": 2.03905e-05,
                    "E[P_z(17)]": 2.08572e-05,
                    "E[P_z(18)]": 3.23632e-05,
                    "E[P_z(19)]": 1.41399e-05,
                    "E[P_z(20)]": 2.64643e-05,
                    "E[P_z(21)]": 2.07808e-05,
                    "E[P_z(22)]": 2.00756e-05,
                    "E[P_z(23)]": 2.47836e-05,
                    "E[P_z(24)]": 2.29137e-05,
                    "E[P_z(25)]": 2.103e-05,
                    "E[P_z(26)]": 2.77246e-05,