{
    "py/object": "fastdfe.polydfe.PolyDFE",
    "logger": {
        "py/reduce": [
            {
                "py/function": "logging.getLogger"
            },
            {
                "py/tuple": [
                    "fastdfe.PolyDFE"
                ]
            }
        ]
    },
    "bootstraps": null,
    "config": {
        "py/object": "fastdfe.config.Config",
        "data": {
            "model": "GammaExpParametrization",
            "intervals_del": {
                "py/tuple": [
                    -100000000.0,
                    -1e-05,
                    1000
                ]
            },
            "intervals_ben": {
                "py/tuple": [
                    1e-05,
                    10000.0,
                    1000
                ]
            },
            "integration_mode": "midpoint",
            "linearized": true,
            "seed": 0,
            "opts_mle": {},
            "n_runs": 10,
            "x0": {
                "all": {
                    "S_b": 0.03800569,
                    "S_d": -68.01433,
                    "a": -1,
                    "b": 0.1127644,
                    "eps": 4.49744e-06,
                    "eps_cont": 0,
                    "lambda": 0,
                    "p_b": 0.003905648,
                    "r": [
                        0.5669393,
                        0.5649833,
                        0.5475162,
                        0.4995644,
                        0.5648594,
                        0.6039999,
                        0.4662727,
                        0.5802472,
                        0.5323765,
                        0.5838853,
                        0.5587549,
                        0.5490204,
                        0.5681745,
                        0.5012596,
                        0.6027202,
                        0.6738647,
                        0.7739941,
                        1.427315
                    ],
                    "theta_bar": 0.0008503307
                }
            },
            "bounds": {},
            "scales": {},
            "fixed_params": {},
            "shared_params": [],
            "covariates": [],
            "sfs_neut": {
                "py/object": "fastdfe.spectrum.Spectra",
                "data": {
                    "all": [
                        1040475.81958835,
                        900.0,
                        256.0,
                        144.0,
                        100.0,
                        81.0,
                        59.0,
                        84.0,
                        51.0,
                        61.0,
                        45.0,
                        58.0,
                        33.0,
                        59.0,
                        26.0,
                        19.0,
                        42.0,
                        29.0,
                        30.0,
                        67.0,
                        0.0
                    ]
                }
            },
            "sfs_sel": {
                "py/object": "fastdfe.spectrum.Spectra",
                "data": {
                    "all": [
                        2843021.18041165,
                        1716.0,
                        469.0,
                        293.0,
                        210.0,
                        144.0,
                        143.0,
                        116.0,
                        82.0,
                        82.0,
                        92.0,
                        52.0,
                        59.0,
                        65.0,
                        52.0,
                        60.0,
                        56.0,
                        43.0,
                        78.0,
                        106.0,
                        0.0
                    ]
                }
            },
            "do_bootstrap": false,
            "n_bootstraps": 10,
            "parallelize": false,
            "loss_type": "likelihood"
        }
    },
    "output_file": null,
    "execution_time": 1414.4628384113312,
    "summary": {
        "py/object": "fastdfe.polydfe.PolyDFEResult",
        "output_file": "results/polydfe/hgdp/inference/1/opts.n.20.config.default/bootstraps/77/all.polydfe.txt",
        "postprocessing_source": "../resources/polydfe/postprocessing/script.R",
        "data": {
            "output_file": "/scratch/40841261/tmp3e1zc7xh",
            "model": "C",
            "likelihood": -141.2381,
            "criteria": 9e-05,
            "params_mle": {
                "eps": 4.49903e-06,
                "eps_cont": 0,
                "lambda": 0,
                "theta_bar": 0.0008545172,
                "a": -1,
                "S_d": -1787.893,
                "b": 0.05133237,
                "p_b": 0.003908289,
                "S_b": 0.03804507,
                "r": [
                    0.5721024,
                    0.5250334,
                    0.5013724,
                    0.4580697,
                    0.4962122,
                    0.5757731,
                    0.4392621,
                    0.5330956,
                    0.5691435,
                    0.5040044,
                    0.4609411,
                    0.6745118,
                    0.4578219,
                    0.4977492,
                    0.6597635,
                    0.5158156,
                    0.8205342,
                    1.389332
                ]
            },
            "n": 20,
            "expec": [
                {
                    "E[P_z(1)]": 0.0008545136,
                    "E[P_z(2)]": 0.0002444348,
                    "E[P_z(3)]": 0.0001495495,
                    "E[P_z(4)]": 0.0001071075,
                    "E[P_z(5)]": 7.82855e-05,
                    "E[P_z(6)]": 7.06701e-05,
                    "E[P_z(7)]": 7.02867e-05,
                    "E[P_z(8)]": 4.69196e-05,
                    "E[P_z(9)]": 5.06154e-05,
                    "E[P_z(10)]": 4.86343e-05,
                    "E[P_z(11)]": 3.91528e-05,
                    "E[P_z(12)]": 3.28236e-05,
                    "E[P_z(13)]": 4.43372e-05,
                    "E[P_z(14)]": 2.79442e-05,
                    "E[P_z(15)]": 2.83559e-05,
                    "E[P_z(16)]": 3.52365e-05,
                    "E[P_z(17)]": 2.59284e-05,
                    "E[P_z(18)]": 3.89543e-05,
                    "E[P_z(19)]": 6.24882e-05,
                    "E[D_z]": null,
                    "E[mis_z]": null
                },
                {
                    "E[P_z(1)]": 0.0006059439,
                    "E[P_z(2)]": 0.0001651424,
                    "E[P_z(3)]": 9.87297e-05,
                    "E[P_z(4)]": 6.96627e-05,
                    "E[P_z(5)]": 5.03619e-05,
                    "E[P_z(6)]": 4.5072e-05,
                    "E[P_z(7)]": 4.45097e-05,
                    "E[P_z(8)]": 2.95331e-05,
                    "E[P_z(9)]": 3.16924e-05,
                    "E[P_z(10)]": 3.03101e-05,
                    "E[P_z(11)]": 2.42994e-05,
                    "E[P_z(12)]": 2.02943e-05,
                    "E[P_z(13)]": 2.73183e-05,
                    "E[P_z(14)]": 1.71629e-05,
                    "E[P_z(15)]": 1.73643e-05,
                    "E[P_z(16)]": 2.15182e-05,
                    "E[P_z(17)]": 1.5793e-05,
                    "E[P_z(18)]": 2.36694e-05,
                    "E[P_z(19)]": 3.78819e-05,
                    "E[D_z]": null,
                    "E[mis_z]": null
                }
            ],
            "alpha": 0.008738458028782993,
            "execution_time": 1414.4628384113312
        }
    }
}