{
    "py/object": "fastdfe.polydfe.PolyDFE",
    "logger": {
        "py/reduce": [
            {
                "py/function": "logging.getLogger"
            },
            {
                "py/tuple": [
                    "fastdfe.PolyDFE"
                ]
            }
        ]
    },
    "bootstraps": null,
    "config": {
        "py/object": "fastdfe.config.Config",
        "data": {
            "model": "GammaExpParametrization",
            "intervals_del": {
                "py/tuple": [
                    -100000000.0,
                    -1e-05,
                    1000
                ]
            },
            "intervals_ben": {
                "py/tuple": [
                    1e-05,
                    10000.0,
                    1000
                ]
            },
            "integration_mode": "midpoint",
            "linearized": true,
            "seed": 0,
            "opts_mle": {},
            "n_runs": 10,
            "x0": {
                "all": {
                    "S_b": 0.05328228,
                    "S_d": -33.44406,
                    "a": -1,
                    "b": 0.1398527,
                    "eps": 4.50451e-06,
                    "eps_cont": 0,
                    "lambda": 0,
                    "p_b": 0.005009714,
                    "r": [
                        0.5834314,
                        0.499803,
                        0.5581096,
                        0.5076067,
                        0.557493,
                        0.6522272,
                        0.6050956,
                        0.5227928,
                        0.5765882,
                        0.4982845,
                        0.5150672,
                        0.5206269,
                        0.482151,
                        0.5460091,
                        0.5199818,
                        0.523935,
                        0.5814646,
                        0.6159988,
                        0.7697745,
                        0.7047025,
                        0.6593795,
                        0.914738,
                        1.558127
                    ],
                    "theta_bar": 0.0008647194
                }
            },
            "bounds": {},
            "scales": {},
            "fixed_params": {},
            "shared_params": [],
            "covariates": [],
            "sfs_neut": {
                "py/object": "fastdfe.spectrum.Spectra",
                "data": {
                    "all": [
                        1039405.17546773,
                        924.0,
                        268.0,
                        122.0,
                        139.0,
                        79.0,
                        89.0,
                        76.0,
                        50.0,
                        43.0,
                        54.0,
                        36.0,
                        36.0,
                        41.0,
                        36.0,
                        35.0,
                        29.0,
                        27.0,
                        31.0,
                        33.0,
                        44.0,
                        32.0,
                        33.0,
                        32.0,
                        32.0,
                        0.0
                    ]
                }
            },
            "sfs_sel": {
                "py/object": "fastdfe.spectrum.Spectra",
                "data": {
                    "all": [
                        2843638.82453227,
                        1902.0,
                        469.0,
                        265.0,
                        196.0,
                        152.0,
                        124.0,
                        152.0,
                        104.0,
                        86.0,
                        72.0,
                        51.0,
                        54.0,
                        47.0,
                        33.0,
                        55.0,
                        41.0,
                        39.0,
                        34.0,
                        38.0,
                        53.0,
                        36.0,
                        50.0,
                        56.0,
                        85.0,
                        0.0
                    ]
                }
            },
            "do_bootstrap": false,
            "n_bootstraps": 10,
            "parallelize": false,
            "loss_type": "likelihood"
        }
    },
    "output_file": null,
    "execution_time": 627.4464166164398,
    "summary": {
        "py/object": "fastdfe.polydfe.PolyDFEResult",
        "output_file": "results/polydfe/hgdp/inference/1/opts.n.25.config.default/bootstraps/39/all.polydfe.txt",
        "postprocessing_source": "../resources/polydfe/postprocessing/script.R",
        "data": {
            "output_file": "/scratch/40841217/tmpmerbc0q3",
            "model": "C",
            "likelihood": -164.613,
            "criteria": 8e-05,
            "params_mle": {
                "eps": 4.51082e-06,
                "eps_cont": 0,
                "lambda": 0,
                "theta_bar": 0.0008888527,
                "a": -1,
                "S_d": -63.89362,
                "b": 0.1134179,
                "p_b": 0.005022182,
                "S_b": 0.05337628,
                "r": [
                    0.5556424,
                    0.4520235,
                    0.5327398,
                    0.4662553,
                    0.5221007,
                    0.6584114,
                    0.512463,
                    0.4863898,
                    0.5311871,
                    0.4057168,
                    0.4601733,
                    0.4896877,
                    0.4152471,
                    0.5825713,
                    0.4850827,
                    0.4875984,
                    0.5100746,
                    0.5898743,
                    0.8506831,
                    0.6278658,
                    0.8049045,
                    0.8943338,
                    1.243559
                ]
            },
            "n": 25,
            "expec": [
                {
                    "E[P_z(1)]": 0.0008888489,
                    "E[P_z(2)]": 0.0002469412,
                    "E[P_z(3)]": 0.000133927,
                    "E[P_z(4)]": 0.0001183814,
                    "E[P_z(5)]": 8.28863e-05,
                    "E[P_z(6)]": 7.73449e-05,
                    "E[P_z(7)]": 8.36041e-05,
                    "E[P_z(8)]": 5.69379e-05,
                    "E[P_z(9)]": 4.80364e-05,
                    "E[P_z(10)]": 4.72147e-05,
                    "E[P_z(11)]": 3.27838e-05,
                    "E[P_z(12)]": 3.40855e-05,
                    "E[P_z(13)]": 3.34816e-05,
                    "E[P_z(14)]": 2.63639e-05,
                    "E[P_z(15)]": 3.45214e-05,
                    "E[P_z(16)]": 2.6948e-05,
                    "E[P_z(17)]": 2.54944e-05,
                    "E[P_z(18)]": 2.51881e-05,
                    "E[P_z(19)]": 2.75956e-05,
                    "E[P_z(20)]": 3.78068e-05,
                    "E[P_z(21)]": 2.65757e-05,
                    "E[P_z(22)]": 3.25205e-05,
                    "E[P_z(23)]": 3.45632e-05,
                    "E[P_z(24)]": 4.60597e-05,
                    "E[D_z]": null,
                    "E[mis_z]": null
                },
                {
                    "E[P_z(1)]": 0.0006671895,
                    "E[P_z(2)]": 0.0001684628,
                    "E[P_z(3)]": 8.69037e-05,
                    "E[P_z(4)]": 7.43301e-05,
                    "E[P_z(5)]": 5.07956e-05,
                    "E[P_z(6)]": 4.65012e-05,
                    "E[P_z(7)]": 4.94783e-05,
                    "E[P_z(8)]": 3.32488e-05,
                    "E[P_z(9)]": 2.77267e-05,
                    "E[P_z(10)]": 2.6974e-05,
                    "E[P_z(11)]": 1.85581e-05,
                    "E[P_z(12)]": 1.9135e-05,
                    "E[P_z(13)]": 1.86534e-05,