{
    "py/object": "fastdfe.polydfe.PolyDFE",
    "logger": {
        "py/reduce": [
            {
                "py/function": "logging.getLogger"
            },
            {
                "py/tuple": [
                    "fastdfe.PolyDFE"
                ]
            }
        ]
    },
    "bootstraps": null,
    "config": {
        "py/object": "fastdfe.config.Config",
        "data": {
            "model": "GammaExpParametrization",
            "intervals_del": {
                "py/tuple": [
                    -100000000.0,
                    -1e-05,
                    1000
                ]
            },
            "intervals_ben": {
                "py/tuple": [
                    1e-05,
                    10000.0,
                    1000
                ]
            },
            "integration_mode": "midpoint",
            "linearized": true,
            "seed": 0,
            "opts_mle": {},
            "n_runs": 10,
            "x0": {
                "all": {
                    "S_b": 0.05328228,
                    "S_d": -33.44406,
                    "a": -1,
                    "b": 0.1398527,
                    "eps": 4.50451e-06,
                    "eps_cont": 0,
                    "lambda": 0,
                    "p_b": 0.005009714,
                    "r": [
                        0.5834314,
                        0.499803,
                        0.5581096,
                        0.5076067,
                        0.557493,
                        0.6522272,
                        0.6050956,
                        0.5227928,
                        0.5765882,
                        0.4982845,
                        0.5150672,
                        0.5206269,
                        0.482151,
                        0.5460091,
                        0.5199818,
                        0.523935,
                        0.5814646,
                        0.6159988,
                        0.7697745,
                        0.7047025,
                        0.6593795,
                        0.914738,
                        1.558127
                    ],
                    "theta_bar": 0.0008647194
                }
            },
            "bounds": {},
            "scales": {},
            "fixed_params": {},
            "shared_params": [],
            "covariates": [],
            "sfs_neut": {
                "py/object": "fastdfe.spectrum.Spectra",
                "data": {
                    "all": [
                        1039343.17546773,
                        919.0,
                        272.0,
                        160.0,
                        139.0,
                        85.0,
                        98.0,
                        82.0,
                        65.0,
                        50.0,
                        60.0,
                        28.0,
                        43.0,
                        36.0,
                        28.0,
                        40.0,
                        29.0,
                        38.0,
                        23.0,
                        25.0,
                        40.0,
                        22.0,
                        28.0,
                        23.0,
                        50.0,
                        0.0
                    ]
                }
            },
            "sfs_sel": {
                "py/object": "fastdfe.spectrum.Spectra",
                "data": {
                    "all": [
                        2843580.82453227,
                        1858.0,
                        515.0,
                        288.0,
                        185.0,
                        175.0,
                        148.0,
                        165.0,
                        110.0,
                        65.0,
                        79.0,
                        55.0,
                        40.0,
                        59.0,
                        54.0,
                        47.0,
                        49.0,
                        34.0,
                        31.0,
                        41.0,
                        38.0,
                        41.0,
                        44.0,
                        40.0,
                        91.0,
                        0.0
                    ]
                }
            },
            "do_bootstrap": false,
            "n_bootstraps": 10,
            "parallelize": false,
            "loss_type": "likelihood"
        }
    },
    "output_file": null,
    "execution_time": 496.3681814670563,
    "summary": {
        "py/object": "fastdfe.polydfe.PolyDFEResult",
        "output_file": "results/polydfe/hgdp/inference/1/opts.n.25.config.default/bootstraps/42/all.polydfe.txt",
        "postprocessing_source": "../resources/polydfe/postprocessing/script.R",
        "data": {
            "output_file": "/scratch/40841247/tmp_95dpjro",
            "model": "C",
            "likelihood": -162.5253,
            "criteria": 0.00057,
            "params_mle": {
                "eps": 4.50646e-06,
                "eps_cont": 0,
                "lambda": 0,
                "theta_bar": 0.0008811557,
                "a": -1,
                "S_d": -76.65756,
                "b": 0.1106858,
                "p_b": 0.005022861,
                "S_b": 0.05336933,
                "r": [
                    0.6034383,
                    0.5318226,
                    0.5233807,
                    0.5328889,
                    0.6120953,
                    0.7238706,
                    0.5908847,
                    0.43986,
                    0.5943489,
                    0.3924677,
                    0.4302634,
                    0.535938,
                    0.5002487,
                    0.5708341,
                    0.5478065,
                    0.5390208,
                    0.4292272,
                    0.5555432,
                    0.6930334,
                    0.5892326,
                    0.7072735,
                    0.6484301,
                    1.517934
                ]
            },
            "n": 25,
            "expec": [
                {
                    "E[P_z(1)]": 0.000881152,
                    "E[P_z(2)]": 0.0002658605,
                    "E[P_z(3)]": 0.0001562056,
                    "E[P_z(4)]": 0.0001152946,
                    "E[P_z(5)]": 9.39113e-05,
                    "E[P_z(6)]": 8.98916e-05,
                    "E[P_z(7)]": 9.11201e-05,
                    "E[P_z(8)]": 6.50825e-05,
                    "E[P_z(9)]": 4.3065e-05,
                    "E[P_z(10)]": 5.23713e-05,
                    "E[P_z(11)]": 3.14386e-05,
                    "E[P_z(12)]": 3.15941e-05,
                    "E[P_z(13)]": 3.63265e-05,
                    "E[P_z(14)]": 3.14855e-05,
                    "E[P_z(15)]": 3.3533e-05,
                    "E[P_z(16)]": 3.0169e-05,
                    "E[P_z(17)]": 2.79391e-05,
                    "E[P_z(18)]": 2.10123e-05,
                    "E[P_z(19)]": 2.57645e-05,
                    "E[P_z(20)]": 3.05338e-05,
                    "E[P_z(21)]": 2.47245e-05,
                    "E[P_z(22)]": 2.83287e-05,
                    "E[P_z(23)]": 2.48432e-05,
                    "E[P_z(24)]": 5.57344e-05,
                    "E[D_z]": null,
                    "E[mis_z]": null
                },
                {
                    "E[P_z(1)]": 0.0006528632,
                    "E[P_z(2)]": 0.0001790951,
                    "E[P_z(3)]": 0.0001001724,
                    "E[P_z(4)]": 7.1591e-05,
                    "E[P_z(5)]": 5.6945e-05,
                    "E[P_z(6)]": 5.34969e-05,
                    "E[P_z(7)]": 5.33988e-05,
                    "E[P_z(8)]": 3.76445e-05,
                    "E[P_z(9)]": 2.4628e-05,
                    "E[P_z(10)]": 2.96512e-05,
                    "E[P_z(11)]": 1.76405e-05,
                    "E[P_z(12)]": 1.75842e-05,
                    "E[P_z(13)]": 2.00682e-05,