{
    "output_file": "/scratch/40841214/tmpd5by9d2t",
    "model": "C",
    "likelihood": -166.0673,
    "criteria": 0.00016,
    "params_mle": {
        "eps": 4.50728e-06,
        "eps_cont": 0,
        "lambda": 0,
        "theta_bar": 0.000883223,
        "a": -1,
        "S_d": -142.2377,
        "b": 0.08245844,
        "p_b": 0.005032739,
        "S_b": 0.05342874,
        "r": [
            0.6033794,
            0.4156988,
            0.5473173,
            0.4448266,
            0.5265862,
            0.666656,
            0.4948998,
            0.4938683,
            0.4737303,
            0.4330763,
            0.4445947,
            0.504778,
            0.3886892,
            0.5672916,
            0.49342,
            0.4190545,
            0.5126077,
            0.5901681,
            0.6561989,
            0.6549995,
            0.5945983,
            0.9730605,
            1.434124
        ]
    },
    "n": 25,
    "expec": [
        {
            "E[P_z(1)]": 0.0008832193,
            "E[P_z(2)]": 0.0002664582,
            "E[P_z(3)]": 0.0001223845,
            "E[P_z(4)]": 0.0001208504,
            "E[P_z(5)]": 7.8576e-05,
            "E[P_z(6)]": 7.75153e-05,
            "E[P_z(7)]": 8.41149e-05,
            "E[P_z(8)]": 5.46382e-05,
            "E[P_z(9)]": 4.84661e-05,
            "E[P_z(10)]": 4.18409e-05,
            "E[P_z(11)]": 3.47729e-05,
            "E[P_z(12)]": 3.2723e-05,
            "E[P_z(13)]": 3.42947e-05,
            "E[P_z(14)]": 2.45214e-05,
            "E[P_z(15)]": 3.3403e-05,
            "E[P_z(16)]": 2.72376e-05,
            "E[P_z(17)]": 2.17718e-05,
            "E[P_z(18)]": 2.51529e-05,
            "E[P_z(19)]": 2.74344e-05,
            "E[P_z(20)]": 2.89787e-05,
            "E[P_z(21)]": 2.75485e-05,
            "E[P_z(22)]": 2.38715e-05,
            "E[P_z(23)]": 3.73675e-05,
            "E[P_z(24)]": 5.27809e-05,
            "E[D_z]": null,
            "E[mis_z]": null
        },
        {
            "E[P_z(1)]": 0.000659073,
            "E[P_z(2)]": 0.0001845003,
            "E[P_z(3)]": 8.1644e-05,
            "E[P_z(4)]": 7.86937e-05,
            "E[P_z(5)]": 5.02646e-05,
            "E[P_z(6)]": 4.88969e-05,
            "E[P_z(7)]": 5.24523e-05,
            "E[P_z(8)]": 3.37397e-05,
            "E[P_z(9)]": 2.96754e-05,
            "E[P_z(10)]": 2.54274e-05,
            "E[P_z(11)]": 2.09907e-05,
            "E[P_z(12)]": 1.96335e-05,
            "E[P_z(13)]": 2.04622e-05,
            "E[P_z(14)]": 1.45562e-05,
            "E[P_z(15)]": 1.97347e-05,
            "E[P_z(16)]": 1.60211e-05,
            "E[P_z(17)]": 1.27533e-05,
            "E[P_z(18)]": 1.46766e-05,
            "E[P_z(19)]": 1.59492e-05,
            "E[P_z(20)]": 1.67885e-05,
            "E[P_z(21)]": 1.59073e-05,
            "E[P_z(22)]": 1.37408e-05,
            "E[P_z(23)]": 2.14449e-05,
            "E[P_z(24)]": 3.0204e-05,
            "E[D_z]": null,
            "E[mis_z]": null
        }
    ],
    "alpha": 0.010454170926041853,
    "execution_time": 728.9350228309631
}