{
    "output_file": "/scratch/40841188/tmp5j0rcq4u",
    "model": "C",
    "likelihood": -136.2716,
    "criteria": 8e-05,
    "params_mle": {
        "eps": 4.49943e-06,
        "eps_cont": 0,
        "lambda": 0,
        "theta_bar": 0.0008754345,
        "a": -1,
        "S_d": -443.6306,
        "b": 0.08172164,
        "p_b": 0.003883619,
        "S_b": 0.03795608,
        "r": [
            0.5815881,
            0.5391504,
            0.4650213,
            0.5130385,
            0.5487032,
            0.6264126,
            0.3687275,
            0.5899823,
            0.5443274,
            0.5284141,
            0.5466761,
            0.5018685,
            0.5670304,
            0.4150636,
            0.6515357,
            0.709185,
            0.7768809,
            1.489494
        ]
    },
    "n": 20,
    "expec": [
        {
            "E[P_z(1)]": 0.0008754309,
            "E[P_z(2)]": 0.0002545702,
            "E[P_z(3)]": 0.0001573297,
            "E[P_z(4)]": 0.0001017736,
            "E[P_z(5)]": 8.9826e-05,
            "E[P_z(6)]": 8.00588e-05,
            "E[P_z(7)]": 7.83403e-05,
            "E[P_z(8)]": 4.03496e-05,
            "E[P_z(9)]": 5.73878e-05,
            "E[P_z(10)]": 4.76523e-05,
            "E[P_z(11)]": 4.20539e-05,
            "E[P_z(12)]": 3.98816e-05,
            "E[P_z(13)]": 3.37966e-05,
            "E[P_z(14)]": 3.54572e-05,
            "E[P_z(15)]": 2.42244e-05,
            "E[P_z(16)]": 3.56489e-05,
            "E[P_z(17)]": 3.65208e-05,
            "E[P_z(18)]": 3.77848e-05,
            "E[P_z(19)]": 6.86328e-05,
            "E[D_z]": null,
            "E[mis_z]": null
        },
        {
            "E[P_z(1)]": 0.0005891503,
            "E[P_z(2)]": 0.0001586213,
            "E[P_z(3)]": 9.44746e-05,
            "E[P_z(4)]": 5.96738e-05,
            "E[P_z(5)]": 5.17556e-05,
            "E[P_z(6)]": 4.54975e-05,
            "E[P_z(7)]": 4.40193e-05,
            "E[P_z(8)]": 2.24552e-05,
            "E[P_z(9)]": 3.16713e-05,
            "E[P_z(10)]": 2.61043e-05,
            "E[P_z(11)]": 2.28852e-05,
            "E[P_z(12)]": 2.1573e-05,
            "E[P_z(13)]": 1.81813e-05,
            "E[P_z(14)]": 1.89782e-05,
            "E[P_z(15)]": 1.29051e-05,
            "E[P_z(16)]": 1.89083e-05,
            "E[P_z(17)]": 1.92914e-05,
            "E[P_z(18)]": 1.98821e-05,
            "E[P_z(19)]": 3.59828e-05,
            "E[D_z]": null,
            "E[mis_z]": null
        }
    ],
    "alpha": 0.008997651849368451,
    "execution_time": 356.5013394355774
}