{
    "output_file": "/scratch/40841805/tmpfb1xczs8",
    "model": "C",
    "likelihood": -257.5495,
    "criteria": 0.00072,
    "params_mle": {
        "eps": 4.50543e-06,
        "eps_cont": 0,
        "lambda": 0,
        "theta_bar": 0.001065099,
        "a": -1,
        "S_d": -41.21673,
        "b": 0.1321947,
        "p_b": 0.004414238,
        "S_b": 0.05626253,
        "r": [
            0.5139218,
            0.4224595,
            0.4358457,
            0.4549757,
            0.4063906,
            0.3550954,
            0.4912709,
            0.434203,
            0.5067609,
            0.5917185,
            0.4693246,
            0.4564572,
            0.4940522,
            0.4520361,
            0.3987936,
            0.3767998,
            0.3939961,
            0.4379048,
            0.4697301,
            0.2967728,
            0.2878769,
            0.5283158,
            0.421131,
            0.5040086,
            0.4681662,
            0.2982902,
            0.4754668,
            0.3754759,
            0.456032,
            0.5989533,
            0.4049825,
            0.6031692,
            0.7243302,
            0.563389,
            0.4724921,
            0.917412,
            0.7434701,
            1.984262
        ]
    },
    "n": 40,
    "expec": [
        {
            "E[P_z(1)]": 0.001065094,
            "E[P_z(2)]": 0.0002736876,
            "E[P_z(3)]": 0.0001499865,
            "E[P_z(4)]": 0.0001160542,
            "E[P_z(5)]": 9.69185e-05,
            "E[P_z(6)]": 7.21408e-05,
            "E[P_z(7)]": 5.40301e-05,
            "E[P_z(8)]": 6.54063e-05,
            "E[P_z(9)]": 5.13853e-05,
            "E[P_z(10)]": 5.39749e-05,
            "E[P_z(11)]": 5.72942e-05,
            "E[P_z(12)]": 4.16563e-05,
            "E[P_z(13)]": 3.73977e-05,
            "E[P_z(14)]": 3.75867e-05,
            "E[P_z(15)]": 3.20975e-05,
            "E[P_z(16)]": 2.65471e-05,
            "E[P_z(17)]": 2.36076e-05,
            "E[P_z(18)]": 2.33136e-05,
            "E[P_z(19)]": 2.45479e-05,
            "E[P_z(20)]": 2.50154e-05,
            "E[P_z(21)]": 1.50521e-05,
            "E[P_z(22)]": 1.39372e-05,
            "E[P_z(23)]": 2.44656e-05,
            "E[P_z(24)]": 1.86895e-05,
            "E[P_z(25)]": 2.14728e-05,
            "E[P_z(26)]": 1.91787e-05,
            "E[P_z(27)]": 1.17671e-05,
            "E[P_z(28)]": 1.80865e-05,
            "E[P_z(29)]": 1.37905e-05,
            "E[P_z(30)]": 1.61908e-05,
            "E[P_z(31)]": 2.0579e-05,
            "E[P_z(32)]": 1.34798e-05,
            "E[P_z(33)]": 1.94679e-05,
            "E[P_z(34)]": 2.26909e-05,
            "E[P_z(35)]": 1.71451e-05,
            "E[P_z(36)]": 1.39796e-05,
            "E[P_z(37)]": 2.64096e-05,
            "E[P_z(38)]": 2.08398e-05,
            "E[P_z(39)]": 5.41952e-05,
            "E[D_z]": null,
            "E[mis_z]": null
        },
        {
            "E[P_z(1)]": 0.0008507609,
            "E[P_z(2)]": 0.0001983764,
            "E[P_z(3)]": 0.000102818,
            "E[P_z(4)]": 7.66001e-05,
            "E[P_z(5)]": 6.21825e-05,
            "E[P_z(6)]": 4.52551e-05,
            "E[P_z(7)]": 3.32691e-05,
            "E[P_z(8)]": 3.96416e-05,
            "E[P_z(9)]": 3.07183e-05,
            "E[P_z(10)]": 3.18767e-05,
            "E[P_z(11)]": 3.34712e-05,
            "E[P_z(12)]": 2.40973e-05,
            "E[P_z(13)]": 2.14405e-05,
            "E[P_z(14)]": 2.13716e-05,
            "E[P_z(15)]": 1.81116e-05,
            "E[P_z(16)]": 1.48736e-05,
            "E[P_z(17)]": 1.3139e-05,
            "E[P_z(18)]": 1.28946e-05,
            "E[P_z(19)]": 1.34977e-05,
            "E[P_z(20)]": 1.36783e-05,
            "E[P_z(21)]": 8.187e-06,
            "E[P_z(22)]": 7.5427e-06,
            "E[P_z(23)]": 1.31773e-05,
            "E[P_z(24)]": 1.00203e-05,
            "E[P_z(25)]": 1.14622e-05,
            "E[P_z(26)]": 1.01946e-05,
            "E[P_z(27)]": 6.2297e-06,
            "E[P_z(28)]": 9.5381e-06,
            "E[P_z(29)]": 7.2454e-06,
            "E[P_z(30)]": 8.4757e-06,
            "E[P_z(31)]": 1.07353e-05,
            "E[P_z(32)]": 7.0082e-06,
            "E[P_z(33)]": 1.00882e-05,
            "E[P_z(34)]": 1.17211e-05,
            "E[P_z(35)]": 8.8291e-06,
            "E[P_z(36)]": 7.1775e-06,
            "E[P_z(37)]": 1.35198e-05,
            "E[P_z(38)]": 1.06384e-05,
            "E[P_z(39)]": 2.75902e-05,
            "E[D_z]": null,
            "E[mis_z]": null
        }
    ],
    "alpha": 0.01001581256713854,
    "execution_time": 1264.0178892612457
}