{
    "output_file": "/scratch/40841516/tmpi401ru0a",
    "model": "C",
    "likelihood": -164.7626,
    "criteria": 0.00015,
    "params_mle": {
        "eps": 4.50677e-06,
        "eps_cont": 0,
        "lambda": 0,
        "theta_bar": 0.0009088313,
        "a": -1,
        "S_d": -117.1847,
        "b": 0.1116898,
        "p_b": 0.005014606,
        "S_b": 0.05335824,
        "r": [
            0.5743421,
            0.4820681,
            0.5364056,
            0.5206252,
            0.5051138,
            0.5802487,
            0.5705163,
            0.5124259,
            0.5044198,
            0.4538502,
            0.5545368,
            0.5639465,
            0.4817357,
            0.5508787,
            0.4984018,
            0.5237975,
            0.4291538,
            0.5131883,
            0.8169542,
            0.5421743,
            0.6184711,
            0.9052602,
            1.59216
        ]
    },
    "n": 25,
    "expec": [
        {
            "E[P_z(1)]": 0.0009088274,
            "E[P_z(2)]": 0.000260989,
            "E[P_z(3)]": 0.000146039,
            "E[P_z(4)]": 0.0001218751,
            "E[P_z(5)]": 9.46318e-05,
            "E[P_z(6)]": 7.65103e-05,
            "E[P_z(7)]": 7.53352e-05,
            "E[P_z(8)]": 6.48127e-05,
            "E[P_z(9)]": 5.17453e-05,
            "E[P_z(10)]": 4.58432e-05,
            "E[P_z(11)]": 3.74975e-05,
            "E[P_z(12)]": 4.19984e-05,
            "E[P_z(13)]": 3.94256e-05,
            "E[P_z(14)]": 3.12726e-05,
            "E[P_z(15)]": 3.33771e-05,
            "E[P_z(16)]": 2.83103e-05,
            "E[P_z(17)]": 2.80027e-05,
            "E[P_z(18)]": 2.16685e-05,
            "E[P_z(19)]": 2.45477e-05,
            "E[P_z(20)]": 3.71239e-05,
            "E[P_z(21)]": 2.34645e-05,
            "E[P_z(22)]": 2.55499e-05,
            "E[P_z(23)]": 3.57718e-05,
            "E[P_z(24)]": 6.02957e-05,
            "E[D_z]": null,
            "E[mis_z]": null
        },
        {
            "E[P_z(1)]": 0.0006444336,
            "E[P_z(2)]": 0.0001675353,
            "E[P_z(3)]": 8.9146e-05,
            "E[P_z(4)]": 7.19982e-05,
            "E[P_z(5)]": 5.45746e-05,
            "E[P_z(6)]": 4.32957e-05,
            "E[P_z(7)]": 4.19713e-05,
            "E[P_z(8)]": 3.56344e-05,
            "E[P_z(9)]": 2.81252e-05,
            "E[P_z(10)]": 2.46659e-05,
            "E[P_z(11)]": 1.99933e-05,
            "E[P_z(12)]": 2.22099e-05,
            "E[P_z(13)]": 2.06932e-05,
            "E[P_z(14)]": 1.6301e-05,
            "E[P_z(15)]": 1.7287e-05,
            "E[P_z(16)]": 1.45756e-05,
            "E[P_z(17)]": 1.4337e-05,
            "E[P_z(18)]": 1.10358e-05,
            "E[P_z(19)]": 1.24405e-05,
            "E[P_z(20)]": 1.87259e-05,
            "E[P_z(21)]": 1.17833e-05,
            "E[P_z(22)]": 1.27762e-05,
            "E[P_z(23)]": 1.78155e-05,
            "E[P_z(24)]": 2.99136e-05,
            "E[D_z]": null,
            "E[mis_z]": null
        }
    ],
    "alpha": 0.011649333469615034,
    "execution_time": 797.591837644577
}