{
    "output_file": "/scratch/38996103/tmp1bmne70i",
    "model": "C",
    "likelihood": -144.298,
    "criteria": 9e-05,
    "params_mle": {
        "eps": 0.02774644,
        "eps_cont": 0,
        "lambda": 0,
        "theta_bar": 0.0008684506,
        "a": -1,
        "S_d": -281.3847,
        "b": 0.3572627,
        "p_b": 0,
        "S_b": 1,
        "r": [
            1.176493,
            1.12142,
            1.230363,
            1.179933,
            1.046135,
            1.138921,
            0.8852407,
            1.202902,
            1.006453,
            0.7538652,
            0.9478514,
            1.268543,
            0.9705653,
            0.9154779,
            0.9365132,
            1.16652,
            0.5080996,
            0.6433547
        ]
    },
    "n": 20,
    "expec": [
        {
            "E[P_z(1)]": 0.0008451701,
            "E[P_z(2)]": 0.0004973685,
            "E[P_z(3)]": 0.0003172788,
            "E[P_z(4)]": 0.000261126,
            "E[P_z(5)]": 0.0002007269,
            "E[P_z(6)]": 0.0001488886,
            "E[P_z(7)]": 0.0001397303,
            "E[P_z(8)]": 9.53354e-05,
            "E[P_z(9)]": 0.0001145042,
            "E[P_z(10)]": 8.74055e-05,
            "E[P_z(11)]": 6.10869e-05,
            "E[P_z(12)]": 6.93599e-05,
            "E[P_z(13)]": 8.63128e-05,
            "E[P_z(14)]": 6.27371e-05,
            "E[P_z(15)]": 5.72189e-05,
            "E[P_z(16)]": 5.68336e-05,
            "E[P_z(17)]": 6.6946e-05,
            "E[P_z(18)]": 3.80089e-05,
            "E[P_z(19)]": 5.26869e-05,
            "E[D_z]": null,
            "E[mis_z]": null
        },
        {
            "E[P_z(1)]": 0.0002998619,
            "E[P_z(2)]": 0.0001245274,
            "E[P_z(3)]": 6.67883e-05,
            "E[P_z(4)]": 4.92837e-05,
            "E[P_z(5)]": 3.49875e-05,
            "E[P_z(6)]": 2.43838e-05,
            "E[P_z(7)]": 2.17487e-05,
            "E[P_z(8)]": 1.42273e-05,
            "E[P_z(9)]": 1.64935e-05,
            "E[P_z(10)]": 1.21984e-05,
            "E[P_z(11)]": 8.3094e-06,
            "E[P_z(12)]": 9.207e-06,
            "E[P_z(13)]": 1.12368e-05,
            "E[P_z(14)]": 8.0744e-06,
            "E[P_z(15)]": 7.3637e-06,
            "E[P_z(16)]": 7.3966e-06,
            "E[P_z(17)]": 8.8054e-06,
            "E[P_z(18)]": 6.3452e-06,
            "E[P_z(19)]": 1.1854e-05,
            "E[D_z]": null,
            "E[mis_z]": null
        }
    ],
    "alpha": 0.0,
    "execution_time": 207.9994010925293
}