{
    "output_file": "/scratch/40840244/tmp0guqv_ve",
    "model": "C",
    "likelihood": -33.06655,
    "criteria": 9e-05,
    "params_mle": {
        "eps": 4.49091e-06,
        "eps_cont": 0,
        "lambda": 0,
        "theta_bar": 0.0006172471,
        "a": -1,
        "S_d": -308.8617,
        "b": 0.08642784,
        "p_b": 0.01397229,
        "S_b": 0.1216077,
        "r": [
            0.9651727,
            0.9651087,
            0.9310168
        ]
    },
    "n": 5,
    "expec": [
        {
            "E[P_z(1)]": 0.000617245,
            "E[P_z(2)]": 0.0002978746,
            "E[P_z(3)]": 0.0001985706,
            "E[P_z(4)]": 0.000143669,
            "E[D_z]": null,
            "E[mis_z]": null
        },
        {
            "E[P_z(1)]": 0.0003826185,
            "E[P_z(2)]": 0.0001711024,
            "E[P_z(3)]": 0.0001100697,
            "E[P_z(4)]": 7.783e-05,
            "E[D_z]": null,
            "E[mis_z]": null
        }
    ],
    "alpha": 0.030433926598315106,
    "execution_time": 54.53292441368103
}