{
    "output_file": "/scratch/40841744/tmpzaqy3dx6",
    "model": "C",
    "likelihood": -198.3818,
    "criteria": 6e-05,
    "params_mle": {
        "eps": 4.50422e-06,
        "eps_cont": 0,
        "lambda": 0,
        "theta_bar": 0.0009032179,
        "a": -1,
        "S_d": -26.26524,
        "b": 0.1623499,
        "p_b": 0.009176624,
        "S_b": 0.1083478,
        "r": [
            0.5459595,
            0.5285148,
            0.4606654,
            0.4914169,
            0.4623303,
            0.4670531,
            0.5465496,
            0.6921053,
            0.448687,
            0.4834759,
            0.6486144,
            0.651487,
            0.5127017,
            0.5523024,
            0.4875993,
            0.4238409,
            0.6326176,
            0.3855553,
            0.5934206,
            0.5413667,
            0.5593357,
            0.5249525,
            0.6895709,
            0.5403702,
            0.7514694,
            0.5869133,
            1.042561,
            1.689775
        ]
    },
    "n": 30,
    "expec": [
        {
            "E[P_z(1)]": 0.0009032141,
            "E[P_z(2)]": 0.0002465593,
            "E[P_z(3)]": 0.0001591207,
            "E[P_z(4)]": 0.00010402,
            "E[P_z(5)]": 8.8771e-05,
            "E[P_z(6)]": 6.95973e-05,
            "E[P_z(7)]": 6.02642e-05,
            "E[P_z(8)]": 6.17065e-05,
            "E[P_z(9)]": 6.94578e-05,
            "E[P_z(10)]": 4.05261e-05,
            "E[P_z(11)]": 3.96985e-05,
            "E[P_z(12)]": 4.88199e-05,
            "E[P_z(13)]": 4.52641e-05,
            "E[P_z(14)]": 3.30772e-05,
            "E[P_z(15)]": 3.32566e-05,
            "E[P_z(16)]": 2.75255e-05,
            "E[P_z(17)]": 2.2519e-05,
            "E[P_z(18)]": 3.17441e-05,
            "E[P_z(19)]": 1.83285e-05,
            "E[P_z(20)]": 2.67995e-05,
            "E[P_z(21)]": 2.32846e-05,
            "E[P_z(22)]": 2.29639e-05,
            "E[P_z(23)]": 2.06152e-05,
            "E[P_z(24)]": 2.59516e-05,
            "E[P_z(25)]": 1.95232e-05,
            "E[P_z(26)]": 2.61058e-05,
            "E[P_z(27)]": 1.96344e-05,
            "E[P_z(28)]": 3.36317e-05,
            "E[P_z(29)]": 5.26326e-05,
            "E[D_z]": null,
            "E[mis_z]": null
        },
        {
            "E[P_z(1)]": 0.0007185859,
            "E[P_z(2)]": 0.0001760182,
            "E[P_z(3)]": 0.0001065121,
            "E[P_z(4)]": 6.66114e-05,
            "E[P_z(5)]": 5.4983e-05,
            "E[P_z(6)]": 4.19777e-05,
            "E[P_z(7)]": 3.55579e-05,
            "E[P_z(8)]": 3.57334e-05,
            "E[P_z(9)]": 3.95721e-05,
            "E[P_z(10)]": 2.27587e-05,
            "E[P_z(11)]": 2.2008e-05,
            "E[P_z(12)]": 2.67504e-05,
            "E[P_z(13)]": 2.45387e-05,
            "E[P_z(14)]": 1.77566e-05,
            "E[P_z(15)]": 1.76912e-05,
            "E[P_z(16)]": 1.45189e-05,
            "E[P_z(17)]": 1.17843e-05,
            "E[P_z(18)]": 1.64886e-05,
            "E[P_z(19)]": 9.4536e-06,
            "E[P_z(20)]": 1.37312e-05,
            "E[P_z(21)]": 1.18552e-05,
            "E[P_z(22)]": 1.16219e-05,
            "E[P_z(23)]": 1.03737e-05,
            "E[P_z(24)]": 1.29876e-05,
            "E[P_z(25)]": 9.7194e-06,
            "E[P_z(26)]": 1.29312e-05,
            "E[P_z(27)]": 9.6787e-06,
            "E[P_z(28)]": 1.65016e-05,
            "E[P_z(29)]": 2.57096e-05,
            "E[D_z]": null,
            "E[mis_z]": null
        }
    ],
    "alpha": 0.02105740483805169,
    "execution_time": 955.1867337226868
}