{
    "py/object": "fastdfe.polydfe.PolyDFE",
    "logger": {
        "py/reduce": [
            {
                "py/function": "logging.getLogger"
            },
            {
                "py/tuple": [
                    "fastdfe.PolyDFE"
                ]
            }
        ]
    },
    "bootstraps": null,
    "config": {
        "py/object": "fastdfe.config.Config",
        "data": {
            "model": "GammaExpParametrization",
            "intervals_del": {
                "py/tuple": [
                    -100000000.0,
                    -1e-05,
                    1000
                ]
            },
            "intervals_ben": {
                "py/tuple": [
                    1e-05,
                    10000.0,
                    1000
                ]
            },
            "integration_mode": "midpoint",
            "linearized": true,
            "seed": 0,
            "opts_mle": {},
            "n_runs": 10,
            "x0": {
                "all": {
                    "S_b": 0.1083917,
                    "S_d": -45.46375,
                    "a": -1,
                    "b": 0.1287808,
                    "eps": 4.50268e-06,
                    "eps_cont": 0,
                    "lambda": 0,
                    "p_b": 0.009184894,
                    "r": [
                        0.5642878,
                        0.496756,
                        0.4953868,
                        0.4840476,
                        0.4906511,
                        0.4906073,
                        0.5437098,
                        0.5553355,
                        0.5124802,
                        0.5092361,
                        0.6175192,
                        0.5977393,
                        0.4504409,
                        0.522028,
                        0.3860458,
                        0.4756257,
                        0.5506624,
                        0.3834732,
                        0.531485,
                        0.4975372,
                        0.5880576,
                        0.5381713,
                        0.7063446,
                        0.5665509,
                        0.6574706,
                        0.6611074,
                        0.9643355,
                        1.73894
                    ],
                    "theta_bar": 0.0009259123
                }
            },
            "bounds": {},
            "scales": {},
            "fixed_params": {},
            "shared_params": [],
            "covariates": [],
            "sfs_neut": {
                "py/object": "fastdfe.spectrum.Spectra",
                "data": {
                    "all": [
                        1037582.3337252,
                        923.0,
                        268.0,
                        186.0,
                        92.0,
                        99.0,
                        74.0,
                        70.0,
                        46.0,
                        72.0,
                        32.0,
                        35.0,
                        46.0,
                        45.0,
                        37.0,
                        43.0,
                        33.0,
                        29.0,
                        42.0,
                        20.0,
                        38.0,
                        20.0,
                        23.0,
                        21.0,
                        21.0,
                        22.0,
                        22.0,
                        27.0,
                        32.0,
                        49.0,
                        0.0
                    ]
                }
            },
            "sfs_sel": {
                "py/object": "fastdfe.spectrum.Spectra",
                "data": {
                    "all": [
                        2844963.6662748,
                        2064.0,
                        490.0,
                        283.0,
                        206.0,
                        150.0,
                        118.0,
                        94.0,
                        120.0,
                        113.0,
                        75.0,
                        69.0,
                        81.0,
                        72.0,
                        48.0,
                        42.0,
                        37.0,
                        28.0,
                        38.0,
                        26.0,
                        29.0,
                        38.0,
                        34.0,
                        30.0,
                        43.0,
                        26.0,
                        42.0,
                        21.0,
                        50.0,
                        79.0,
                        0.0
                    ]
                }
            },
            "do_bootstrap": false,
            "n_bootstraps": 10,
            "parallelize": false,
            "loss_type": "likelihood"
        }
    },
    "output_file": null,
    "execution_time": 955.1867337226868,
    "summary": {
        "py/object": "fastdfe.polydfe.PolyDFEResult",
        "output_file": "results/polydfe/hgdp/inference/1/opts.n.30.config.default/bootstraps/24/all.polydfe.txt",
        "postprocessing_source": "../resources/polydfe/postprocessing/script.R",
        "data": {
            "output_file": "/scratch/40841744/tmpzaqy3dx6",
            "model": "C",
            "likelihood": -198.3818,
            "criteria": 6e-05,
            "params_mle": {
                "eps": 4.50422e-06,
                "eps_cont": 0,
                "lambda": 0,
                "theta_bar": 0.0009032179,
                "a": -1,
                "S_d": -26.26524,
                "b": 0.1623499,
                "p_b": 0.009176624,
                "S_b": 0.1083478,
                "r": [
                    0.5459595,
                    0.5285148,
                    0.4606654,
                    0.4914169,
                    0.4623303,
                    0.4670531,
                    0.5465496,
                    0.6921053,
                    0.448687,
                    0.4834759,
                    0.6486144,
                    0.651487,
                    0.5127017,
                    0.5523024,
                    0.4875993,
                    0.4238409,
                    0.6326176,
                    0.3855553,
                    0.5934206,
                    0.5413667,
                    0.5593357,
                    0.5249525,
                    0.6895709,
                    0.5403702,
                    0.7514694,
                    0.5869133,
                    1.042561,
                    1.689775
                ]
            },
            "n": 30,
            "expec": [
                {
                    "E[P_z(1)]": 0.0009032141,
                    "E[P_z(2)]": 0.0002465593,
                    "E[P_z(3)]": 0.0001591207,
                    "E[P_z(4)]": 0.00010402,
                    "E[P_z(5)]": 8.8771e-05,
                    "E[P_z(6)]": 6.95973e-05,
                    "E[P_z(7)]": 6.02642e-05,
                    "E[P_z(8)]": 6.17065e-05,
                    "E[P_z(9)]": 6.94578e-05,
                    "E[P_z(10)]": 4.05261e-05,
                    "E[P_z(11)]": 3.96985e-05,
                    "E[P_z(12)]": 4.88199e-05,
                    "E[P_z(13)]": 4.52641e-05,
                    "E[P_z(14)]": 3.30772e-05,
                    "E[P_z(15)]": 3.32566e-05,
                    "E[P_z(16)]": 2.75255e-05,
                    "E[P_z(17)]": 2.2519e-05,
                    "E[P_z(18)]": 3.17441e-05,
                    "E[P_z(19)]": 1.83285e-05,
                    "E[P_z(20)]": 2.67995e-05,
                    "E[P_z(21)]": 2.32846e-05,
                    "E[P_z(22)]": 2.29639e-05,
                    "E[P_z(23)]": 2.06152e-05,
                    "E[P_z(24)]": 2.59516e-05,
                    "E[P_z(25)]": 1.95232e-05,
                    "E[P_z(26)]": 2.61058e-05,