{
    "py/object": "fastdfe.polydfe.PolyDFE",
    "logger": {
        "py/reduce": [
            {
                "py/function": "logging.getLogger"
            },
            {
                "py/tuple": [
                    "fastdfe.PolyDFE"
                ]
            }
        ]
    },
    "bootstraps": null,
    "config": {
        "py/object": "fastdfe.config.Config",
        "data": {
            "model": "GammaExpParametrization",
            "intervals_del": {
                "py/tuple": [
                    -100000000.0,
                    -1e-05,
                    1000
                ]
            },
            "intervals_ben": {
                "py/tuple": [
                    1e-05,
                    10000.0,
                    1000
                ]
            },
            "integration_mode": "midpoint",
            "linearized": true,
            "seed": 0,
            "opts_mle": {},
            "n_runs": 10,
            "x0": {
                "all": {
                    "S_b": 0.05328228,
                    "S_d": -33.44406,
                    "a": -1,
                    "b": 0.1398527,
                    "eps": 4.50451e-06,
                    "eps_cont": 0,
                    "lambda": 0,
                    "p_b": 0.005009714,
                    "r": [
                        0.5834314,
                        0.499803,
                        0.5581096,
                        0.5076067,
                        0.557493,
                        0.6522272,
                        0.6050956,
                        0.5227928,
                        0.5765882,
                        0.4982845,
                        0.5150672,
                        0.5206269,
                        0.482151,
                        0.5460091,
                        0.5199818,
                        0.523935,
                        0.5814646,
                        0.6159988,
                        0.7697745,
                        0.7047025,
                        0.6593795,
                        0.914738,
                        1.558127
                    ],
                    "theta_bar": 0.0008647194
                }
            },
            "bounds": {},
            "scales": {},
            "fixed_params": {},
            "shared_params": [],
            "covariates": [],
            "sfs_neut": {
                "py/object": "fastdfe.spectrum.Spectra",
                "data": {
                    "all": [
                        1039427.17546773,
                        885.0,
                        262.0,
                        139.0,
                        140.0,
                        78.0,
                        87.0,
                        69.0,
                        64.0,
                        45.0,
                        65.0,
                        52.0,
                        50.0,
                        29.0,
                        32.0,
                        24.0,
                        21.0,
                        35.0,
                        41.0,
                        31.0,
                        27.0,
                        19.0,
                        21.0,
                        32.0,
                        51.0,
                        0.0
                    ]
                }
            },
            "sfs_sel": {
                "py/object": "fastdfe.spectrum.Spectra",
                "data": {
                    "all": [
                        2843512.82453227,
                        1957.0,
                        484.0,
                        287.0,
                        219.0,
                        151.0,
                        117.0,
                        148.0,
                        118.0,
                        84.0,
                        73.0,
                        59.0,
                        68.0,
                        52.0,
                        41.0,
                        47.0,
                        42.0,
                        28.0,
                        43.0,
                        38.0,
                        53.0,
                        44.0,
                        34.0,
                        41.0,
                        92.0,
                        0.0
                    ]
                }
            },
            "do_bootstrap": false,
            "n_bootstraps": 10,
            "parallelize": false,
            "loss_type": "likelihood"
        }
    },
    "output_file": null,
    "execution_time": 455.85144805908203,
    "summary": {
        "py/object": "fastdfe.polydfe.PolyDFEResult",
        "output_file": "results/polydfe/hgdp/inference/1/opts.n.25.config.default/bootstraps/29/all.polydfe.txt",
        "postprocessing_source": "../resources/polydfe/postprocessing/script.R",
        "data": {
            "output_file": "/scratch/40841242/tmpxhlpy8ec",
            "model": "C",
            "likelihood": -164.3403,
            "criteria": 0.00078,
            "params_mle": {
                "eps": 4.50556e-06,
                "eps_cont": 0,
                "lambda": 0,
                "theta_bar": 0.0008586382,
                "a": -1,
                "S_d": -24.29229,
                "b": 0.1467768,
                "p_b": 0.005020182,
                "S_b": 0.0533161,
                "r": [
                    0.5624352,
                    0.5008919,
                    0.5777165,
                    0.4696105,
                    0.5096776,
                    0.6404561,
                    0.6204273,
                    0.4992513,
                    0.5982001,
                    0.5330848,
                    0.6222287,
                    0.4654521,
                    0.4541988,
                    0.4756732,
                    0.452296,
                    0.4826646,
                    0.6841611,
                    0.5955123,
                    0.7294034,
                    0.605162,
                    0.5552788,
                    0.7728997,
                    1.584495
                ]
            },
            "n": 25,
            "expec": [
                {
                    "E[P_z(1)]": 0.0008586346,
                    "E[P_z(2)]": 0.0002414632,
                    "E[P_z(3)]": 0.0001433611,
                    "E[P_z(4)]": 0.0001240119,
                    "E[P_z(5)]": 8.06449e-05,
                    "E[P_z(6)]": 7.29379e-05,
                    "E[P_z(7)]": 7.85598e-05,
                    "E[P_z(8)]": 6.65901e-05,
                    "E[P_z(9)]": 4.76306e-05,
                    "E[P_z(10)]": 5.13636e-05,
                    "E[P_z(11)]": 4.16115e-05,
                    "E[P_z(12)]": 4.45224e-05,
                    "E[P_z(13)]": 3.07428e-05,
                    "E[P_z(14)]": 2.78567e-05,
                    "E[P_z(15)]": 2.72289e-05,
                    "E[P_z(16)]": 2.42725e-05,
                    "E[P_z(17)]": 2.43787e-05,
                    "E[P_z(18)]": 3.26361e-05,
                    "E[P_z(19)]": 2.69123e-05,
                    "E[P_z(20)]": 3.13149e-05,
                    "E[P_z(21)]": 2.4744e-05,
                    "E[P_z(22)]": 2.16725e-05,
                    "E[P_z(23)]": 2.88549e-05,
                    "E[P_z(24)]": 5.66915e-05,
                    "E[D_z]": null,
                    "E[mis_z]": null
                },
                {
                    "E[P_z(1)]": 0.0006838801,
                    "E[P_z(2)]": 0.0001736296,
                    "E[P_z(3)]": 9.71451e-05,
                    "E[P_z(4)]": 8.0702e-05,
                    "E[P_z(5)]": 5.09139e-05,
                    "E[P_z(6)]": 4.49519e-05,
                    "E[P_z(7)]": 4.74607e-05,
                    "E[P_z(8)]": 3.95518e-05,
                    "E[P_z(9)]": 2.78755e-05,
                    "E[P_z(10)]": 2.96697e-05,
                    "E[P_z(11)]": 2.37562e-05,
                    "E[P_z(12)]": 2.51494e-05,
                    "E[P_z(13)]": 1.71976e-05,