{
    "output_file": "/scratch/40841660/tmp6cz0otdq",
    "model": "C",
    "likelihood": -193.4108,
    "criteria": 0.00039,
    "params_mle": {
        "eps": 4.50343e-06,
        "eps_cont": 0,
        "lambda": 0,
        "theta_bar": 0.0009391431,
        "a": -1,
        "S_d": -56.46297,
        "b": 0.1366671,
        "p_b": 0.009125851,
        "S_b": 0.1081819,
        "r": [
            0.5578715,
            0.4873667,
            0.5095797,
            0.4649631,
            0.4875104,
            0.5107377,
            0.5570736,
            0.6209279,
            0.5346549,
            0.5009501,
            0.6446523,
            0.6205131,
            0.5420222,
            0.4755445,
            0.407517,
            0.5143792,
            0.3618912,
            0.4077613,
            0.4220406,
            0.417317,
            0.5718876,
            0.6095604,
            0.7109474,
            0.6223508,
            0.7854214,
            0.7464639,
            1.034438,
            1.52089
        ]
    },
    "n": 30,
    "expec": [
        {
            "E[P_z(1)]": 0.0009391391,
            "E[P_z(2)]": 0.0002619596,
            "E[P_z(3)]": 0.0001525685,
            "E[P_z(4)]": 0.0001196417,
            "E[P_z(5)]": 8.73331e-05,
            "E[P_z(6)]": 7.63068e-05,
            "E[P_z(7)]": 6.85221e-05,
            "E[P_z(8)]": 6.53963e-05,
            "E[P_z(9)]": 6.47931e-05,
            "E[P_z(10)]": 5.02116e-05,
            "E[P_z(11)]": 4.27693e-05,
            "E[P_z(12)]": 5.04516e-05,
            "E[P_z(13)]": 4.48269e-05,
            "E[P_z(14)]": 3.63597e-05,
            "E[P_z(15)]": 2.97736e-05,
            "E[P_z(16)]": 2.39199e-05,
            "E[P_z(17)]": 2.84163e-05,
            "E[P_z(18)]": 1.88817e-05,
            "E[P_z(19)]": 2.01552e-05,
            "E[P_z(20)]": 1.9818e-05,
            "E[P_z(21)]": 1.86631e-05,
            "E[P_z(22)]": 2.44131e-05,
            "E[P_z(23)]": 2.489e-05,
            "E[P_z(24)]": 2.78203e-05,
            "E[P_z(25)]": 2.33793e-05,
            "E[P_z(26)]": 2.83705e-05,
            "E[P_z(27)]": 2.59649e-05,
            "E[P_z(28)]": 3.46969e-05,
            "E[P_z(29)]": 4.92569e-05,
            "E[D_z]": null,
            "E[mis_z]": null
        },
        {
            "E[P_z(1)]": 0.0007037084,
            "E[P_z(2)]": 0.000176015,
            "E[P_z(3)]": 9.66188e-05,
            "E[P_z(4)]": 7.2844e-05,
            "E[P_z(5)]": 5.16466e-05,
            "E[P_z(6)]": 4.41e-05,
            "E[P_z(7)]": 3.88578e-05,
            "E[P_z(8)]": 3.64936e-05,
            "E[P_z(9)]": 3.56561e-05,
            "E[P_z(10)]": 2.72935e-05,
            "E[P_z(11)]": 2.29934e-05,
            "E[P_z(12)]": 2.68546e-05,
            "E[P_z(13)]": 2.36447e-05,
            "E[P_z(14)]": 1.90188e-05,
            "E[P_z(15)]": 1.54536e-05,
            "E[P_z(16)]": 1.23261e-05,
            "E[P_z(17)]": 1.45448e-05,
            "E[P_z(18)]": 9.6036e-06,
            "E[P_z(19)]": 1.01903e-05,
            "E[P_z(20)]": 9.9634e-06,
            "E[P_z(21)]": 9.3326e-06,
            "E[P_z(22)]": 1.21459e-05,
            "E[P_z(23)]": 1.23231e-05,
            "E[P_z(24)]": 1.371e-05,
            "E[P_z(25)]": 1.14703e-05,
            "E[P_z(26)]": 1.38598e-05,
            "E[P_z(27)]": 1.26326e-05,
            "E[P_z(28)]": 1.68145e-05,
            "E[P_z(29)]": 2.37804e-05,
            "E[D_z]": null,
            "E[mis_z]": null
        }
    ],
    "alpha": 0.02125579763127675,
    "execution_time": 446.8155906200409
}