{
    "output_file": "/scratch/40840301/tmpgckj8y53",
    "model": "C",
    "likelihood": -65.97187,
    "criteria": 8e-05,
    "params_mle": {
        "eps": 4.49984e-06,
        "eps_cont": 0,
        "lambda": 0,
        "theta_bar": 0.0007862669,
        "a": -1,
        "S_d": -122.1639,
        "b": 0.08960528,
        "p_b": 0.0009289687,
        "S_b": 0.007920237,
        "r": [
            0.722496,
            0.7469979,
            0.7311887,
            0.7094522,
            0.7169887,
            0.7314041,
            0.8091644,
            0.8687384
        ]
    },
    "n": 10,
    "expec": [
        {
            "E[P_z(1)]": 0.0007862637,
            "E[P_z(2)]": 0.0002840364,
            "E[P_z(3)]": 0.0001957794,
            "E[P_z(4)]": 0.0001437272,
            "E[P_z(5)]": 0.0001115638,
            "E[P_z(6)]": 9.39576e-05,
            "E[P_z(7)]": 8.21546e-05,
            "E[P_z(8)]": 7.95283e-05,
            "E[P_z(9)]": 7.58988e-05,
            "E[D_z]": null,
            "E[mis_z]": null
        },
        {
            "E[P_z(1)]": 0.0005435786,
            "E[P_z(2)]": 0.0001810483,
            "E[P_z(3)]": 0.0001200035,
            "E[P_z(4)]": 8.58985e-05,
            "E[P_z(5)]": 6.54455e-05,
            "E[P_z(6)]": 5.43121e-05,
            "E[P_z(7)]": 4.69143e-05,
            "E[P_z(8)]": 4.49446e-05,
            "E[P_z(9)]": 4.25058e-05,
            "E[D_z]": null,
            "E[mis_z]": null
        }
    ],
    "alpha": 0.0026949010940995628,
    "execution_time": 218.23759984970093
}