{
    "py/object": "fastdfe.polydfe.PolyDFE",
    "logger": {
        "py/reduce": [
            {
                "py/function": "logging.getLogger"
            },
            {
                "py/tuple": [
                    "fastdfe.PolyDFE"
                ]
            }
        ]
    },
    "bootstraps": null,
    "config": {
        "py/object": "fastdfe.config.Config",
        "data": {
            "model": "GammaExpParametrization",
            "intervals_del": {
                "py/tuple": [
                    -100000000.0,
                    -1e-05,
                    1000
                ]
            },
            "intervals_ben": {
                "py/tuple": [
                    1e-05,
                    10000.0,
                    1000
                ]
            },
            "integration_mode": "midpoint",
            "linearized": true,
            "seed": 0,
            "opts_mle": {},
            "n_runs": 10,
            "x0": {
                "all": {
                    "S_b": 1.562568,
                    "S_d": -22188.79,
                    "a": -1,
                    "b": 0.1916524,
                    "eps": 0.007632547,
                    "eps_cont": 0,
                    "lambda": 0,
                    "p_b": 0.04617354,
                    "r": [
                        0.8275426,
                        0.7254075,
                        0.6568578,
                        0.602303,
                        0.5558673,
                        0.5172334,
                        0.4889478,
                        0.4709818,
                        0.4671859,
                        0.4710718,
                        0.4770928,
                        0.4916403,
                        0.5096436,
                        0.5365832,
                        0.5691288,
                        0.6256435,
                        0.7473002,
                        1.000285
                    ],
                    "theta_bar": 0.007669351
                }
            },
            "bounds": {},
            "scales": {},
            "fixed_params": {
                "all": {}
            },
            "shared_params": [],
            "covariates": [],
            "sfs_neut": {
                "py/object": "fastdfe.spectrum.Spectra",
                "data": {
                    "all": [
                        257386.66666666698,
                        1980.0,
                        860.0,
                        459.0,
                        308.0,
                        230.0,
                        212.0,
                        149.0,
                        112.0,
                        105.0,
                        86.0,
                        83.0,
                        83.0,
                        62.0,
                        72.0,
                        60.0,
                        73.0,
                        71.0,
                        96.0,
                        105.0,
                        0.0
                    ]
                }
            },
            "sfs_sel": {
                "py/object": "fastdfe.spectrum.Spectra",
                "data": {
                    "all": [
                        956893.333333333,
                        1871.0,
                        665.0,
                        332.0,
                        235.0,
                        180.0,
                        125.0,
                        106.0,
                        85.0,
                        64.0,
                        65.0,
                        53.0,
                        54.0,
                        47.0,
                        48.0,
                        57.0,
                        52.0,
                        54.0,
                        61.0,
                        96.0,
                        0.0
                    ]
                }
            },
            "do_bootstrap": null,
            "n_bootstraps": 10,
            "parallelize": true,
            "loss_type": "likelihood"
        }
    },
    "output_file": null,
    "execution_time": 1448.699580192566,
    "summary": {
        "py/object": "fastdfe.polydfe.PolyDFEResult",
        "output_file": "results/polydfe/pendula_C_full_anc/bootstraps/41/out.txt",
        "postprocessing_source": "../resources/polydfe/postprocessing/script.R",
        "data": {
            "output_file": "/scratch/38996465/tmp6gjz7feu",
            "model": "C",
            "likelihood": -131.7474,
            "criteria": 9e-05,
            "params_mle": {
                "eps": 0.0408084,
                "eps_cont": 0,
                "lambda": 0,
                "theta_bar": 0.007858401,
                "a": -1,
                "S_d": -1288.674,
                "b": 0.6389374,
                "p_b": 0.1696548,
                "S_b": 0.2246884,
                "r": [
                    0.8655734,
                    0.6875076,
                    0.6334267,
                    0.5993992,
                    0.5910162,
                    0.5208775,
                    0.4548264,
                    0.436877,
                    0.429837,
                    0.4209873,
                    0.4581759,
                    0.3783812,
                    0.4381184,
                    0.4417081,
                    0.4815142,
                    0.4578715,
                    0.4891284,
                    0.2064881
                ]
            },
            "n": 20,
            "expec": [
                {
                    "E[P_z(1)]": 0.007541197,
                    "E[P_z(2)]": 0.003270936,
                    "E[P_z(3)]": 0.001736049,
                    "E[P_z(4)]": 0.001203298,
                    "E[P_z(5)]": 0.0009130631,
                    "E[P_z(6)]": 0.0007525206,
                    "E[P_z(7)]": 0.0005702233,
                    "E[P_z(8)]": 0.0004407881,
                    "E[P_z(9)]": 0.000378168,
                    "E[P_z(10)]": 0.0003377831,
                    "E[P_z(11)]": 0.0003040469,
                    "E[P_z(12)]": 0.000306032,
                    "E[P_z(13)]": 0.0002432573,
                    "E[P_z(14)]": 0.0002674752,
                    "E[P_z(15)]": 0.0002604087,
                    "E[P_z(16)]": 0.0002776279,
                    "E[P_z(17)]": 0.0002765098,
                    "E[P_z(18)]": 0.0003436181,
                    "E[P_z(19)]": 0.0004026071,
                    "E[D_z]": null,
                    "E[mis_z]": null
                },
                {
                    "E[P_z(1)]": 0.00194655,
                    "E[P_z(2)]": 0.0006928116,
                    "E[P_z(3)]": 0.0003486877,
                    "E[P_z(4)]": 0.0002362032,
                    "E[P_z(5)]": 0.0001771165,
                    "E[P_z(6)]": 0.00014503,
                    "E[P_z(7)]": 0.000109521,
                    "E[P_z(8)]": 8.45381e-05,
                    "E[P_z(9)]": 7.25149e-05,
                    "E[P_z(10)]": 6.48196e-05,
                    "E[P_z(11)]": 5.84295e-05,
                    "E[P_z(12)]": 5.8928e-05,
                    "E[P_z(13)]": 4.69486e-05,
                    "E[P_z(14)]": 5.17729e-05,
                    "E[P_z(15)]": 5.05873e-05,
                    "E[P_z(16)]": 5.4204e-05,
                    "E[P_z(17)]": 5.45014e-05,
                    "E[P_z(18)]": 6.96558e-05,
                    "E[P_z(19)]": 9.8952e-05,
                    "E[D_z]": null,
                    "E[mis_z]": null
                }
            ],
            "alpha": 0.9550661640002821,
            "execution_time": 1448.699580192566
        }
    }
}