{
    "output_file": "/scratch/40841256/tmpzjqp1qs3",
    "model": "C",
    "likelihood": -143.2012,
    "criteria": 0.00162,
    "params_mle": {
        "eps": 4.49732e-06,
        "eps_cont": 0,
        "lambda": 0,
        "theta_bar": 0.0008424783,
        "a": -1,
        "S_d": -69.24628,
        "b": 0.1153718,
        "p_b": 0.003902351,
        "S_b": 0.03799857,
        "r": [
            0.5828099,
            0.5751049,
            0.5581605,
            0.5142872,
            0.5848459,
            0.567399,
            0.4777827,
            0.6471526,
            0.5051395,
            0.6443398,
            0.5850434,
            0.4625216,
            0.5651662,
            0.5450165,
            0.6208667,
            0.6778601,
            0.65225,
            1.461772
        ]
    },
    "n": 20,
    "expec": [
        {
            "E[P_z(1)]": 0.0008424748,
            "E[P_z(2)]": 0.0002455014,
            "E[P_z(3)]": 0.0001615039,
            "E[P_z(4)]": 0.0001175592,
            "E[P_z(5)]": 8.66549e-05,
            "E[P_z(6)]": 8.21198e-05,
            "E[P_z(7)]": 6.82886e-05,
            "E[P_z(8)]": 5.03152e-05,
            "E[P_z(9)]": 6.05791e-05,
            "E[P_z(10)]": 4.25569e-05,
            "E[P_z(11)]": 4.93494e-05,
            "E[P_z(12)]": 4.10739e-05,
            "E[P_z(13)]": 2.99744e-05,
            "E[P_z(14)]": 3.40102e-05,
            "E[P_z(15)]": 3.06112e-05,
            "E[P_z(16)]": 3.26921e-05,
            "E[P_z(17)]": 3.35937e-05,
            "E[P_z(18)]": 3.05291e-05,
            "E[P_z(19)]": 6.48199e-05,
            "E[D_z]": null,
            "E[mis_z]": null
        },
        {
            "E[P_z(1)]": 0.0006124231,
            "E[P_z(2)]": 0.0001615823,
            "E[P_z(3)]": 0.0001010139,
            "E[P_z(4)]": 7.11202e-05,
            "E[P_z(5)]": 5.11549e-05,
            "E[P_z(6)]": 4.75503e-05,
            "E[P_z(7)]": 3.89174e-05,
            "E[P_z(8)]": 2.82894e-05,
            "E[P_z(9)]": 3.36624e-05,
            "E[P_z(10)]": 2.34032e-05,
            "E[P_z(11)]": 2.6887e-05,
            "E[P_z(12)]": 2.21901e-05,
            "E[P_z(13)]": 1.60691e-05,
            "E[P_z(14)]": 1.81034e-05,
            "E[P_z(15)]": 1.6187e-05,
            "E[P_z(16)]": 1.71812e-05,
            "E[P_z(17)]": 1.75536e-05,
            "E[P_z(18)]": 1.5866e-05,
            "E[P_z(19)]": 3.3515e-05,
            "E[D_z]": null,
            "E[mis_z]": null
        }
    ],
    "alpha": 0.00885450934931677,
    "execution_time": 396.38029885292053
}