{
    "py/object": "fastdfe.polydfe.PolyDFE",
    "logger": {
        "py/reduce": [
            {
                "py/function": "logging.getLogger"
            },
            {
                "py/tuple": [
                    "fastdfe.PolyDFE"
                ]
            }
        ]
    },
    "bootstraps": null,
    "config": {
        "py/object": "fastdfe.config.Config",
        "data": {
            "model": "GammaExpParametrization",
            "intervals_del": {
                "py/tuple": [
                    -100000000.0,
                    -1e-05,
                    1000
                ]
            },
            "intervals_ben": {
                "py/tuple": [
                    1e-05,
                    10000.0,
                    1000
                ]
            },
            "integration_mode": "midpoint",
            "linearized": true,
            "seed": 0,
            "opts_mle": {},
            "n_runs": 10,
            "x0": {
                "all": {
                    "S_b": 0.03800569,
                    "S_d": -68.01433,
                    "a": -1,
                    "b": 0.1127644,
                    "eps": 4.49744e-06,
                    "eps_cont": 0,
                    "lambda": 0,
                    "p_b": 0.003905648,
                    "r": [
                        0.5669393,
                        0.5649833,
                        0.5475162,
                        0.4995644,
                        0.5648594,
                        0.6039999,
                        0.4662727,
                        0.5802472,
                        0.5323765,
                        0.5838853,
                        0.5587549,
                        0.5490204,
                        0.5681745,
                        0.5012596,
                        0.6027202,
                        0.6738647,
                        0.7739941,
                        1.427315
                    ],
                    "theta_bar": 0.0008503307
                }
            },
            "bounds": {},
            "scales": {},
            "fixed_params": {},
            "shared_params": [],
            "covariates": [],
            "sfs_neut": {
                "py/object": "fastdfe.spectrum.Spectra",
                "data": {
                    "all": [
                        1040423.81958835,
                        901.0,
                        239.0,
                        163.0,
                        111.0,
                        94.0,
                        71.0,
                        86.0,
                        59.0,
                        56.0,
                        35.0,
                        57.0,
                        49.0,
                        38.0,
                        28.0,
                        34.0,
                        49.0,
                        30.0,
                        21.0,
                        75.0,
                        0.0
                    ]
                }
            },
            "sfs_sel": {
                "py/object": "fastdfe.spectrum.Spectra",
                "data": {
                    "all": [
                        2843090.18041165,
                        1721.0,
                        477.0,
                        293.0,
                        214.0,
                        142.0,
                        150.0,
                        96.0,
                        74.0,
                        103.0,
                        76.0,
                        71.0,
                        57.0,
                        39.0,
                        59.0,
                        44.0,
                        34.0,
                        55.0,
                        56.0,
                        88.0,
                        0.0
                    ]
                }
            },
            "do_bootstrap": false,
            "n_bootstraps": 10,
            "parallelize": false,
            "loss_type": "likelihood"
        }
    },
    "output_file": null,
    "execution_time": 396.38029885292053,
    "summary": {
        "py/object": "fastdfe.polydfe.PolyDFEResult",
        "output_file": "results/polydfe/hgdp/inference/1/opts.n.20.config.default/bootstraps/46/all.polydfe.txt",
        "postprocessing_source": "../resources/polydfe/postprocessing/script.R",
        "data": {
            "output_file": "/scratch/40841256/tmpzjqp1qs3",
            "model": "C",
            "likelihood": -143.2012,
            "criteria": 0.00162,
            "params_mle": {
                "eps": 4.49732e-06,
                "eps_cont": 0,
                "lambda": 0,
                "theta_bar": 0.0008424783,
                "a": -1,
                "S_d": -69.24628,
                "b": 0.1153718,
                "p_b": 0.003902351,
                "S_b": 0.03799857,
                "r": [
                    0.5828099,
                    0.5751049,
                    0.5581605,
                    0.5142872,
                    0.5848459,
                    0.567399,
                    0.4777827,
                    0.6471526,
                    0.5051395,
                    0.6443398,
                    0.5850434,
                    0.4625216,
                    0.5651662,
                    0.5450165,
                    0.6208667,
                    0.6778601,
                    0.65225,
                    1.461772
                ]
            },
            "n": 20,
            "expec": [
                {
                    "E[P_z(1)]": 0.0008424748,
                    "E[P_z(2)]": 0.0002455014,
                    "E[P_z(3)]": 0.0001615039,
                    "E[P_z(4)]": 0.0001175592,
                    "E[P_z(5)]": 8.66549e-05,
                    "E[P_z(6)]": 8.21198e-05,
                    "E[P_z(7)]": 6.82886e-05,
                    "E[P_z(8)]": 5.03152e-05,
                    "E[P_z(9)]": 6.05791e-05,
                    "E[P_z(10)]": 4.25569e-05,
                    "E[P_z(11)]": 4.93494e-05,
                    "E[P_z(12)]": 4.10739e-05,
                    "E[P_z(13)]": 2.99744e-05,
                    "E[P_z(14)]": 3.40102e-05,
                    "E[P_z(15)]": 3.06112e-05,
                    "E[P_z(16)]": 3.26921e-05,
                    "E[P_z(17)]": 3.35937e-05,
                    "E[P_z(18)]": 3.05291e-05,
                    "E[P_z(19)]": 6.48199e-05,
                    "E[D_z]": null,
                    "E[mis_z]": null
                },
                {
                    "E[P_z(1)]": 0.0006124231,
                    "E[P_z(2)]": 0.0001615823,
                    "E[P_z(3)]": 0.0001010139,
                    "E[P_z(4)]": 7.11202e-05,
                    "E[P_z(5)]": 5.11549e-05,
                    "E[P_z(6)]": 4.75503e-05,
                    "E[P_z(7)]": 3.89174e-05,
                    "E[P_z(8)]": 2.82894e-05,
                    "E[P_z(9)]": 3.36624e-05,
                    "E[P_z(10)]": 2.34032e-05,
                    "E[P_z(11)]": 2.6887e-05,
                    "E[P_z(12)]": 2.21901e-05,
                    "E[P_z(13)]": 1.60691e-05,
                    "E[P_z(14)]": 1.81034e-05,
                    "E[P_z(15)]": 1.6187e-05,
                    "E[P_z(16)]": 1.71812e-05,
                    "E[P_z(17)]": 1.75536e-05,
                    "E[P_z(18)]": 1.5866e-05,
                    "E[P_z(19)]": 3.3515e-05,
                    "E[D_z]": null,
                    "E[mis_z]": null
                }
            ],
            "alpha": 0.00885450934931677,
            "execution_time": 396.38029885292053
        }
    }
}