{
    "py/object": "fastdfe.polydfe.PolyDFE",
    "logger": {
        "py/reduce": [
            {
                "py/function": "logging.getLogger"
            },
            {
                "py/tuple": [
                    "fastdfe.PolyDFE"
                ]
            }
        ]
    },
    "bootstraps": null,
    "config": {
        "py/object": "fastdfe.config.Config",
        "data": {
            "model": "GammaExpParametrization",
            "intervals_del": {
                "py/tuple": [
                    -100000000.0,
                    -1e-05,
                    1000
                ]
            },
            "intervals_ben": {
                "py/tuple": [
                    1e-05,
                    10000.0,
                    1000
                ]
            },
            "integration_mode": "midpoint",
            "linearized": true,
            "seed": 0,
            "opts_mle": {},
            "n_runs": 10,
            "x0": {
                "all": {
                    "S_b": 0.05627203,
                    "S_d": -26.88451,
                    "a": -1,
                    "b": 0.1464485,
                    "eps": 4.50288e-06,
                    "eps_cont": 0,
                    "lambda": 0,
                    "p_b": 0.004419742,
                    "r": [
                        0.4932568,
                        0.4490162,
                        0.411058,
                        0.4293708,
                        0.4059378,
                        0.3950674,
                        0.4836194,
                        0.4412304,
                        0.4459431,
                        0.5171633,
                        0.4880109,
                        0.499798,
                        0.5114526,
                        0.4705895,
                        0.3840001,
                        0.3914661,
                        0.4942643,
                        0.4410675,
                        0.4295933,
                        0.3836019,
                        0.3386893,
                        0.4566943,
                        0.4425798,
                        0.4623484,
                        0.424307,
                        0.4116725,
                        0.4906384,
                        0.4335386,
                        0.4045893,
                        0.5819833,
                        0.4816641,
                        0.5724359,
                        0.5396078,
                        0.5300813,
                        0.62822,
                        0.8578236,
                        0.810246,
                        2.052769
                    ],
                    "theta_bar": 0.001050261
                }
            },
            "bounds": {},
            "scales": {},
            "fixed_params": {},
            "shared_params": [],
            "covariates": [],
            "sfs_neut": {
                "py/object": "fastdfe.spectrum.Spectra",
                "data": {
                    "all": [
                        1037967.33330917,
                        1086.0,
                        277.0,
                        150.0,
                        128.0,
                        68.0,
                        92.0,
                        53.0,
                        64.0,
                        43.0,
                        49.0,
                        44.0,
                        42.0,
                        41.0,
                        51.0,
                        31.0,
                        26.0,
                        34.0,
                        21.0,
                        25.0,
                        34.0,
                        19.0,
                        14.0,
                        16.0,
                        18.0,
                        26.0,
                        13.0,
                        24.0,
                        18.0,
                        15.0,
                        19.0,
                        17.0,
                        18.0,
                        25.0,
                        15.0,
                        18.0,
                        26.0,
                        16.0,
                        11.0,
                        51.0,
                        0.0
                    ]
                }
            },
            "sfs_sel": {
                "py/object": "fastdfe.spectrum.Spectra",
                "data": {
                    "all": [
                        2843476.66669083,
                        2492.0,
                        508.0,
                        327.0,
                        227.0,
                        167.0,
                        123.0,
                        131.0,
                        115.0,
                        92.0,
                        93.0,
                        91.0,
                        61.0,
                        73.0,
                        52.0,
                        49.0,
                        41.0,
                        37.0,
                        46.0,
                        45.0,
                        32.0,
                        32.0,
                        32.0,
                        25.0,
                        27.0,
                        27.0,
                        23.0,
                        24.0,
                        39.0,
                        18.0,
                        14.0,
                        24.0,
                        29.0,
                        36.0,
                        17.0,
                        24.0,
                        13.0,
                        49.0,
                        37.0,
                        85.0,
                        0.0
                    ]
                }
            },
            "do_bootstrap": false,
            "n_bootstraps": 10,
            "parallelize": false,
            "loss_type": "likelihood"
        }
    },
    "output_file": null,
    "execution_time": 1151.5528151988983,
    "summary": {
        "py/object": "fastdfe.polydfe.PolyDFEResult",
        "output_file": "results/polydfe/hgdp/inference/1/opts.n.40.config.default/bootstraps/86/all.polydfe.txt",
        "postprocessing_source": "../resources/polydfe/postprocessing/script.R",
        "data": {
            "output_file": "/scratch/40841818/tmplgb3m2ow",
            "model": "C",
            "likelihood": -255.7466,
            "criteria": 8e-05,
            "params_mle": {
                "eps": 4.50463e-06,
                "eps_cont": 0,
                "lambda": 0,
                "theta_bar": 0.001050714,
                "a": -1,
                "S_d": -27.11438,
                "b": 0.1334557,
                "p_b": 0.004422763,
                "S_b": 0.05628754,
                "r": [
                    0.4663742,
                    0.440552,
                    0.4479555,
                    0.3774707,
                    0.4204403,
                    0.4248036,
                    0.4770635,
                    0.4083165,
                    0.4808729,
                    0.5063446,
                    0.4240539,
                    0.511306,
                    0.5000736,
                    0.4181305,
                    0.3751856,
                    0.4241754,
                    0.4254655,
                    0.4709121,
                    0.4689747,
                    0.3817459,
                    0.3618295,
                    0.3381448,
                    0.3883584,
                    0.4777328,
                    0.3383393,
                    0.4696271,
                    0.5797032,
                    0.3483918,
                    0.3611965,
                    0.4646979,
                    0.5510173,
                    0.7389545,
                    0.4001558,
                    0.5416623,
                    0.5182634,
                    0.889328,
                    0.6756048,
                    1.967743
                ]
            },