{
    "py/object": "fastdfe.polydfe.PolyDFE",
    "logger": {
        "py/reduce": [
            {
                "py/function": "logging.getLogger"
            },
            {
                "py/tuple": [
                    "fastdfe.PolyDFE"
                ]
            }
        ]
    },
    "bootstraps": null,
    "config": {
        "py/object": "fastdfe.config.Config",
        "data": {
            "model": "GammaExpParametrization",
            "intervals_del": {
                "py/tuple": [
                    -100000000.0,
                    -1e-05,
                    1000
                ]
            },
            "intervals_ben": {
                "py/tuple": [
                    1e-05,
                    10000.0,
                    1000
                ]
            },
            "integration_mode": "midpoint",
            "linearized": true,
            "seed": 0,
            "opts_mle": {},
            "n_runs": 10,
            "x0": {
                "all": {
                    "S_b": 0.1083917,
                    "S_d": -45.46375,
                    "a": -1,
                    "b": 0.1287808,
                    "eps": 4.50268e-06,
                    "eps_cont": 0,
                    "lambda": 0,
                    "p_b": 0.009184894,
                    "r": [
                        0.5642878,
                        0.496756,
                        0.4953868,
                        0.4840476,
                        0.4906511,
                        0.4906073,
                        0.5437098,
                        0.5553355,
                        0.5124802,
                        0.5092361,
                        0.6175192,
                        0.5977393,
                        0.4504409,
                        0.522028,
                        0.3860458,
                        0.4756257,
                        0.5506624,
                        0.3834732,
                        0.531485,
                        0.4975372,
                        0.5880576,
                        0.5381713,
                        0.7063446,
                        0.5665509,
                        0.6574706,
                        0.6611074,
                        0.9643355,
                        1.73894
                    ],
                    "theta_bar": 0.0009259123
                }
            },
            "bounds": {},
            "scales": {},
            "fixed_params": {},
            "shared_params": [],
            "covariates": [],
            "sfs_neut": {
                "py/object": "fastdfe.spectrum.Spectra",
                "data": {
                    "all": [
                        1037483.3337252,
                        956.0,
                        280.0,
                        152.0,
                        104.0,
                        107.0,
                        83.0,
                        97.0,
                        53.0,
                        60.0,
                        56.0,
                        59.0,
                        45.0,
                        41.0,
                        40.0,
                        37.0,
                        25.0,
                        34.0,
                        29.0,
                        12.0,
                        36.0,
                        20.0,
                        26.0,
                        20.0,
                        34.0,
                        33.0,
                        32.0,
                        22.0,
                        28.0,
                        45.0,
                        0.0
                    ]
                }
            },
            "sfs_sel": {
                "py/object": "fastdfe.spectrum.Spectra",
                "data": {
                    "all": [
                        2844905.6662748,
                        1999.0,
                        472.0,
                        306.0,
                        225.0,
                        159.0,
                        161.0,
                        112.0,
                        118.0,
                        114.0,
                        75.0,
                        68.0,
                        61.0,
                        67.0,
                        52.0,
                        49.0,
                        28.0,
                        41.0,
                        51.0,
                        28.0,
                        37.0,
                        44.0,
                        33.0,
                        34.0,
                        43.0,
                        34.0,
                        32.0,
                        31.0,
                        51.0,
                        79.0,
                        0.0
                    ]
                }
            },
            "do_bootstrap": false,
            "n_bootstraps": 10,
            "parallelize": false,
            "loss_type": "likelihood"
        }
    },
    "output_file": null,
    "execution_time": 355.6558372974396,
    "summary": {
        "py/object": "fastdfe.polydfe.PolyDFEResult",
        "output_file": "results/polydfe/hgdp/inference/1/opts.n.30.config.default/bootstraps/63/all.polydfe.txt",
        "postprocessing_source": "../resources/polydfe/postprocessing/script.R",
        "data": {
            "output_file": "/scratch/40841710/tmp7nx8d_ll",
            "model": "C",
            "likelihood": -193.6333,
            "criteria": 0.00182,
            "params_mle": {
                "eps": 4.50358e-06,
                "eps_cont": 0,
                "lambda": 0,
                "theta_bar": 0.000920698,
                "a": -1,
                "S_d": -54.44286,
                "b": 0.1271812,
                "p_b": 0.009183053,
                "S_b": 0.1084925,
                "r": [
                    0.5444999,
                    0.51557,
                    0.5054486,
                    0.5196246,
                    0.5796729,
                    0.5856208,
                    0.5526443,
                    0.6377089,
                    0.5371325,
                    0.5763699,
                    0.5277923,
                    0.5855093,
                    0.5396434,
                    0.5428405,
                    0.3582846,
                    0.5406443,
                    0.6127723,
                    0.3246612,
                    0.6252186,
                    0.5772977,
                    0.5591698,
                    0.5364269,
                    0.8001157,
                    0.726917,
                    0.7239544,
                    0.6239484,
                    0.9666501,
                    1.574408
                ]
            },
            "n": 30,
            "expec": [
                {
                    "E[P_z(1)]": 0.0009206941,
                    "E[P_z(2)]": 0.000250659,
                    "E[P_z(3)]": 0.0001582275,
                    "E[P_z(4)]": 0.000116341,
                    "E[P_z(5)]": 9.56832e-05,
                    "E[P_z(6)]": 8.89503e-05,
                    "E[P_z(7)]": 7.70254e-05,
                    "E[P_z(8)]": 6.36021e-05,
                    "E[P_z(9)]": 6.52373e-05,
                    "E[P_z(10)]": 4.94536e-05,
                    "E[P_z(11)]": 4.82419e-05,
                    "E[P_z(12)]": 4.04947e-05,
                    "E[P_z(13)]": 4.14674e-05,
                    "E[P_z(14)]": 3.54891e-05,
                    "E[P_z(15)]": 3.33195e-05,
                    "E[P_z(16)]": 2.06171e-05,
                    "E[P_z(17)]": 2.92807e-05,
                    "E[P_z(18)]": 3.13433e-05,
                    "E[P_z(19)]": 1.57325e-05,
                    "E[P_z(20)]": 2.8782e-05,
                    "E[P_z(21)]": 2.53105e-05,
                    "E[P_z(22)]": 2.34014e-05,
                    "E[P_z(23)]": 2.14736e-05,
                    "E[P_z(24)]": 3.06946e-05,
                    "E[P_z(25)]": 2.67712e-05,