{
    "output_file": "/scratch/40840735/tmps28kg0rq",
    "model": "C",
    "likelihood": -100.0402,
    "criteria": 0.0003,
    "params_mle": {
        "eps": 4.50159e-06,
        "eps_cont": 0,
        "lambda": 0,
        "theta_bar": 0.0008504874,
        "a": -1,
        "S_d": -43.24681,
        "b": 0.1222669,
        "p_b": 0.01062888,
        "S_b": 0.09647464,
        "r": [
            0.6308004,
            0.6670222,
            0.7179406,
            0.6334509,
            0.7632074,
            0.6155358,
            0.6372248,
            0.8521279,
            0.6837328,
            0.5240948,
            0.6139847,
            0.7180819,
            1.222663
        ]
    },
    "n": 15,
    "expec": [
        {
            "E[P_z(1)]": 0.000850484,
            "E[P_z(2)]": 0.0002682429,
            "E[P_z(3)]": 0.0001890973,
            "E[P_z(4)]": 0.0001526494,
            "E[P_z(5)]": 0.0001077482,
            "E[P_z(6)]": 0.0001081829,
            "E[P_z(7)]": 7.47865e-05,
            "E[P_z(8)]": 6.7744e-05,
            "E[P_z(9)]": 8.0525e-05,
            "E[P_z(10)]": 5.81508e-05,
            "E[P_z(11)]": 4.0522e-05,
            "E[P_z(12)]": 4.35162e-05,
            "E[P_z(13)]": 4.69794e-05,
            "E[P_z(14)]": 7.42792e-05,
            "E[D_z]": null,
            "E[mis_z]": null
        },
        {
            "E[P_z(1)]": 0.0006259993,
            "E[P_z(2)]": 0.0001785453,
            "E[P_z(3)]": 0.0001194708,
            "E[P_z(4)]": 9.32084e-05,
            "E[P_z(5)]": 6.41588e-05,
            "E[P_z(6)]": 6.31531e-05,
            "E[P_z(7)]": 4.29495e-05,
            "E[P_z(8)]": 3.83671e-05,
            "E[P_z(9)]": 4.50572e-05,
            "E[P_z(10)]": 3.21912e-05,
            "E[P_z(11)]": 2.22176e-05,
            "E[P_z(12)]": 2.36523e-05,
            "E[P_z(13)]": 2.53317e-05,
            "E[P_z(14)]": 3.97589e-05,
            "E[D_z]": null,
            "E[mis_z]": null
        }
    ],
    "alpha": 0.022294807770296122,
    "execution_time": 177.74140048027039
}