{
    "likelihood": -565.1004580114582,
    "L2_residual": 1035.7813142760776,
    "params_mle": {
        "example_1": {
            "p_b": 0.40345892205446937,
            "S_b": 5.892818389571885,
            "eps": 0.00497117404582625,
            "S_d": -71.03537327882535,
            "b": 1.3126753162517781,
            "c0": 0.8431962206749904
        },
        "example_2": {
            "p_b": 0.14285874559461081,
            "S_b": 0.0001,
            "eps": 0.0,
            "S_d": -125.41583428314286,
            "b": 1.3126753162517781,
            "c0": 0.8431962206749904
        },
        "example_3": {
            "p_b": 0.12539987752801837,
            "S_b": 1.1933742024114842,
            "eps": 0.011722397866158661,
            "S_d": -36.466790654205575,
            "b": 1.3126753162517781,
            "c0": 0.8431962206749904
        },
        "pendula": {
            "p_b": 0.22475727948247598,
            "S_b": 0.0001,
            "eps": 0.0,
            "S_d": -27508.102414816592,
            "b": 1.3126753162517781,
            "c0": 0.8431962206749904
        },
        "pubescens": {
            "p_b": 0.19685116859091997,
            "S_b": 0.5994160808656879,
            "eps": 0.0,
            "S_d": -359.7097550452211,
            "b": 1.3126753162517781,
            "c0": 0.8431962206749904
        }
    },
    "alpha": null,
    "result": {
        "fun": 565.1004580114582,
        "jac": [
            0.8723873183997789,
            0.31923263871823065,
            2.205160853931738,
            0.0860836735681183,
            0.0018872015176482385,
            137.36471373704262,
            0.06984919313292642,
            -0.04140474632000619,
            -0.5271431291507198,
            -0.45397428062890915,
            0.0097088560004313,
            927.9593314204249,
            -0.3664581529047445,
            0.012755663199079337,
            572.6393055738299,
            -0.027694113837295836,
            -0.15104433267644213,
            -0.3604895959223373
        ],
        "nfev": 8626,
        "njev": 454,
        "nit": 411,
        "status": 0,
        "message": "CONVERGENCE: REL_REDUCTION_OF_F_<=_FACTR*EPSMCH",
        "x": [
            0.40345892205446937,
            0.770323056804948,
            0.00497117404582625,
            0.14285874559461081,
            -4.0,
            0.0,
            0.12539987752801837,
            0.07677664531347919,
            0.011722397866158661,
            0.22475727948247598,
            -4.0,
            0.0,
            0.19685116859091997,
            -0.22227161017657343,
            0.0,
            2.0,
            0.11815731877977706,
            3.925980153992851
        ],
        "success": true,
        "hess_inv": "<18x18 LbfgsInvHessProduct with dtype=float64>"
    },
    "execution_time": 12.780797004699707,
    "sfs_mle": null,
    "fixed_params": {},
    "bounds": {
        "S_d": [
            -100000.0,
            -0.01
        ],
        "b": [
            0.01,
            10
        ],
        "p_b": [
            0,
            0.5
        ],
        "S_b": [
            0.0001,
            100
        ],
        "eps": [
            0,
            0.15
        ],
        "c0": [
            0.0001,
            10000.0
        ]
    },
    "config": {
        "model": "GammaExpParametrization",
        "intervals_del": [
            -100000000.0,
            -1e-05,
            1000
        ],
        "intervals_ben": [
            1e-05,
            10000.0,
            1000
        ],
        "integration_mode": "midpoint",
        "linearized": true,
        "seed": 0,
        "opts_mle": {},
        "n_runs": 10,
        "x0": {
            "all": {
                "S_d": -1000,
                "b": 0.4,
                "p_b": 0.05,
                "S_b": 1,
                "eps": 0.0
            }
        },
        "bounds": {
            "S_d": [
                -100000.0,
                -0.01
            ],
            "b": [
                0.01,
                10
            ],
            "p_b": [
                0,
                0.5
            ],
            "S_b": [
                0.0001,
                100
            ],
            "eps": [
                0,
                0.15
            ],
            "c0": [
                0.0001,
                10000.0
            ]
        },
        "scales": {
            "S_d": "log",
            "b": "log",
            "p_b": "lin",
            "S_b": "log",
            "eps": "lin",
            "c0": "symlog"
        },
        "fixed_params": {},
        "shared_params": [
            {
                "params": [
                    "S_d",
                    "b"
                ],
                "types": [
                    "example_1",
                    "example_2",
                    "example_3",
                    "pendula",
                    "pubescens"
                ]
            }
        ],
        "covariates": [
            {
                "param": "S_d",
                "values": {
                    "example_1": -84.23350524741268,
                    "example_2": -148.72675091303626,
                    "example_3": -43.236425591449404,
                    "pendula": -32623.595481483513,
                    "pubescens": -426.59080558648185
                }
            }
        ],
        "sfs_neut": {
            "example_1": [
                913967.0,
                10228.0,
                4673.0,
                3339.0,
                2630.0,
                2087.0,
                1715.0,
                1373.0,
                1246.0,
                1037.0,
                973.0,
                904.0,
                839.0,
                784.0,
                750.0,
                700.0,
                597.0,
                599.0,
                549.0,
                508.0,
                50502.0
            ],
            "example_2": [
                991899.0,
                860.0,
                536.0,
                296.0,
                261.0,
                241.0,
                127.0,
                144.0,
                91.0,
                127.0,
                97.0,
                81.0,
                65.0,
                99.0,
                64.0,
                46.0,
                56.0,
                62.0,
                54.0,
                54.0,
                4740.0
            ],
            "example_3": [
                984269.0,
                3110.0,
                1419.0,
                1014.0,
                780.0,
                691.0,
                506.0,
                438.0,
                381.0,
                346.0,
                335.0,
                270.0,
                274.0,
                222.0,
                210.0,
                184.0,
                175.0,
                205.0,
                186.0,
                185.0,
                4800.0
            ],
            "pendula": [
                257295.95887484372,
                2000.1532413865075,
                826.0970926561987,
                480.29110910425806,
                326.83153071248887,
                241.9854086502704,
                188.18955952326948,
                152.0699379067612,
                127.32345351475948,
                109.8762008118578,
                96.97453362878584,
                87.05020583991518,
                79.49505096370693,
                74.24008184647263,
                71.29944892451947,
                70.59557264138506,
                72.26419598154095,
                77.54913188100555,
                90.73692959252593,
                123.6851062566356,
                0.0
            ],