{
    "likelihood": -565.1004379229314,
    "L2_residual": null,
    "params_mle": {
        "example_1": {
            "p_b": 0.40347798090556986,
            "S_b": 5.891104198805226,
            "eps": 0.004976784334337025,
            "S_d": -71.04550882735055,
            "b": 1.3126547891505582,
            "c0": 0.8433165474795727
        },
        "example_2": {
            "p_b": 0.14286434343799306,
            "S_b": 0.0001,
            "eps": 0.0,
            "S_d": -125.43373009783613,
            "b": 1.3126547891505582,
            "c0": 0.8433165474795727
        },
        "example_3": {
            "p_b": 0.12537847396796864,
            "S_b": 1.195280838819903,
            "eps": 0.011712076470314537,
            "S_d": -36.471993155138556,
            "b": 1.3126547891505582,
            "c0": 0.8433165474795727
        },
        "pendula": {
            "p_b": 0.22476295681082492,
            "S_b": 0.0001,
            "eps": 0.0,
            "S_d": -27512.027907814863,
            "b": 1.3126547891505582,
            "c0": 0.8433165474795727
        },
        "pubescens": {
            "p_b": 0.1968618736982778,
            "S_b": 0.5991140183954929,
            "eps": 0.0,
            "S_d": -359.7610853537215,
            "b": 1.3126547891505582,
            "c0": 0.8433165474795727
        }
    },
    "alpha": null,
    "result": {
        "fun": 565.1004379229314,
        "jac": [
            -0.0634827302171649,
            -0.06766640547189846,
            0.0485670170749628,
            0.08333245209380707,
            0.0019099388853307474,
            137.52412542089587,
            0.02526121535503947,
            0.015461409938277984,
            0.027216628950716512,
            0.02446540749056928,
            0.010345502295541549,
            927.9672440243303,
            0.0015916157289403807,
            0.0012505552155960135,
            571.6778787245858,
            -0.02871729538300874,
            0.0674504008557377,
            0.07505604988667232
        ],
        "nfev": 13813,
        "njev": 727,
        "nit": 677,
        "status": 0,
        "message": "CONVERGENCE: REL_REDUCTION_OF_F_<=_FACTR*EPSMCH",
        "x": [
            0.40347798090556986,
            0.7701967043801832,
            0.004976784334337025,
            0.14286434343799306,
            -4.0,
            0.0,
            0.12537847396796864,
            0.0774699575186626,
            0.011712076470314537,
            0.22476295681082492,
            -4.0,
            0.0,
            0.1968618736982778,
            -0.22249051843236797,
            0.0,
            2.0,
            0.11815052740007882,
            0.8433165474795727
        ],
        "success": true,
        "hess_inv": "<18x18 LbfgsInvHessProduct with dtype=float64>"
    },
    "execution_time": 16.929428100585938,
    "sfs_mle": null,
    "fixed_params": {},
    "bounds": {
        "S_d": [
            -100000.0,
            -0.01
        ],
        "b": [
            0.01,
            10
        ],
        "p_b": [
            0,
            0.5
        ],
        "S_b": [
            0.0001,
            100
        ],
        "eps": [
            0,
            0.15
        ],
        "c0": [
            -10,
            10
        ]
    },
    "config": {
        "model": "GammaExpParametrization",
        "intervals_del": [
            -100000000.0,
            -1e-05,
            1000
        ],
        "intervals_ben": [
            1e-05,
            10000.0,
            1000
        ],
        "integration_mode": "midpoint",
        "linearized": true,
        "seed": 0,
        "opts_mle": {},
        "n_runs": 10,
        "x0": {
            "all": {
                "S_d": -1000,
                "b": 0.4,
                "p_b": 0.05,
                "S_b": 1,
                "eps": 0.0
            }
        },
        "bounds": {
            "S_d": [
                -100000.0,
                -0.01
            ],
            "b": [
                0.01,
                10
            ],
            "p_b": [
                0,
                0.5
            ],
            "S_b": [
                0.0001,
                100
            ],
            "eps": [
                0,
                0.15
            ],
            "c0": [
                -10,
                10
            ]
        },
        "fixed_params": {},
        "shared_params": [],
        "covariates": [],
        "sfs_neut": {
            "all": [
                3396651.199951562,
                22238.321214389656,
                9560.25098521792,
                6305.82345821181,
                4768.645902180973,
                3803.1209553535223,
                2936.2322209918016,
                2417.4230183113064,
                2100.7334540462857,
                1843.2003313136931,
                1707.1399171018502,
                1536.536938110893,
                1444.5832702183868,
                1359.4648482063174,
                1266.762105936351,
                1158.6611071943098,
                1037.8463391504251,
                1052.9055275867695,
                955.5814905189958,
                913.2336310630488,
                60042.0
            ]
        },
        "sfs_sel": {
            "all": [
                10476210.547398884,
                32263.18961149308,
                12514.556943516565,
                7776.780357270882,
                5284.053646210141,
                4463.236733023789,
                3586.8239378664825,
                3008.95031383405,
                2658.4547971172847,
                2559.8987700138396,
                2454.857907016073,
                2429.284285735214,
                2299.5055127242576,
                2471.6146546626987,
                2395.180163584499,
                2466.330193766185,
                2435.421971206552,
                2658.336646103832,
                2842.0609994109172,
                3277.2484898928237,
                345930.0
            ]
        },
        "do_bootstrap": false,
        "n_bootstraps": 100,
        "parallelize": true,
        "loss_type": "likelihood"
    }
}