{
    "output_file": "/scratch/38996253/tmptqhvomcf",
    "model": "C",
    "likelihood": -146.2744,
    "criteria": 0.00107,
    "params_mle": {
        "eps": 0.002485407,
        "eps_cont": 0,
        "lambda": 0,
        "theta_bar": 0.0009305152,
        "a": -1,
        "S_d": -290.1691,
        "b": 0.369395,
        "p_b": 0,
        "S_b": 1,
        "r": [
            1.062847,
            1.049531,
            1.110095,
            1.113552,
            0.8735716,
            1.213627,
            0.8539148,
            1.178066,
            0.8956995,
            0.9151317,
            0.8081785,
            1.105419,
            0.9977225,
            0.782781,
            0.8244216,
            1.039272,
            1.037951,
            1.103783
        ]
    },
    "n": 20,
    "expec": [
        {
            "E[P_z(1)]": 0.0009283368,
            "E[P_z(2)]": 0.000493402,
            "E[P_z(3)]": 0.0003248672,
            "E[P_z(4)]": 0.0002577175,
            "E[P_z(5)]": 0.0002068411,
            "E[P_z(6)]": 0.0001353067,
            "E[P_z(7)]": 0.000161124,
            "E[P_z(8)]": 9.92315e-05,
            "E[P_z(9)]": 0.0001216906,
            "E[P_z(10)]": 8.33462e-05,
            "E[P_z(11)]": 7.75234e-05,
            "E[P_z(12)]": 6.27596e-05,
            "E[P_z(13)]": 7.93281e-05,
            "E[P_z(14)]": 6.64859e-05,
            "E[P_z(15)]": 4.89537e-05,
            "E[P_z(16)]": 4.84687e-05,
            "E[P_z(17)]": 5.75535e-05,
            "E[P_z(18)]": 5.47529e-05,
            "E[P_z(19)]": 5.62356e-05,
            "E[D_z]": null,
            "E[mis_z]": null
        },
        {
            "E[P_z(1)]": 0.0003192275,
            "E[P_z(2)]": 0.0001181351,
            "E[P_z(3)]": 6.50717e-05,
            "E[P_z(4)]": 4.60841e-05,
            "E[P_z(5)]": 3.40681e-05,
            "E[P_z(6)]": 2.09008e-05,
            "E[P_z(7)]": 2.36217e-05,
            "E[P_z(8)]": 1.392e-05,
            "E[P_z(9)]": 1.64331e-05,
            "E[P_z(10)]": 1.08845e-05,
            "E[P_z(11)]": 9.8277e-06,
            "E[P_z(12)]": 7.7458e-06,
            "E[P_z(13)]": 9.5574e-06,
            "E[P_z(14)]": 7.8344e-06,
            "E[P_z(15)]": 5.6652e-06,
            "E[P_z(16)]": 5.5181e-06,
            "E[P_z(17)]": 6.4569e-06,
            "E[P_z(18)]": 6.1308e-06,
            "E[P_z(19)]": 6.581e-06,
            "E[D_z]": null,
            "E[mis_z]": null
        }
    ],
    "alpha": 0.0,
    "execution_time": 374.4687924385071
}