{
    "output_file": "/scratch/40841670/tmprnqiyeyh",
    "model": "C",
    "likelihood": -194.3366,
    "criteria": 0.0008,
    "params_mle": {
        "eps": 4.50247e-06,
        "eps_cont": 0,
        "lambda": 0,
        "theta_bar": 0.000892329,
        "a": -1,
        "S_d": -19.17991,
        "b": 0.2029697,
        "p_b": 0.009089253,
        "S_b": 0.107924,
        "r": [
            0.6134263,
            0.5446874,
            0.5505531,
            0.5318869,
            0.5545542,
            0.554941,
            0.5818649,
            0.5617808,
            0.5177367,
            0.5603815,
            0.7228457,
            0.6672848,
            0.5474905,
            0.5972206,
            0.4442687,
            0.5291751,
            0.662636,
            0.3514917,
            0.5297483,
            0.529255,
            0.5361663,
            0.7033788,
            0.9407971,
            0.7820719,
            0.7050069,
            0.8118285,
            1.085894,
            1.838531
        ]
    },
    "n": 30,
    "expec": [
        {
            "E[P_z(1)]": 0.0008923253,
            "E[P_z(2)]": 0.000273688,
            "E[P_z(3)]": 0.0001620129,
            "E[P_z(4)]": 0.0001228182,
            "E[P_z(5)]": 9.49233e-05,
            "E[P_z(6)]": 8.24739e-05,
            "E[P_z(7)]": 7.07412e-05,
            "E[P_z(8)]": 6.49017e-05,
            "E[P_z(9)]": 5.56991e-05,
            "E[P_z(10)]": 4.6199e-05,
            "E[P_z(11)]": 4.54585e-05,
            "E[P_z(12)]": 5.37513e-05,
            "E[P_z(13)]": 4.58028e-05,
            "E[P_z(14)]": 3.48958e-05,
            "E[P_z(15)]": 3.55278e-05,
            "E[P_z(16)]": 2.47772e-05,
            "E[P_z(17)]": 2.77765e-05,
            "E[P_z(18)]": 3.28495e-05,
            "E[P_z(19)]": 1.65078e-05,
            "E[P_z(20)]": 2.36356e-05,
            "E[P_z(21)]": 2.24892e-05,
            "E[P_z(22)]": 2.17473e-05,
            "E[P_z(23)]": 2.72891e-05,
            "E[P_z(24)]": 3.49794e-05,
            "E[P_z(25)]": 2.79149e-05,
            "E[P_z(26)]": 2.41965e-05,
            "E[P_z(27)]": 2.68309e-05,
            "E[P_z(28)]": 3.46073e-05,
            "E[P_z(29)]": 5.65753e-05,
            "E[D_z]": null,
            "E[mis_z]": null
        },
        {
            "E[P_z(1)]": 0.0007191143,
            "E[P_z(2)]": 0.0001962856,
            "E[P_z(3)]": 0.0001079207,
            "E[P_z(4)]": 7.76381e-05,
            "E[P_z(5)]": 5.76513e-05,
            "E[P_z(6)]": 4.85054e-05,
            "E[P_z(7)]": 4.0506e-05,
            "E[P_z(8)]": 3.63214e-05,
            "E[P_z(9)]": 3.05554e-05,
            "E[P_z(10)]": 2.48997e-05,
            "E[P_z(11)]": 2.4115e-05,
            "E[P_z(12)]": 2.81073e-05,
            "E[P_z(13)]": 2.36382e-05,
            "E[P_z(14)]": 1.77926e-05,
            "E[P_z(15)]": 1.79128e-05,
            "E[P_z(16)]": 1.23625e-05,
            "E[P_z(17)]": 1.37241e-05,
            "E[P_z(18)]": 1.60822e-05,
            "E[P_z(19)]": 8.012e-06,
            "E[P_z(20)]": 1.13776e-05,
            "E[P_z(21)]": 1.07417e-05,
            "E[P_z(22)]": 1.03106e-05,
            "E[P_z(23)]": 1.28468e-05,
            "E[P_z(24)]": 1.63561e-05,
            "E[P_z(25)]": 1.29684e-05,
            "E[P_z(26)]": 1.11713e-05,
            "E[P_z(27)]": 1.23137e-05,
            "E[P_z(28)]": 1.57915e-05,
            "E[P_z(29)]": 2.56734e-05,
            "E[D_z]": null,
            "E[mis_z]": null
        }
    ],
    "alpha": 0.022457894432394914,
    "execution_time": 344.4132733345032
}