{
    "output_file": "/scratch/40840725/tmp7lz2h275",
    "model": "C",
    "likelihood": -103.4169,
    "criteria": 0.00016,
    "params_mle": {
        "eps": 4.5013e-06,
        "eps_cont": 0,
        "lambda": 0,
        "theta_bar": 0.000847221,
        "a": -1,
        "S_d": -43.18079,
        "b": 0.1221236,
        "p_b": 0.01051044,
        "S_b": 0.09582649,
        "r": [
            0.6609811,
            0.6379913,
            0.6634946,
            0.6124187,
            0.8475041,
            0.6953746,
            0.6224128,
            0.744003,
            0.6321126,
            0.6096789,
            0.6882343,
            0.7348589,
            1.172927
        ]
    },
    "n": 15,
    "expec": [
        {
            "E[P_z(1)]": 0.0008472175,
            "E[P_z(2)]": 0.0002799975,
            "E[P_z(3)]": 0.0001801726,
            "E[P_z(4)]": 0.0001405312,
            "E[P_z(5)]": 0.0001037706,
            "E[P_z(6)]": 0.0001196703,
            "E[P_z(7)]": 8.41622e-05,
            "E[P_z(8)]": 6.59152e-05,
            "E[P_z(9)]": 7.00374e-05,
            "E[P_z(10)]": 5.35541e-05,
            "E[P_z(11)]": 4.69579e-05,
            "E[P_z(12)]": 4.85911e-05,
            "E[P_z(13)]": 4.78924e-05,
            "E[P_z(14)]": 7.09841e-05,
            "E[D_z]": null,
            "E[mis_z]": null
        },
        {
            "E[P_z(1)]": 0.0006238105,
            "E[P_z(2)]": 0.0001864539,
            "E[P_z(3)]": 0.0001138899,
            "E[P_z(4)]": 8.58553e-05,
            "E[P_z(5)]": 6.18252e-05,
            "E[P_z(6)]": 6.98997e-05,
            "E[P_z(7)]": 4.83628e-05,
            "E[P_z(8)]": 3.73541e-05,
            "E[P_z(9)]": 3.92132e-05,
            "E[P_z(10)]": 2.96652e-05,
            "E[P_z(11)]": 2.57628e-05,
            "E[P_z(12)]": 2.64276e-05,
            "E[P_z(13)]": 2.58408e-05,
            "E[P_z(14)]": 3.80201e-05,
            "E[D_z]": null,
            "E[mis_z]": null
        }
    ],
    "alpha": 0.022035444954742623,
    "execution_time": 486.5889346599579
}