{
    "output_file": "/scratch/40841182/tmps8rwxlio",
    "model": "C",
    "likelihood": -136.6073,
    "criteria": 0.0053,
    "params_mle": {
        "eps": 4.49854e-06,
        "eps_cont": 0,
        "lambda": 0,
        "theta_bar": 0.0008420831,
        "a": -1,
        "S_d": -315.9966,
        "b": 0.06862983,
        "p_b": 0.003908448,
        "S_b": 0.03803875,
        "r": [
            0.5838772,
            0.5139156,
            0.5818681,
            0.4450805,
            0.5204152,
            0.6609639,
            0.4203088,
            0.5170617,
            0.4144099,
            0.6036414,
            0.4644668,
            0.5719133,
            0.5024912,
            0.4421924,
            0.6187,
            0.725409,
            0.9345581,
            1.56132
        ]
    },
    "n": 20,
    "expec": [
        {
            "E[P_z(1)]": 0.0008420796,
            "E[P_z(2)]": 0.0002458356,
            "E[P_z(3)]": 0.0001442527,
            "E[P_z(4)]": 0.0001224949,
            "E[P_z(5)]": 7.49587e-05,
            "E[P_z(6)]": 7.30386e-05,
            "E[P_z(7)]": 7.95122e-05,
            "E[P_z(8)]": 4.42418e-05,
            "E[P_z(9)]": 4.83788e-05,
            "E[P_z(10)]": 3.48968e-05,
            "E[P_z(11)]": 4.62106e-05,
            "E[P_z(12)]": 3.25934e-05,
            "E[P_z(13)]": 3.70462e-05,
            "E[P_z(14)]": 3.02244e-05,
            "E[P_z(15)]": 2.48244e-05,
            "E[P_z(16)]": 3.25627e-05,
            "E[P_z(17)]": 3.59331e-05,
            "E[P_z(18)]": 4.37218e-05,
            "E[P_z(19)]": 6.92014e-05,
            "E[D_z]": null,
            "E[mis_z]": null
        },
        {
            "E[P_z(1)]": 0.0006100451,
            "E[P_z(2)]": 0.0001670711,
            "E[P_z(3)]": 9.50513e-05,
            "E[P_z(4)]": 7.9118e-05,
            "E[P_z(5)]": 4.77102e-05,
            "E[P_z(6)]": 4.59543e-05,
            "E[P_z(7)]": 4.95537e-05,
            "E[P_z(8)]": 2.73505e-05,
            "E[P_z(9)]": 2.96986e-05,
            "E[P_z(10)]": 2.12892e-05,
            "E[P_z(11)]": 2.80347e-05,
            "E[P_z(12)]": 1.96738e-05,
            "E[P_z(13)]": 2.22585e-05,
            "E[P_z(14)]": 1.80826e-05,
            "E[P_z(15)]": 1.47933e-05,
            "E[P_z(16)]": 1.93332e-05,
            "E[P_z(17)]": 2.12607e-05,
            "E[P_z(18)]": 2.57851e-05,
            "E[P_z(19)]": 4.06869e-05,
            "E[D_z]": null,
            "E[mis_z]": null
        }
    ],
    "alpha": 0.008324448796003244,
    "execution_time": 435.13824248313904
}