{
    "output_file": "/scratch/40681208/tmp6ql7tslw",
    "model": "C",
    "likelihood": -63.57209,
    "criteria": 0.00074,
    "params_mle": {
        "eps": 4.53421e-06,
        "eps_cont": 0,
        "lambda": 0,
        "theta_bar": 0.0004581854,
        "a": -1,
        "S_d": -9.049348,
        "b": 3.888487,
        "p_b": 0.2499375,
        "S_b": 2.674878,
        "r": [
            0.8342227,
            0.9073624,
            1.034163,
            1.088739,
            1.10763,
            0.9445497,
            0.9906089,
            1.111476
        ]
    },
    "n": 10,
    "expec": [
        {
            "E[P_z(1)]": 0.0004581836,
            "E[P_z(2)]": 0.0001911137,
            "E[P_z(3)]": 0.0001385797,
            "E[P_z(4)]": 0.0001184594,
            "E[P_z(5)]": 9.97689e-05,
            "E[P_z(6)]": 8.45835e-05,
            "E[P_z(7)]": 6.18259e-05,
            "E[P_z(8)]": 5.67359e-05,
            "E[P_z(9)]": 5.65865e-05,
            "E[D_z]": null,
            "E[mis_z]": null
        },
        {
            "E[P_z(1)]": 0.0003280398,
            "E[P_z(2)]": 0.0001080563,
            "E[P_z(3)]": 6.76582e-05,
            "E[P_z(4)]": 5.37414e-05,
            "E[P_z(5)]": 4.44915e-05,
            "E[P_z(6)]": 3.86753e-05,
            "E[P_z(7)]": 2.99444e-05,
            "E[P_z(8)]": 2.99014e-05,
            "E[P_z(9)]": 3.32555e-05,
            "E[D_z]": null,
            "E[mis_z]": null
        }
    ],
    "alpha": 0.9735450476336258,
    "execution_time": 291.6608591079712
}