{
    "output_file": "/scratch/40681194/tmp1_25wzo7",
    "model": "C",
    "likelihood": -59.63156,
    "criteria": 9e-05,
    "params_mle": {
        "eps": 4.51263e-06,
        "eps_cont": 0,
        "lambda": 0,
        "theta_bar": 0.0003618864,
        "a": -1,
        "S_d": -54.30075,
        "b": 0.1832825,
        "p_b": 0.02765548,
        "S_b": 93.61656,
        "r": [
            0.8628537,
            1.10291,
            1.219822,
            1.123405,
            1.209095,
            1.222554,
            1.347359,
            1.205738
        ]
    },
    "n": 10,
    "expec": [
        {
            "E[P_z(1)]": 0.000361885,
            "E[P_z(2)]": 0.0001561271,
            "E[P_z(3)]": 0.0001330424,
            "E[P_z(4)]": 0.0001103591,
            "E[P_z(5)]": 8.1309e-05,
            "E[P_z(6)]": 7.2926e-05,
            "E[P_z(7)]": 6.3204e-05,
            "E[P_z(8)]": 6.09493e-05,
            "E[P_z(9)]": 4.84836e-05,
            "E[D_z]": null,
            "E[mis_z]": null
        },
        {
            "E[P_z(1)]": 0.0002267256,
            "E[P_z(2)]": 8.48765e-05,
            "E[P_z(3)]": 6.77826e-05,
            "E[P_z(4)]": 5.43148e-05,
            "E[P_z(5)]": 3.93805e-05,
            "E[P_z(6)]": 3.53436e-05,
            "E[P_z(7)]": 3.13224e-05,
            "E[P_z(8)]": 3.21386e-05,
            "E[P_z(9)]": 3.05225e-05,
            "E[D_z]": null,
            "E[mis_z]": null
        }
    ],
    "alpha": 0.8726486668186126,
    "execution_time": 1012.2016577720642
}