{
    "output_file": "/scratch/40681188/tmpoas1o2fr",
    "model": "C",
    "likelihood": -62.45759,
    "criteria": 0.02291,
    "params_mle": {
        "eps": 4.50008e-06,
        "eps_cont": 0,
        "lambda": 0,
        "theta_bar": 0.000341146,
        "a": -1,
        "S_d": -7638.523,
        "b": 0.06295419,
        "p_b": 0.08051392,
        "S_b": 0.9589883,
        "r": [
            0.8439116,
            0.9962083,
            1.006524,
            1.135364,
            1.257041,
            1.174911,
            1.280329,
            1.50159
        ]
    },
    "n": 10,
    "expec": [
        {
            "E[P_z(1)]": 0.0003411447,
            "E[P_z(2)]": 0.0001439481,
            "E[P_z(3)]": 0.0001132839,
            "E[P_z(4)]": 8.58429e-05,
            "E[P_z(5)]": 7.74649e-05,
            "E[P_z(6)]": 7.14725e-05,
            "E[P_z(7)]": 5.72597e-05,
            "E[P_z(8)]": 5.45978e-05,
            "E[P_z(9)]": 5.69192e-05,
            "E[D_z]": null,
            "E[mis_z]": null
        },
        {
            "E[P_z(1)]": 0.0002111153,
            "E[P_z(2)]": 8.51247e-05,
            "E[P_z(3)]": 6.57966e-05,
            "E[P_z(4)]": 4.94132e-05,
            "E[P_z(5)]": 4.43981e-05,
            "E[P_z(6)]": 4.09113e-05,
            "E[P_z(7)]": 3.28093e-05,
            "E[P_z(8)]": 3.13771e-05,
            "E[P_z(9)]": 3.28674e-05,
            "E[D_z]": null,
            "E[mis_z]": null
        }
    ],
    "alpha": 0.24121861131848954,
    "execution_time": 133.34546542167664
}