{
    "output_file": "/scratch/38996242/tmpmegdibuf",
    "model": "C",
    "likelihood": -165.6689,
    "criteria": 0.00121,
    "params_mle": {
        "eps": 0.007370236,
        "eps_cont": 0,
        "lambda": 0,
        "theta_bar": 0.0008771692,
        "a": -1,
        "S_d": -358.8789,
        "b": 0.3345294,
        "p_b": 0,
        "S_b": 1,
        "r": [
            1.199524,
            1.122757,
            1.216513,
            1.159162,
            0.9439227,
            1.165232,
            0.934426,
            1.351264,
            1.069422,
            0.620543,
            1.076381,
            1.521311,
            1.092658,
            0.916907,
            0.7996779,
            1.168436,
            1.036099,
            1.124967
        ]
    },
    "n": 20,
    "expec": [
        {
            "E[P_z(1)]": 0.000871087,
            "E[P_z(2)]": 0.0005225873,
            "E[P_z(3)]": 0.0003263074,
            "E[P_z(4)]": 0.0002651288,
            "E[P_z(5)]": 0.0002022527,
            "E[P_z(6)]": 0.0001374842,
            "E[P_z(7)]": 0.0001456955,
            "E[P_z(8)]": 0.000102281,
            "E[P_z(9)]": 0.0001310926,
            "E[P_z(10)]": 9.38064e-05,
            "E[P_z(11)]": 5.00897e-05,
            "E[P_z(12)]": 7.88559e-05,
            "E[P_z(13)]": 0.0001029694,
            "E[P_z(14)]": 6.89729e-05,
            "E[P_z(15)]": 5.47224e-05,
            "E[P_z(16)]": 4.54839e-05,
            "E[P_z(17)]": 6.22643e-05,
            "E[P_z(18)]": 5.39961e-05,
            "E[P_z(19)]": 5.80183e-05,
            "E[D_z]": null,
            "E[mis_z]": null
        },
        {
            "E[P_z(1)]": 0.0003002343,
            "E[P_z(2)]": 0.0001290948,
            "E[P_z(3)]": 6.8585e-05,
            "E[P_z(4)]": 5.03056e-05,
            "E[P_z(5)]": 3.56249e-05,
            "E[P_z(6)]": 2.28481e-05,
            "E[P_z(7)]": 2.30922e-05,
            "E[P_z(8)]": 1.55796e-05,
            "E[P_z(9)]": 1.92991e-05,
            "E[P_z(10)]": 1.33981e-05,
            "E[P_z(11)]": 6.9704e-06,
            "E[P_z(12)]": 1.07077e-05,
            "E[P_z(13)]": 1.36843e-05,
            "E[P_z(14)]": 8.9981e-06,
            "E[P_z(15)]": 7.0486e-06,
            "E[P_z(16)]": 5.8229e-06,
            "E[P_z(17)]": 7.8798e-06,
            "E[P_z(18)]": 7.0357e-06,
            "E[P_z(19)]": 8.3891e-06,
            "E[D_z]": null,
            "E[mis_z]": null
        }
    ],
    "alpha": 0.0,
    "execution_time": 340.3870053291321
}