neutral,selected
399883353.351226,399947021.8264473
14445.466980098434,4436.884181091666
7462.02840844933,1502.7615115763767
5242.773429090446,858.960994306061
4174.687980620636,603.3040049697307
3561.8329178592294,473.410228531316
3179.591133989326,399.5660870596798
2934.9086518572303,355.9301874721091
2782.67693461459,330.5016481874085
2699.203139235141,317.18192680594524
1336.298826155352,156.51742331088894
0.0,0.0
0.0,0.0
0.0,0.0
0.0,0.0
0.0,0.0
0.0,0.0
0.0,0.0
0.0,0.0
0.0,0.0
0.0,0.0
