{
    "output_file": "/scratch/40841683/tmpvvggzrkk",
    "model": "C",
    "likelihood": -191.41,
    "criteria": 8e-05,
    "params_mle": {
        "eps": 4.50222e-06,
        "eps_cont": 0,
        "lambda": 0,
        "theta_bar": 0.000886162,
        "a": -1,
        "S_d": -36.9297,
        "b": 0.1372054,
        "p_b": 0.009158379,
        "S_b": 0.1081036,
        "r": [
            0.5981325,
            0.510606,
            0.4731599,
            0.51632,
            0.4750688,
            0.4946532,
            0.6506089,
            0.6403232,
            0.4975811,
            0.4015955,
            0.7175351,
            0.6755404,
            0.5257297,
            0.5463982,
            0.3623548,
            0.4609001,
            0.5372679,
            0.4101073,
            0.6099463,
            0.4841822,
            0.7142467,
            0.5949827,
            0.6762267,
            0.6053499,
            0.8181618,
            0.7299991,
            0.9358333,
            1.785239
        ]
    },
    "n": 30,
    "expec": [
        {
            "E[P_z(1)]": 0.0008861583,
            "E[P_z(2)]": 0.0002650201,
            "E[P_z(3)]": 0.000150826,
            "E[P_z(4)]": 0.0001048237,
            "E[P_z(5)]": 9.15083e-05,
            "E[P_z(6)]": 7.01645e-05,
            "E[P_z(7)]": 6.26202e-05,
            "E[P_z(8)]": 7.20679e-05,
            "E[P_z(9)]": 6.30476e-05,
            "E[P_z(10)]": 4.40937e-05,
            "E[P_z(11)]": 3.23525e-05,
            "E[P_z(12)]": 5.29876e-05,
            "E[P_z(13)]": 4.6049e-05,
            "E[P_z(14)]": 3.32772e-05,
            "E[P_z(15)]": 3.22798e-05,
            "E[P_z(16)]": 2.00691e-05,
            "E[P_z(17)]": 2.40255e-05,
            "E[P_z(18)]": 2.64505e-05,
            "E[P_z(19)]": 1.91275e-05,
            "E[P_z(20)]": 2.70256e-05,
            "E[P_z(21)]": 2.04318e-05,
            "E[P_z(22)]": 2.87701e-05,
            "E[P_z(23)]": 2.29241e-05,
            "E[P_z(24)]": 2.49688e-05,
            "E[P_z(25)]": 2.14578e-05,
            "E[P_z(26)]": 2.78859e-05,
            "E[P_z(27)]": 2.39597e-05,
            "E[P_z(28)]": 2.96189e-05,
            "E[P_z(29)]": 5.45558e-05,
            "E[D_z]": null,
            "E[mis_z]": null
        },
        {
            "E[P_z(1)]": 0.0006942853,
            "E[P_z(2)]": 0.0001875294,
            "E[P_z(3)]": 0.0001007653,
            "E[P_z(4)]": 6.73724e-05,
            "E[P_z(5)]": 5.71425e-05,
            "E[P_z(6)]": 4.28245e-05,
            "E[P_z(7)]": 3.75056e-05,
            "E[P_z(8)]": 4.24776e-05,
            "E[P_z(9)]": 3.66469e-05,
            "E[P_z(10)]": 2.53164e-05,
            "E[P_z(11)]": 1.83718e-05,
            "E[P_z(12)]": 2.97913e-05,
            "E[P_z(13)]": 2.56557e-05,
            "E[P_z(14)]": 1.83855e-05,
            "E[P_z(15)]": 1.76966e-05,
            "E[P_z(16)]": 1.09233e-05,
            "E[P_z(17)]": 1.29887e-05,
            "E[P_z(18)]": 1.42093e-05,
            "E[P_z(19)]": 1.02141e-05,
            "E[P_z(20)]": 1.43502e-05,
            "E[P_z(21)]": 1.07909e-05,
            "E[P_z(22)]": 1.51172e-05,
            "E[P_z(23)]": 1.19869e-05,
            "E[P_z(24)]": 1.29953e-05,
            "E[P_z(25)]": 1.11182e-05,
            "E[P_z(26)]": 1.43871e-05,
            "E[P_z(27)]": 1.23107e-05,
            "E[P_z(28)]": 1.51584e-05,
            "E[P_z(29)]": 2.78147e-05,
            "E[D_z]": null,
            "E[mis_z]": null
        }
    ],
    "alpha": 0.020196344352524324,
    "execution_time": 593.7786204814911
}