{
    "likelihood": -93.71301599098136,
    "L2_residual": 25.695273525175345,
    "params_mle": {
        "S_d": -123.55930784064691,
        "b": 0.20970778486929095,
        "p_b": 0.2068016366197315,
        "S_b": 0.46783547244205664,
        "eps": 0.0,
        "h": 0.5
    },
    "alpha": 0.528739605031161,
    "result": {
        "fun": 83.18157279789511,
        "jac": [
            0.0006366462951102491,
            -0.0020008883338464597,
            0.0030468072525430146,
            -4.54747351125823e-05,
            NaN,
            NaN
        ],
        "nfev": 535,
        "njev": 107,
        "nit": 81,
        "status": 0,
        "message": "CONVERGENCE: REL_REDUCTION_OF_F_<=_FACTR*EPSMCH",
        "x": [
            -2.0918754667884483,
            -0.6783854471549686,
            0.2068016366197315,
            -0.32990685199717557,
            0.0,
            0.5
        ],
        "success": true,
        "hess_inv": null
    },
    "execution_time": 48.305195808410645,
    "sfs_mle": [
        0.0,
        6554.919709315002,
        3062.1768037230454,
        2047.3497108841668,
        1570.6982774659791,
        1295.9010678740024,
        1117.9092248890265,
        991.8891002172057,
        895.7056502471875,
        818.5116775430473,
        755.2828215710764,
        703.4271980035163,
        661.2081617240917,
        627.5290068345392,
        601.7579928584214,
        582.7753423924759,
        568.2332737368611,
        555.5812328263348,
        544.2514038681503,
        536.8773060390695,
        0.0
    ],
    "fixed_params": {
        "all.eps": 0,
        "all.h": 0.5
    },
    "bounds": {
        "S_d": [
            -100000.0,
            -0.01
        ],
        "b": [
            0.01,
            10
        ],
        "p_b": [
            0,
            0.5
        ],
        "S_b": [
            0.0001,
            100
        ],
        "eps": [
            0,
            0.15
        ],
        "h": [
            0,
            0.5
        ]
    },
    "config": {
        "model": "GammaExpParametrization",
        "intervals_del": [
            -100000000.0,
            -1e-05,
            1000
        ],
        "intervals_ben": [
            1e-05,
            10000.0,
            1000
        ],
        "intervals_h": [
            0.0,
            1.0,
            21
        ],
        "h_callback": null,
        "integration_mode": "midpoint",
        "linearized": true,
        "seed": 0,
        "opts_mle": {},
        "method_mle": "L-BFGS-B",
        "n_runs": 100,
        "x0": {
            "all": {
                "S_d": -1000,
                "b": 0.4,
                "p_b": 0.05,
                "S_b": 1,
                "eps": 0.0,
                "h": 0.5
            }
        },
        "bounds": {
            "S_d": [
                -100000.0,
                -0.01
            ],
            "b": [
                0.01,
                10
            ],
            "p_b": [
                0,
                0.5
            ],
            "S_b": [
                0.0001,
                100
            ],
            "eps": [
                0,
                0.15
            ],
            "h": [
                0,
                0.5
            ]
        },
        "scales": {
            "S_d": "log",
            "b": "log",
            "p_b": "lin",
            "S_b": "log",
            "eps": "lin",
            "h": "lin"
        },
        "fixed_params": {
            "all": {
                "eps": 0,
                "h": 0.5
            }
        },
        "shared_params": [],
        "covariates": [],
        "sfs_neut": {
            "all": [
                999838152.0,
                9974.045479456505,
                5256.986184034324,
                3717.696263787512,
                2949.37784700279,
                2488.9007403716155,
                2182.079383126258,
                1959.5179238961389,
                1785.6713044419234,
                1643.0983921217291,
                1524.100916595978,
                1424.935606435545,
                1343.0574075166653,
                1276.8890265075054,
                1225.5824862108086,
                1187.1456106591336,
                1156.978601105642,
                1130.0080225717277,
                1105.168728678917,
                1087.865068566228,
                85455.67835409031
            ]
        },
        "sfs_sel": {
            "all": [
                999882737.0,
                6550.81200742017,
                3071.34009466445,
                2049.0557240436574,
                1568.1229671943247,
                1291.7288510299447,
                1113.0529629276268,
                987.3735862308372,
                893.0154184125483,
                818.92061337885,
                759.2121862277472,
                710.1979101687583,
                669.0696066600076,
                633.8296980749573,
                603.5506860835771,
                578.3937308435239,
                559.1701303163882,
                546.4085881246511,
                540.7730173634648,
                547.7173820779059,
                67707.1357153123
            ]
        },
        "do_bootstrap": true,
        "n_bootstraps": 100,
        "n_bootstrap_retries": 2,
        "parallelize": true,
        "loss_type": "likelihood"
    }
}