{
    "output_file": "/scratch/40840477/tmpwyiqlnna",
    "model": "C",
    "likelihood": -65.70455,
    "criteria": 8e-05,
    "params_mle": {
        "eps": 4.50117e-06,
        "eps_cont": 0,
        "lambda": 0,
        "theta_bar": 0.0007478933,
        "a": -1,
        "S_d": -22.63084,
        "b": 0.1432038,
        "p_b": 0.000929351,
        "S_b": 0.007920507,
        "r": [
            0.7634262,
            0.7615177,
            0.8077145,
            0.7079521,
            0.6777049,
            0.6977257,
            0.9378101,
            0.9915772
        ]
    },
    "n": 10,
    "expec": [
        {
            "E[P_z(1)]": 0.0007478903,
            "E[P_z(2)]": 0.0002854798,
            "E[P_z(3)]": 0.0001898441,
            "E[P_z(4)]": 0.0001510208,
            "E[P_z(5)]": 0.0001058945,
            "E[P_z(6)]": 8.44755e-05,
            "E[P_z(7)]": 7.45469e-05,
            "E[P_z(8)]": 8.76736e-05,
            "E[P_z(9)]": 8.24023e-05,
            "E[D_z]": null,
            "E[mis_z]": null
        },
        {
            "E[P_z(1)]": 0.000549807,
            "E[P_z(2)]": 0.0001876594,
            "E[P_z(3)]": 0.0001175769,
            "E[P_z(4)]": 8.99237e-05,
            "E[P_z(5)]": 6.12406e-05,
            "E[P_z(6)]": 4.77364e-05,
            "E[P_z(7)]": 4.13258e-05,
            "E[P_z(8)]": 4.78129e-05,
            "E[P_z(9)]": 4.42999e-05,
            "E[D_z]": null,
            "E[mis_z]": null
        }
    ],
    "alpha": 0.002741233799217339,
    "execution_time": 64.34520626068115
}