{
    "output_file": "/scratch/40840345/tmp5005aq_q",
    "model": "C",
    "likelihood": -68.62011,
    "criteria": 8e-05,
    "params_mle": {
        "eps": 4.50027e-06,
        "eps_cont": 0,
        "lambda": 0,
        "theta_bar": 0.0007043636,
        "a": -1,
        "S_d": -7.311411,
        "b": 0.3118507,
        "p_b": 0.0009289749,
        "S_b": 0.007920305,
        "r": [
            0.8039895,
            0.8163125,
            0.9397867,
            0.7930528,
            0.7686506,
            0.8824191,
            0.9478919,
            1.12258
        ]
    },
    "n": 10,
    "expec": [
        {
            "E[P_z(1)]": 0.0007043608,
            "E[P_z(2)]": 0.0002831496,
            "E[P_z(3)]": 0.0001916598,
            "E[P_z(4)]": 0.0001654876,
            "E[P_z(5)]": 0.0001117195,
            "E[P_z(6)]": 9.02353e-05,
            "E[P_z(7)]": 8.87925e-05,
            "E[P_z(8)]": 8.34585e-05,
            "E[P_z(9)]": 8.78588e-05,
            "E[D_z]": null,
            "E[mis_z]": null
        },
        {
            "E[P_z(1)]": 0.0005444973,
            "E[P_z(2)]": 0.0001881061,
            "E[P_z(3)]": 0.0001152209,
            "E[P_z(4)]": 9.25504e-05,
            "E[P_z(5)]": 5.90814e-05,
            "E[P_z(6)]": 4.56016e-05,
            "E[P_z(7)]": 4.31927e-05,
            "E[P_z(8)]": 3.92845e-05,
            "E[P_z(9)]": 4.01779e-05,
            "E[D_z]": null,
            "E[mis_z]": null
        }
    ],
    "alpha": 0.003285892324880595,
    "execution_time": 36.21669888496399
}