{
    "output_file": "/scratch/40841138/tmpyc2ewtqn",
    "model": "C",
    "likelihood": -135.6355,
    "criteria": 0.0001,
    "params_mle": {
        "eps": 4.49736e-06,
        "eps_cont": 0,
        "lambda": 0,
        "theta_bar": 0.0008362062,
        "a": -1,
        "S_d": -45.81215,
        "b": 0.1287184,
        "p_b": 0.003893233,
        "S_b": 0.0379734,
        "r": [
            0.5869461,
            0.6221391,
            0.5751231,
            0.4728342,
            0.5536443,
            0.5493289,
            0.4416898,
            0.5911535,
            0.601693,
            0.5998923,
            0.5465567,
            0.6436997,
            0.5979255,
            0.4242215,
            0.613332,
            0.6945008,
            0.7722585,
            1.444906
        ]
    },
    "n": 20,
    "expec": [
        {
            "E[P_z(1)]": 0.0008362027,
            "E[P_z(2)]": 0.000245403,
            "E[P_z(3)]": 0.0001734115,
            "E[P_z(4)]": 0.00012023,
            "E[P_z(5)]": 7.90771e-05,
            "E[P_z(6)]": 7.71599e-05,
            "E[P_z(7)]": 6.56216e-05,
            "E[P_z(8)]": 4.61679e-05,
            "E[P_z(9)]": 5.49251e-05,
            "E[P_z(10)]": 5.03139e-05,
            "E[P_z(11)]": 4.56031e-05,
            "E[P_z(12)]": 3.80862e-05,
            "E[P_z(13)]": 4.14052e-05,
            "E[P_z(14)]": 3.57137e-05,
            "E[P_z(15)]": 2.36494e-05,
            "E[P_z(16)]": 3.20549e-05,
            "E[P_z(17)]": 3.41621e-05,
            "E[P_z(18)]": 3.58769e-05,
            "E[P_z(19)]": 6.3595e-05,
            "E[D_z]": null,
            "E[mis_z]": null
        },
        {
            "E[P_z(1)]": 0.0006210729,
            "E[P_z(2)]": 0.0001640863,
            "E[P_z(3)]": 0.0001096608,
            "E[P_z(4)]": 7.32862e-05,
            "E[P_z(5)]": 4.69108e-05,
            "E[P_z(6)]": 4.48031e-05,
            "E[P_z(7)]": 3.74361e-05,
            "E[P_z(8)]": 2.59455e-05,
            "E[P_z(9)]": 3.04664e-05,
            "E[P_z(10)]": 2.75879e-05,
            "E[P_z(11)]": 2.47473e-05,
            "E[P_z(12)]": 2.04751e-05,
            "E[P_z(13)]": 2.20691e-05,
            "E[P_z(14)]": 1.88855e-05,
            "E[P_z(15)]": 1.24144e-05,
            "E[P_z(16)]": 1.6712e-05,
            "E[P_z(17)]": 1.76968e-05,
            "E[P_z(18)]": 1.84733e-05,
            "E[P_z(19)]": 3.25599e-05,
            "E[D_z]": null,
            "E[mis_z]": null
        }
    ],
    "alpha": 0.008885992416953304,
    "execution_time": 183.41088247299194
}