{
    "py/object": "fastdfe.polydfe.PolyDFE",
    "logger": {
        "py/reduce": [
            {
                "py/function": "logging.getLogger"
            },
            {
                "py/tuple": [
                    "fastdfe.PolyDFE"
                ]
            }
        ]
    },
    "bootstraps": null,
    "config": {
        "py/object": "fastdfe.config.Config",
        "data": {
            "model": "GammaExpParametrization",
            "intervals_del": {
                "py/tuple": [
                    -100000000.0,
                    -1e-05,
                    1000
                ]
            },
            "intervals_ben": {
                "py/tuple": [
                    1e-05,
                    10000.0,
                    1000
                ]
            },
            "integration_mode": "midpoint",
            "linearized": true,
            "seed": 0,
            "opts_mle": {},
            "n_runs": 10,
            "x0": {
                "all": {
                    "S_b": 1.562568,
                    "S_d": -22188.79,
                    "a": -1,
                    "b": 0.1916524,
                    "eps": 0.007632547,
                    "eps_cont": 0,
                    "lambda": 0,
                    "p_b": 0.04617354,
                    "r": [
                        0.8275426,
                        0.7254075,
                        0.6568578,
                        0.602303,
                        0.5558673,
                        0.5172334,
                        0.4889478,
                        0.4709818,
                        0.4671859,
                        0.4710718,
                        0.4770928,
                        0.4916403,
                        0.5096436,
                        0.5365832,
                        0.5691288,
                        0.6256435,
                        0.7473002,
                        1.000285
                    ],
                    "theta_bar": 0.007669351
                }
            },
            "bounds": {},
            "scales": {},
            "fixed_params": {
                "all": {}
            },
            "shared_params": [],
            "covariates": [],
            "sfs_neut": {
                "py/object": "fastdfe.spectrum.Spectra",
                "data": {
                    "all": [
                        257311.66666666698,
                        2022.0,
                        818.0,
                        460.0,
                        340.0,
                        237.0,
                        201.0,
                        160.0,
                        128.0,
                        95.0,
                        83.0,
                        91.0,
                        72.0,
                        68.0,
                        61.0,
                        65.0,
                        74.0,
                        74.0,
                        105.0,
                        127.0,
                        0.0
                    ]
                }
            },
            "sfs_sel": {
                "py/object": "fastdfe.spectrum.Spectra",
                "data": {
                    "all": [
                        956756.333333333,
                        1895.0,
                        657.0,
                        383.0,
                        256.0,
                        197.0,
                        139.0,
                        94.0,
                        77.0,
                        64.0,
                        64.0,
                        67.0,
                        58.0,
                        59.0,
                        52.0,
                        44.0,
                        60.0,
                        62.0,
                        64.0,
                        95.0,
                        0.0
                    ]
                }
            },
            "do_bootstrap": null,
            "n_bootstraps": 10,
            "parallelize": true,
            "loss_type": "likelihood"
        }
    },
    "output_file": null,
    "execution_time": 1481.5762298107147,
    "summary": {
        "py/object": "fastdfe.polydfe.PolyDFEResult",
        "output_file": "results/polydfe/pendula_C_full_anc/bootstraps/21/out.txt",
        "postprocessing_source": "../resources/polydfe/postprocessing/script.R",
        "data": {
            "output_file": "/scratch/38996464/tmpud1bai6d",
            "model": "C",
            "likelihood": -133.7436,
            "criteria": 8e-05,
            "params_mle": {
                "eps": 0.0004891042,
                "eps_cont": 0,
                "lambda": 0,
                "theta_bar": 0.007704444,
                "a": -1,
                "S_d": -36247.16,
                "b": 0.2037036,
                "p_b": 0.08391368,
                "S_b": 0.7437409,
                "r": [
                    0.8008448,
                    0.7027219,
                    0.6709057,
                    0.6155305,
                    0.5816297,
                    0.5086074,
                    0.4701038,
                    0.4106082,
                    0.4219754,
                    0.498803,
                    0.4472622,
                    0.4726771,
                    0.4519466,
                    0.4659106,
                    0.6093171,
                    0.6546448,
                    0.8575627,
                    1.179654
                ]
            },
            "n": 20,
            "expec": [
                {
                    "E[P_z(1)]": 0.00770091,
                    "E[P_z(2)]": 0.003083703,
                    "E[P_z(3)]": 0.001803956,
                    "E[P_z(4)]": 0.00129175,
                    "E[P_z(5)]": 0.0009481173,
                    "E[P_z(6)]": 0.0007466119,
                    "E[P_z(7)]": 0.0005596543,
                    "E[P_z(8)]": 0.0004526551,
                    "E[P_z(9)]": 0.0003514998,
                    "E[P_z(10)]": 0.0003251086,
                    "E[P_z(11)]": 0.0003493647,
                    "E[P_z(12)]": 0.0002872399,
                    "E[P_z(13)]": 0.0002802686,
                    "E[P_z(14)]": 0.0002489578,
                    "E[P_z(15)]": 0.0002396523,
                    "E[P_z(16)]": 0.0002938917,
                    "E[P_z(17)]": 0.0002974243,
                    "E[P_z(18)]": 0.0003683874,
                    "E[P_z(19)]": 0.0004818805,
                    "E[D_z]": null,
                    "E[mis_z]": null
                },
                {
                    "E[P_z(1)]": 0.0019714,
                    "E[P_z(2)]": 0.0006921339,
                    "E[P_z(3)]": 0.0003842254,
                    "E[P_z(4)]": 0.0002671812,
                    "E[P_z(5)]": 0.0001925161,
                    "E[P_z(6)]": 0.0001497659,
                    "E[P_z(7)]": 0.0001113654,
                    "E[P_z(8)]": 8.96184e-05,
                    "E[P_z(9)]": 6.93958e-05,
                    "E[P_z(10)]": 6.41203e-05,
                    "E[P_z(11)]": 6.89377e-05,
                    "E[P_z(12)]": 5.67795e-05,
                    "E[P_z(13)]": 5.55628e-05,
                    "E[P_z(14)]": 4.95504e-05,
                    "E[P_z(15)]": 4.79327e-05,
                    "E[P_z(16)]": 5.91237e-05,
                    "E[P_z(17)]": 6.02386e-05,
                    "E[P_z(18)]": 7.519e-05,
                    "E[P_z(19)]": 9.93228e-05,
                    "E[D_z]": null,
                    "E[mis_z]": null
                }
            ],
            "alpha": 0.5840170283476768,
            "execution_time": 1481.5762298107147
        }
    }
}