{
    "output_file": "/scratch/38995937/tmptbvix_z5",
    "model": "C",
    "likelihood": -137.8884,
    "criteria": 9e-05,
    "params_mle": {
        "eps": 0.01288242,
        "eps_cont": 0,
        "lambda": 0,
        "theta_bar": 0.0008871192,
        "a": -1,
        "S_d": -249.1813,
        "b": 0.3789186,
        "p_b": 0,
        "S_b": 1,
        "r": [
            1.148648,
            1.1862,
            1.15566,
            1.233681,
            0.9755673,
            0.9909543,
            0.7796761,
            1.082398,
            0.9599526,
            0.9436211,
            0.9008694,
            1.290159,
            1.21703,
            1.187222,
            1.143342,
            1.163087,
            1.125511,
            0.9474999
        ]
    },
    "n": 20,
    "expec": [
        {
            "E[P_z(1)]": 0.0008762608,
            "E[P_z(2)]": 0.0005036449,
            "E[P_z(3)]": 0.0003470299,
            "E[P_z(4)]": 0.000253817,
            "E[P_z(5)]": 0.0002169692,
            "E[P_z(6)]": 0.000143376,
            "E[P_z(7)]": 0.0001251013,
            "E[P_z(8)]": 8.62024e-05,
            "E[P_z(9)]": 0.0001062966,
            "E[P_z(10)]": 8.51592e-05,
            "E[P_z(11)]": 7.64945e-05,
            "E[P_z(12)]": 6.68541e-05,
            "E[P_z(13)]": 8.8524e-05,
            "E[P_z(14)]": 7.79826e-05,
            "E[P_z(15)]": 7.21291e-05,
            "E[P_z(16)]": 6.58777e-05,
            "E[P_z(17)]": 6.44308e-05,
            "E[P_z(18)]": 6.13191e-05,
            "E[P_z(19)]": 5.50976e-05,
            "E[D_z]": null,
            "E[mis_z]": null
        },
        {
            "E[P_z(1)]": 0.0003110933,
            "E[P_z(2)]": 0.0001240321,
            "E[P_z(3)]": 7.12039e-05,
            "E[P_z(4)]": 4.63533e-05,
            "E[P_z(5)]": 3.64198e-05,
            "E[P_z(6)]": 2.25277e-05,
            "E[P_z(7)]": 1.86301e-05,
            "E[P_z(8)]": 1.22745e-05,
            "E[P_z(9)]": 1.45646e-05,
            "E[P_z(10)]": 1.12802e-05,
            "E[P_z(11)]": 9.8378e-06,
            "E[P_z(12)]": 8.3723e-06,
            "E[P_z(13)]": 1.08281e-05,
            "E[P_z(14)]": 9.3527e-06,
            "E[P_z(15)]": 8.5476e-06,
            "E[P_z(16)]": 7.7486e-06,
            "E[P_z(17)]": 7.642e-06,
            "E[P_z(18)]": 7.6468e-06,
            "E[P_z(19)]": 8.7885e-06,
            "E[D_z]": null,
            "E[mis_z]": null
        }
    ],
    "alpha": 0.0,
    "execution_time": 145.71807742118835
}