{
    "output_file": "/scratch/40841542/tmpoa9rc8x6",
    "model": "C",
    "likelihood": -173.8094,
    "criteria": 9e-05,
    "params_mle": {
        "eps": 4.50515e-06,
        "eps_cont": 0,
        "lambda": 0,
        "theta_bar": 0.0008472712,
        "a": -1,
        "S_d": -36.10595,
        "b": 0.1454829,
        "p_b": 0.005008693,
        "S_b": 0.05329473,
        "r": [
            0.6037913,
            0.5271598,
            0.589948,
            0.5283086,
            0.6199866,
            0.6210094,
            0.6992684,
            0.5669511,
            0.5124632,
            0.4973376,
            0.5459834,
            0.5528277,
            0.4618823,
            0.4692688,
            0.5328409,
            0.5765428,
            0.5873382,
            0.649336,
            0.8764556,
            0.7527229,
            0.7383247,
            0.9732903,
            1.643463
        ]
    },
    "n": 25,
    "expec": [
        {
            "E[P_z(1)]": 0.0008472677,
            "E[P_z(2)]": 0.0002557865,
            "E[P_z(3)]": 0.0001488819,
            "E[P_z(4)]": 0.0001249611,
            "E[P_z(5)]": 8.95239e-05,
            "E[P_z(6)]": 8.75492e-05,
            "E[P_z(7)]": 7.5166e-05,
            "E[P_z(8)]": 7.40585e-05,
            "E[P_z(9)]": 5.33734e-05,
            "E[P_z(10)]": 4.34195e-05,
            "E[P_z(11)]": 3.83072e-05,
            "E[P_z(12)]": 3.85497e-05,
            "E[P_z(13)]": 3.60304e-05,
            "E[P_z(14)]": 2.79529e-05,
            "E[P_z(15)]": 2.65066e-05,
            "E[P_z(16)]": 2.82164e-05,
            "E[P_z(17)]": 2.87348e-05,
            "E[P_z(18)]": 2.76466e-05,
            "E[P_z(19)]": 2.89563e-05,
            "E[P_z(20)]": 3.713e-05,
            "E[P_z(21)]": 3.037e-05,
            "E[P_z(22)]": 2.84351e-05,
            "E[P_z(23)]": 3.58549e-05,
            "E[P_z(24)]": 5.80227e-05,
            "E[D_z]": null,
            "E[mis_z]": null
        },
        {
            "E[P_z(1)]": 0.0006472972,
            "E[P_z(2)]": 0.0001750611,
            "E[P_z(3)]": 9.58291e-05,
            "E[P_z(4)]": 7.71895e-05,
            "E[P_z(5)]": 5.36335e-05,
            "E[P_z(6)]": 5.11954e-05,
            "E[P_z(7)]": 4.30841e-05,
            "E[P_z(8)]": 4.17339e-05,
            "E[P_z(9)]": 2.96362e-05,
            "E[P_z(10)]": 2.37964e-05,
            "E[P_z(11)]": 2.07505e-05,
            "E[P_z(12)]": 2.06617e-05,
            "E[P_z(13)]": 1.91253e-05,
            "E[P_z(14)]": 1.47059e-05,
            "E[P_z(15)]": 1.38303e-05,
            "E[P_z(16)]": 1.46095e-05,
            "E[P_z(17)]": 1.47711e-05,
            "E[P_z(18)]": 1.41156e-05,
            "E[P_z(19)]": 1.469e-05,
            "E[P_z(20)]": 1.87229e-05,
            "E[P_z(21)]": 1.52263e-05,
            "E[P_z(22)]": 1.41784e-05,
            "E[P_z(23)]": 1.77848e-05,
            "E[P_z(24)]": 2.86375e-05,
            "E[D_z]": null,
            "E[mis_z]": null
        }
    ],
    "alpha": 0.011580389487353772,
    "execution_time": 221.60938477516174
}