{
    "py/object": "fastdfe.polydfe.PolyDFE",
    "logger": {
        "py/reduce": [
            {
                "py/function": "logging.getLogger"
            },
            {
                "py/tuple": [
                    "fastdfe.PolyDFE"
                ]
            }
        ]
    },
    "bootstraps": null,
    "config": {
        "py/object": "fastdfe.config.Config",
        "data": {
            "model": "GammaExpParametrization",
            "intervals_del": {
                "py/tuple": [
                    -100000000.0,
                    -1e-05,
                    1000
                ]
            },
            "intervals_ben": {
                "py/tuple": [
                    1e-05,
                    10000.0,
                    1000
                ]
            },
            "integration_mode": "midpoint",
            "linearized": true,
            "seed": 0,
            "opts_mle": {},
            "n_runs": 10,
            "x0": {
                "all": {
                    "S_b": 0.05328228,
                    "S_d": -33.44406,
                    "a": -1,
                    "b": 0.1398527,
                    "eps": 4.50451e-06,
                    "eps_cont": 0,
                    "lambda": 0,
                    "p_b": 0.005009714,
                    "r": [
                        0.5834314,
                        0.499803,
                        0.5581096,
                        0.5076067,
                        0.557493,
                        0.6522272,
                        0.6050956,
                        0.5227928,
                        0.5765882,
                        0.4982845,
                        0.5150672,
                        0.5206269,
                        0.482151,
                        0.5460091,
                        0.5199818,
                        0.523935,
                        0.5814646,
                        0.6159988,
                        0.7697745,
                        0.7047025,
                        0.6593795,
                        0.914738,
                        1.558127
                    ],
                    "theta_bar": 0.0008647194
                }
            },
            "bounds": {},
            "scales": {},
            "fixed_params": {},
            "shared_params": [],
            "covariates": [],
            "sfs_neut": {
                "py/object": "fastdfe.spectrum.Spectra",
                "data": {
                    "all": [
                        1039360.17546773,
                        888.0,
                        267.0,
                        125.0,
                        148.0,
                        104.0,
                        94.0,
                        76.0,
                        63.0,
                        52.0,
                        49.0,
                        48.0,
                        44.0,
                        34.0,
                        33.0,
                        30.0,
                        23.0,
                        34.0,
                        31.0,
                        41.0,
                        49.0,
                        25.0,
                        34.0,
                        30.0,
                        44.0,
                        0.0
                    ]
                }
            },
            "sfs_sel": {
                "py/object": "fastdfe.spectrum.Spectra",
                "data": {
                    "all": [
                        2843617.82453227,
                        1838.0,
                        498.0,
                        303.0,
                        202.0,
                        142.0,
                        143.0,
                        125.0,
                        133.0,
                        88.0,
                        64.0,
                        51.0,
                        55.0,
                        58.0,
                        38.0,
                        37.0,
                        48.0,
                        38.0,
                        38.0,
                        31.0,
                        43.0,
                        50.0,
                        36.0,
                        58.0,
                        98.0,
                        0.0
                    ]
                }
            },
            "do_bootstrap": false,
            "n_bootstraps": 10,
            "parallelize": false,
            "loss_type": "likelihood"
        }
    },
    "output_file": null,
    "execution_time": 221.60938477516174,
    "summary": {
        "py/object": "fastdfe.polydfe.PolyDFEResult",
        "output_file": "results/polydfe/hgdp/inference/1/opts.n.25.config.default/bootstraps/67/all.polydfe.txt",
        "postprocessing_source": "../resources/polydfe/postprocessing/script.R",
        "data": {
            "output_file": "/scratch/40841542/tmpoa9rc8x6",
            "model": "C",
            "likelihood": -173.8094,
            "criteria": 9e-05,
            "params_mle": {
                "eps": 4.50515e-06,
                "eps_cont": 0,
                "lambda": 0,
                "theta_bar": 0.0008472712,
                "a": -1,
                "S_d": -36.10595,
                "b": 0.1454829,
                "p_b": 0.005008693,
                "S_b": 0.05329473,
                "r": [
                    0.6037913,
                    0.5271598,
                    0.589948,
                    0.5283086,
                    0.6199866,
                    0.6210094,
                    0.6992684,
                    0.5669511,
                    0.5124632,
                    0.4973376,
                    0.5459834,
                    0.5528277,
                    0.4618823,
                    0.4692688,
                    0.5328409,
                    0.5765428,
                    0.5873382,
                    0.649336,
                    0.8764556,
                    0.7527229,
                    0.7383247,
                    0.9732903,
                    1.643463
                ]
            },
            "n": 25,
            "expec": [
                {
                    "E[P_z(1)]": 0.0008472677,
                    "E[P_z(2)]": 0.0002557865,
                    "E[P_z(3)]": 0.0001488819,
                    "E[P_z(4)]": 0.0001249611,
                    "E[P_z(5)]": 8.95239e-05,
                    "E[P_z(6)]": 8.75492e-05,
                    "E[P_z(7)]": 7.5166e-05,
                    "E[P_z(8)]": 7.40585e-05,
                    "E[P_z(9)]": 5.33734e-05,
                    "E[P_z(10)]": 4.34195e-05,
                    "E[P_z(11)]": 3.83072e-05,
                    "E[P_z(12)]": 3.85497e-05,
                    "E[P_z(13)]": 3.60304e-05,
                    "E[P_z(14)]": 2.79529e-05,
                    "E[P_z(15)]": 2.65066e-05,
                    "E[P_z(16)]": 2.82164e-05,
                    "E[P_z(17)]": 2.87348e-05,
                    "E[P_z(18)]": 2.76466e-05,
                    "E[P_z(19)]": 2.89563e-05,
                    "E[P_z(20)]": 3.713e-05,
                    "E[P_z(21)]": 3.037e-05,
                    "E[P_z(22)]": 2.84351e-05,
                    "E[P_z(23)]": 3.58549e-05,
                    "E[P_z(24)]": 5.80227e-05,
                    "E[D_z]": null,
                    "E[mis_z]": null
                },
                {
                    "E[P_z(1)]": 0.0006472972,
                    "E[P_z(2)]": 0.0001750611,
                    "E[P_z(3)]": 9.58291e-05,
                    "E[P_z(4)]": 7.71895e-05,
                    "E[P_z(5)]": 5.36335e-05,
                    "E[P_z(6)]": 5.11954e-05,
                    "E[P_z(7)]": 4.30841e-05,
                    "E[P_z(8)]": 4.17339e-05,
                    "E[P_z(9)]": 2.96362e-05,
                    "E[P_z(10)]": 2.37964e-05,
                    "E[P_z(11)]": 2.07505e-05,
                    "E[P_z(12)]": 2.06617e-05,
                    "E[P_z(13)]": 1.91253e-05,