{
    "output_file": "/scratch/40841156/tmpm1hk9okx",
    "model": "C",
    "likelihood": -139.1871,
    "criteria": 9e-05,
    "params_mle": {
        "eps": 4.49779e-06,
        "eps_cont": 0,
        "lambda": 0,
        "theta_bar": 0.0008597046,
        "a": -1,
        "S_d": -41.87944,
        "b": 0.1501723,
        "p_b": 0.003895803,
        "S_b": 0.03799531,
        "r": [
            0.586186,
            0.5466907,
            0.5259669,
            0.4922223,
            0.5246581,
            0.5532772,
            0.4527064,
            0.6920708,
            0.5569131,
            0.6528892,
            0.5023115,
            0.5350168,
            0.5925426,
            0.5662884,
            0.5991087,
            0.6146617,
            0.7753787,
            1.596868
        ]
    },
    "n": 20,
    "expec": [
        {
            "E[P_z(1)]": 0.0008597011,
            "E[P_z(2)]": 0.0002519724,
            "E[P_z(3)]": 0.0001566636,
            "E[P_z(4)]": 0.0001130437,
            "E[P_z(5)]": 8.46329e-05,
            "E[P_z(6)]": 7.5175e-05,
            "E[P_z(7)]": 6.79506e-05,
            "E[P_z(8)]": 4.86492e-05,
            "E[P_z(9)]": 6.61084e-05,
            "E[P_z(10)]": 4.78781e-05,
            "E[P_z(11)]": 5.10266e-05,
            "E[P_z(12)]": 3.59867e-05,
            "E[P_z(13)]": 3.53814e-05,
            "E[P_z(14)]": 3.63867e-05,
            "E[P_z(15)]": 3.24563e-05,
            "E[P_z(16)]": 3.21914e-05,
            "E[P_z(17)]": 3.10845e-05,
            "E[P_z(18)]": 3.70341e-05,
            "E[P_z(19)]": 7.2258e-05,
            "E[D_z]": null,
            "E[mis_z]": null
        },
        {
            "E[P_z(1)]": 0.0006268694,
            "E[P_z(2)]": 0.0001630824,
            "E[P_z(3)]": 9.50711e-05,
            "E[P_z(4)]": 6.57353e-05,
            "E[P_z(5)]": 4.76859e-05,
            "E[P_z(6)]": 4.13144e-05,
            "E[P_z(7)]": 3.65843e-05,
            "E[P_z(8)]": 2.57389e-05,
            "E[P_z(9)]": 3.44489e-05,
            "E[P_z(10)]": 2.46161e-05,
            "E[P_z(11)]": 2.59209e-05,
            "E[P_z(12)]": 1.80824e-05,
            "E[P_z(13)]": 1.76017e-05,
            "E[P_z(14)]": 1.7936e-05,
            "E[P_z(15)]": 1.58627e-05,
            "E[P_z(16)]": 1.56086e-05,
            "E[P_z(17)]": 1.496e-05,
            "E[P_z(18)]": 1.76988e-05,
            "E[P_z(19)]": 3.4305e-05,
            "E[D_z]": null,
            "E[mis_z]": null
        }
    ],
    "alpha": 0.009558402345717603,
    "execution_time": 236.51043009757996
}