{
    "output_file": "/scratch/40841269/tmprqsdr9c5",
    "model": "C",
    "likelihood": -132.1642,
    "criteria": 0.00031,
    "params_mle": {
        "eps": 4.4975e-06,
        "eps_cont": 0,
        "lambda": 0,
        "theta_bar": 0.0008954903,
        "a": -1,
        "S_d": -173.7722,
        "b": 0.09347498,
        "p_b": 0.003883708,
        "S_b": 0.03794182,
        "r": [
            0.5310674,
            0.521004,
            0.510069,
            0.4933776,
            0.6052708,
            0.5594437,
            0.4785325,
            0.568167,
            0.5110396,
            0.5741171,
            0.6597813,
            0.5829512,
            0.5269453,
            0.5208636,
            0.5363844,
            0.5417558,
            0.8824612,
            1.258814
        ]
    },
    "n": 20,
    "expec": [
        {
            "E[P_z(1)]": 0.0008954866,
            "E[P_z(2)]": 0.000237782,
            "E[P_z(3)]": 0.0001555174,
            "E[P_z(4)]": 0.0001141901,
            "E[P_z(5)]": 8.83627e-05,
            "E[P_z(6)]": 9.03354e-05,
            "E[P_z(7)]": 7.15679e-05,
            "E[P_z(8)]": 5.35651e-05,
            "E[P_z(9)]": 5.6532e-05,
            "E[P_z(10)]": 4.57631e-05,
            "E[P_z(11)]": 4.67379e-05,
            "E[P_z(12)]": 4.92357e-05,
            "E[P_z(13)]": 4.01561e-05,
            "E[P_z(14)]": 3.37056e-05,
            "E[P_z(15)]": 3.10955e-05,
            "E[P_z(16)]": 3.00208e-05,
            "E[P_z(17)]": 2.8538e-05,
            "E[P_z(18)]": 4.39028e-05,
            "E[P_z(19)]": 5.9333e-05,
            "E[D_z]": null,
            "E[mis_z]": null
        },
        {
            "E[P_z(1)]": 0.0006271083,
            "E[P_z(2)]": 0.0001528252,
            "E[P_z(3)]": 9.58344e-05,
            "E[P_z(4)]": 6.84773e-05,
            "E[P_z(5)]": 5.19412e-05,
            "E[P_z(6)]": 5.22722e-05,
            "E[P_z(7)]": 4.08798e-05,
            "E[P_z(8)]": 3.02619e-05,
            "E[P_z(9)]": 3.16343e-05,
            "E[P_z(10)]": 2.53924e-05,
            "E[P_z(11)]": 2.57376e-05,
            "E[P_z(12)]": 2.69275e-05,
            "E[P_z(13)]": 2.18243e-05,
            "E[P_z(14)]": 1.82129e-05,
            "E[P_z(15)]": 1.67125e-05,
            "E[P_z(16)]": 1.60544e-05,
            "E[P_z(17)]": 1.519e-05,
            "E[P_z(18)]": 2.32653e-05,
            "E[P_z(19)]": 3.13118e-05,
            "E[D_z]": null,
            "E[mis_z]": null
        }
    ],
    "alpha": 0.00878271887281714,
    "execution_time": 316.5665421485901
}