{
    "output_file": "/scratch/40841732/tmpq6ytfsgk",
    "model": "C",
    "likelihood": -199.4263,
    "criteria": 0.00026,
    "params_mle": {
        "eps": 4.50283e-06,
        "eps_cont": 0,
        "lambda": 0,
        "theta_bar": 0.0009472347,
        "a": -1,
        "S_d": -43.08115,
        "b": 0.1307104,
        "p_b": 0.009188613,
        "S_b": 0.108419,
        "r": [
            0.5776303,
            0.526951,
            0.5382273,
            0.438927,
            0.4906493,
            0.5385093,
            0.5436477,
            0.5954933,
            0.5244762,
            0.4976888,
            0.6323065,
            0.5686285,
            0.5137242,
            0.5346413,
            0.3383814,
            0.4858374,
            0.6269462,
            0.4139803,
            0.5361886,
            0.4865155,
            0.4929399,
            0.3827522,
            0.6207163,
            0.5645324,
            0.5776609,
            0.6125829,
            0.9314231,
            1.6153
        ]
    },
    "n": 30,
    "expec": [
        {
            "E[P_z(1)]": 0.0009472307,
            "E[P_z(2)]": 0.0002735746,
            "E[P_z(3)]": 0.0001663814,
            "E[P_z(4)]": 0.0001274564,
            "E[P_z(5)]": 8.31531e-05,
            "E[P_z(6)]": 7.74598e-05,
            "E[P_z(7)]": 7.28704e-05,
            "E[P_z(8)]": 6.437e-05,
            "E[P_z(9)]": 6.26745e-05,
            "E[P_z(10)]": 4.96801e-05,
            "E[P_z(11)]": 4.2857e-05,
            "E[P_z(12)]": 4.99118e-05,
            "E[P_z(13)]": 4.14326e-05,
            "E[P_z(14)]": 3.47583e-05,
            "E[P_z(15)]": 3.37621e-05,
            "E[P_z(16)]": 2.0033e-05,
            "E[P_z(17)]": 2.70708e-05,
            "E[P_z(18)]": 3.29926e-05,
            "E[P_z(19)]": 2.06389e-05,
            "E[P_z(20)]": 2.53949e-05,
            "E[P_z(21)]": 2.19452e-05,
            "E[P_z(22)]": 2.12243e-05,
            "E[P_z(23)]": 1.57636e-05,
            "E[P_z(24)]": 2.44987e-05,
            "E[P_z(25)]": 2.13901e-05,
            "E[P_z(26)]": 2.10459e-05,
            "E[P_z(27)]": 2.14918e-05,
            "E[P_z(28)]": 3.1511e-05,
            "E[P_z(29)]": 5.2765e-05,
            "E[D_z]": null,
            "E[mis_z]": null
        },
        {
            "E[P_z(1)]": 0.0007355229,
            "E[P_z(2)]": 0.0001921297,
            "E[P_z(3)]": 0.0001105248,
            "E[P_z(4)]": 8.15732e-05,
            "E[P_z(5)]": 5.17672e-05,
            "E[P_z(6)]": 4.71792e-05,
            "E[P_z(7)]": 4.35902e-05,
            "E[P_z(8)]": 3.79196e-05,
            "E[P_z(9)]": 3.64327e-05,
            "E[P_z(10)]": 2.85416e-05,
            "E[P_z(11)]": 2.43641e-05,
            "E[P_z(12)]": 2.8106e-05,
            "E[P_z(13)]": 2.31294e-05,
            "E[P_z(14)]": 1.92491e-05,
            "E[P_z(15)]": 1.85594e-05,
            "E[P_z(16)]": 1.09368e-05,
            "E[P_z(17)]": 1.4684e-05,
            "E[P_z(18)]": 1.77882e-05,
            "E[P_z(19)]": 1.10643e-05,
            "E[P_z(20)]": 1.35406e-05,
            "E[P_z(21)]": 1.16414e-05,
            "E[P_z(22)]": 1.12042e-05,
            "E[P_z(23)]": 8.2829e-06,
            "E[P_z(24)]": 1.28156e-05,
            "E[P_z(25)]": 1.11419e-05,
            "E[P_z(26)]": 1.09179e-05,
            "E[P_z(27)]": 1.11055e-05,
            "E[P_z(28)]": 1.62214e-05,
            "E[P_z(29)]": 2.70645e-05,
            "E[D_z]": null,
            "E[mis_z]": null
        }
    ],
    "alpha": 0.020176609179065837,
    "execution_time": 284.65350103378296
}