{
    "likelihood": -103.73525098882287,
    "L2_residual": 70.11696236061091,
    "params_mle": {
        "S_d": -153.53284561978128,
        "b": 0.3826721090596525,
        "p_b": 0.12713254540082744,
        "S_b": 2.0026927378518775,
        "eps": 0.0,
        "h": 0.5
    },
    "alpha": 0.7436467191111442,
    "result": {
        "fun": 94.5115874865769,
        "jac": [
            0.0036379788292014237,
            -0.005820766094410535,
            0.010732037486569423,
            0.0001818989404503292,
            NaN,
            NaN
        ],
        "nfev": 420,
        "njev": 84,
        "nit": 65,
        "status": 0,
        "message": "CONVERGENCE: REL_REDUCTION_OF_F_<=_FACTR*EPSMCH",
        "x": [
            -2.186201299327737,
            -0.41717319004333225,
            0.12713254540082744,
            0.3016143229872557,
            0.0,
            0.5
        ],
        "success": true,
        "hess_inv": null
    },
    "execution_time": 42.81505560874939,
    "sfs_mle": [
        0.0,
        26987.8142757303,
        10856.835976393435,
        6893.7117816651335,
        5353.094800436424,
        4613.21407166738,
        4118.815518399935,
        3641.08932900539,
        3142.1797685694282,
        2691.224504135405,
        2370.7001630017926,
        2207.649685190691,
        2153.673364056573,
        2110.7964766565524,
        1987.4958429001344,
        1754.6267220037923,
        1460.1343677270286,
        1186.982903351286,
        991.738691410461,
        879.7731075605034,
        0.0
    ],
    "fixed_params": {
        "all.eps": 0,
        "all.h": 0.5
    },
    "bounds": {
        "S_d": [
            -100000.0,
            -0.01
        ],
        "b": [
            0.01,
            10
        ],
        "p_b": [
            0,
            0.5
        ],
        "S_b": [
            0.0001,
            100
        ],
        "eps": [
            0,
            0.15
        ],
        "h": [
            0,
            0.5
        ]
    },
    "config": {
        "model": "GammaExpParametrization",
        "intervals_del": [
            -100000000.0,
            -1e-05,
            1000
        ],
        "intervals_ben": [
            1e-05,
            10000.0,
            1000
        ],
        "intervals_h": [
            0.0,
            1.0,
            21
        ],
        "h_callback": null,
        "integration_mode": "midpoint",
        "linearized": true,
        "seed": 0,
        "opts_mle": {},
        "method_mle": "L-BFGS-B",
        "n_runs": 100,
        "x0": {
            "all": {
                "S_d": -1000,
                "b": 0.4,
                "p_b": 0.05,
                "S_b": 1,
                "eps": 0.0,
                "h": 0.5
            }
        },
        "bounds": {
            "S_d": [
                -100000.0,
                -0.01
            ],
            "b": [
                0.01,
                10
            ],
            "p_b": [
                0,
                0.5
            ],
            "S_b": [
                0.0001,
                100
            ],
            "eps": [
                0,
                0.15
            ],
            "h": [
                0,
                0.5
            ]
        },
        "scales": {
            "S_d": "log",
            "b": "log",
            "p_b": "lin",
            "S_b": "log",
            "eps": "lin",
            "h": "lin"
        },
        "fixed_params": {
            "all": {
                "eps": 0,
                "h": 0.5
            }
        },
        "shared_params": [],
        "covariates": [],
        "sfs_neut": {
            "all": [
                999446307.0,
                55095.92041578339,
                27956.09398952536,
                19673.64865758735,
                16158.8410873392,
                14398.392245209076,
                13114.908158674629,
                11721.948680109284,
                10160.064909896517,
                8694.221067271454,
                7618.205693285106,
                7029.148328369421,
                6769.868177587517,
                6527.885798167526,
                6026.636046715687,
                5198.672982227873,
                4211.933592980642,
                3321.001288260527,
                2680.360857745318,
                2286.7575894769634,
                34037.203882953
            ]
        },
        "sfs_sel": {
            "all": [
                999670792.0,
                26983.281087609204,
                10851.46380332734,
                6906.037638404448,
                5368.639070975271,
                4623.366009002838,
                4118.5828296814525,
                3627.794401301146,
                3118.1343078084155,
                2665.5456370617085,
                2355.9162182699106,
                2212.335315769399,
                2176.31243361444,
                2139.809476272749,
                2008.257074232632,
                1758.3881515286462,
                1447.82909956179,
                1167.0940852682338,
                978.4667224677484,
                893.6604790023177,
                19555.10714502201
            ]
        },
        "do_bootstrap": true,
        "n_bootstraps": 100,
        "n_bootstrap_retries": 2,
        "parallelize": true,
        "loss_type": "likelihood"
    }
}