{
    "output_file": "/scratch/38996014/tmpzxxff8pw",
    "model": "C",
    "likelihood": -255.6344,
    "criteria": 8e-05,
    "params_mle": {
        "eps": 0,
        "eps_cont": 0,
        "lambda": 0,
        "theta_bar": 0.003132293,
        "a": -1,
        "S_d": -109.5682,
        "b": 0.3142981,
        "p_b": 0,
        "S_b": 1,
        "r": [
            0.9142526,
            0.9108085,
            0.887977,
            0.9524347,
            0.8710762,
            0.8984785,
            0.9043358,
            0.9806132,
            0.9886986,
            0.8125021,
            0.9640197,
            0.9517307,
            0.9145462,
            0.9658592,
            0.9318201,
            1.213385,
            1.284536,
            1.604661
        ]
    },
    "n": 20,
    "expec": [
        {
            "E[P_z(1)]": 0.003132293,
            "E[P_z(2)]": 0.001431853,
            "E[P_z(3)]": 0.0009509729,
            "E[P_z(4)]": 0.0006953509,
            "E[P_z(5)]": 0.0005966609,
            "E[P_z(6)]": 0.0004547443,
            "E[P_z(7)]": 0.0004020425,
            "E[P_z(8)]": 0.0003540806,
            "E[P_z(9)]": 0.0003412853,
            "E[P_z(10)]": 0.0003096893,
            "E[P_z(11)]": 0.0002313631,
            "E[P_z(12)]": 0.0002516327,
            "E[P_z(13)]": 0.0002293153,
            "E[P_z(14)]": 0.0002046162,
            "E[P_z(15)]": 0.0002016903,
            "E[P_z(16)]": 0.0001824208,
            "E[P_z(17)]": 0.0002235693,
            "E[P_z(18)]": 0.0002235301,
            "E[P_z(19)]": 0.0002645404,
            "E[D_z]": null,
            "E[mis_z]": null
        },
        {
            "E[P_z(1)]": 0.001551568,
            "E[P_z(2)]": 0.0005400487,
            "E[P_z(3)]": 0.0003106762,
            "E[P_z(4)]": 0.0002068823,
            "E[P_z(5)]": 0.0001657805,
            "E[P_z(6)]": 0.0001197519,
            "E[P_z(7)]": 0.0001013189,
            "E[P_z(8)]": 8.59729e-05,
            "E[P_z(9)]": 8.02386e-05,
            "E[P_z(10)]": 7.07709e-05,
            "E[P_z(11)]": 5.15459e-05,
            "E[P_z(12)]": 5.47892e-05,
            "E[P_z(13)]": 4.88944e-05,
            "E[P_z(14)]": 4.27951e-05,
            "E[P_z(15)]": 4.14368e-05,
            "E[P_z(16)]": 3.686e-05,
            "E[P_z(17)]": 4.4477e-05,
            "E[P_z(18)]": 4.38235e-05,
            "E[P_z(19)]": 5.11528e-05,
            "E[D_z]": null,
            "E[mis_z]": null
        }
    ],
    "alpha": 0.0,
    "execution_time": 71.50940704345703
}