{
    "py/object": "fastdfe.polydfe.PolyDFE",
    "logger": {
        "py/reduce": [
            {
                "py/function": "logging.getLogger"
            },
            {
                "py/tuple": [
                    "fastdfe.PolyDFE"
                ]
            }
        ]
    },
    "bootstraps": null,
    "config": {
        "py/object": "fastdfe.config.Config",
        "data": {
            "model": "GammaExpParametrization",
            "intervals_del": {
                "py/tuple": [
                    -100000000.0,
                    -1e-05,
                    1000
                ]
            },
            "intervals_ben": {
                "py/tuple": [
                    1e-05,
                    10000.0,
                    1000
                ]
            },
            "integration_mode": "midpoint",
            "linearized": true,
            "seed": 0,
            "opts_mle": {},
            "n_runs": 10,
            "x0": {
                "all": {
                    "S_b": 0.1083917,
                    "S_d": -45.46375,
                    "a": -1,
                    "b": 0.1287808,
                    "eps": 4.50268e-06,
                    "eps_cont": 0,
                    "lambda": 0,
                    "p_b": 0.009184894,
                    "r": [
                        0.5642878,
                        0.496756,
                        0.4953868,
                        0.4840476,
                        0.4906511,
                        0.4906073,
                        0.5437098,
                        0.5553355,
                        0.5124802,
                        0.5092361,
                        0.6175192,
                        0.5977393,
                        0.4504409,
                        0.522028,
                        0.3860458,
                        0.4756257,
                        0.5506624,
                        0.3834732,
                        0.531485,
                        0.4975372,
                        0.5880576,
                        0.5381713,
                        0.7063446,
                        0.5665509,
                        0.6574706,
                        0.6611074,
                        0.9643355,
                        1.73894
                    ],
                    "theta_bar": 0.0009259123
                }
            },
            "bounds": {},
            "scales": {},
            "fixed_params": {},
            "shared_params": [],
            "covariates": [],
            "sfs_neut": {
                "py/object": "fastdfe.spectrum.Spectra",
                "data": {
                    "all": [
                        1037490.3337252,
                        983.0,
                        280.0,
                        157.0,
                        114.0,
                        120.0,
                        77.0,
                        91.0,
                        55.0,
                        52.0,
                        48.0,
                        47.0,
                        57.0,
                        44.0,
                        25.0,
                        32.0,
                        26.0,
                        37.0,
                        40.0,
                        16.0,
                        30.0,
                        17.0,
                        29.0,
                        27.0,
                        25.0,
                        12.0,
                        22.0,
                        27.0,
                        23.0,
                        46.0,
                        0.0
                    ]
                }
            },
            "sfs_sel": {
                "py/object": "fastdfe.spectrum.Spectra",
                "data": {
                    "all": [
                        2844766.6662748,
                        2119.0,
                        499.0,
                        323.0,
                        230.0,
                        171.0,
                        121.0,
                        106.0,
                        111.0,
                        93.0,
                        87.0,
                        69.0,
                        61.0,
                        67.0,
                        68.0,
                        46.0,
                        29.0,
                        37.0,
                        34.0,
                        35.0,
                        30.0,
                        40.0,
                        41.0,
                        45.0,
                        54.0,
                        32.0,
                        37.0,
                        19.0,
                        54.0,
                        85.0,
                        0.0
                    ]
                }
            },
            "do_bootstrap": false,
            "n_bootstraps": 10,
            "parallelize": false,
            "loss_type": "likelihood"
        }
    },
    "output_file": null,
    "execution_time": 3698.2409381866455,
    "summary": {
        "py/object": "fastdfe.polydfe.PolyDFEResult",
        "output_file": "results/polydfe/hgdp/inference/1/opts.n.30.config.default/bootstraps/57/all.polydfe.txt",
        "postprocessing_source": "../resources/polydfe/postprocessing/script.R",
        "data": {
            "output_file": "/scratch/40841673/tmpdmn_oxbn",
            "model": "C",
            "likelihood": -200.1617,
            "criteria": 0.00013,
            "params_mle": {
                "eps": 4.62885e-06,
                "eps_cont": 0,
                "lambda": 0,
                "theta_bar": 0.0009438077,
                "a": -1,
                "S_d": -26.04599,
                "b": 0.1990149,
                "p_b": 0.05023302,
                "S_b": 7.711527,
                "r": [
                    0.5431971,
                    0.5252323,
                    0.5171097,
                    0.5586865,
                    0.4636633,
                    0.5451344,
                    0.5303676,
                    0.5255002,
                    0.5472563,
                    0.5200265,
                    0.5795008,
                    0.5924105,
                    0.5356792,
                    0.4819822,
                    0.362636,
                    0.5180884,
                    0.5476912,
                    0.3973748,
                    0.4902343,
                    0.4864964,
                    0.6217342,
                    0.6629206,
                    0.75096,
                    0.4298903,
                    0.5895876,
                    0.467365,
                    0.789526,
                    1.339825
                ]
            },
            "n": 30,
            "expec": [
                {
                    "E[P_z(1)]": 0.0009438035,
                    "E[P_z(2)]": 0.0002563357,
                    "E[P_z(3)]": 0.0001652387,
                    "E[P_z(4)]": 0.0001220126,
                    "E[P_z(5)]": 0.0001054581,
                    "E[P_z(6)]": 7.29346e-05,
                    "E[P_z(7)]": 7.35001e-05,
                    "E[P_z(8)]": 6.25705e-05,
                    "E[P_z(9)]": 5.51078e-05,
                    "E[P_z(10)]": 5.16503e-05,
                    "E[P_z(11)]": 4.46185e-05,
                    "E[P_z(12)]": 4.5578e-05,
                    "E[P_z(13)]": 4.30093e-05,
                    "E[P_z(14)]": 3.61127e-05,
                    "E[P_z(15)]": 3.03266e-05,
                    "E[P_z(16)]": 2.13912e-05,
                    "E[P_z(17)]": 2.87633e-05,
                    "E[P_z(18)]": 2.87176e-05,
                    "E[P_z(19)]": 1.97393e-05,
                    "E[P_z(20)]": 2.31345e-05,
                    "E[P_z(21)]": 2.18649e-05,
                    "E[P_z(22)]": 2.66728e-05,
                    "E[P_z(23)]": 2.72032e-05,
                    "E[P_z(24)]": 2.95319e-05,
                    "E[P_z(25)]": 1.62298e-05,