{
    "py/object": "fastdfe.polydfe.PolyDFE",
    "logger": {
        "py/reduce": [
            {
                "py/function": "logging.getLogger"
            },
            {
                "py/tuple": [
                    "fastdfe.PolyDFE"
                ]
            }
        ]
    },
    "bootstraps": null,
    "config": {
        "py/object": "fastdfe.config.Config",
        "data": {
            "model": "GammaExpParametrization",
            "intervals_del": {
                "py/tuple": [
                    -100000000.0,
                    -1e-05,
                    1000
                ]
            },
            "intervals_ben": {
                "py/tuple": [
                    1e-05,
                    10000.0,
                    1000
                ]
            },
            "integration_mode": "midpoint",
            "linearized": true,
            "seed": 0,
            "opts_mle": {},
            "n_runs": 10,
            "x0": {
                "all": {
                    "S_b": 1.562568,
                    "S_d": -22188.79,
                    "a": -1,
                    "b": 0.1916524,
                    "eps": 0.007632547,
                    "eps_cont": 0,
                    "lambda": 0,
                    "p_b": 0.04617354,
                    "r": [
                        0.8275426,
                        0.7254075,
                        0.6568578,
                        0.602303,
                        0.5558673,
                        0.5172334,
                        0.4889478,
                        0.4709818,
                        0.4671859,
                        0.4710718,
                        0.4770928,
                        0.4916403,
                        0.5096436,
                        0.5365832,
                        0.5691288,
                        0.6256435,
                        0.7473002,
                        1.000285
                    ],
                    "theta_bar": 0.007669351
                }
            },
            "bounds": {},
            "scales": {},
            "fixed_params": {
                "all": {}
            },
            "shared_params": [],
            "covariates": [],
            "sfs_neut": {
                "py/object": "fastdfe.spectrum.Spectra",
                "data": {
                    "all": [
                        257353.66666666698,
                        1958.0,
                        786.0,
                        442.0,
                        336.0,
                        249.0,
                        194.0,
                        153.0,
                        117.0,
                        124.0,
                        96.0,
                        86.0,
                        78.0,
                        85.0,
                        79.0,
                        82.0,
                        69.0,
                        75.0,
                        93.0,
                        137.0,
                        0.0
                    ]
                }
            },
            "sfs_sel": {
                "py/object": "fastdfe.spectrum.Spectra",
                "data": {
                    "all": [
                        956796.333333333,
                        1888.0,
                        679.0,
                        385.0,
                        236.0,
                        157.0,
                        153.0,
                        98.0,
                        75.0,
                        63.0,
                        70.0,
                        57.0,
                        55.0,
                        47.0,
                        43.0,
                        44.0,
                        61.0,
                        56.0,
                        78.0,
                        102.0,
                        0.0
                    ]
                }
            },
            "do_bootstrap": null,
            "n_bootstraps": 10,
            "parallelize": true,
            "loss_type": "likelihood"
        }
    },
    "output_file": null,
    "execution_time": 2323.377856492996,
    "summary": {
        "py/object": "fastdfe.polydfe.PolyDFEResult",
        "output_file": "results/polydfe/pendula_C_full_anc/bootstraps/3/out.txt",
        "postprocessing_source": "../resources/polydfe/postprocessing/script.R",
        "data": {
            "output_file": "/scratch/38996450/tmpt77j7wvu",
            "model": "C",
            "likelihood": -136.6917,
            "criteria": 0.00039,
            "params_mle": {
                "eps": 0.001651572,
                "eps_cont": 0,
                "lambda": 0,
                "theta_bar": 0.007412215,
                "a": -1,
                "S_d": -21870.16,
                "b": 0.1689105,
                "p_b": 0.008255139,
                "S_b": 15.11938,
                "r": [
                    0.8236593,
                    0.7206408,
                    0.6776594,
                    0.6092959,
                    0.6310481,
                    0.5363718,
                    0.4714621,
                    0.5187432,
                    0.513038,
                    0.4868458,
                    0.4942431,
                    0.5307469,
                    0.5264027,
                    0.5798539,
                    0.6326898,
                    0.6681725,
                    0.9041872,
                    1.274178
                ]
            },
            "n": 20,
            "expec": [
                {
                    "E[P_z(1)]": 0.007400794,
                    "E[P_z(2)]": 0.003048143,
                    "E[P_z(3)]": 0.001778055,
                    "E[P_z(4)]": 0.001254149,
                    "E[P_z(5)]": 0.0009022278,
                    "E[P_z(6)]": 0.00077875,
                    "E[P_z(7)]": 0.0005675193,
                    "E[P_z(8)]": 0.000436605,
                    "E[P_z(9)]": 0.0004270624,
                    "E[P_z(10)]": 0.0003802747,
                    "E[P_z(11)]": 0.0003282189,
                    "E[P_z(12)]": 0.0003055036,
                    "E[P_z(13)]": 0.0003030544,
                    "E[P_z(14)]": 0.000279528,
                    "E[P_z(15)]": 0.000287552,
                    "E[P_z(16)]": 0.0002946919,
                    "E[P_z(17)]": 0.0002937911,
                    "E[P_z(18)]": 0.0003767616,
                    "E[P_z(19)]": 0.0005084986,
                    "E[D_z]": null,
                    "E[mis_z]": null
                },
                {
                    "E[P_z(1)]": 0.001979511,
                    "E[P_z(2)]": 0.0006914574,
                    "E[P_z(3)]": 0.0003746631,
                    "E[P_z(4)]": 0.0002524814,
                    "E[P_z(5)]": 0.0001759183,
                    "E[P_z(6)]": 0.0001482703,
                    "E[P_z(7)]": 0.0001060977,
                    "E[P_z(8)]": 8.04811e-05,
                    "E[P_z(9)]": 7.78849e-05,
                    "E[P_z(10)]": 6.88193e-05,
                    "E[P_z(11)]": 5.91107e-05,
                    "E[P_z(12)]": 5.49127e-05,
                    "E[P_z(13)]": 5.45423e-05,
                    "E[P_z(14)]": 5.05669e-05,
                    "E[P_z(15)]": 5.25368e-05,
                    "E[P_z(16)]": 5.47403e-05,
                    "E[P_z(17)]": 5.60286e-05,
                    "E[P_z(18)]": 7.4968e-05,
                    "E[P_z(19)]": 0.0001097585,
                    "E[D_z]": null,
                    "E[mis_z]": null
                }
            ],
            "alpha": 0.4584008035701357,
            "execution_time": 2323.377856492996
        }
    }
}