{
    "output_file": "/scratch/40841200/tmplebeoadf",
    "model": "C",
    "likelihood": -106.843,
    "criteria": 0.00015,
    "params_mle": {
        "eps": 4.50203e-06,
        "eps_cont": 0,
        "lambda": 0,
        "theta_bar": 0.0008413829,
        "a": -1,
        "S_d": -25.13823,
        "b": 0.1196727,
        "p_b": 0.01073799,
        "S_b": 0.0968456,
        "r": [
            0.6058584,
            0.6507758,
            0.6372193,
            0.6023768,
            0.7347291,
            0.5629419,
            0.7063298,
            0.6934291,
            0.5308595,
            0.5930906,
            0.6819738,
            0.7354625,
            1.338235
        ]
    },
    "n": 15,
    "expec": [
        {
            "E[P_z(1)]": 0.0008413795,
            "E[P_z(2)]": 0.0002548785,
            "E[P_z(3)]": 0.0001825166,
            "E[P_z(4)]": 0.000134036,
            "E[P_z(5)]": 0.0001013656,
            "E[P_z(6)]": 0.0001030312,
            "E[P_z(7)]": 6.76643e-05,
            "E[P_z(8)]": 7.42867e-05,
            "E[P_z(9)]": 6.48268e-05,
            "E[P_z(10)]": 4.46659e-05,
            "E[P_z(11)]": 4.53655e-05,
            "E[P_z(12)]": 4.78174e-05,
            "E[P_z(13)]": 4.76014e-05,
            "E[P_z(14)]": 8.04297e-05,
            "E[D_z]": null,
            "E[mis_z]": null
        },
        {
            "E[P_z(1)]": 0.0006563565,
            "E[P_z(2)]": 0.0001813528,
            "E[P_z(3)]": 0.0001235831,
            "E[P_z(4)]": 8.78231e-05,
            "E[P_z(5)]": 6.48202e-05,
            "E[P_z(6)]": 6.4629e-05,
            "E[P_z(7)]": 4.17743e-05,
            "E[P_z(8)]": 4.52451e-05,
            "E[P_z(9)]": 3.90203e-05,
            "E[P_z(10)]": 2.66056e-05,
            "E[P_z(11)]": 2.67701e-05,
            "E[P_z(12)]": 2.79777e-05,
            "E[P_z(13)]": 2.76351e-05,
            "E[P_z(14)]": 4.63596e-05,
            "E[D_z]": null,
            "E[mis_z]": null
        }
    ],
    "alpha": 0.020916747466779163,
    "execution_time": 381.1837646961212
}