{
    "output_file": "/scratch/40681203/tmpdoh6ooqj",
    "model": "C",
    "likelihood": -29.65281,
    "criteria": 7e-05,
    "params_mle": {
        "eps": 4.49452e-06,
        "eps_cont": 0,
        "lambda": 0,
        "theta_bar": 0.0004224599,
        "a": -1,
        "S_d": -21.04224,
        "b": 0.128904,
        "p_b": 0.01268952,
        "S_b": 0.09110845,
        "r": [
            0.8943083,
            0.8666052,
            0.852579
        ]
    },
    "n": 5,
    "expec": [
        {
            "E[P_z(1)]": 0.0004224584,
            "E[P_z(2)]": 0.0001889044,
            "E[P_z(3)]": 0.0001220356,
            "E[P_z(4)]": 9.00466e-05,
            "E[D_z]": null,
            "E[mis_z]": null
        },
        {
            "E[P_z(1)]": 0.000300885,
            "E[P_z(2)]": 0.0001213671,
            "E[P_z(3)]": 7.44214e-05,
            "E[P_z(4)]": 5.30729e-05,
            "E[D_z]": null,
            "E[mis_z]": null
        }
    ],
    "alpha": 0.024663493416354088,
    "execution_time": 123.43651723861694
}