{
    "output_file": "/scratch/40681190/tmprraoqlld",
    "model": "C",
    "likelihood": -30.11133,
    "criteria": 8e-05,
    "params_mle": {
        "eps": 4.49785e-06,
        "eps_cont": 0,
        "lambda": 0,
        "theta_bar": 0.0004469999,
        "a": -1,
        "S_d": -8.64459,
        "b": 0.2174245,
        "p_b": 0.004079152,
        "S_b": 0.03426797,
        "r": [
            0.9546386,
            0.869252,
            1.125992
        ]
    },
    "n": 5,
    "expec": [
        {
            "E[P_z(1)]": 0.0004469985,
            "E[P_z(2)]": 0.0002133613,
            "E[P_z(3)]": 0.0001295189,
            "E[P_z(4)]": 0.000125831,
            "E[D_z]": null,
            "E[mis_z]": null
        },
        {
            "E[P_z(1)]": 0.0003224728,
            "E[P_z(2)]": 0.0001332437,
            "E[P_z(3)]": 7.45105e-05,
            "E[P_z(4)]": 6.84729e-05,
            "E[D_z]": null,
            "E[mis_z]": null
        }
    ],
    "alpha": 0.009201422241360165,
    "execution_time": 87.10900640487671
}