{
    "output_file": "/scratch/38994861/tmp3tvluec4",
    "model": "C",
    "likelihood": -202.6894,
    "criteria": 0.02966,
    "params_mle": {
        "eps": 0.006601749,
        "eps_cont": 0,
        "lambda": 0,
        "theta_bar": 0.01018536,
        "a": -1,
        "S_d": -85.69662,
        "b": 0.6902116,
        "p_b": 0.3508935,
        "S_b": 9.550754,
        "r": [
            0.958832,
            1.004883,
            0.968851,
            1.038408,
            0.9998897,
            0.9419428,
            0.941605,
            0.9537135,
            0.9801182,
            1.014394,
            0.9753821,
            1.042215,
            1.005783,
            0.9956343,
            0.92382,
            0.9436891,
            0.8975104,
            0.8511956
        ]
    },
    "n": 20,
    "expec": [
        {
            "E[P_z(1)]": 0.01012113,
            "E[P_z(2)]": 0.004854139,
            "E[P_z(3)]": 0.003392907,
            "E[P_z(4)]": 0.002454619,
            "E[P_z(5)]": 0.002105809,
            "E[P_z(6)]": 0.001690997,
            "E[P_z(7)]": 0.001366917,
            "E[P_z(8)]": 0.001196374,
            "E[P_z(9)]": 0.001078399,
            "E[P_z(10)]": 0.0009982852,
            "E[P_z(11)]": 0.0009401941,
            "E[P_z(12)]": 0.0008303333,
            "E[P_z(13)]": 0.0008202213,
            "E[P_z(14)]": 0.0007381079,
            "E[P_z(15)]": 0.0006855609,
            "E[P_z(16)]": 0.000600494,
            "E[P_z(17)]": 0.0005841911,
            "E[P_z(18)]": 0.0005367428,
            "E[P_z(19)]": 0.0005205304,
            "E[D_z]": null,
            "E[mis_z]": null
        },
        {
            "E[P_z(1)]": 0.006255853,
            "E[P_z(2)]": 0.002591602,
            "E[P_z(3)]": 0.001740826,
            "E[P_z(4)]": 0.001260094,
            "E[P_z(5)]": 0.001103118,
            "E[P_z(6)]": 0.0009149705,
            "E[P_z(7)]": 0.0007707864,
            "E[P_z(8)]": 0.0007080533,
            "E[P_z(9)]": 0.0006745801,
            "E[P_z(10)]": 0.0006645474,
            "E[P_z(11)]": 0.000670957,
            "E[P_z(12)]": 0.0006402581,
            "E[P_z(13)]": 0.0006896905,
            "E[P_z(14)]": 0.0006833341,
            "E[P_z(15)]": 0.0007071672,
            "E[P_z(16)]": 0.0007001485,
            "E[P_z(17)]": 0.000782625,
            "E[P_z(18)]": 0.0008420641,
            "E[P_z(19)]": 0.0009653722,
            "E[D_z]": null,
            "E[mis_z]": null
        }
    ],
    "alpha": 0.9904051399859988,
    "execution_time": 1048.2536556720734
}