{
    "py/object": "fastdfe.polydfe.PolyDFE",
    "logger": {
        "py/reduce": [
            {
                "py/function": "logging.getLogger"
            },
            {
                "py/tuple": [
                    "fastdfe.PolyDFE"
                ]
            }
        ]
    },
    "bootstraps": null,
    "config": {
        "py/object": "fastdfe.config.Config",
        "data": {
            "model": "GammaExpParametrization",
            "intervals_del": {
                "py/tuple": [
                    -100000000.0,
                    -1e-05,
                    1000
                ]
            },
            "intervals_ben": {
                "py/tuple": [
                    1e-05,
                    10000.0,
                    1000
                ]
            },
            "integration_mode": "midpoint",
            "linearized": true,
            "seed": 0,
            "opts_mle": {},
            "n_runs": 10,
            "x0": {
                "all": {
                    "S_b": 0.05627203,
                    "S_d": -26.88451,
                    "a": -1,
                    "b": 0.1464485,
                    "eps": 4.50288e-06,
                    "eps_cont": 0,
                    "lambda": 0,
                    "p_b": 0.004419742,
                    "r": [
                        0.4932568,
                        0.4490162,
                        0.411058,
                        0.4293708,
                        0.4059378,
                        0.3950674,
                        0.4836194,
                        0.4412304,
                        0.4459431,
                        0.5171633,
                        0.4880109,
                        0.499798,
                        0.5114526,
                        0.4705895,
                        0.3840001,
                        0.3914661,
                        0.4942643,
                        0.4410675,
                        0.4295933,
                        0.3836019,
                        0.3386893,
                        0.4566943,
                        0.4425798,
                        0.4623484,
                        0.424307,
                        0.4116725,
                        0.4906384,
                        0.4335386,
                        0.4045893,
                        0.5819833,
                        0.4816641,
                        0.5724359,
                        0.5396078,
                        0.5300813,
                        0.62822,
                        0.8578236,
                        0.810246,
                        2.052769
                    ],
                    "theta_bar": 0.001050261
                }
            },
            "bounds": {},
            "scales": {},
            "fixed_params": {},
            "shared_params": [],
            "covariates": [],
            "sfs_neut": {
                "py/object": "fastdfe.spectrum.Spectra",
                "data": {
                    "all": [
                        1037886.33330917,
                        1077.0,
                        301.0,
                        168.0,
                        117.0,
                        105.0,
                        71.0,
                        47.0,
                        75.0,
                        45.0,
                        56.0,
                        58.0,
                        52.0,
                        39.0,
                        45.0,
                        28.0,
                        27.0,
                        36.0,
                        28.0,
                        18.0,
                        30.0,
                        21.0,
                        13.0,
                        18.0,
                        23.0,
                        25.0,
                        16.0,
                        20.0,
                        17.0,
                        22.0,
                        15.0,
                        28.0,
                        18.0,
                        17.0,
                        17.0,
                        9.0,
                        26.0,
                        17.0,
                        25.0,
                        49.0,
                        0.0
                    ]
                }
            },
            "sfs_sel": {
                "py/object": "fastdfe.spectrum.Spectra",
                "data": {
                    "all": [
                        2843439.66669083,
                        2513.0,
                        525.0,
                        359.0,
                        224.0,
                        165.0,
                        124.0,
                        134.0,
                        101.0,
                        88.0,
                        79.0,
                        73.0,
                        67.0,
                        71.0,
                        64.0,
                        52.0,
                        28.0,
                        32.0,
                        37.0,
                        54.0,
                        29.0,
                        33.0,
                        30.0,
                        36.0,
                        25.0,
                        26.0,
                        19.0,
                        26.0,
                        28.0,
                        28.0,
                        15.0,
                        39.0,
                        17.0,
                        34.0,
                        19.0,
                        24.0,
                        12.0,
                        35.0,
                        42.0,
                        107.0,
                        0.0
                    ]
                }
            },
            "do_bootstrap": false,
            "n_bootstraps": 10,
            "parallelize": false,
            "loss_type": "likelihood"
        }
    },
    "output_file": null,
    "execution_time": 928.2470726966858,
    "summary": {
        "py/object": "fastdfe.polydfe.PolyDFEResult",
        "output_file": "results/polydfe/hgdp/inference/1/opts.n.40.config.default/bootstraps/84/all.polydfe.txt",
        "postprocessing_source": "../resources/polydfe/postprocessing/script.R",
        "data": {
            "output_file": "/scratch/40841795/tmp5o93il1z",
            "model": "C",
            "likelihood": -258.2324,
            "criteria": 0.00012,
            "params_mle": {
                "eps": 4.50412e-06,
                "eps_cont": 0,
                "lambda": 0,
                "theta_bar": 0.001060381,
                "a": -1,
                "S_d": -26.20222,
                "b": 0.1512581,
                "p_b": 0.00442531,
                "S_b": 0.05630629,
                "r": [
                    0.4916436,
                    0.4894248,
                    0.4338223,
                    0.4381511,
                    0.3858689,
                    0.4234171,
                    0.4758318,
                    0.4084645,
                    0.464612,
                    0.4997173,
                    0.4986118,
                    0.5024322,
                    0.5392339,
                    0.4262869,
                    0.3141511,
                    0.4145519,
                    0.4213719,
                    0.4946621,
                    0.4283052,
                    0.413083,
                    0.3457828,
                    0.4554492,
                    0.4237584,
                    0.4703848,
                    0.3366751,
                    0.4607559,
                    0.4686579,
                    0.5406672,
                    0.3364143,
                    0.7781464,
                    0.4205605,
                    0.6333452,
                    0.4615888,
                    0.436463,
                    0.5179704,
                    0.7299193,
                    0.9676367,
                    2.316408
                ]
            },