{
    "output_file": "/scratch/40840323/tmpksm95rn5",
    "model": "C",
    "likelihood": -66.5761,
    "criteria": 0.0001,
    "params_mle": {
        "eps": 4.4997e-06,
        "eps_cont": 0,
        "lambda": 0,
        "theta_bar": 0.0007716582,
        "a": -1,
        "S_d": -17.3327,
        "b": 0.1897226,
        "p_b": 0.0009289747,
        "S_b": 0.007920297,
        "r": [
            0.8038017,
            0.7287174,
            0.7904298,
            0.7760515,
            0.7017797,
            0.7046275,
            0.8806982,
            0.9842303
        ]
    },
    "n": 10,
    "expec": [
        {
            "E[P_z(1)]": 0.0007716552,
            "E[P_z(2)]": 0.0003101291,
            "E[P_z(3)]": 0.0001874398,
            "E[P_z(4)]": 0.0001524851,
            "E[P_z(5)]": 0.0001197693,
            "E[P_z(6)]": 9.0256e-05,
            "E[P_z(7)]": 7.76764e-05,
            "E[P_z(8)]": 8.49508e-05,
            "E[P_z(9)]": 8.43908e-05,
            "E[D_z]": null,
            "E[mis_z]": null
        },
        {
            "E[P_z(1)]": 0.0005582401,
            "E[P_z(2)]": 0.0001957643,
            "E[P_z(3)]": 0.0001096418,
            "E[P_z(4)]": 8.47562e-05,
            "E[P_z(5)]": 6.40863e-05,
            "E[P_z(6)]": 4.68557e-05,
            "E[P_z(7)]": 3.9326e-05,
            "E[P_z(8)]": 4.2096e-05,
            "E[P_z(9)]": 4.10423e-05,
            "E[D_z]": null,
            "E[mis_z]": null
        }
    ],
    "alpha": 0.003038020186823034,
    "execution_time": 27.824586868286133
}