{
    "output_file": "/scratch/38996454/tmpxlmhze14",
    "model": "C",
    "likelihood": -131.1273,
    "criteria": 8e-05,
    "params_mle": {
        "eps": 0.000213157,
        "eps_cont": 0,
        "lambda": 0,
        "theta_bar": 0.007455238,
        "a": -1,
        "S_d": -73970.43,
        "b": 0.1443486,
        "p_b": 0.005946931,
        "S_b": 0.06321601,
        "r": [
            0.8149531,
            0.7023611,
            0.6516803,
            0.5963958,
            0.5779304,
            0.4903177,
            0.515749,
            0.5178282,
            0.4895586,
            0.5443236,
            0.4887938,
            0.4992506,
            0.543748,
            0.5375485,
            0.6849784,
            0.7774443,
            0.8018622,
            1.222565
        ]
    },
    "n": 20,
    "expec": [
        {
            "E[P_z(1)]": 0.007453751,
            "E[P_z(2)]": 0.003037258,
            "E[P_z(3)]": 0.001745124,
            "E[P_z(4)]": 0.001214417,
            "E[P_z(5)]": 0.000889122,
            "E[P_z(6)]": 0.0007180101,
            "E[P_z(7)]": 0.0005221548,
            "E[P_z(8)]": 0.0004805913,
            "E[P_z(9)]": 0.0004289353,
            "E[P_z(10)]": 0.0003649776,
            "E[P_z(11)]": 0.0003689275,
            "E[P_z(12)]": 0.0003037106,
            "E[P_z(13)]": 0.0002863604,
            "E[P_z(14)]": 0.0002896464,
            "E[P_z(15)]": 0.0002673027,
            "E[P_z(16)]": 0.0003193582,
            "E[P_z(17)]": 0.0003412424,
            "E[P_z(18)]": 0.0003326919,
            "E[P_z(19)]": 0.000481198,
            "E[D_z]": null,
            "E[mis_z]": null
        },
        {
            "E[P_z(1)]": 0.001967133,
            "E[P_z(2)]": 0.0006954582,
            "E[P_z(3)]": 0.0003742882,
            "E[P_z(4)]": 0.0002498116,
            "E[P_z(5)]": 0.0001774142,
            "E[P_z(6)]": 0.0001398935,
            "E[P_z(7)]": 9.97619e-05,
            "E[P_z(8)]": 9.03111e-05,
            "E[P_z(9)]": 7.94539e-05,
            "E[P_z(10)]": 6.67542e-05,
            "E[P_z(11)]": 6.67155e-05,
            "E[P_z(12)]": 5.43613e-05,
            "E[P_z(13)]": 5.0778e-05,
            "E[P_z(14)]": 5.09206e-05,
            "E[P_z(15)]": 4.66203e-05,
            "E[P_z(16)]": 5.52888e-05,
            "E[P_z(17)]": 5.86739e-05,
            "E[P_z(18)]": 5.68523e-05,
            "E[P_z(19)]": 8.18184e-05,
            "E[D_z]": null,
            "E[mis_z]": null
        }
    ],
    "alpha": 0.039527338755156655,
    "execution_time": 1442.8854804039001
}