{
    "output_file": "/scratch/40841756/tmpndmq3bu4",
    "model": "C",
    "likelihood": -195.8397,
    "criteria": 9e-05,
    "params_mle": {
        "eps": 4.50454e-06,
        "eps_cont": 0,
        "lambda": 0,
        "theta_bar": 0.0009301841,
        "a": -1,
        "S_d": -60.86753,
        "b": 0.1066664,
        "p_b": 0.009228497,
        "S_b": 0.1086663,
        "r": [
            0.5651657,
            0.5690011,
            0.5021894,
            0.4346484,
            0.5048278,
            0.407053,
            0.6539901,
            0.5416142,
            0.4374689,
            0.4276437,
            0.5729493,
            0.5822138,
            0.4289738,
            0.4493484,
            0.4168442,
            0.4238204,
            0.5299687,
            0.4073138,
            0.5515755,
            0.5208596,
            0.5469852,
            0.5731712,
            0.6583662,
            0.4615929,
            0.6413499,
            0.6561796,
            0.7626247,
            1.594469
        ]
    },
    "n": 30,
    "expec": [
        {
            "E[P_z(1)]": 0.0009301802,
            "E[P_z(2)]": 0.000262853,
            "E[P_z(3)]": 0.0001764246,
            "E[P_z(4)]": 0.0001167817,
            "E[P_z(5)]": 8.08603e-05,
            "E[P_z(6)]": 7.82636e-05,
            "E[P_z(7)]": 5.40905e-05,
            "E[P_z(8)]": 7.60412e-05,
            "E[P_z(9)]": 5.59777e-05,
            "E[P_z(10)]": 4.06926e-05,
            "E[P_z(11)]": 3.61624e-05,
            "E[P_z(12)]": 4.44123e-05,
            "E[P_z(13)]": 4.16588e-05,
            "E[P_z(14)]": 2.85017e-05,
            "E[P_z(15)]": 2.78651e-05,
            "E[P_z(16)]": 2.42339e-05,
            "E[P_z(17)]": 2.31901e-05,
            "E[P_z(18)]": 2.73872e-05,
            "E[P_z(19)]": 1.9941e-05,
            "E[P_z(20)]": 2.56534e-05,
            "E[P_z(21)]": 2.30714e-05,
            "E[P_z(22)]": 2.31274e-05,
            "E[P_z(23)]": 2.31808e-05,
            "E[P_z(24)]": 2.5517e-05,
            "E[P_z(25)]": 1.71749e-05,
            "E[P_z(26)]": 2.29456e-05,
            "E[P_z(27)]": 2.26069e-05,
            "E[P_z(28)]": 2.53361e-05,
            "E[P_z(29)]": 5.11471e-05,
            "E[D_z]": null,
            "E[mis_z]": null
        },
        {
            "E[P_z(1)]": 0.0007210194,
            "E[P_z(2)]": 0.0001865657,
            "E[P_z(3)]": 0.000119499,
            "E[P_z(4)]": 7.66948e-05,
            "E[P_z(5)]": 5.19057e-05,
            "E[P_z(6)]": 4.93422e-05,
            "E[P_z(7)]": 3.35999e-05,
            "E[P_z(8)]": 4.66443e-05,
            "E[P_z(9)]": 3.39641e-05,
            "E[P_z(10)]": 2.4453e-05,
            "E[P_z(11)]": 2.15441e-05,
            "E[P_z(12)]": 2.62533e-05,
            "E[P_z(13)]": 2.44508e-05,
            "E[P_z(14)]": 1.66193e-05,
            "E[P_z(15)]": 1.61497e-05,
            "E[P_z(16)]": 1.3966e-05,
            "E[P_z(17)]": 1.32941e-05,
            "E[P_z(18)]": 1.56224e-05,
            "E[P_z(19)]": 1.13217e-05,
            "E[P_z(20)]": 1.45007e-05,
            "E[P_z(21)]": 1.29865e-05,
            "E[P_z(22)]": 1.29661e-05,
            "E[P_z(23)]": 1.29466e-05,
            "E[P_z(24)]": 1.41995e-05,
            "E[P_z(25)]": 9.5241e-06,
            "E[P_z(26)]": 1.26815e-05,
            "E[P_z(27)]": 1.24542e-05,
            "E[P_z(28)]": 1.39146e-05,
            "E[P_z(29)]": 2.80067e-05,
            "E[D_z]": null,
            "E[mis_z]": null
        }
    ],
    "alpha": 0.019175872257727784,
    "execution_time": 1101.5771265029907
}