{
    "py/object": "fastdfe.polydfe.PolyDFE",
    "logger": {
        "py/reduce": [
            {
                "py/function": "logging.getLogger"
            },
            {
                "py/tuple": [
                    "fastdfe.PolyDFE"
                ]
            }
        ]
    },
    "bootstraps": null,
    "config": {
        "py/object": "fastdfe.config.Config",
        "data": {
            "model": "GammaExpParametrization",
            "intervals_del": {
                "py/tuple": [
                    -100000000.0,
                    -1e-05,
                    1000
                ]
            },
            "intervals_ben": {
                "py/tuple": [
                    1e-05,
                    10000.0,
                    1000
                ]
            },
            "integration_mode": "midpoint",
            "linearized": true,
            "seed": 0,
            "opts_mle": {},
            "n_runs": 10,
            "x0": {
                "all": {
                    "S_b": 0.09636954,
                    "S_d": -44.34681,
                    "a": -1,
                    "b": 0.1221405,
                    "eps": 4.50123e-06,
                    "eps_cont": 0,
                    "lambda": 0,
                    "p_b": 0.01060767,
                    "r": [
                        0.6268517,
                        0.6514728,
                        0.6820074,
                        0.5848618,
                        0.7565646,
                        0.6523473,
                        0.6349214,
                        0.7005902,
                        0.6139579,
                        0.6324166,
                        0.6421517,
                        0.7478784,
                        1.22486
                    ],
                    "theta_bar": 0.0008663822
                }
            },
            "bounds": {},
            "scales": {},
            "fixed_params": {},
            "shared_params": [],
            "covariates": [],
            "sfs_neut": {
                "py/object": "fastdfe.spectrum.Spectra",
                "data": {
                    "all": [
                        870424.438336528,
                        755.0,
                        195.0,
                        194.0,
                        141.0,
                        91.0,
                        75.0,
                        84.0,
                        54.0,
                        74.0,
                        55.0,
                        38.0,
                        45.0,
                        51.0,
                        69.0,
                        0.0
                    ]
                }
            },
            "sfs_sel": {
                "py/object": "fastdfe.spectrum.Spectra",
                "data": {
                    "all": [
                        2365762.56166347,
                        1540.0,
                        454.0,
                        287.0,
                        209.0,
                        132.0,
                        170.0,
                        106.0,
                        99.0,
                        74.0,
                        63.0,
                        78.0,
                        60.0,
                        58.0,
                        106.0,
                        0.0
                    ]
                }
            },
            "do_bootstrap": false,
            "n_bootstraps": 10,
            "parallelize": false,
            "loss_type": "likelihood"
        }
    },
    "output_file": null,
    "execution_time": 132.1726508140564,
    "summary": {
        "py/object": "fastdfe.polydfe.PolyDFEResult",
        "output_file": "results/polydfe/hgdp/inference/1/opts.n.15.config.default/bootstraps/52/all.polydfe.txt",
        "postprocessing_source": "../resources/polydfe/postprocessing/script.R",
        "data": {
            "output_file": "/scratch/40840733/tmpvgia6lul",
            "model": "C",
            "likelihood": -109.4848,
            "criteria": 9e-05,
            "params_mle": {
                "eps": 4.50186e-06,
                "eps_cont": 0,
                "lambda": 0,
                "theta_bar": 0.0008492151,
                "a": -1,
                "S_d": -15.58569,
                "b": 0.1885973,
                "p_b": 0.01050975,
                "S_b": 0.09592396,
                "r": [
                    0.6132714,
                    0.7140013,
                    0.7144803,
                    0.5821819,
                    0.7814352,
                    0.7175378,
                    0.6686292,
                    0.7355192,
                    0.6578133,
                    0.7173585,
                    0.713826,
                    0.8084034,
                    1.406634
                ]
            },
            "n": 15,
            "expec": [
                {
                    "E[P_z(1)]": 0.0008492117,
                    "E[P_z(2)]": 0.0002603987,
                    "E[P_z(3)]": 0.0002021129,
                    "E[P_z(4)]": 0.0001516864,
                    "E[P_z(5)]": 9.88793e-05,
                    "E[P_z(6)]": 0.0001106009,
                    "E[P_z(7)]": 8.70491e-05,
                    "E[P_z(8)]": 7.09763e-05,
                    "E[P_z(9)]": 6.94017e-05,
                    "E[P_z(10)]": 5.58627e-05,
                    "E[P_z(11)]": 5.53815e-05,
                    "E[P_z(12)]": 5.05167e-05,
                    "E[P_z(13)]": 5.28093e-05,
                    "E[P_z(14)]": 8.53274e-05,
                    "E[D_z]": null,
                    "E[mis_z]": null
                },
                {
                    "E[P_z(1)]": 0.0006560004,
                    "E[P_z(2)]": 0.0001780514,
                    "E[P_z(3)]": 0.0001286041,
                    "E[P_z(4)]": 9.18785e-05,
                    "E[P_z(5)]": 5.77177e-05,
                    "E[P_z(6)]": 6.26852e-05,
                    "E[P_z(7)]": 4.81457e-05,
                    "E[P_z(8)]": 3.84453e-05,
                    "E[P_z(9)]": 3.69146e-05,
                    "E[P_z(10)]": 2.92378e-05,
                    "E[P_z(11)]": 2.85689e-05,
                    "E[P_z(12)]": 2.57187e-05,
                    "E[P_z(13)]": 2.65638e-05,
                    "E[P_z(14)]": 4.24469e-05,
                    "E[D_z]": null,
                    "E[mis_z]": null
                }
            ],
            "alpha": 0.02363739372158805,
            "execution_time": 132.1726508140564
        }
    }
}