{
    "py/object": "fastdfe.polydfe.PolyDFE",
    "logger": {
        "py/reduce": [
            {
                "py/function": "logging.getLogger"
            },
            {
                "py/tuple": [
                    "fastdfe.PolyDFE"
                ]
            }
        ]
    },
    "bootstraps": null,
    "config": {
        "py/object": "fastdfe.config.Config",
        "data": {
            "model": "GammaExpParametrization",
            "intervals_del": {
                "py/tuple": [
                    -100000000.0,
                    -1e-05,
                    1000
                ]
            },
            "intervals_ben": {
                "py/tuple": [
                    1e-05,
                    10000.0,
                    1000
                ]
            },
            "integration_mode": "midpoint",
            "linearized": true,
            "seed": 0,
            "opts_mle": {},
            "n_runs": 10,
            "x0": {
                "all": {
                    "S_b": 0.05627203,
                    "S_d": -26.88451,
                    "a": -1,
                    "b": 0.1464485,
                    "eps": 4.50288e-06,
                    "eps_cont": 0,
                    "lambda": 0,
                    "p_b": 0.004419742,
                    "r": [
                        0.4932568,
                        0.4490162,
                        0.411058,
                        0.4293708,
                        0.4059378,
                        0.3950674,
                        0.4836194,
                        0.4412304,
                        0.4459431,
                        0.5171633,
                        0.4880109,
                        0.499798,
                        0.5114526,
                        0.4705895,
                        0.3840001,
                        0.3914661,
                        0.4942643,
                        0.4410675,
                        0.4295933,
                        0.3836019,
                        0.3386893,
                        0.4566943,
                        0.4425798,
                        0.4623484,
                        0.424307,
                        0.4116725,
                        0.4906384,
                        0.4335386,
                        0.4045893,
                        0.5819833,
                        0.4816641,
                        0.5724359,
                        0.5396078,
                        0.5300813,
                        0.62822,
                        0.8578236,
                        0.810246,
                        2.052769
                    ],
                    "theta_bar": 0.001050261
                }
            },
            "bounds": {},
            "scales": {},
            "fixed_params": {},
            "shared_params": [],
            "covariates": [],
            "sfs_neut": {
                "py/object": "fastdfe.spectrum.Spectra",
                "data": {
                    "all": [
                        1037960.33330917,
                        1090.0,
                        273.0,
                        148.0,
                        103.0,
                        79.0,
                        61.0,
                        63.0,
                        81.0,
                        50.0,
                        65.0,
                        54.0,
                        54.0,
                        46.0,
                        42.0,
                        30.0,
                        24.0,
                        28.0,
                        20.0,
                        24.0,
                        36.0,
                        22.0,
                        13.0,
                        17.0,
                        26.0,
                        14.0,
                        21.0,
                        17.0,
                        17.0,
                        18.0,
                        21.0,
                        21.0,
                        15.0,
                        16.0,
                        12.0,
                        9.0,
                        25.0,
                        24.0,
                        12.0,
                        54.0,
                        0.0
                    ]
                }
            },
            "sfs_sel": {
                "py/object": "fastdfe.spectrum.Spectra",
                "data": {
                    "all": [
                        2843611.66669083,
                        2382.0,
                        582.0,
                        338.0,
                        210.0,
                        173.0,
                        115.0,
                        98.0,
                        94.0,
                        86.0,
                        83.0,
                        70.0,
                        67.0,
                        67.0,
                        66.0,
                        52.0,
                        42.0,
                        31.0,
                        37.0,
                        48.0,
                        27.0,
                        27.0,
                        28.0,
                        23.0,
                        38.0,
                        22.0,
                        23.0,
                        25.0,
                        28.0,
                        25.0,
                        16.0,
                        26.0,
                        22.0,
                        30.0,
                        20.0,
                        23.0,
                        18.0,
                        47.0,
                        40.0,
                        93.0,
                        0.0
                    ]
                }
            },
            "do_bootstrap": false,
            "n_bootstraps": 10,
            "parallelize": false,
            "loss_type": "likelihood"
        }
    },
    "output_file": null,
    "execution_time": 1947.5852971076965,
    "summary": {
        "py/object": "fastdfe.polydfe.PolyDFEResult",
        "output_file": "results/polydfe/hgdp/inference/1/opts.n.40.config.default/bootstraps/87/all.polydfe.txt",
        "postprocessing_source": "../resources/polydfe/postprocessing/script.R",
        "data": {
            "output_file": "/scratch/40841828/tmpy3n0hdw5",
            "model": "C",
            "likelihood": -246.8428,
            "criteria": 0.00019,
            "params_mle": {
                "eps": 4.50702e-06,
                "eps_cont": 0,
                "lambda": 0,
                "theta_bar": 0.001029199,
                "a": -1,
                "S_d": -28.82589,
                "b": 0.144817,
                "p_b": 0.00444234,
                "S_b": 0.05643872,
                "r": [
                    0.525873,
                    0.4659606,
                    0.4107522,
                    0.4215417,
                    0.3587976,
                    0.3878237,
                    0.486987,
                    0.4297561,
                    0.5239182,
                    0.4864042,
                    0.5211974,
                    0.5304728,
                    0.5490101,
                    0.4488861,
                    0.3872049,
                    0.3693887,
                    0.3794146,
                    0.5078193,
                    0.4694621,
                    0.3847167,
                    0.3383376,
                    0.346197,
                    0.5796796,
                    0.3406476,
                    0.4341412,
                    0.4314672,
                    0.4806208,
                    0.4768007,
                    0.42542,
                    0.5596653,
                    0.4557899,
                    0.5855866,
                    0.4205235,
                    0.433747,
                    0.6007006,
                    1.021298,
                    0.7695612,
                    2.236631
                ]
            },
            "n": 40,