{
    "output_file": "/scratch/38996104/tmp8lhvvcm6",
    "model": "C",
    "likelihood": -148.5171,
    "criteria": 9e-05,
    "params_mle": {
        "eps": 0.0116641,
        "eps_cont": 0,
        "lambda": 0,
        "theta_bar": 0.0008866136,
        "a": -1,
        "S_d": -180.0334,
        "b": 0.4342318,
        "p_b": 0,
        "S_b": 1,
        "r": [
            1.123064,
            1.062682,
            1.030515,
            1.248841,
            0.8517771,
            1.072076,
            0.8802641,
            1.306497,
            1.061482,
            0.9029894,
            0.7313022,
            1.338887,
            1.05276,
            0.8621367,
            0.9905771,
            1.063803,
            0.9031962,
            0.8244688
        ]
    },
    "n": 20,
    "expec": [
        {
            "E[P_z(1)]": 0.0008767209,
            "E[P_z(2)]": 0.0004925738,
            "E[P_z(3)]": 0.0003110467,
            "E[P_z(4)]": 0.0002263932,
            "E[P_z(5)]": 0.0002194592,
            "E[P_z(6)]": 0.0001251757,
            "E[P_z(7)]": 0.0001352694,
            "E[P_z(8)]": 9.70491e-05,
            "E[P_z(9)]": 0.0001280541,
            "E[P_z(10)]": 9.41125e-05,
            "E[P_z(11)]": 7.34344e-05,
            "E[P_z(12)]": 5.45396e-05,
            "E[P_z(13)]": 9.18323e-05,
            "E[P_z(14)]": 6.73613e-05,
            "E[P_z(15)]": 5.29474e-05,
            "E[P_z(16)]": 5.69152e-05,
            "E[P_z(17)]": 5.84974e-05,
            "E[P_z(18)]": 4.97763e-05,
            "E[P_z(19)]": 4.83657e-05,
            "E[D_z]": null,
            "E[mis_z]": null
        },
        {
            "E[P_z(1)]": 0.0003195688,
            "E[P_z(2)]": 0.0001201907,
            "E[P_z(3)]": 6.16542e-05,
            "E[P_z(4)]": 3.92717e-05,
            "E[P_z(5)]": 3.45707e-05,
            "E[P_z(6)]": 1.82739e-05,
            "E[P_z(7)]": 1.85712e-05,
            "E[P_z(8)]": 1.26599e-05,
            "E[P_z(9)]": 1.59801e-05,
            "E[P_z(10)]": 1.12965e-05,
            "E[P_z(11)]": 8.5237e-06,
            "E[P_z(12)]": 6.1442e-06,
            "E[P_z(13)]": 1.00619e-05,
            "E[P_z(14)]": 7.2141e-06,
            "E[P_z(15)]": 5.6275e-06,
            "E[P_z(16)]": 5.9589e-06,
            "E[P_z(17)]": 6.1649e-06,
            "E[P_z(18)]": 5.6919e-06,
            "E[P_z(19)]": 7.398e-06,
            "E[D_z]": null,
            "E[mis_z]": null
        }
    ],
    "alpha": 0.0,
    "execution_time": 110.7620620727539
}