{
    "py/object": "fastdfe.polydfe.PolyDFE",
    "logger": {
        "py/reduce": [
            {
                "py/function": "logging.getLogger"
            },
            {
                "py/tuple": [
                    "fastdfe.PolyDFE"
                ]
            }
        ]
    },
    "bootstraps": null,
    "config": {
        "py/object": "fastdfe.config.Config",
        "data": {
            "model": "GammaExpParametrization",
            "intervals_del": {
                "py/tuple": [
                    -100000000.0,
                    -1e-05,
                    1000
                ]
            },
            "intervals_ben": {
                "py/tuple": [
                    1e-05,
                    10000.0,
                    1000
                ]
            },
            "integration_mode": "midpoint",
            "linearized": true,
            "seed": 0,
            "opts_mle": {},
            "n_runs": 10,
            "x0": {
                "all": {
                    "S_b": 0.05328228,
                    "S_d": -33.44406,
                    "a": -1,
                    "b": 0.1398527,
                    "eps": 4.50451e-06,
                    "eps_cont": 0,
                    "lambda": 0,
                    "p_b": 0.005009714,
                    "r": [
                        0.5834314,
                        0.499803,
                        0.5581096,
                        0.5076067,
                        0.557493,
                        0.6522272,
                        0.6050956,
                        0.5227928,
                        0.5765882,
                        0.4982845,
                        0.5150672,
                        0.5206269,
                        0.482151,
                        0.5460091,
                        0.5199818,
                        0.523935,
                        0.5814646,
                        0.6159988,
                        0.7697745,
                        0.7047025,
                        0.6593795,
                        0.914738,
                        1.558127
                    ],
                    "theta_bar": 0.0008647194
                }
            },
            "bounds": {},
            "scales": {},
            "fixed_params": {},
            "shared_params": [],
            "covariates": [],
            "sfs_neut": {
                "py/object": "fastdfe.spectrum.Spectra",
                "data": {
                    "all": [
                        1039415.17546773,
                        896.0,
                        244.0,
                        147.0,
                        134.0,
                        95.0,
                        87.0,
                        81.0,
                        70.0,
                        38.0,
                        63.0,
                        36.0,
                        35.0,
                        35.0,
                        40.0,
                        31.0,
                        29.0,
                        34.0,
                        32.0,
                        30.0,
                        24.0,
                        30.0,
                        26.0,
                        29.0,
                        45.0,
                        0.0
                    ]
                }
            },
            "sfs_sel": {
                "py/object": "fastdfe.spectrum.Spectra",
                "data": {
                    "all": [
                        2843587.82453227,
                        1922.0,
                        482.0,
                        283.0,
                        231.0,
                        139.0,
                        137.0,
                        165.0,
                        95.0,
                        70.0,
                        68.0,
                        56.0,
                        50.0,
                        51.0,
                        49.0,
                        44.0,
                        38.0,
                        35.0,
                        44.0,
                        45.0,
                        45.0,
                        35.0,
                        39.0,
                        45.0,
                        77.0,
                        0.0
                    ]
                }
            },
            "do_bootstrap": false,
            "n_bootstraps": 10,
            "parallelize": false,
            "loss_type": "likelihood"
        }
    },
    "output_file": null,
    "execution_time": 228.85349678993225,
    "summary": {
        "py/object": "fastdfe.polydfe.PolyDFEResult",
        "output_file": "results/polydfe/hgdp/inference/1/opts.n.25.config.default/bootstraps/48/all.polydfe.txt",
        "postprocessing_source": "../resources/polydfe/postprocessing/script.R",
        "data": {
            "output_file": "/scratch/40841531/tmp8g6jm7fa",
            "model": "C",
            "likelihood": -153.8899,
            "criteria": 0.0001,
            "params_mle": {
                "eps": 4.50519e-06,
                "eps_cont": 0,
                "lambda": 0,
                "theta_bar": 0.0008576684,
                "a": -1,
                "S_d": -24.52453,
                "b": 0.1591634,
                "p_b": 0.005010403,
                "S_b": 0.05329173,
                "r": [
                    0.5544698,
                    0.5135645,
                    0.597705,
                    0.4889874,
                    0.5709156,
                    0.7413047,
                    0.5746918,
                    0.4273278,
                    0.5808866,
                    0.4521817,
                    0.4589048,
                    0.5061661,
                    0.5673791,
                    0.5150051,
                    0.4931732,
                    0.5421298,
                    0.6349946,
                    0.664148,
                    0.6456461,
                    0.640949,
                    0.673796,
                    0.8045915,
                    1.388452
                ]
            },
            "n": 25,
            "expec": [
                {
                    "E[P_z(1)]": 0.0008576648,
                    "E[P_z(2)]": 0.0002377747,
                    "E[P_z(3)]": 0.0001468221,
                    "E[P_z(4)]": 0.0001281577,
                    "E[P_z(5)]": 8.38776e-05,
                    "E[P_z(6)]": 8.16091e-05,
                    "E[P_z(7)]": 9.08274e-05,
                    "E[P_z(8)]": 6.16117e-05,
                    "E[P_z(9)]": 4.07228e-05,
                    "E[P_z(10)]": 4.98207e-05,
                    "E[P_z(11)]": 3.52565e-05,
                    "E[P_z(12)]": 3.2799e-05,
                    "E[P_z(13)]": 3.33941e-05,
                    "E[P_z(14)]": 3.47588e-05,
                    "E[P_z(15)]": 2.9447e-05,
                    "E[P_z(16)]": 2.64363e-05,
                    "E[P_z(17)]": 2.73512e-05,
                    "E[P_z(18)]": 3.02567e-05,
                    "E[P_z(19)]": 2.99802e-05,
                    "E[P_z(20)]": 2.76878e-05,
                    "E[P_z(21)]": 2.61777e-05,
                    "E[P_z(22)]": 2.62684e-05,
                    "E[P_z(23)]": 3.00041e-05,
                    "E[P_z(24)]": 4.96216e-05,
                    "E[D_z]": null,
                    "E[mis_z]": null
                },
                {
                    "E[P_z(1)]": 0.0006757991,
                    "E[P_z(2)]": 0.0001679561,
                    "E[P_z(3)]": 9.72848e-05,
                    "E[P_z(4)]": 8.12865e-05,
                    "E[P_z(5)]": 5.14855e-05,
                    "E[P_z(6)]": 4.88039e-05,
                    "E[P_z(7)]": 5.31568e-05,
                    "E[P_z(8)]": 3.54014e-05,
                    "E[P_z(9)]": 2.30274e-05,
                    "E[P_z(10)]": 2.7776e-05,
                    "E[P_z(11)]": 1.94083e-05,
                    "E[P_z(12)]": 1.7849e-05,
                    "E[P_z(13)]": 1.79826e-05,