{
    "output_file": "/scratch/38995543/tmpc6cgt5am",
    "model": "C",
    "likelihood": -148.3714,
    "criteria": 0.0001,
    "params_mle": {
        "eps": 0,
        "eps_cont": 0,
        "lambda": 0,
        "theta_bar": 0.0008673924,
        "a": -1,
        "S_d": -263.1063,
        "b": 0.3654881,
        "p_b": 0,
        "S_b": 1,
        "r": [
            1.162093,
            1.111315,
            1.117517,
            1.293225,
            0.8739111,
            0.9870686,
            0.9327294,
            1.1123,
            1.07677,
            1.049865,
            1.034645,
            1.378066,
            1.116985,
            0.9754551,
            1.19524,
            1.261472,
            1.141092,
            1.078662
        ]
    },
    "n": 20,
    "expec": [
        {
            "E[P_z(1)]": 0.0008673924,
            "E[P_z(2)]": 0.0005039951,
            "E[P_z(3)]": 0.0003213153,
            "E[P_z(4)]": 0.0002423313,
            "E[P_z(5)]": 0.0002243467,
            "E[P_z(6)]": 0.0001263373,
            "E[P_z(7)]": 0.0001223108,
            "E[P_z(8)]": 0.0001011303,
            "E[P_z(9)]": 0.0001072,
            "E[P_z(10)]": 9.33982e-05,
            "E[P_z(11)]": 8.27859e-05,
            "E[P_z(12)]": 7.4787e-05,
            "E[P_z(13)]": 9.1948e-05,
            "E[P_z(14)]": 6.92046e-05,
            "E[P_z(15)]": 5.64068e-05,
            "E[P_z(16)]": 6.47964e-05,
            "E[P_z(17)]": 6.43642e-05,
            "E[P_z(18)]": 5.49875e-05,
            "E[P_z(19)]": 4.92433e-05,
            "E[D_z]": null,
            "E[mis_z]": null
        },
        {
            "E[P_z(1)]": 0.0003098672,
            "E[P_z(2)]": 0.0001263343,
            "E[P_z(3)]": 6.75622e-05,
            "E[P_z(4)]": 4.55543e-05,
            "E[P_z(5)]": 3.88849e-05,
            "E[P_z(6)]": 2.05542e-05,
            "E[P_z(7)]": 1.88961e-05,
            "E[P_z(8)]": 1.49566e-05,
            "E[P_z(9)]": 1.52672e-05,
            "E[P_z(10)]": 1.28672e-05,
            "E[P_z(11)]": 1.1072e-05,
            "E[P_z(12)]": 9.738e-06,
            "E[P_z(13)]": 1.16837e-05,
            "E[P_z(14)]": 8.5986e-06,
            "E[P_z(15)]": 6.8645e-06,
            "E[P_z(16)]": 7.7346e-06,
            "E[P_z(17)]": 7.5454e-06,
            "E[P_z(18)]": 6.3376e-06,
            "E[P_z(19)]": 5.5854e-06,
            "E[D_z]": null,
            "E[mis_z]": null
        }
    ],
    "alpha": 0.0,
    "execution_time": 62.279407262802124
}