{
    "output_file": "/scratch/40840218/tmpvqwfeub8",
    "model": "C",
    "likelihood": -32.68206,
    "criteria": 0.00017,
    "params_mle": {
        "eps": 4.49171e-06,
        "eps_cont": 0,
        "lambda": 0,
        "theta_bar": 0.0006023522,
        "a": -1,
        "S_d": -21.73391,
        "b": 0.1878871,
        "p_b": 0.01351856,
        "S_b": 0.1221707,
        "r": [
            0.8856095,
            0.9619986,
            0.9301871
        ]
    },
    "n": 5,
    "expec": [
        {
            "E[P_z(1)]": 0.0006023502,
            "E[P_z(2)]": 0.0002667241,
            "E[P_z(3)]": 0.0001931543,
            "E[P_z(4)]": 0.0001400771,
            "E[D_z]": null,
            "E[mis_z]": null
        },
        {
            "E[P_z(1)]": 0.0003897084,
            "E[P_z(2)]": 0.0001490042,
            "E[P_z(3)]": 0.0001000782,
            "E[P_z(4)]": 6.90953e-05,
            "E[D_z]": null,
            "E[mis_z]": null
        }
    ],
    "alpha": 0.03218705822979071,
    "execution_time": 37.72382164001465
}