{
    "output_file": "/scratch/40841158/tmp_exw412k",
    "model": "C",
    "likelihood": -144.4135,
    "criteria": 0.0001,
    "params_mle": {
        "eps": 4.50034e-06,
        "eps_cont": 0,
        "lambda": 0,
        "theta_bar": 0.0008552124,
        "a": -1,
        "S_d": -127.056,
        "b": 0.0932948,
        "p_b": 0.003893594,
        "S_b": 0.0379963,
        "r": [
            0.6168462,
            0.5317792,
            0.5192545,
            0.4226408,
            0.6145605,
            0.5932413,
            0.4261811,
            0.5449926,
            0.5429889,
            0.5564911,
            0.5619024,
            0.5303369,
            0.5108195,
            0.4821179,
            0.5802807,
            0.7862238,
            0.729301,
            1.354793
        ]
    },
    "n": 20,
    "expec": [
        {
            "E[P_z(1)]": 0.0008552089,
            "E[P_z(2)]": 0.0002637662,
            "E[P_z(3)]": 0.0001515942,
            "E[P_z(4)]": 0.0001110179,
            "E[P_z(5)]": 7.22893e-05,
            "E[P_z(6)]": 8.75964e-05,
            "E[P_z(7)]": 7.2478e-05,
            "E[P_z(8)]": 4.55594e-05,
            "E[P_z(9)]": 5.17871e-05,
            "E[P_z(10)]": 4.64371e-05,
            "E[P_z(11)]": 4.32653e-05,
            "E[P_z(12)]": 4.00455e-05,
            "E[P_z(13)]": 3.48887e-05,
            "E[P_z(14)]": 3.12045e-05,
            "E[P_z(15)]": 2.74878e-05,
            "E[P_z(16)]": 3.10168e-05,
            "E[P_z(17)]": 3.95528e-05,
            "E[P_z(18)]": 3.46514e-05,
            "E[P_z(19)]": 6.09844e-05,
            "E[D_z]": null,
            "E[mis_z]": null
        },
        {
            "E[P_z(1)]": 0.0006158711,
            "E[P_z(2)]": 0.0001745709,
            "E[P_z(3)]": 9.62222e-05,
            "E[P_z(4)]": 6.8582e-05,
            "E[P_z(5)]": 4.37769e-05,
            "E[P_z(6)]": 5.22212e-05,
            "E[P_z(7)]": 4.2654e-05,
            "E[P_z(8)]": 2.65196e-05,
            "E[P_z(9)]": 2.98587e-05,
            "E[P_z(10)]": 2.6549e-05,
            "E[P_z(11)]": 2.45494e-05,
            "E[P_z(12)]": 2.25673e-05,
            "E[P_z(13)]": 1.95384e-05,
            "E[P_z(14)]": 1.73745e-05,
            "E[P_z(15)]": 1.52233e-05,
            "E[P_z(16)]": 1.70922e-05,
            "E[P_z(17)]": 2.16942e-05,
            "E[P_z(18)]": 1.89224e-05,
            "E[P_z(19)]": 3.31643e-05,
            "E[D_z]": null,
            "E[mis_z]": null
        }
    ],
    "alpha": 0.008549505934497634,
    "execution_time": 388.11926794052124
}