{
    "output_file": "/scratch/38996057/tmprirmutv4",
    "model": "C",
    "likelihood": -247.2036,
    "criteria": 0.00043,
    "params_mle": {
        "eps": 0,
        "eps_cont": 0,
        "lambda": 0,
        "theta_bar": 0.003198905,
        "a": -1,
        "S_d": -143.5685,
        "b": 0.3038702,
        "p_b": 0,
        "S_b": 1,
        "r": [
            0.9617606,
            0.9238498,
            0.9806875,
            0.956517,
            0.8694032,
            0.9451783,
            0.8636579,
            0.8765534,
            0.9771832,
            0.8737405,
            1.055927,
            0.9112341,
            0.8900166,
            0.9538754,
            1.001463,
            1.100337,
            1.361416,
            1.596402
        ]
    },
    "n": 20,
    "expec": [
        {
            "E[P_z(1)]": 0.003198905,
            "E[P_z(2)]": 0.00153829,
            "E[P_z(3)]": 0.0009851025,
            "E[P_z(4)]": 0.0007842815,
            "E[P_z(5)]": 0.0006119614,
            "E[P_z(6)]": 0.000463523,
            "E[P_z(7)]": 0.0004319336,
            "E[P_z(8)]": 0.0003453449,
            "E[P_z(9)]": 0.0003115568,
            "E[P_z(10)]": 0.0003125916,
            "E[P_z(11)]": 0.0002540921,
            "E[P_z(12)]": 0.0002814841,
            "E[P_z(13)]": 0.000224227,
            "E[P_z(14)]": 0.0002033628,
            "E[P_z(15)]": 0.0002034238,
            "E[P_z(16)]": 0.0002002241,
            "E[P_z(17)]": 0.0002070513,
            "E[P_z(18)]": 0.0002419468,
            "E[P_z(19)]": 0.0002687757,
            "E[D_z]": null,
            "E[mis_z]": null
        },
        {
            "E[P_z(1)]": 0.001501378,
            "E[P_z(2)]": 0.0005488917,
            "E[P_z(3)]": 0.0003053001,
            "E[P_z(4)]": 0.0002219,
            "E[P_z(5)]": 0.0001620114,
            "E[P_z(6)]": 0.0001164916,
            "E[P_z(7)]": 0.0001040213,
            "E[P_z(8)]": 8.02222e-05,
            "E[P_z(9)]": 7.01482e-05,
            "E[P_z(10)]": 6.84701e-05,
            "E[P_z(11)]": 5.43036e-05,
            "E[P_z(12)]": 5.88341e-05,
            "E[P_z(13)]": 4.59245e-05,
            "E[P_z(14)]": 4.08805e-05,
            "E[P_z(15)]": 4.01915e-05,
            "E[P_z(16)]": 3.89273e-05,
            "E[P_z(17)]": 3.96523e-05,
            "E[P_z(18)]": 4.56831e-05,
            "E[P_z(19)]": 5.00747e-05,
            "E[D_z]": null,
            "E[mis_z]": null
        }
    ],
    "alpha": 0.0,
    "execution_time": 162.452810049057
}