{
    "output_file": "/scratch/40840217/tmph_m99c9b",
    "model": "C",
    "likelihood": -30.99836,
    "criteria": 0.0001,
    "params_mle": {
        "eps": 4.50008e-06,
        "eps_cont": 0,
        "lambda": 0,
        "theta_bar": 0.0006277478,
        "a": -1,
        "S_d": -548.1096,
        "b": 0.07158287,
        "p_b": 0.01900552,
        "S_b": 0.1590529,
        "r": [
            0.7911686,
            0.8363439,
            0.8771876
        ]
    },
    "n": 5,
    "expec": [
        {
            "E[P_z(1)]": 0.0006277456,
            "E[P_z(2)]": 0.0002483268,
            "E[P_z(3)]": 0.0001750047,
            "E[P_z(4)]": 0.0001376654,
            "E[D_z]": null,
            "E[mis_z]": null
        },
        {
            "E[P_z(1)]": 0.0004015535,
            "E[P_z(2)]": 0.0001492633,
            "E[P_z(3)]": 0.0001021861,
            "E[P_z(4)]": 7.89019e-05,
            "E[D_z]": null,
            "E[mis_z]": null
        }
    ],
    "alpha": 0.04049778106196178,
    "execution_time": 64.27199506759644
}