{
    "output_file": "/scratch/40841862/tmp1asizhui",
    "model": "C",
    "likelihood": -258.5281,
    "criteria": 0.00025,
    "params_mle": {
        "eps": 4.5045e-06,
        "eps_cont": 0,
        "lambda": 0,
        "theta_bar": 0.001096944,
        "a": -1,
        "S_d": -31.73544,
        "b": 0.1500495,
        "p_b": 0.004425758,
        "S_b": 0.05632277,
        "r": [
            0.5029965,
            0.4541908,
            0.3935842,
            0.3968301,
            0.4216668,
            0.3973681,
            0.4698128,
            0.4311254,
            0.4695669,
            0.5391364,
            0.4893388,
            0.4661528,
            0.4708643,
            0.3921146,
            0.3754464,
            0.4425713,
            0.5469011,
            0.4650037,
            0.4414672,
            0.3976515,
            0.3470138,
            0.4053139,
            0.380935,
            0.4431803,
            0.4244608,
            0.3045826,
            0.5616032,
            0.3922847,
            0.5057067,
            0.455452,
            0.4476365,
            0.6086919,
            0.5656056,
            0.5704495,
            0.5611678,
            0.7016938,
            0.8351768,
            2.314056
        ]
    },
    "n": 40,
    "expec": [
        {
            "E[P_z(1)]": 0.001096939,
            "E[P_z(2)]": 0.0002758784,
            "E[P_z(3)]": 0.0001660733,
            "E[P_z(4)]": 0.0001079346,
            "E[P_z(5)]": 8.70598e-05,
            "E[P_z(6)]": 7.70906e-05,
            "E[P_z(7)]": 6.22699e-05,
            "E[P_z(8)]": 6.44196e-05,
            "E[P_z(9)]": 5.25465e-05,
            "E[P_z(10)]": 5.15087e-05,
            "E[P_z(11)]": 5.37637e-05,
            "E[P_z(12)]": 4.47313e-05,
            "E[P_z(13)]": 3.9334e-05,
            "E[P_z(14)]": 3.68936e-05,
            "E[P_z(15)]": 2.86751e-05,
            "E[P_z(16)]": 2.57402e-05,
            "E[P_z(17)]": 2.85574e-05,
            "E[P_z(18)]": 3.33288e-05,
            "E[P_z(19)]": 2.68464e-05,
            "E[P_z(20)]": 2.42132e-05,
            "E[P_z(21)]": 2.07715e-05,
            "E[P_z(22)]": 1.73026e-05,
            "E[P_z(23)]": 1.93308e-05,
            "E[P_z(24)]": 1.74111e-05,
            "E[P_z(25)]": 1.94458e-05,
            "E[P_z(26)]": 1.79082e-05,
            "E[P_z(27)]": 1.23746e-05,
            "E[P_z(28)]": 2.20018e-05,
            "E[P_z(29)]": 1.48386e-05,
            "E[P_z(30)]": 1.84912e-05,
            "E[P_z(31)]": 1.61165e-05,
            "E[P_z(32)]": 1.5345e-05,
            "E[P_z(33)]": 2.02336e-05,
            "E[P_z(34)]": 1.82484e-05,
            "E[P_z(35)]": 1.78789e-05,
            "E[P_z(36)]": 1.70996e-05,
            "E[P_z(37)]": 2.08039e-05,
            "E[P_z(38)]": 2.41101e-05,
            "E[P_z(39)]": 6.50916e-05,
            "E[D_z]": null,
            "E[mis_z]": null
        },
        {
            "E[P_z(1)]": 0.0008864626,
            "E[P_z(2)]": 0.0002014492,
            "E[P_z(3)]": 0.0001141396,
            "E[P_z(4)]": 7.11418e-05,
            "E[P_z(5)]": 5.56002e-05,
            "E[P_z(6)]": 4.80094e-05,
            "E[P_z(7)]": 3.79787e-05,
            "E[P_z(8)]": 3.85973e-05,
            "E[P_z(9)]": 3.10002e-05,
            "E[P_z(10)]": 2.99751e-05,
            "E[P_z(11)]": 3.09064e-05,
            "E[P_z(12)]": 2.54306e-05,
            "E[P_z(13)]": 2.21368e-05,
            "E[P_z(14)]": 2.05709e-05,
            "E[P_z(15)]": 1.58513e-05,
            "E[P_z(16)]": 1.41152e-05,
            "E[P_z(17)]": 1.55429e-05,
            "E[P_z(18)]": 1.80125e-05,
            "E[P_z(19)]": 1.4413e-05,
            "E[P_z(20)]": 1.29178e-05,
            "E[P_z(21)]": 1.10158e-05,
            "E[P_z(22)]": 9.1242e-06,
            "E[P_z(23)]": 1.01387e-05,
            "E[P_z(24)]": 9.0848e-06,
            "E[P_z(25)]": 1.00964e-05,
            "E[P_z(26)]": 9.254e-06,
            "E[P_z(27)]": 6.3654e-06,
            "E[P_z(28)]": 1.1268e-05,
            "E[P_z(29)]": 7.5673e-06,
            "E[P_z(30)]": 9.3916e-06,
            "E[P_z(31)]": 8.1532e-06,
            "E[P_z(32)]": 7.7333e-06,
            "E[P_z(33)]": 1.01592e-05,
            "E[P_z(34)]": 9.1296e-06,
            "E[P_z(35)]": 8.9136e-06,
            "E[P_z(36)]": 8.4963e-06,
            "E[P_z(37)]": 1.03029e-05,
            "E[P_z(38)]": 1.19022e-05,
            "E[P_z(39)]": 3.20337e-05,
            "E[D_z]": null,
            "E[mis_z]": null
        }
    ],
    "alpha": 0.010358542102925522,
    "execution_time": 1001.1825616359711
}