{
    "output_file": "/scratch/38995621/tmpikoccc1f",
    "model": "C",
    "likelihood": -151.417,
    "criteria": 0.0001,
    "params_mle": {
        "eps": 0,
        "eps_cont": 0,
        "lambda": 0,
        "theta_bar": 0.0008819331,
        "a": -1,
        "S_d": -256.1412,
        "b": 0.3728864,
        "p_b": 0,
        "S_b": 1,
        "r": [
            1.040244,
            1.115804,
            1.175701,
            1.152237,
            1.072082,
            1.069947,
            0.8664763,
            1.302795,
            1.106516,
            0.949865,
            0.788046,
            1.375242,
            1.071062,
            1.028581,
            0.9145514,
            1.464411,
            1.282518,
            1.32696
        ]
    },
    "n": 20,
    "expec": [
        {
            "E[P_z(1)]": 0.0008819331,
            "E[P_z(2)]": 0.0004587129,
            "E[P_z(3)]": 0.0003280215,
            "E[P_z(4)]": 0.0002592225,
            "E[P_z(5)]": 0.0002032391,
            "E[P_z(6)]": 0.0001575841,
            "E[P_z(7)]": 0.0001348031,
            "E[P_z(8)]": 9.55218e-05,
            "E[P_z(9)]": 0.0001276643,
            "E[P_z(10)]": 9.75874e-05,
            "E[P_z(11)]": 7.61561e-05,
            "E[P_z(12)]": 5.7917e-05,
            "E[P_z(13)]": 9.32978e-05,
            "E[P_z(14)]": 6.74718e-05,
            "E[P_z(15)]": 6.0476e-05,
            "E[P_z(16)]": 5.04108e-05,
            "E[P_z(17)]": 7.59713e-05,
            "E[P_z(18)]": 6.28386e-05,
            "E[P_z(19)]": 6.15942e-05,
            "E[D_z]": null,
            "E[mis_z]": null
        },
        {
            "E[P_z(1)]": 0.0003136915,
            "E[P_z(2)]": 0.0001137637,
            "E[P_z(3)]": 6.79928e-05,
            "E[P_z(4)]": 4.79249e-05,
            "E[P_z(5)]": 3.45862e-05,
            "E[P_z(6)]": 2.5139e-05,
            "E[P_z(7)]": 2.03992e-05,
            "E[P_z(8)]": 1.38252e-05,
            "E[P_z(9)]": 1.77796e-05,
            "E[P_z(10)]": 1.31382e-05,
            "E[P_z(11)]": 9.9475e-06,
            "E[P_z(12)]": 7.3613e-06,
            "E[P_z(13)]": 1.15667e-05,
            "E[P_z(14)]": 8.1757e-06,
            "E[P_z(15)]": 7.1745e-06,
            "E[P_z(16)]": 5.8637e-06,
            "E[P_z(17)]": 8.6755e-06,
            "E[P_z(18)]": 7.0527e-06,
            "E[P_z(19)]": 6.8011e-06,
            "E[D_z]": null,
            "E[mis_z]": null
        }
    ],
    "alpha": 0.0,
    "execution_time": 84.80847597122192
}