{
    "output_file": "/scratch/40841154/tmpz57t5met",
    "model": "C",
    "likelihood": -133.9221,
    "criteria": 7e-05,
    "params_mle": {
        "eps": 4.49877e-06,
        "eps_cont": 0,
        "lambda": 0,
        "theta_bar": 0.0008628805,
        "a": -1,
        "S_d": -75.12248,
        "b": 0.1231754,
        "p_b": 0.003905311,
        "S_b": 0.03801567,
        "r": [
            0.566311,
            0.569748,
            0.5691425,
            0.5356536,
            0.5767839,
            0.5956317,
            0.474516,
            0.6967203,
            0.4739207,
            0.5798358,
            0.5529548,
            0.6440635,
            0.5143656,
            0.5813863,
            0.6600036,
            0.8397076,
            0.8495753,
            1.394304
        ]
    },
    "n": 20,
    "expec": [
        {
            "E[P_z(1)]": 0.0008628769,
            "E[P_z(2)]": 0.0002443285,
            "E[P_z(3)]": 0.0001638743,
            "E[P_z(4)]": 0.0001227751,
            "E[P_z(5)]": 9.24408e-05,
            "E[P_z(6)]": 8.2949e-05,
            "E[P_z(7)]": 7.34226e-05,
            "E[P_z(8)]": 5.11813e-05,
            "E[P_z(9)]": 6.67984e-05,
            "E[P_z(10)]": 4.08937e-05,
            "E[P_z(11)]": 4.54846e-05,
            "E[P_z(12)]": 3.97612e-05,
            "E[P_z(13)]": 4.27501e-05,
            "E[P_z(14)]": 3.17028e-05,
            "E[P_z(15)]": 3.34447e-05,
            "E[P_z(16)]": 3.55944e-05,
            "E[P_z(17)]": 4.26222e-05,
            "E[P_z(18)]": 4.07277e-05,
            "E[P_z(19)]": 6.33256e-05,
            "E[D_z]": null,
            "E[mis_z]": null
        },
        {
            "E[P_z(1)]": 0.0006130593,
            "E[P_z(2)]": 0.0001560481,
            "E[P_z(3)]": 9.91054e-05,
            "E[P_z(4)]": 7.16527e-05,
            "E[P_z(5)]": 5.25548e-05,
            "E[P_z(6)]": 4.61955e-05,
            "E[P_z(7)]": 4.02011e-05,
            "E[P_z(8)]": 2.76217e-05,
            "E[P_z(9)]": 3.56008e-05,
            "E[P_z(10)]": 2.15541e-05,
            "E[P_z(11)]": 2.37367e-05,
            "E[P_z(12)]": 2.05638e-05,
            "E[P_z(13)]": 2.19283e-05,
            "E[P_z(14)]": 1.61387e-05,
            "E[P_z(15)]": 1.6906e-05,
            "E[P_z(16)]": 1.78749e-05,
            "E[P_z(17)]": 2.12729e-05,
            "E[P_z(18)]": 2.02101e-05,
            "E[P_z(19)]": 3.12529e-05,
            "E[D_z]": null,
            "E[mis_z]": null
        }
    ],
    "alpha": 0.009252511505864194,
    "execution_time": 248.57652592658997
}