{
    "likelihood": -127.72558490265838,
    "L2_residual": 1074.2720783437085,
    "params_mle": {
        "S_d": -7.515056242502856,
        "b": 10.0,
        "p_b": 0.20388733750773722,
        "S_b": 1.3516668383785826,
        "eps": 0.0
    },
    "alpha": 0.9682721205329501,
    "result": {
        "fun": 118.1152683205355,
        "jac": [
            -0.0025920598870283686,
            -9.55565151089751,
            -0.002683009371642356,
            -0.0007730704969138992,
            NaN
        ],
        "nfev": 345,
        "njev": 69,
        "nit": 43,
        "status": 0,
        "message": "CONVERGENCE: REL_REDUCTION_OF_F_<=_FACTR*EPSMCH",
        "x": [
            -0.8759322351847018,
            1.0,
            0.20388733750773722,
            0.13086965899905337,
            0.0
        ],
        "success": true,
        "hess_inv": null
    },
    "execution_time": 32.49638509750366,
    "sfs_mle": [
        0.0,
        32132.467375595807,
        13012.592795478125,
        7195.070640180127,
        4592.474860860465,
        3208.7286846672723,
        2394.66237437812,
        1881.4315985317116,
        1540.9752198710169,
        1306.2210646250364,
        1139.2348629815995,
        1017.3492541296262,
        926.7186313102629,
        858.8125046187996,
        808.0830975168514,
        770.4693186890826,
        742.9925071163347,
        724.4671187480166,
        716.0728264147801,
        718.7033804055343,
        0.0
    ],
    "fixed_params": {
        "all.eps": 0
    },
    "bounds": {
        "S_d": [
            -100000.0,
            -0.01
        ],
        "b": [
            0.01,
            10
        ],
        "p_b": [
            0,
            0.5
        ],
        "S_b": [
            0.0001,
            100
        ],
        "eps": [
            0,
            0.15
        ]
    },
    "config": {
        "model": "GammaExpParametrization",
        "intervals_del": [
            -100000000.0,
            -1e-05,
            1000
        ],
        "intervals_ben": [
            1e-05,
            10000.0,
            1000
        ],
        "integration_mode": "midpoint",
        "linearized": true,
        "seed": 0,
        "opts_mle": {},
        "method_mle": "L-BFGS-B",
        "n_runs": 100,
        "x0": {
            "all": {
                "S_d": -1000,
                "b": 0.4,
                "p_b": 0.05,
                "S_b": 1,
                "eps": 0.0
            }
        },
        "bounds": {
            "S_d": [
                -100000.0,
                -0.01
            ],
            "b": [
                0.01,
                10
            ],
            "p_b": [
                0,
                0.5
            ],
            "S_b": [
                0.0001,
                100
            ],
            "eps": [
                0,
                0.15
            ]
        },
        "scales": {
            "S_d": "log",
            "b": "log",
            "p_b": "lin",
            "S_b": "log",
            "eps": "lin"
        },
        "fixed_params": {
            "all": {
                "eps": 0
            }
        },
        "shared_params": [],
        "covariates": [],
        "sfs_neut": {
            "all": [
                999616649.0,
                39232.31031560062,
                19017.46657850504,
                12325.331869807878,
                9024.43616860143,
                7079.303462737708,
                5810.185120408422,
                4923.847972757949,
                4273.879966315699,
                3779.6251046768416,
                3392.511928340818,
                3081.493200177339,
                2826.7392669705087,
                2615.7899570233267,
                2440.038342837311,
                2292.175908080911,
                2166.1927742613307,
                2060.1032520479507,
                1977.520029923368,
                1919.906169144126,
                66578.9919374448
            ]
        },
        "sfs_sel": {
            "all": [
                999715052.0,
                33155.178275615144,
                13121.844658100688,
                7020.879058378649,
                4398.804798337958,
                3076.405729485607,
                2330.55678985615,
                1869.9865456505584,
                1563.2831886154745,
                1345.4084276787598,
                1181.95959729243,
                1054.5153117829643,
                953.554564099887,
                874.1323761455968,
                813.0199304710627,
                767.2957943866004,
                734.5374643907628,
                713.90028594683,
                706.0703742091712,
                710.1158249785333,
                27504.761588490783
            ]
        },
        "do_bootstrap": true,
        "n_bootstraps": 100,
        "n_bootstrap_retries": 2,
        "parallelize": true,
        "loss_type": "likelihood"
    }
}