{
    "output_file": "/scratch/40841786/tmpwh435om9",
    "model": "C",
    "likelihood": -263.2151,
    "criteria": 9e-05,
    "params_mle": {
        "eps": 4.50539e-06,
        "eps_cont": 0,
        "lambda": 0,
        "theta_bar": 0.001074573,
        "a": -1,
        "S_d": -32.55505,
        "b": 0.1401052,
        "p_b": 0.004440853,
        "S_b": 0.0563874,
        "r": [
            0.4853395,
            0.4643756,
            0.3839225,
            0.4537341,
            0.4116078,
            0.3889445,
            0.4251172,
            0.4613543,
            0.4215254,
            0.4217854,
            0.4920206,
            0.4505298,
            0.5658196,
            0.4779217,
            0.3939338,
            0.3722995,
            0.5042913,
            0.473435,
            0.4143838,
            0.4365606,
            0.450893,
            0.4728155,
            0.4340311,
            0.4714969,
            0.3592915,
            0.3937377,
            0.5116384,
            0.3292971,
            0.3855028,
            0.5018769,
            0.4011558,
            0.5852311,
            0.5663913,
            0.5841589,
            0.5752198,
            0.8952685,
            0.864371,
            1.777137
        ]
    },
    "n": 40,
    "expec": [
        {
            "E[P_z(1)]": 0.001074568,
            "E[P_z(2)]": 0.0002607652,
            "E[P_z(3)]": 0.0001663345,
            "E[P_z(4)]": 0.0001031378,
            "E[P_z(5)]": 9.75137e-05,
            "E[P_z(6)]": 7.37168e-05,
            "E[P_z(7)]": 5.97068e-05,
            "E[P_z(8)]": 5.71022e-05,
            "E[P_z(9)]": 5.50841e-05,
            "E[P_z(10)]": 4.52958e-05,
            "E[P_z(11)]": 4.12034e-05,
            "E[P_z(12)]": 4.40592e-05,
            "E[P_z(13)]": 3.72404e-05,
            "E[P_z(14)]": 4.34295e-05,
            "E[P_z(15)]": 3.42374e-05,
            "E[P_z(16)]": 2.64569e-05,
            "E[P_z(17)]": 2.35331e-05,
            "E[P_z(18)]": 3.01054e-05,
            "E[P_z(19)]": 2.67758e-05,
            "E[P_z(20)]": 2.22643e-05,
            "E[P_z(21)]": 2.23389e-05,
            "E[P_z(22)]": 2.20236e-05,
            "E[P_z(23)]": 2.20902e-05,
            "E[P_z(24)]": 1.94333e-05,
            "E[P_z(25)]": 2.02664e-05,
            "E[P_z(26)]": 1.48495e-05,
            "E[P_z(27)]": 1.56705e-05,
            "E[P_z(28)]": 1.96356e-05,
            "E[P_z(29)]": 1.2202e-05,
            "E[P_z(30)]": 1.38085e-05,
            "E[P_z(31)]": 1.7397e-05,
            "E[P_z(32)]": 1.34712e-05,
            "E[P_z(33)]": 1.9057e-05,
            "E[P_z(34)]": 1.79011e-05,
            "E[P_z(35)]": 1.79353e-05,
            "E[P_z(36)]": 1.71703e-05,
            "E[P_z(37)]": 2.60015e-05,
            "E[P_z(38)]": 2.44439e-05,
            "E[P_z(39)]": 4.89704e-05,
            "E[D_z]": null,
            "E[mis_z]": null
        },
        {
            "E[P_z(1)]": 0.0008725244,
            "E[P_z(2)]": 0.0001922225,
            "E[P_z(3)]": 0.0001157982,
            "E[P_z(4)]": 6.9033e-05,
            "E[P_z(5)]": 6.3365e-05,
            "E[P_z(6)]": 4.67848e-05,
            "E[P_z(7)]": 3.716e-05,
            "E[P_z(8)]": 3.49522e-05,
            "E[P_z(9)]": 3.32323e-05,
            "E[P_z(10)]": 2.69795e-05,
            "E[P_z(11)]": 2.42623e-05,
            "E[P_z(12)]": 2.56762e-05,
            "E[P_z(13)]": 2.14979e-05,
            "E[P_z(14)]": 2.48532e-05,
            "E[P_z(15)]": 1.94355e-05,
            "E[P_z(16)]": 1.49064e-05,
            "E[P_z(17)]": 1.31664e-05,
            "E[P_z(18)]": 1.67328e-05,
            "E[P_z(19)]": 1.47899e-05,
            "E[P_z(20)]": 1.22258e-05,
            "E[P_z(21)]": 1.21985e-05,
            "E[P_z(22)]": 1.19627e-05,
            "E[P_z(23)]": 1.19384e-05,
            "E[P_z(24)]": 1.04518e-05,
            "E[P_z(25)]": 1.08495e-05,
            "E[P_z(26)]": 7.9144e-06,
            "E[P_z(27)]": 8.3163e-06,
            "E[P_z(28)]": 1.03779e-05,
            "E[P_z(29)]": 6.4236e-06,
            "E[P_z(30)]": 7.2415e-06,
            "E[P_z(31)]": 9.0898e-06,
            "E[P_z(32)]": 7.0134e-06,
            "E[P_z(33)]": 9.8872e-06,
            "E[P_z(34)]": 9.2564e-06,
            "E[P_z(35)]": 9.2438e-06,
            "E[P_z(36)]": 8.8216e-06,
            "E[P_z(37)]": 1.33177e-05,
            "E[P_z(38)]": 1.24826e-05,
            "E[P_z(39)]": 2.49352e-05,
            "E[D_z]": null,
            "E[mis_z]": null
        }
    ],
    "alpha": 0.010051486832202113,
    "execution_time": 1195.1629185676575
}