{
    "output_file": "/scratch/38996071/tmpcejb7ycy",
    "model": "C",
    "likelihood": -242.4747,
    "criteria": 6e-05,
    "params_mle": {
        "eps": 0,
        "eps_cont": 0,
        "lambda": 0,
        "theta_bar": 0.003138813,
        "a": -1,
        "S_d": -104.0679,
        "b": 0.3398761,
        "p_b": 0,
        "S_b": 1,
        "r": [
            0.9540564,
            0.9212666,
            1.014532,
            0.9841227,
            0.8603997,
            0.9573196,
            0.9511538,
            0.8614465,
            1.038915,
            0.9750846,
            1.02127,
            1.019304,
            0.9420617,
            0.9035088,
            1.048612,
            1.215383,
            1.267926,
            1.55107
        ]
    },
    "n": 20,
    "expec": [
        {
            "E[P_z(1)]": 0.003138813,
            "E[P_z(2)]": 0.001497302,
            "E[P_z(3)]": 0.0009638945,
            "E[P_z(4)]": 0.0007961062,
            "E[P_z(5)]": 0.0006177954,
            "E[P_z(6)]": 0.0004501056,
            "E[P_z(7)]": 0.0004292639,
            "E[P_z(8)]": 0.0003731867,
            "E[P_z(9)]": 0.0003004355,
            "E[P_z(10)]": 0.000326096,
            "E[P_z(11)]": 0.0002782371,
            "E[P_z(12)]": 0.0002671314,
            "E[P_z(13)]": 0.000246108,
            "E[P_z(14)]": 0.0002112111,
            "E[P_z(15)]": 0.000189063,
            "E[P_z(16)]": 0.0002057124,
            "E[P_z(17)]": 0.0002244035,
            "E[P_z(18)]": 0.000221099,
            "E[P_z(19)]": 0.0002562379,
            "E[D_z]": null,
            "E[mis_z]": null
        },
        {
            "E[P_z(1)]": 0.001526066,
            "E[P_z(2)]": 0.0005442326,
            "E[P_z(3)]": 0.0003000354,
            "E[P_z(4)]": 0.0002239649,
            "E[P_z(5)]": 0.0001614013,
            "E[P_z(6)]": 0.0001109644,
            "E[P_z(7)]": 0.0001009121,
            "E[P_z(8)]": 8.4271e-05,
            "E[P_z(9)]": 6.55211e-05,
            "E[P_z(10)]": 6.89681e-05,
            "E[P_z(11)]": 5.72541e-05,
            "E[P_z(12)]": 5.36228e-05,
            "E[P_z(13)]": 4.82977e-05,
            "E[P_z(14)]": 4.05959e-05,
            "E[P_z(15)]": 3.56457e-05,
            "E[P_z(16)]": 3.80953e-05,
            "E[P_z(17)]": 4.08651e-05,
            "E[P_z(18)]": 3.96332e-05,
            "E[P_z(19)]": 4.52537e-05,
            "E[D_z]": null,
            "E[mis_z]": null
        }
    ],
    "alpha": 0.0,
    "execution_time": 80.97083473205566
}