{
    "py/object": "fastdfe.polydfe.PolyDFE",
    "logger": {
        "py/reduce": [
            {
                "py/function": "logging.getLogger"
            },
            {
                "py/tuple": [
                    "fastdfe.PolyDFE"
                ]
            }
        ]
    },
    "bootstraps": null,
    "config": {
        "py/object": "fastdfe.config.Config",
        "data": {
            "model": "GammaExpParametrization",
            "intervals_del": {
                "py/tuple": [
                    -100000000.0,
                    -1e-05,
                    1000
                ]
            },
            "intervals_ben": {
                "py/tuple": [
                    1e-05,
                    10000.0,
                    1000
                ]
            },
            "integration_mode": "midpoint",
            "linearized": true,
            "seed": 0,
            "opts_mle": {},
            "n_runs": 10,
            "x0": {
                "all": {
                    "S_b": 0.03800569,
                    "S_d": -68.01433,
                    "a": -1,
                    "b": 0.1127644,
                    "eps": 4.49744e-06,
                    "eps_cont": 0,
                    "lambda": 0,
                    "p_b": 0.003905648,
                    "r": [
                        0.5669393,
                        0.5649833,
                        0.5475162,
                        0.4995644,
                        0.5648594,
                        0.6039999,
                        0.4662727,
                        0.5802472,
                        0.5323765,
                        0.5838853,
                        0.5587549,
                        0.5490204,
                        0.5681745,
                        0.5012596,
                        0.6027202,
                        0.6738647,
                        0.7739941,
                        1.427315
                    ],
                    "theta_bar": 0.0008503307
                }
            },
            "bounds": {},
            "scales": {},
            "fixed_params": {},
            "shared_params": [],
            "covariates": [],
            "sfs_neut": {
                "py/object": "fastdfe.spectrum.Spectra",
                "data": {
                    "all": [
                        1040450.81958835,
                        906.0,
                        230.0,
                        150.0,
                        104.0,
                        87.0,
                        56.0,
                        84.0,
                        48.0,
                        63.0,
                        43.0,
                        54.0,
                        44.0,
                        46.0,
                        29.0,
                        29.0,
                        42.0,
                        38.0,
                        22.0,
                        94.0,
                        0.0
                    ]
                }
            },
            "sfs_sel": {
                "py/object": "fastdfe.spectrum.Spectra",
                "data": {
                    "all": [
                        2842935.18041165,
                        1766.0,
                        476.0,
                        332.0,
                        230.0,
                        141.0,
                        165.0,
                        109.0,
                        81.0,
                        81.0,
                        72.0,
                        71.0,
                        59.0,
                        59.0,
                        78.0,
                        49.0,
                        48.0,
                        42.0,
                        69.0,
                        76.0,
                        0.0
                    ]
                }
            },
            "do_bootstrap": false,
            "n_bootstraps": 10,
            "parallelize": false,
            "loss_type": "likelihood"
        }
    },
    "output_file": null,
    "execution_time": 509.65400886535645,
    "summary": {
        "py/object": "fastdfe.polydfe.PolyDFEResult",
        "output_file": "results/polydfe/hgdp/inference/1/opts.n.20.config.default/bootstraps/55/all.polydfe.txt",
        "postprocessing_source": "../resources/polydfe/postprocessing/script.R",
        "data": {
            "output_file": "/scratch/40841166/tmpzhuxot46",
            "model": "C",
            "likelihood": -155.2716,
            "criteria": 9e-05,
            "params_mle": {
                "eps": 4.48995e-06,
                "eps_cont": 0,
                "lambda": 0,
                "theta_bar": 0.0008305907,
                "a": -1,
                "S_d": -43.21596,
                "b": 0.1136216,
                "p_b": 0.003839428,
                "S_b": 0.03775301,
                "r": [
                    0.5622299,
                    0.5944792,
                    0.5607802,
                    0.4858313,
                    0.5718597,
                    0.5883498,
                    0.4531446,
                    0.5731395,
                    0.5117816,
                    0.615359,
                    0.5559635,
                    0.616836,
                    0.6798234,
                    0.5330676,
                    0.6584849,
                    0.6240323,
                    0.754014,
                    1.491289
                ]
            },
            "n": 20,
            "expec": [
                {
                    "E[P_z(1)]": 0.0008305873,
                    "E[P_z(2)]": 0.0002334906,
                    "E[P_z(3)]": 0.000164589,
                    "E[P_z(4)]": 0.0001164443,
                    "E[P_z(5)]": 8.07052e-05,
                    "E[P_z(6)]": 7.91634e-05,
                    "E[P_z(7)]": 6.9811e-05,
                    "E[P_z(8)]": 4.70472e-05,
                    "E[P_z(9)]": 5.28938e-05,
                    "E[P_z(10)]": 4.25081e-05,
                    "E[P_z(11)]": 4.64647e-05,
                    "E[P_z(12)]": 3.84816e-05,
                    "E[P_z(13)]": 3.94108e-05,
                    "E[P_z(14)]": 4.03327e-05,
                    "E[P_z(15)]": 2.95176e-05,
                    "E[P_z(16)]": 3.41836e-05,
                    "E[P_z(17)]": 3.04897e-05,
                    "E[P_z(18)]": 3.47941e-05,
                    "E[P_z(19)]": 6.51956e-05,
                    "E[D_z]": null,
                    "E[mis_z]": null
                },
                {
                    "E[P_z(1)]": 0.0006343706,
                    "E[P_z(2)]": 0.0001624754,
                    "E[P_z(3)]": 0.0001090284,
                    "E[P_z(4)]": 7.46741e-05,
                    "E[P_z(5)]": 5.05299e-05,
                    "E[P_z(6)]": 4.86358e-05,
                    "E[P_z(7)]": 4.22259e-05,
                    "E[P_z(8)]": 2.80819e-05,
                    "E[P_z(9)]": 3.12096e-05,
                    "E[P_z(10)]": 2.48266e-05,
                    "E[P_z(11)]": 2.68902e-05,
                    "E[P_z(12)]": 2.20861e-05,
                    "E[P_z(13)]": 2.24484e-05,
                    "E[P_z(14)]": 2.28133e-05,
                    "E[P_z(15)]": 1.6588e-05,
                    "E[P_z(16)]": 1.90941e-05,
                    "E[P_z(17)]": 1.69345e-05,
                    "E[P_z(18)]": 1.92223e-05,
                    "E[P_z(19)]": 3.58371e-05,
                    "E[D_z]": null,
                    "E[mis_z]": null
                }
            ],
            "alpha": 0.008218243763511573,
            "execution_time": 509.65400886535645
        }
    }
}