{
    "py/object": "fastdfe.polydfe.PolyDFE",
    "logger": {
        "py/reduce": [
            {
                "py/function": "logging.getLogger"
            },
            {
                "py/tuple": [
                    "fastdfe.PolyDFE"
                ]
            }
        ]
    },
    "bootstraps": null,
    "config": {
        "py/object": "fastdfe.config.Config",
        "data": {
            "model": "GammaExpParametrization",
            "intervals_del": {
                "py/tuple": [
                    -100000000.0,
                    -1e-05,
                    1000
                ]
            },
            "intervals_ben": {
                "py/tuple": [
                    1e-05,
                    10000.0,
                    1000
                ]
            },
            "integration_mode": "midpoint",
            "linearized": true,
            "seed": 0,
            "opts_mle": {},
            "n_runs": 10,
            "x0": {
                "all": {
                    "S_b": 0.05328228,
                    "S_d": -33.44406,
                    "a": -1,
                    "b": 0.1398527,
                    "eps": 4.50451e-06,
                    "eps_cont": 0,
                    "lambda": 0,
                    "p_b": 0.005009714,
                    "r": [
                        0.5834314,
                        0.499803,
                        0.5581096,
                        0.5076067,
                        0.557493,
                        0.6522272,
                        0.6050956,
                        0.5227928,
                        0.5765882,
                        0.4982845,
                        0.5150672,
                        0.5206269,
                        0.482151,
                        0.5460091,
                        0.5199818,
                        0.523935,
                        0.5814646,
                        0.6159988,
                        0.7697745,
                        0.7047025,
                        0.6593795,
                        0.914738,
                        1.558127
                    ],
                    "theta_bar": 0.0008647194
                }
            },
            "bounds": {},
            "scales": {},
            "fixed_params": {},
            "shared_params": [],
            "covariates": [],
            "sfs_neut": {
                "py/object": "fastdfe.spectrum.Spectra",
                "data": {
                    "all": [
                        1039368.17546773,
                        875.0,
                        256.0,
                        155.0,
                        147.0,
                        96.0,
                        90.0,
                        66.0,
                        77.0,
                        46.0,
                        59.0,
                        35.0,
                        50.0,
                        44.0,
                        27.0,
                        30.0,
                        32.0,
                        31.0,
                        37.0,
                        38.0,
                        35.0,
                        32.0,
                        24.0,
                        33.0,
                        43.0,
                        0.0
                    ]
                }
            },
            "sfs_sel": {
                "py/object": "fastdfe.spectrum.Spectra",
                "data": {
                    "all": [
                        2843574.82453227,
                        1884.0,
                        507.0,
                        274.0,
                        224.0,
                        152.0,
                        140.0,
                        156.0,
                        108.0,
                        78.0,
                        68.0,
                        53.0,
                        66.0,
                        58.0,
                        43.0,
                        48.0,
                        50.0,
                        35.0,
                        33.0,
                        29.0,
                        39.0,
                        38.0,
                        31.0,
                        59.0,
                        85.0,
                        0.0
                    ]
                }
            },
            "do_bootstrap": false,
            "n_bootstraps": 10,
            "parallelize": false,
            "loss_type": "likelihood"
        }
    },
    "output_file": null,
    "execution_time": 428.0771095752716,
    "summary": {
        "py/object": "fastdfe.polydfe.PolyDFEResult",
        "output_file": "results/polydfe/hgdp/inference/1/opts.n.25.config.default/bootstraps/76/all.polydfe.txt",
        "postprocessing_source": "../resources/polydfe/postprocessing/script.R",
        "data": {
            "output_file": "/scratch/40841504/tmpglulreoy",
            "model": "C",
            "likelihood": -161.6401,
            "criteria": 8e-05,
            "params_mle": {
                "eps": 4.50796e-06,
                "eps_cont": 0,
                "lambda": 0,
                "theta_bar": 0.0008401897,
                "a": -1,
                "S_d": -22.19202,
                "b": 0.1764393,
                "p_b": 0.005010476,
                "S_b": 0.0533067,
                "r": [
                    0.5976099,
                    0.527155,
                    0.6265628,
                    0.5354649,
                    0.6065762,
                    0.6930626,
                    0.6682345,
                    0.5092622,
                    0.5849779,
                    0.4495998,
                    0.6514087,
                    0.6247808,
                    0.4646539,
                    0.5579546,
                    0.6290399,
                    0.5406441,
                    0.6099951,
                    0.6190267,
                    0.7226964,
                    0.7206428,
                    0.5954114,
                    1.044952,
                    1.522138
                ]
            },
            "n": 25,
            "expec": [
                {
                    "E[P_z(1)]": 0.0008401862,
                    "E[P_z(2)]": 0.0002510519,
                    "E[P_z(3)]": 0.0001476362,
                    "E[P_z(4)]": 0.0001316074,
                    "E[P_z(5)]": 8.99782e-05,
                    "E[P_z(6)]": 8.49396e-05,
                    "E[P_z(7)]": 8.3186e-05,
                    "E[P_z(8)]": 7.01803e-05,
                    "E[P_z(9)]": 4.75418e-05,
                    "E[P_z(10)]": 4.91492e-05,
                    "E[P_z(11)]": 3.43408e-05,
                    "E[P_z(12)]": 4.56089e-05,
                    "E[P_z(13)]": 4.03796e-05,
                    "E[P_z(14)]": 2.78856e-05,
                    "E[P_z(15)]": 3.12526e-05,
                    "E[P_z(16)]": 3.30321e-05,
                    "E[P_z(17)]": 2.67204e-05,
                    "E[P_z(18)]": 2.84731e-05,
                    "E[P_z(19)]": 2.73739e-05,
                    "E[P_z(20)]": 3.03604e-05,
                    "E[P_z(21)]": 2.88327e-05,
                    "E[P_z(22)]": 2.27396e-05,
                    "E[P_z(23)]": 3.8173e-05,
                    "E[P_z(24)]": 5.32904e-05,
                    "E[D_z]": null,
                    "E[mis_z]": null
                },
                {
                    "E[P_z(1)]": 0.0006614743,
                    "E[P_z(2)]": 0.000176089,
                    "E[P_z(3)]": 9.66351e-05,
                    "E[P_z(4)]": 8.21314e-05,
                    "E[P_z(5)]": 5.41704e-05,
                    "E[P_z(6)]": 4.96927e-05,
                    "E[P_z(7)]": 4.75246e-05,
                    "E[P_z(8)]": 3.92906e-05,
                    "E[P_z(9)]": 2.61512e-05,
                    "E[P_z(10)]": 2.66167e-05,
                    "E[P_z(11)]": 1.83387e-05,
                    "E[P_z(12)]": 2.40491e-05,
                    "E[P_z(13)]": 2.1046e-05,