{
    "output_file": "/scratch/40841137/tmpv14wtazy",
    "model": "C",
    "likelihood": -134.6723,
    "criteria": 0.00053,
    "params_mle": {
        "eps": 4.50063e-06,
        "eps_cont": 0,
        "lambda": 0,
        "theta_bar": 0.0008904546,
        "a": -1,
        "S_d": -158.0269,
        "b": 0.09177282,
        "p_b": 0.003921113,
        "S_b": 0.03809454,
        "r": [
            0.5614958,
            0.558172,
            0.5223066,
            0.3990008,
            0.4933051,
            0.5538037,
            0.412432,
            0.5425604,
            0.5635123,
            0.5618001,
            0.502543,
            0.4460802,
            0.548321,
            0.4468363,
            0.5958405,
            0.6274397,
            0.7209119,
            1.368056
        ]
    },
    "n": 20,
    "expec": [
        {
            "E[P_z(1)]": 0.0008904508,
            "E[P_z(2)]": 0.0002499923,
            "E[P_z(3)]": 0.000165675,
            "E[P_z(4)]": 0.0001162722,
            "E[P_z(5)]": 7.10582e-05,
            "E[P_z(6)]": 7.32108e-05,
            "E[P_z(7)]": 7.0448e-05,
            "E[P_z(8)]": 4.59065e-05,
            "E[P_z(9)]": 5.36806e-05,
            "E[P_z(10)]": 5.01782e-05,
            "E[P_z(11)]": 4.5478e-05,
            "E[P_z(12)]": 3.7291e-05,
            "E[P_z(13)]": 3.05551e-05,
            "E[P_z(14)]": 3.48755e-05,
            "E[P_z(15)]": 2.6526e-05,
            "E[P_z(16)]": 3.31609e-05,
            "E[P_z(17)]": 3.28657e-05,
            "E[P_z(18)]": 3.56643e-05,
            "E[P_z(19)]": 6.41191e-05,
            "E[D_z]": null,
            "E[mis_z]": null
        },
        {
            "E[P_z(1)]": 0.0006317742,
            "E[P_z(2)]": 0.000163093,
            "E[P_z(3)]": 0.0001037171,
            "E[P_z(4)]": 7.08712e-05,
            "E[P_z(5)]": 4.24712e-05,
            "E[P_z(6)]": 4.30877e-05,
            "E[P_z(7)]": 4.09381e-05,
            "E[P_z(8)]": 2.63903e-05,
            "E[P_z(9)]": 3.05713e-05,
            "E[P_z(10)]": 2.83402e-05,
            "E[P_z(11)]": 2.54953e-05,
            "E[P_z(12)]": 2.07651e-05,
            "E[P_z(13)]": 1.69097e-05,
            "E[P_z(14)]": 1.91914e-05,
            "E[P_z(15)]": 1.45201e-05,
            "E[P_z(16)]": 1.80629e-05,
            "E[P_z(17)]": 1.78198e-05,
            "E[P_z(18)]": 1.92536e-05,
            "E[P_z(19)]": 3.44741e-05,
            "E[D_z]": null,
            "E[mis_z]": null
        }
    ],
    "alpha": 0.008714996768872897,
    "execution_time": 491.79550886154175
}