{
    "py/object": "fastdfe.polydfe.PolyDFE",
    "logger": {
        "py/reduce": [
            {
                "py/function": "logging.getLogger"
            },
            {
                "py/tuple": [
                    "fastdfe.PolyDFE"
                ]
            }
        ]
    },
    "bootstraps": null,
    "config": {
        "py/object": "fastdfe.config.Config",
        "data": {
            "model": "GammaExpParametrization",
            "intervals_del": {
                "py/tuple": [
                    -100000000.0,
                    -1e-05,
                    1000
                ]
            },
            "intervals_ben": {
                "py/tuple": [
                    1e-05,
                    10000.0,
                    1000
                ]
            },
            "integration_mode": "midpoint",
            "linearized": true,
            "seed": 0,
            "opts_mle": {},
            "n_runs": 10,
            "x0": {
                "all": {
                    "S_b": 0.05627203,
                    "S_d": -26.88451,
                    "a": -1,
                    "b": 0.1464485,
                    "eps": 4.50288e-06,
                    "eps_cont": 0,
                    "lambda": 0,
                    "p_b": 0.004419742,
                    "r": [
                        0.4932568,
                        0.4490162,
                        0.411058,
                        0.4293708,
                        0.4059378,
                        0.3950674,
                        0.4836194,
                        0.4412304,
                        0.4459431,
                        0.5171633,
                        0.4880109,
                        0.499798,
                        0.5114526,
                        0.4705895,
                        0.3840001,
                        0.3914661,
                        0.4942643,
                        0.4410675,
                        0.4295933,
                        0.3836019,
                        0.3386893,
                        0.4566943,
                        0.4425798,
                        0.4623484,
                        0.424307,
                        0.4116725,
                        0.4906384,
                        0.4335386,
                        0.4045893,
                        0.5819833,
                        0.4816641,
                        0.5724359,
                        0.5396078,
                        0.5300813,
                        0.62822,
                        0.8578236,
                        0.810246,
                        2.052769
                    ],
                    "theta_bar": 0.001050261
                }
            },
            "bounds": {},
            "scales": {},
            "fixed_params": {},
            "shared_params": [],
            "covariates": [],
            "sfs_neut": {
                "py/object": "fastdfe.spectrum.Spectra",
                "data": {
                    "all": [
                        1037941.33330917,
                        1073.0,
                        270.0,
                        150.0,
                        113.0,
                        91.0,
                        78.0,
                        64.0,
                        72.0,
                        53.0,
                        42.0,
                        59.0,
                        58.0,
                        40.0,
                        41.0,
                        23.0,
                        18.0,
                        40.0,
                        30.0,
                        20.0,
                        30.0,
                        10.0,
                        12.0,
                        10.0,
                        21.0,
                        29.0,
                        21.0,
                        10.0,
                        14.0,
                        13.0,
                        30.0,
                        32.0,
                        13.0,
                        20.0,
                        24.0,
                        22.0,
                        32.0,
                        25.0,
                        15.0,
                        46.0,
                        0.0
                    ]
                }
            },
            "sfs_sel": {
                "py/object": "fastdfe.spectrum.Spectra",
                "data": {
                    "all": [
                        2843662.66669083,
                        2423.0,
                        489.0,
                        306.0,
                        205.0,
                        160.0,
                        119.0,
                        112.0,
                        111.0,
                        95.0,
                        94.0,
                        89.0,
                        66.0,
                        63.0,
                        54.0,
                        63.0,
                        34.0,
                        28.0,
                        34.0,
                        36.0,
                        35.0,
                        36.0,
                        27.0,
                        30.0,
                        30.0,
                        24.0,
                        27.0,
                        16.0,
                        31.0,
                        24.0,
                        24.0,
                        36.0,
                        18.0,
                        30.0,
                        19.0,
                        24.0,
                        24.0,
                        33.0,
                        37.0,
                        85.0,
                        0.0
                    ]
                }
            },
            "do_bootstrap": false,
            "n_bootstraps": 10,
            "parallelize": false,
            "loss_type": "likelihood"
        }
    },
    "output_file": null,
    "execution_time": 1081.9695084095001,
    "summary": {
        "py/object": "fastdfe.polydfe.PolyDFEResult",
        "output_file": "results/polydfe/hgdp/inference/1/opts.n.40.config.default/bootstraps/95/all.polydfe.txt",
        "postprocessing_source": "../resources/polydfe/postprocessing/script.R",
        "data": {
            "output_file": "/scratch/40841779/tmpt893i2yx",
            "model": "C",
            "likelihood": -254.4926,
            "criteria": 0.0001,
            "params_mle": {
                "eps": 4.50472e-06,
                "eps_cont": 0,
                "lambda": 0,
                "theta_bar": 0.001042521,
                "a": -1,
                "S_d": -29.68819,
                "b": 0.1533395,
                "p_b": 0.004419226,
                "S_b": 0.05628349,
                "r": [
                    0.4651289,
                    0.4364573,
                    0.417157,
                    0.4201236,
                    0.4021595,
                    0.424804,
                    0.5105383,
                    0.4690683,
                    0.4830648,
                    0.5826862,
                    0.5362704,
                    0.4856275,
                    0.4851499,
                    0.4730529,
                    0.306606,
                    0.4279663,
                    0.4283227,
                    0.3972047,
                    0.4871607,
                    0.3633046,
                    0.3237885,
                    0.3482992,
                    0.4648664,
                    0.5047197,
                    0.476744,
                    0.2688986,
                    0.4838996,
                    0.4131125,
                    0.6252505,
                    0.8154998,
                    0.3846221,
                    0.6411688,
                    0.5693154,
                    0.6282447,
                    0.7882297,
                    0.8406685,
                    0.7755016,
                    2.008651
                ]
            },