{
    "output_file": "/scratch/38996479/tmpn09_fnlx",
    "model": "C",
    "likelihood": -139.3406,
    "criteria": 0.00035,
    "params_mle": {
        "eps": 0.03072174,
        "eps_cont": 0,
        "lambda": 0,
        "theta_bar": 0.00790151,
        "a": -1,
        "S_d": -49879.85,
        "b": 0.1527039,
        "p_b": 0.005890032,
        "S_b": 45.48762,
        "r": [
            0.8219141,
            0.7523421,
            0.6831296,
            0.6489667,
            0.5912131,
            0.5406715,
            0.4826033,
            0.5019183,
            0.5312744,
            0.5386603,
            0.4501643,
            0.5346077,
            0.4687826,
            0.4756527,
            0.4953254,
            0.51766,
            0.4659962,
            0.4978456
        ]
    },
    "n": 20,
    "expec": [
        {
            "E[P_z(1)]": 0.007665123,
            "E[P_z(2)]": 0.003153707,
            "E[P_z(3)]": 0.001928061,
            "E[P_z(4)]": 0.001315497,
            "E[P_z(5)]": 0.001001754,
            "E[P_z(6)]": 0.0007627883,
            "E[P_z(7)]": 0.0006015362,
            "E[P_z(8)]": 0.0004711244,
            "E[P_z(9)]": 0.0004390064,
            "E[P_z(10)]": 0.000419787,
            "E[P_z(11)]": 0.0003885805,
            "E[P_z(12)]": 0.0003019523,
            "E[P_z(13)]": 0.000333706,
            "E[P_z(14)]": 0.0002803689,
            "E[P_z(15)]": 0.0002743678,
            "E[P_z(16)]": 0.0002785558,
            "E[P_z(17)]": 0.0002940904,
            "E[P_z(18)]": 0.0002980343,
            "E[P_z(19)]": 0.0004434261,
            "E[D_z]": null,
            "E[mis_z]": null
        },
        {
            "E[P_z(1)]": 0.002008103,
            "E[P_z(2)]": 0.0007115259,
            "E[P_z(3)]": 0.000406568,
            "E[P_z(4)]": 0.0002659545,
            "E[P_z(5)]": 0.0001965928,
            "E[P_z(6)]": 0.0001463876,
            "E[P_z(7)]": 0.0001134535,
            "E[P_z(8)]": 8.76757e-05,
            "E[P_z(9)]": 8.08604e-05,
            "E[P_z(10)]": 7.67495e-05,
            "E[P_z(11)]": 7.07114e-05,
            "E[P_z(12)]": 5.48593e-05,
            "E[P_z(13)]": 6.07279e-05,
            "E[P_z(14)]": 5.13724e-05,
            "E[P_z(15)]": 5.09263e-05,
            "E[P_z(16)]": 5.28477e-05,
            "E[P_z(17)]": 5.79601e-05,
            "E[P_z(18)]": 6.31777e-05,
            "E[P_z(19)]": 0.0001110056,
            "E[D_z]": null,
            "E[mis_z]": null
        }
    ],
    "alpha": 0.634099354706001,
    "execution_time": 2421.453680753708
}