{
    "py/object": "fastdfe.polydfe.PolyDFE",
    "logger": {
        "py/reduce": [
            {
                "py/function": "logging.getLogger"
            },
            {
                "py/tuple": [
                    "fastdfe.PolyDFE"
                ]
            }
        ]
    },
    "bootstraps": null,
    "config": {
        "py/object": "fastdfe.config.Config",
        "data": {
            "model": "GammaExpParametrization",
            "intervals_del": {
                "py/tuple": [
                    -100000000.0,
                    -1e-05,
                    1000
                ]
            },
            "intervals_ben": {
                "py/tuple": [
                    1e-05,
                    10000.0,
                    1000
                ]
            },
            "integration_mode": "midpoint",
            "linearized": true,
            "seed": 0,
            "opts_mle": {},
            "n_runs": 10,
            "x0": {
                "all": {
                    "S_b": 1.562568,
                    "S_d": -22188.79,
                    "a": -1,
                    "b": 0.1916524,
                    "eps": 0.007632547,
                    "eps_cont": 0,
                    "lambda": 0,
                    "p_b": 0.04617354,
                    "r": [
                        0.8275426,
                        0.7254075,
                        0.6568578,
                        0.602303,
                        0.5558673,
                        0.5172334,
                        0.4889478,
                        0.4709818,
                        0.4671859,
                        0.4710718,
                        0.4770928,
                        0.4916403,
                        0.5096436,
                        0.5365832,
                        0.5691288,
                        0.6256435,
                        0.7473002,
                        1.000285
                    ],
                    "theta_bar": 0.007669351
                }
            },
            "bounds": {},
            "scales": {},
            "fixed_params": {
                "all": {}
            },
            "shared_params": [],
            "covariates": [],
            "sfs_neut": {
                "py/object": "fastdfe.spectrum.Spectra",
                "data": {
                    "all": [
                        257265.66666666698,
                        1958.0,
                        843.0,
                        444.0,
                        344.0,
                        241.0,
                        211.0,
                        155.0,
                        144.0,
                        111.0,
                        87.0,
                        98.0,
                        74.0,
                        81.0,
                        86.0,
                        86.0,
                        78.0,
                        84.0,
                        78.0,
                        124.0,
                        0.0
                    ]
                }
            },
            "sfs_sel": {
                "py/object": "fastdfe.spectrum.Spectra",
                "data": {
                    "all": [
                        956769.333333333,
                        1910.0,
                        663.0,
                        352.0,
                        251.0,
                        173.0,
                        140.0,
                        91.0,
                        83.0,
                        66.0,
                        67.0,
                        55.0,
                        65.0,
                        63.0,
                        50.0,
                        68.0,
                        54.0,
                        65.0,
                        74.0,
                        84.0,
                        0.0
                    ]
                }
            },
            "do_bootstrap": null,
            "n_bootstraps": 10,
            "parallelize": true,
            "loss_type": "likelihood"
        }
    },
    "output_file": null,
    "execution_time": 1953.987163066864,
    "summary": {
        "py/object": "fastdfe.polydfe.PolyDFEResult",
        "output_file": "results/polydfe/pendula_C_full_anc/bootstraps/23/out.txt",
        "postprocessing_source": "../resources/polydfe/postprocessing/script.R",
        "data": {
            "output_file": "/scratch/38996451/tmp4cdj04_z",
            "model": "C",
            "likelihood": -135.003,
            "criteria": 9e-05,
            "params_mle": {
                "eps": 8.357715e-05,
                "eps_cont": 0,
                "lambda": 0,
                "theta_bar": 0.007454843,
                "a": -1,
                "S_d": -5052.102,
                "b": 0.2468985,
                "p_b": 0.05280517,
                "S_b": 2.229713,
                "r": [
                    0.8537083,
                    0.7004183,
                    0.7110169,
                    0.6253196,
                    0.6406271,
                    0.5259845,
                    0.5558559,
                    0.4878001,
                    0.4710982,
                    0.5136662,
                    0.5072807,
                    0.5666309,
                    0.5728235,
                    0.689867,
                    0.6251058,
                    0.741838,
                    0.7911556,
                    1.12552
                ]
            },
            "n": 20,
            "expec": [
                {
                    "E[P_z(1)]": 0.007454257,
                    "E[P_z(2)]": 0.003181892,
                    "E[P_z(3)]": 0.001740384,
                    "E[P_z(4)]": 0.001325043,
                    "E[P_z(5)]": 0.0009322825,
                    "E[P_z(6)]": 0.0007959213,
                    "E[P_z(7)]": 0.000560142,
                    "E[P_z(8)]": 0.0005179604,
                    "E[P_z(9)]": 0.0004040479,
                    "E[P_z(10)]": 0.0003511963,
                    "E[P_z(11)]": 0.0003481229,
                    "E[P_z(12)]": 0.0003151585,
                    "E[P_z(13)]": 0.0003249538,
                    "E[P_z(14)]": 0.0003050631,
                    "E[P_z(15)]": 0.0003429059,
                    "E[P_z(16)]": 0.0002913405,
                    "E[P_z(17)]": 0.0003254292,
                    "E[P_z(18)]": 0.000327902,
                    "E[P_z(19)]": 0.0004421955,
                    "E[D_z]": null,
                    "E[mis_z]": null
                },
                {
                    "E[P_z(1)]": 0.001987816,
                    "E[P_z(2)]": 0.0006975585,
                    "E[P_z(3)]": 0.0003526953,
                    "E[P_z(4)]": 0.0002570417,
                    "E[P_z(5)]": 0.0001760299,
                    "E[P_z(6)]": 0.0001477385,
                    "E[P_z(7)]": 0.0001029089,
                    "E[P_z(8)]": 9.46659e-05,
                    "E[P_z(9)]": 7.37667e-05,
                    "E[P_z(10)]": 6.42754e-05,
                    "E[P_z(11)]": 6.40749e-05,
                    "E[P_z(12)]": 5.8514e-05,
                    "E[P_z(13)]": 6.10408e-05,
                    "E[P_z(14)]": 5.81516e-05,
                    "E[P_z(15)]": 6.65398e-05,
                    "E[P_z(16)]": 5.77413e-05,
                    "E[P_z(17)]": 6.61137e-05,
                    "E[P_z(18)]": 6.85596e-05,
                    "E[P_z(19)]": 9.5601e-05,
                    "E[D_z]": null,
                    "E[mis_z]": null
                }
            ],
            "alpha": 0.6020006754171019,
            "execution_time": 1953.987163066864
        }
    }
}