{
    "likelihood": -105.62047986283358,
    "L2_residual": 42.32733638158465,
    "params_mle": {
        "S_d": -127.84283245712255,
        "b": 0.13700638134972765,
        "p_b": 0.18521019027769983,
        "S_b": 0.00010002389525279947,
        "eps": 0.0,
        "h": 0.2
    },
    "alpha": 0.3161793174657868,
    "result": {
        "fun": 93.49869345616662,
        "jac": [
            -0.004092726182851602,
            0.005366018713497324,
            -0.0010913936427019754,
            -0.0012732925902204982,
            NaN,
            NaN
        ],
        "nfev": 245,
        "njev": 49,
        "nit": 38,
        "status": 0,
        "message": "CONVERGENCE: REL_REDUCTION_OF_F_<=_FACTR*EPSMCH",
        "x": [
            -2.1066763842076455,
            -0.8632592042273058,
            0.18521019027769983,
            -3.999896236632421,
            0.0,
            0.2
        ],
        "success": true,
        "hess_inv": null
    },
    "execution_time": 211.8392117023468,
    "sfs_mle": [
        0.0,
        29589.836614691438,
        13341.233592061688,
        8430.3723673842,
        6107.273679623807,
        4763.413706445332,
        3891.2157294117446,
        3281.294706677892,
        2831.0944730257684,
        2484.2984486570476,
        2207.9386711595366,
        1982.2023662770866,
        1794.8296771931518,
        1637.4869750826938,
        1503.7473870974559,
        1388.5870872041398,
        1288.3716142385147,
        1200.5148944239186,
        1124.1353720130649,
        1059.8711154447715,
        0.0
    ],
    "fixed_params": {
        "all.eps": 0,
        "all.h": 0.2
    },
    "bounds": {
        "S_d": [
            -100000.0,
            -0.01
        ],
        "b": [
            0.01,
            10
        ],
        "p_b": [
            0,
            0.5
        ],
        "S_b": [
            0.0001,
            100
        ],
        "eps": [
            0,
            0.15
        ],
        "h": [
            0,
            0.2
        ]
    },
    "config": {
        "model": "GammaExpParametrization",
        "intervals_del": [
            -100000000.0,
            -1e-05,
            1000
        ],
        "intervals_ben": [
            1e-05,
            10000.0,
            1000
        ],
        "intervals_h": [
            0.0,
            1.0,
            21
        ],
        "h_callback": null,
        "integration_mode": "midpoint",
        "linearized": true,
        "seed": 0,
        "opts_mle": {},
        "method_mle": "L-BFGS-B",
        "n_runs": 100,
        "x0": {
            "all": {
                "S_d": -1000,
                "b": 0.4,
                "p_b": 0.05,
                "S_b": 1,
                "eps": 0.0,
                "h": 0.5
            }
        },
        "bounds": {
            "S_d": [
                -100000.0,
                -0.01
            ],
            "b": [
                0.01,
                10
            ],
            "p_b": [
                0,
                0.5
            ],
            "S_b": [
                0.0001,
                100
            ],
            "eps": [
                0,
                0.15
            ],
            "h": [
                0,
                0.2
            ]
        },
        "scales": {
            "S_d": "log",
            "b": "log",
            "p_b": "lin",
            "S_b": "log",
            "eps": "lin",
            "h": "lin"
        },
        "fixed_params": {
            "all": {
                "eps": 0,
                "h": 0.2
            }
        },
        "shared_params": [],
        "covariates": [],
        "sfs_neut": {
            "all": [
                999618116.0,
                38331.457150079565,
                18895.118709139293,
                12525.556131617745,
                9371.922084422324,
                7491.0442605823455,
                6242.36440409839,
                5353.4625615888335,
                4687.53128971032,
                4167.806070665941,
                3748.651011517958,
                3402.502495650195,
                3112.371560346183,
                2866.6582067477098,
                2656.182902905284,
                2473.6014219377994,
                2313.5880100201725,
                2172.383884285361,
                2049.1085798711306,
                1946.532029655476,
                64687.14079717712
            ]
        },
        "sfs_sel": {
            "all": [
                999709472.0,
                29583.528751630147,
                13350.105316722907,
                8437.051655931959,
                6112.339896873421,
                4763.591798917039,
                3883.641636792022,
                3267.952764144536,
                2817.043514653396,
                2474.267905732377,
                2204.6442718149315,
                1986.3727995642043,
                1805.676165062704,
                1652.816938966911,
                1519.818949545502,
                1400.4560214984303,
                1291.5260891442324,
                1193.760269967331,
                1111.6879553011745,
                1050.994188679396,
                34650.58102567963
            ]
        },
        "do_bootstrap": true,
        "n_bootstraps": 100,
        "n_bootstrap_retries": 2,
        "parallelize": true,
        "loss_type": "likelihood"
    }
}