{
    "output_file": "/scratch/40841522/tmpkogr7apw",
    "model": "C",
    "likelihood": -165.2659,
    "criteria": 8e-05,
    "params_mle": {
        "eps": 4.50602e-06,
        "eps_cont": 0,
        "lambda": 0,
        "theta_bar": 0.0008434158,
        "a": -1,
        "S_d": -26.02446,
        "b": 0.1435866,
        "p_b": 0.005001488,
        "S_b": 0.05325018,
        "r": [
            0.5834395,
            0.4967236,
            0.5383534,
            0.5645317,
            0.5933807,
            0.6737249,
            0.6494683,
            0.5243322,
            0.613672,
            0.5135166,
            0.5208054,
            0.5791724,
            0.4876886,
            0.4364316,
            0.4384214,
            0.4600049,
            0.6547764,
            0.5883602,
            0.8441721,
            0.8698177,
            0.6470744,
            1.173995,
            1.701912
        ]
    },
    "n": 25,
    "expec": [
        {
            "E[P_z(1)]": 0.0008434122,
            "E[P_z(2)]": 0.0002460401,
            "E[P_z(3)]": 0.0001396477,
            "E[P_z(4)]": 0.0001135136,
            "E[P_z(5)]": 9.52267e-05,
            "E[P_z(6)]": 8.34108e-05,
            "E[P_z(7)]": 8.11755e-05,
            "E[P_z(8)]": 6.84713e-05,
            "E[P_z(9)]": 4.91366e-05,
            "E[P_z(10)]": 5.17579e-05,
            "E[P_z(11)]": 3.93734e-05,
            "E[P_z(12)]": 3.66046e-05,
            "E[P_z(13)]": 3.75756e-05,
            "E[P_z(14)]": 2.93803e-05,
            "E[P_z(15)]": 2.45397e-05,
            "E[P_z(16)]": 2.31108e-05,
            "E[P_z(17)]": 2.28223e-05,
            "E[P_z(18)]": 3.06807e-05,
            "E[P_z(19)]": 2.61177e-05,
            "E[P_z(20)]": 3.55997e-05,
            "E[P_z(21)]": 3.49345e-05,
            "E[P_z(22)]": 2.48075e-05,
            "E[P_z(23)]": 4.30516e-05,
            "E[P_z(24)]": 5.98127e-05,
            "E[D_z]": null,
            "E[mis_z]": null
        },
        {
            "E[P_z(1)]": 0.0006687165,
            "E[P_z(2)]": 0.0001761658,
            "E[P_z(3)]": 9.42912e-05,
            "E[P_z(4)]": 7.3653e-05,
            "E[P_z(5)]": 5.99748e-05,
            "E[P_z(6)]": 5.1305e-05,
            "E[P_z(7)]": 4.89627e-05,
            "E[P_z(8)]": 4.06176e-05,
            "E[P_z(9)]": 2.87287e-05,
            "E[P_z(10)]": 2.98759e-05,
            "E[P_z(11)]": 2.24676e-05,
            "E[P_z(12)]": 2.06713e-05,
            "E[P_z(13)]": 2.10183e-05,
            "E[P_z(14)]": 1.62907e-05,
            "E[P_z(15)]": 1.34965e-05,
            "E[P_z(16)]": 1.26147e-05,
            "E[P_z(17)]": 1.23691e-05,
            "E[P_z(18)]": 1.65176e-05,
            "E[P_z(19)]": 1.39727e-05,
            "E[P_z(20)]": 1.89321e-05,
            "E[P_z(21)]": 1.84733e-05,
            "E[P_z(22)]": 1.30475e-05,
            "E[P_z(23)]": 2.25267e-05,
            "E[P_z(24)]": 3.11436e-05,
            "E[D_z]": null,
            "E[mis_z]": null
        }
    ],
    "alpha": 0.010967883826782045,
    "execution_time": 420.95518708229065
}