{
    "output_file": "/scratch/40841248/tmpul99yby7",
    "model": "C",
    "likelihood": -176.5566,
    "criteria": 8e-05,
    "params_mle": {
        "eps": 4.50868e-06,
        "eps_cont": 0,
        "lambda": 0,
        "theta_bar": 0.0008361561,
        "a": -1,
        "S_d": -19.93255,
        "b": 0.1792892,
        "p_b": 0.005005645,
        "S_b": 0.05330195,
        "r": [
            0.6072005,
            0.538794,
            0.5908889,
            0.6135289,
            0.6496414,
            0.6383951,
            0.7099362,
            0.4794987,
            0.7171474,
            0.5252777,
            0.6166678,
            0.5748691,
            0.4706072,
            0.6072018,
            0.4980062,
            0.5563843,
            0.6528695,
            0.7660791,
            0.8586227,
            0.6583109,
            0.7896627,
            0.7036685,
            1.616224
        ]
    },
    "n": 25,
    "expec": [
        {
            "E[P_z(1)]": 0.0008361526,
            "E[P_z(2)]": 0.0002538562,
            "E[P_z(3)]": 0.0001501714,
            "E[P_z(4)]": 0.0001235184,
            "E[P_z(5)]": 0.0001026009,
            "E[P_z(6)]": 9.05333e-05,
            "E[P_z(7)]": 7.62566e-05,
            "E[P_z(8)]": 7.4202e-05,
            "E[P_z(9)]": 4.45483e-05,
            "E[P_z(10)]": 5.99646e-05,
            "E[P_z(11)]": 3.99285e-05,
            "E[P_z(12)]": 4.29692e-05,
            "E[P_z(13)]": 3.69754e-05,
            "E[P_z(14)]": 2.81073e-05,
            "E[P_z(15)]": 3.38478e-05,
            "E[P_z(16)]": 2.60258e-05,
            "E[P_z(17)]": 2.73663e-05,
            "E[P_z(18)]": 3.0328e-05,
            "E[P_z(19)]": 3.3714e-05,
            "E[P_z(20)]": 3.58974e-05,
            "E[P_z(21)]": 2.62124e-05,
            "E[P_z(22)]": 3.00133e-05,
            "E[P_z(23)]": 2.55826e-05,
            "E[P_z(24)]": 5.63125e-05,
            "E[D_z]": null,
            "E[mis_z]": null
        },
        {
            "E[P_z(1)]": 0.0006654064,
            "E[P_z(2)]": 0.000180331,
            "E[P_z(3)]": 9.95708e-05,
            "E[P_z(4)]": 7.80705e-05,
            "E[P_z(5)]": 6.25448e-05,
            "E[P_z(6)]": 5.36159e-05,
            "E[P_z(7)]": 4.409e-05,
            "E[P_z(8)]": 4.20325e-05,
            "E[P_z(9)]": 2.47886e-05,
            "E[P_z(10)]": 3.28439e-05,
            "E[P_z(11)]": 2.15619e-05,
            "E[P_z(12)]": 2.29076e-05,
            "E[P_z(13)]": 1.94818e-05,
            "E[P_z(14)]": 1.46498e-05,
            "E[P_z(15)]": 1.74655e-05,
            "E[P_z(16)]": 1.33042e-05,
            "E[P_z(17)]": 1.38673e-05,
            "E[P_z(18)]": 1.52418e-05,
            "E[P_z(19)]": 1.6812e-05,
            "E[P_z(20)]": 1.77692e-05,
            "E[P_z(21)]": 1.28845e-05,
            "E[P_z(22)]": 1.46547e-05,
            "E[P_z(23)]": 1.24121e-05,
            "E[P_z(24)]": 2.7156e-05,
            "E[D_z]": null,
            "E[mis_z]": null
        }
    ],
    "alpha": 0.011829311572881937,
    "execution_time": 591.5480880737305
}