{
    "output_file": "/scratch/40840335/tmpaftyv7wh",
    "model": "C",
    "likelihood": -66.58882,
    "criteria": 9e-05,
    "params_mle": {
        "eps": 4.50032e-06,
        "eps_cont": 0,
        "lambda": 0,
        "theta_bar": 0.0007284281,
        "a": -1,
        "S_d": -20.84035,
        "b": 0.1632592,
        "p_b": 0.0009292313,
        "S_b": 0.007920404,
        "r": [
            0.7970336,
            0.7895607,
            0.866495,
            0.7116637,
            0.8103942,
            0.7913323,
            0.7428346,
            0.8789761
        ]
    },
    "n": 10,
    "expec": [
        {
            "E[P_z(1)]": 0.0007284251,
            "E[P_z(2)]": 0.0002902898,
            "E[P_z(3)]": 0.0001917122,
            "E[P_z(4)]": 0.0001577945,
            "E[P_z(5)]": 0.0001036792,
            "E[P_z(6)]": 9.83859e-05,
            "E[P_z(7)]": 8.23474e-05,
            "E[P_z(8)]": 6.76387e-05,
            "E[P_z(9)]": 7.11442e-05,
            "E[D_z]": null,
            "E[mis_z]": null
        },
        {
            "E[P_z(1)]": 0.0005280186,
            "E[P_z(2)]": 0.0001858808,
            "E[P_z(3)]": 0.0001147832,
            "E[P_z(4)]": 9.03568e-05,
            "E[P_z(5)]": 5.74362e-05,
            "E[P_z(6)]": 5.30912e-05,
            "E[P_z(7)]": 4.34796e-05,
            "E[P_z(8)]": 3.50552e-05,
            "E[P_z(9)]": 3.62779e-05,
            "E[D_z]": null,
            "E[mis_z]": null
        }
    ],
    "alpha": 0.0028901600033383,
    "execution_time": 52.35582518577576
}