{
    "output_file": "/scratch/38474413/tmpdnm0q7fx",
    "model": "C",
    "likelihood": -59.65203,
    "criteria": 0.0095,
    "params_mle": {
        "eps": 4.4993e-06,
        "eps_cont": 0,
        "lambda": 0,
        "theta_bar": 0.0005256321,
        "a": -1,
        "S_d": -191.0257,
        "b": 0.01037572,
        "p_b": 0.4545275,
        "S_b": 0.09551549,
        "r": [
            0.8333888,
            0.9247753,
            0.9690264,
            1.000893,
            1.000188,
            1.200361,
            0.9964524,
            1.24588
        ]
    },
    "n": 10,
    "expec": [
        {
            "E[P_z(1)]": 0.00052563,
            "E[P_z(2)]": 0.0002190273,
            "E[P_z(3)]": 0.0001620302,
            "E[P_z(4)]": 0.0001273377,
            "E[P_z(5)]": 0.0001052203,
            "E[P_z(6)]": 8.7622e-05,
            "E[P_z(7)]": 9.01358e-05,
            "E[P_z(8)]": 6.54716e-05,
            "E[P_z(9)]": 7.27659e-05,
            "E[D_z]": null,
            "E[mis_z]": null
        },
        {
            "E[P_z(1)]": 0.0005073005,
            "E[P_z(2)]": 0.0002107833,
            "E[P_z(3)]": 0.0001558855,
            "E[P_z(4)]": 0.0001225763,
            "E[P_z(5)]": 0.0001013845,
            "E[P_z(6)]": 8.45313e-05,
            "E[P_z(7)]": 8.70782e-05,
            "E[P_z(8)]": 6.33472e-05,
            "E[P_z(9)]": 7.05193e-05,
            "E[D_z]": null,
            "E[mis_z]": null
        }
    ],
    "alpha": 0.7529302581479819,
    "execution_time": 2277.2001655101776
}