{
    "output_file": "/scratch/38474416/tmp_g93v5oa",
    "model": "C",
    "likelihood": -55.2957,
    "criteria": 0.00055,
    "params_mle": {
        "eps": 4.5002e-06,
        "eps_cont": 0,
        "lambda": 0,
        "theta_bar": 0.0004467444,
        "a": -1,
        "S_d": -82.50932,
        "b": 0.01025829,
        "p_b": 0.479039,
        "S_b": 0.02035993,
        "r": [
            0.7564262,
            1.127302,
            1.161177,
            1.050886,
            1.161747,
            1.123156,
            1.283689,
            1.020655
        ]
    },
    "n": 10,
    "expec": [
        {
            "E[P_z(1)]": 0.0004467427,
            "E[P_z(2)]": 0.0001689642,
            "E[P_z(3)]": 0.0001678715,
            "E[P_z(4)]": 0.0001296871,
            "E[P_z(5)]": 9.38955e-05,
            "E[P_z(6)]": 8.65009e-05,
            "E[P_z(7)]": 7.16809e-05,
            "E[P_z(8)]": 7.16855e-05,
            "E[P_z(9)]": 5.06653e-05,
            "E[D_z]": null,
            "E[mis_z]": null
        },
        {
            "E[P_z(1)]": 0.0004332543,
            "E[P_z(2)]": 0.00016318,
            "E[P_z(3)]": 0.0001618386,
            "E[P_z(4)]": 0.0001249037,
            "E[P_z(5)]": 9.03778e-05,
            "E[P_z(6)]": 8.32285e-05,
            "E[P_z(7)]": 6.8953e-05,
            "E[P_z(8)]": 6.89484e-05,
            "E[P_z(9)]": 4.87281e-05,
            "E[D_z]": null,
            "E[mis_z]": null
        }
    ],
    "alpha": 0.7637254811457157,
    "execution_time": 3944.559694290161
}