{
    "output_file": "/scratch/38995918/tmpekpbcie7",
    "model": "C",
    "likelihood": -156.0161,
    "criteria": 7e-05,
    "params_mle": {
        "eps": 0.003807816,
        "eps_cont": 0,
        "lambda": 0,
        "theta_bar": 0.0008847539,
        "a": -1,
        "S_d": -294.4312,
        "b": 0.3546645,
        "p_b": 0,
        "S_b": 1,
        "r": [
            1.11779,
            1.144616,
            1.30234,
            1.285993,
            1.008364,
            1.130069,
            0.8763813,
            1.260563,
            0.9013659,
            0.9088838,
            0.824513,
            1.109398,
            0.9128958,
            0.9145293,
            0.9229348,
            1.434697,
            0.976955,
            1.334184
        ]
    },
    "n": 20,
    "expec": [
        {
            "E[P_z(1)]": 0.0008816215,
            "E[P_z(2)]": 0.0004927846,
            "E[P_z(3)]": 0.0003365668,
            "E[P_z(4)]": 0.0002871601,
            "E[P_z(5)]": 0.0002268964,
            "E[P_z(6)]": 0.0001483457,
            "E[P_z(7)]": 0.0001425768,
            "E[P_z(8)]": 9.67851e-05,
            "E[P_z(9)]": 0.0001237274,
            "E[P_z(10)]": 7.97487e-05,
            "E[P_z(11)]": 7.3297e-05,
            "E[P_z(12)]": 6.09285e-05,
            "E[P_z(13)]": 7.57597e-05,
            "E[P_z(14)]": 5.80385e-05,
            "E[P_z(15)]": 5.46033e-05,
            "E[P_z(16)]": 5.19382e-05,
            "E[P_z(17)]": 7.5669e-05,
            "E[P_z(18)]": 4.97203e-05,
            "E[P_z(19)]": 6.526e-05,
            "E[D_z]": null,
            "E[mis_z]": null
        },
        {
            "E[P_z(1)]": 0.000310066,
            "E[P_z(2)]": 0.000122439,
            "E[P_z(3)]": 7.04814e-05,
            "E[P_z(4)]": 5.39465e-05,
            "E[P_z(5)]": 3.93954e-05,
            "E[P_z(6)]": 2.42205e-05,
            "E[P_z(7)]": 2.21389e-05,
            "E[P_z(8)]": 1.44061e-05,
            "E[P_z(9)]": 1.77567e-05,
            "E[P_z(10)]": 1.10835e-05,
            "E[P_z(11)]": 9.9018e-06,
            "E[P_z(12)]": 8.0228e-06,
            "E[P_z(13)]": 9.7489e-06,
            "E[P_z(14)]": 7.3178e-06,
            "E[P_z(15)]": 6.7714e-06,
            "E[P_z(16)]": 6.3537e-06,
            "E[P_z(17)]": 9.1071e-06,
            "E[P_z(18)]": 6.0587e-06,
            "E[P_z(19)]": 8.3066e-06,
            "E[D_z]": null,
            "E[mis_z]": null
        }
    ],
    "alpha": 0.0,
    "execution_time": 322.97304224967957
}