{
    "py/object": "fastdfe.polydfe.PolyDFE",
    "logger": {
        "py/reduce": [
            {
                "py/function": "logging.getLogger"
            },
            {
                "py/tuple": [
                    "fastdfe.PolyDFE"
                ]
            }
        ]
    },
    "bootstraps": null,
    "config": {
        "py/object": "fastdfe.config.Config",
        "data": {
            "model": "GammaExpParametrization",
            "intervals_del": {
                "py/tuple": [
                    -100000000.0,
                    -1e-05,
                    1000
                ]
            },
            "intervals_ben": {
                "py/tuple": [
                    1e-05,
                    10000.0,
                    1000
                ]
            },
            "integration_mode": "midpoint",
            "linearized": true,
            "seed": 0,
            "opts_mle": {},
            "n_runs": 10,
            "x0": {
                "all": {
                    "S_b": 1.562568,
                    "S_d": -22188.79,
                    "a": -1,
                    "b": 0.1916524,
                    "eps": 0.007632547,
                    "eps_cont": 0,
                    "lambda": 0,
                    "p_b": 0.04617354,
                    "r": [
                        0.8275426,
                        0.7254075,
                        0.6568578,
                        0.602303,
                        0.5558673,
                        0.5172334,
                        0.4889478,
                        0.4709818,
                        0.4671859,
                        0.4710718,
                        0.4770928,
                        0.4916403,
                        0.5096436,
                        0.5365832,
                        0.5691288,
                        0.6256435,
                        0.7473002,
                        1.000285
                    ],
                    "theta_bar": 0.007669351
                }
            },
            "bounds": {},
            "scales": {},
            "fixed_params": {
                "all": {}
            },
            "shared_params": [],
            "covariates": [],
            "sfs_neut": {
                "py/object": "fastdfe.spectrum.Spectra",
                "data": {
                    "all": [
                        257266.66666666698,
                        1965.0,
                        809.0,
                        492.0,
                        333.0,
                        230.0,
                        206.0,
                        140.0,
                        113.0,
                        112.0,
                        107.0,
                        92.0,
                        83.0,
                        81.0,
                        77.0,
                        83.0,
                        81.0,
                        82.0,
                        111.0,
                        129.0,
                        0.0
                    ]
                }
            },
            "sfs_sel": {
                "py/object": "fastdfe.spectrum.Spectra",
                "data": {
                    "all": [
                        956869.333333333,
                        1881.0,
                        595.0,
                        370.0,
                        241.0,
                        165.0,
                        149.0,
                        94.0,
                        92.0,
                        73.0,
                        75.0,
                        63.0,
                        51.0,
                        50.0,
                        62.0,
                        55.0,
                        49.0,
                        59.0,
                        73.0,
                        77.0,
                        0.0
                    ]
                }
            },
            "do_bootstrap": null,
            "n_bootstraps": 10,
            "parallelize": true,
            "loss_type": "likelihood"
        }
    },
    "output_file": null,
    "execution_time": 1071.749989271164,
    "summary": {
        "py/object": "fastdfe.polydfe.PolyDFEResult",
        "output_file": "results/polydfe/pendula_C_full_anc/bootstraps/53/out.txt",
        "postprocessing_source": "../resources/polydfe/postprocessing/script.R",
        "data": {
            "output_file": "/scratch/38996456/tmpv5or0yzl",
            "model": "C",
            "likelihood": -131.029,
            "criteria": 0.00068,
            "params_mle": {
                "eps": 0.0003655322,
                "eps_cont": 0,
                "lambda": 0,
                "theta_bar": 0.007500597,
                "a": -1,
                "S_d": -854.7636,
                "b": 0.8173606,
                "p_b": 0.1793678,
                "S_b": 0.01102303,
                "r": [
                    0.8067597,
                    0.7605341,
                    0.6818986,
                    0.589737,
                    0.6382169,
                    0.4919489,
                    0.4934074,
                    0.5015733,
                    0.5488256,
                    0.514552,
                    0.4855657,
                    0.5145109,
                    0.5880547,
                    0.6257266,
                    0.6285594,
                    0.7242182,
                    1.000466,
                    1.177838
                ]
            },
            "n": 20,
            "expec": [
                {
                    "E[P_z(1)]": 0.007498025,
                    "E[P_z(2)]": 0.003024636,
                    "E[P_z(3)]": 0.001900908,
                    "E[P_z(4)]": 0.001278302,
                    "E[P_z(5)]": 0.0008844669,
                    "E[P_z(6)]": 0.0007976581,
                    "E[P_z(7)]": 0.0005270459,
                    "E[P_z(8)]": 0.000462548,
                    "E[P_z(9)]": 0.0004179865,
                    "E[P_z(10)]": 0.0004116519,
                    "E[P_z(11)]": 0.0003508834,
                    "E[P_z(12)]": 0.0003035609,
                    "E[P_z(13)]": 0.000296941,
                    "E[P_z(14)]": 0.0003152308,
                    "E[P_z(15)]": 0.0003130972,
                    "E[P_z(16)]": 0.0002950203,
                    "E[P_z(17)]": 0.0003201117,
                    "E[P_z(18)]": 0.0004178478,
                    "E[P_z(19)]": 0.0004675449,
                    "E[D_z]": null,
                    "E[mis_z]": null
                },
                {
                    "E[P_z(1)]": 0.001953071,
                    "E[P_z(2)]": 0.000634432,
                    "E[P_z(3)]": 0.0003774965,
                    "E[P_z(4)]": 0.0002479536,
                    "E[P_z(5)]": 0.0001693213,
                    "E[P_z(6)]": 0.0001514202,
                    "E[P_z(7)]": 9.94619e-05,
                    "E[P_z(8)]": 8.6911e-05,
                    "E[P_z(9)]": 7.82757e-05,
                    "E[P_z(10)]": 7.68854e-05,
                    "E[P_z(11)]": 6.5395e-05,
                    "E[P_z(12)]": 5.64755e-05,
                    "E[P_z(13)]": 5.51623e-05,
                    "E[P_z(14)]": 5.84873e-05,
                    "E[P_z(15)]": 5.803e-05,
                    "E[P_z(16)]": 5.46316e-05,
                    "E[P_z(17)]": 5.92358e-05,
                    "E[P_z(18)]": 7.72833e-05,
                    "E[P_z(19)]": 8.65996e-05,
                    "E[D_z]": null,
                    "E[mis_z]": null
                }
            ],
            "alpha": 0.9771282640807205,
            "execution_time": 1071.749989271164
        }
    }
}