{
    "output_file": "/scratch/38996043/tmpn7vgq877",
    "model": "C",
    "likelihood": -222.8211,
    "criteria": 0.0001,
    "params_mle": {
        "eps": 0,
        "eps_cont": 0,
        "lambda": 0,
        "theta_bar": 0.003163978,
        "a": -1,
        "S_d": -113.8089,
        "b": 0.3269493,
        "p_b": 0,
        "S_b": 1,
        "r": [
            0.9277204,
            0.9660771,
            0.9449453,
            0.9242991,
            0.893539,
            0.944165,
            0.8957043,
            0.9308702,
            1.036875,
            0.8151837,
            1.01494,
            0.9982563,
            0.9299834,
            1.042296,
            1.025304,
            1.247369,
            1.239882,
            1.502232
        ]
    },
    "n": 20,
    "expec": [
        {
            "E[P_z(1)]": 0.003163978,
            "E[P_z(2)]": 0.001467643,
            "E[P_z(3)]": 0.001018882,
            "E[P_z(4)]": 0.0007474466,
            "E[P_z(5)]": 0.0005848924,
            "E[P_z(6)]": 0.0004711896,
            "E[P_z(7)]": 0.0004267596,
            "E[P_z(8)]": 0.0003542486,
            "E[P_z(9)]": 0.0003272503,
            "E[P_z(10)]": 0.0003280649,
            "E[P_z(11)]": 0.0002344748,
            "E[P_z(12)]": 0.0002676039,
            "E[P_z(13)]": 0.0002429585,
            "E[P_z(14)]": 0.0002101748,
            "E[P_z(15)]": 0.0002198534,
            "E[P_z(16)]": 0.0002027525,
            "E[P_z(17)]": 0.0002321557,
            "E[P_z(18)]": 0.0002179423,
            "E[P_z(19)]": 0.0002501594,
            "E[D_z]": null,
            "E[mis_z]": null
        },
        {
            "E[P_z(1)]": 0.001526671,
            "E[P_z(2)]": 0.0005327858,
            "E[P_z(3)]": 0.0003183719,
            "E[P_z(4)]": 0.000211851,
            "E[P_z(5)]": 0.0001543691,
            "E[P_z(6)]": 0.0001176034,
            "E[P_z(7)]": 0.0001017474,
            "E[P_z(8)]": 8.1251e-05,
            "E[P_z(9)]": 7.25836e-05,
            "E[P_z(10)]": 7.06454e-05,
            "E[P_z(11)]": 4.91755e-05,
            "E[P_z(12)]": 5.47992e-05,
            "E[P_z(13)]": 4.868e-05,
            "E[P_z(14)]": 4.12757e-05,
            "E[P_z(15)]": 4.23826e-05,
            "E[P_z(16)]": 3.84164e-05,
            "E[P_z(17)]": 4.3282e-05,
            "E[P_z(18)]": 4.00192e-05,
            "E[P_z(19)]": 4.5281e-05,
            "E[D_z]": null,
            "E[mis_z]": null
        }
    ],
    "alpha": 0.0,
    "execution_time": 74.03337979316711
}