{
    "py/object": "fastdfe.polydfe.PolyDFE",
    "logger": {
        "py/reduce": [
            {
                "py/function": "logging.getLogger"
            },
            {
                "py/tuple": [
                    "fastdfe.PolyDFE"
                ]
            }
        ]
    },
    "bootstraps": null,
    "config": {
        "py/object": "fastdfe.config.Config",
        "data": {
            "model": "GammaExpParametrization",
            "intervals_del": {
                "py/tuple": [
                    -100000000.0,
                    -1e-05,
                    1000
                ]
            },
            "intervals_ben": {
                "py/tuple": [
                    1e-05,
                    10000.0,
                    1000
                ]
            },
            "integration_mode": "midpoint",
            "linearized": true,
            "seed": 0,
            "opts_mle": {},
            "n_runs": 10,
            "x0": {
                "all": {
                    "S_b": 1.0,
                    "S_d": -20000.0,
                    "a": 2.0,
                    "b": 0.2,
                    "eps": 0.05,
                    "lambda": 0.005,
                    "p_b": 0.0,
                    "theta_bar": 0.001
                }
            },
            "bounds": {},
            "scales": {},
            "fixed_params": {
                "all": {
                    "S_b": 1.0,
                    "p_b": 0.0
                }
            },
            "shared_params": [],
            "covariates": [],
            "sfs_neut": {
                "py/object": "fastdfe.spectrum.Spectra",
                "data": {
                    "all": [
                        249220.24107671855,
                        6040.167973003149,
                        2106.1538925617215,
                        1176.5323491075524,
                        770.814371468484,
                        542.1355467032516,
                        400.042661468532,
                        310.35308040454527,
                        255.41000053152615,
                        223.32413050183519,
                        205.16538347306448,
                        194.48673227097794,
                        187.0882192546798,
                        180.22476635984472,
                        171.46265701183142,
                        158.06553455292487,
                        137.58214316888427,
                        109.35639570576404,
                        75.84456092646988,
                        42.548524806413155,
                        0.0
                    ]
                }
            },
            "sfs_sel": {
                "py/object": "fastdfe.spectrum.Spectra",
                "data": {
                    "all": [
                        948617.843718535,
                        6008.273791641998,
                        1816.0958900891053,
                        1012.0587011539959,
                        671.5352384579869,
                        476.5821103400826,
                        352.89230095207284,
                        272.5593232025768,
                        221.09098747235362,
                        189.08984167582582,
                        169.6208788217283,
                        157.5902906662622,
                        149.6817933568055,
                        143.85865608984918,
                        138.25202893936248,
                        130.2304243168933,
                        116.65222007485173,
                        95.37579082755902,
                        67.0911065546041,
                        36.62490683101765,
                        0.0
                    ]
                }
            },
            "do_bootstrap": null,
            "n_bootstraps": 10,
            "parallelize": true,
            "loss_type": "likelihood"
        }
    },
    "output_file": null,
    "execution_time": 1980.6800818443298,
    "summary": {
        "py/object": "fastdfe.polydfe.PolyDFEResult",
        "output_file": "results/polydfe/pubescens_C_deleterious_anc/out.txt",
        "postprocessing_source": "../resources/polydfe/postprocessing/script.R",
        "data": {
            "output_file": "/scratch/38994863/tmpfeqb16oc",
            "model": "C",
            "likelihood": -156.9332,
            "criteria": 0.00195,
            "params_mle": {
                "eps": 0.004541157,
                "eps_cont": 0,
                "lambda": 0,
                "theta_bar": 0.02254335,
                "a": -1,
                "S_d": -99890.63,
                "b": 0.1282151,
                "p_b": 0,
                "S_b": 1,
                "r": [
                    0.6936517,
                    0.5968082,
                    0.533115,
                    0.4764948,
                    0.4262367,
                    0.3876753,
                    0.3645225,
                    0.3567489,
                    0.361382,
                    0.3744672,
                    0.3921875,
                    0.4091961,
                    0.4217466,
                    0.4203406,
                    0.390986,
                    0.327843,
                    0.2224156,
                    0.04453244
                ]
            },
            "n": 20,
            "expec": [
                {
                    "E[P_z(1)]": 0.02244122,
                    "E[P_z(2)]": 0.007784376,
                    "E[P_z(3)]": 0.004466294,
                    "E[P_z(4)]": 0.002993407,
                    "E[P_z(5)]": 0.002141471,
                    "E[P_z(6)]": 0.001597279,
                    "E[P_z(7)]": 0.001246053,
                    "E[P_z(8)]": 0.001025876,
                    "E[P_z(9)]": 0.0008930177,
                    "E[P_z(10)]": 0.0008146761,
                    "E[P_z(11)]": 0.0007680043,
                    "E[P_z(12)]": 0.0007380872,
                    "E[P_z(13)]": 0.0007120359,
                    "E[P_z(14)]": 0.0006833016,
                    "E[P_z(15)]": 0.000638613,
                    "E[P_z(16)]": 0.0005620259,
                    "E[P_z(17)]": 0.0004531373,
                    "E[P_z(18)]": 0.0003127958,
                    "E[P_z(19)]": 0.0001549703,
                    "E[D_z]": null,
                    "E[mis_z]": null
                },
                {
                    "E[P_z(1)]": 0.006407488,
                    "E[P_z(2)]": 0.001955391,
                    "E[P_z(3)]": 0.001057108,
                    "E[P_z(4)]": 0.0006819868,
                    "E[P_z(5)]": 0.0004744802,
                    "E[P_z(6)]": 0.0003462455,
                    "E[P_z(7)]": 0.0002652992,
                    "E[P_z(8)]": 0.0002151222,
                    "E[P_z(9)]": 0.0001848107,
                    "E[P_z(10)]": 0.0001666498,
                    "E[P_z(11)]": 0.0001554834,
                    "E[P_z(12)]": 0.0001480403,
                    "E[P_z(13)]": 0.0001416201,
                    "E[P_z(14)]": 0.0001348888,
                    "E[P_z(15)]": 0.0001252555,
                    "E[P_z(16)]": 0.0001097104,
                    "E[P_z(17)]": 8.8405e-05,
                    "E[P_z(18)]": 6.21487e-05,
                    "E[P_z(19)]": 3.92687e-05,
                    "E[D_z]": null,
                    "E[mis_z]": null
                }
            ],
            "alpha": 0.0,
            "execution_time": 1980.6800818443298
        }
    }
}