{
    "output_file": "/scratch/40841713/tmpd5q2ap6a",
    "model": "C",
    "likelihood": -192.3601,
    "criteria": 0.00028,
    "params_mle": {
        "eps": 4.50458e-06,
        "eps_cont": 0,
        "lambda": 0,
        "theta_bar": 0.0009375758,
        "a": -1,
        "S_d": -82.62475,
        "b": 0.1050597,
        "p_b": 0.009341612,
        "S_b": 0.1096223,
        "r": [
            0.5536003,
            0.5140195,
            0.4530468,
            0.4780764,
            0.4838428,
            0.4940838,
            0.5535034,
            0.5176929,
            0.5116881,
            0.4352394,
            0.601085,
            0.6384077,
            0.4657643,
            0.4767157,
            0.3035928,
            0.4405576,
            0.4239899,
            0.3172782,
            0.4818259,
            0.5329585,
            0.5867452,
            0.5958721,
            0.7121468,
            0.526542,
            0.6670052,
            0.7163464,
            0.9303147,
            1.592496
        ]
    },
    "n": 30,
    "expec": [
        {
            "E[P_z(1)]": 0.0009375718,
            "E[P_z(2)]": 0.0002595201,
            "E[P_z(3)]": 0.0001606435,
            "E[P_z(4)]": 0.0001061911,
            "E[P_z(5)]": 8.96463e-05,
            "E[P_z(6)]": 7.56063e-05,
            "E[P_z(7)]": 6.61771e-05,
            "E[P_z(8)]": 6.48687e-05,
            "E[P_z(9)]": 5.39306e-05,
            "E[P_z(10)]": 4.79745e-05,
            "E[P_z(11)]": 3.70972e-05,
            "E[P_z(12)]": 4.69635e-05,
            "E[P_z(13)]": 4.60426e-05,
            "E[P_z(14)]": 3.1192e-05,
            "E[P_z(15)]": 2.97971e-05,
            "E[P_z(16)]": 1.77901e-05,
            "E[P_z(17)]": 2.42975e-05,
            "E[P_z(18)]": 2.20847e-05,
            "E[P_z(19)]": 1.56565e-05,
            "E[P_z(20)]": 2.25875e-05,
            "E[P_z(21)]": 2.37948e-05,
            "E[P_z(22)]": 2.50055e-05,
            "E[P_z(23)]": 2.42904e-05,
            "E[P_z(24)]": 2.78207e-05,
            "E[P_z(25)]": 1.97472e-05,
            "E[P_z(26)]": 2.4053e-05,
            "E[P_z(27)]": 2.48758e-05,
            "E[P_z(28)]": 3.11525e-05,
            "E[P_z(29)]": 5.14897e-05,
            "E[D_z]": null,
            "E[mis_z]": null
        },
        {
            "E[P_z(1)]": 0.0007088433,
            "E[P_z(2)]": 0.0001793611,
            "E[P_z(3)]": 0.0001059607,
            "E[P_z(4)]": 6.79302e-05,
            "E[P_z(5)]": 5.6066e-05,
            "E[P_z(6)]": 4.64511e-05,
            "E[P_z(7)]": 4.00668e-05,
            "E[P_z(8)]": 3.87897e-05,
            "E[P_z(9)]": 3.19032e-05,
            "E[P_z(10)]": 2.81112e-05,
            "E[P_z(11)]": 2.15534e-05,
            "E[P_z(12)]": 2.70765e-05,
            "E[P_z(13)]": 2.63598e-05,
            "E[P_z(14)]": 1.77428e-05,
            "E[P_z(15)]": 1.68481e-05,
            "E[P_z(16)]": 1.00032e-05,
            "E[P_z(17)]": 1.35913e-05,
            "E[P_z(18)]": 1.22933e-05,
            "E[P_z(19)]": 8.675e-06,
            "E[P_z(20)]": 1.24609e-05,
            "E[P_z(21)]": 1.30727e-05,
            "E[P_z(22)]": 1.36838e-05,
            "E[P_z(23)]": 1.32427e-05,
            "E[P_z(24)]": 1.5113e-05,
            "E[P_z(25)]": 1.06904e-05,
            "E[P_z(26)]": 1.29785e-05,
            "E[P_z(27)]": 1.338e-05,
            "E[P_z(28)]": 1.67051e-05,
            "E[P_z(29)]": 2.75301e-05,
            "E[D_z]": null,
            "E[mis_z]": null
        }
    ],
    "alpha": 0.019891622737148267,
    "execution_time": 1158.1404330730438
}