{
    "py/object": "fastdfe.polydfe.PolyDFE",
    "logger": {
        "py/reduce": [
            {
                "py/function": "logging.getLogger"
            },
            {
                "py/tuple": [
                    "fastdfe.PolyDFE"
                ]
            }
        ]
    },
    "bootstraps": null,
    "config": {
        "py/object": "fastdfe.config.Config",
        "data": {
            "model": "GammaExpParametrization",
            "intervals_del": {
                "py/tuple": [
                    -100000000.0,
                    -1e-05,
                    1000
                ]
            },
            "intervals_ben": {
                "py/tuple": [
                    1e-05,
                    10000.0,
                    1000
                ]
            },
            "integration_mode": "midpoint",
            "linearized": true,
            "seed": 0,
            "opts_mle": {},
            "n_runs": 10,
            "x0": {
                "all": {
                    "S_b": 0.1083917,
                    "S_d": -45.46375,
                    "a": -1,
                    "b": 0.1287808,
                    "eps": 4.50268e-06,
                    "eps_cont": 0,
                    "lambda": 0,
                    "p_b": 0.009184894,
                    "r": [
                        0.5642878,
                        0.496756,
                        0.4953868,
                        0.4840476,
                        0.4906511,
                        0.4906073,
                        0.5437098,
                        0.5553355,
                        0.5124802,
                        0.5092361,
                        0.6175192,
                        0.5977393,
                        0.4504409,
                        0.522028,
                        0.3860458,
                        0.4756257,
                        0.5506624,
                        0.3834732,
                        0.531485,
                        0.4975372,
                        0.5880576,
                        0.5381713,
                        0.7063446,
                        0.5665509,
                        0.6574706,
                        0.6611074,
                        0.9643355,
                        1.73894
                    ],
                    "theta_bar": 0.0009259123
                }
            },
            "bounds": {},
            "scales": {},
            "fixed_params": {},
            "shared_params": [],
            "covariates": [],
            "sfs_neut": {
                "py/object": "fastdfe.spectrum.Spectra",
                "data": {
                    "all": [
                        1037546.3337252,
                        958.0,
                        286.0,
                        175.0,
                        98.0,
                        101.0,
                        77.0,
                        81.0,
                        57.0,
                        53.0,
                        49.0,
                        42.0,
                        48.0,
                        45.0,
                        32.0,
                        33.0,
                        27.0,
                        28.0,
                        26.0,
                        12.0,
                        35.0,
                        16.0,
                        21.0,
                        30.0,
                        27.0,
                        19.0,
                        26.0,
                        25.0,
                        29.0,
                        47.0,
                        0.0
                    ]
                }
            },
            "sfs_sel": {
                "py/object": "fastdfe.spectrum.Spectra",
                "data": {
                    "all": [
                        2844930.6662748,
                        2037.0,
                        495.0,
                        294.0,
                        206.0,
                        152.0,
                        134.0,
                        102.0,
                        121.0,
                        94.0,
                        81.0,
                        58.0,
                        78.0,
                        78.0,
                        51.0,
                        46.0,
                        20.0,
                        36.0,
                        32.0,
                        29.0,
                        24.0,
                        46.0,
                        44.0,
                        33.0,
                        45.0,
                        32.0,
                        36.0,
                        39.0,
                        51.0,
                        85.0,
                        0.0
                    ]
                }
            },
            "do_bootstrap": false,
            "n_bootstraps": 10,
            "parallelize": false,
            "loss_type": "likelihood"
        }
    },
    "output_file": null,
    "execution_time": 1158.1404330730438,
    "summary": {
        "py/object": "fastdfe.polydfe.PolyDFEResult",
        "output_file": "results/polydfe/hgdp/inference/1/opts.n.30.config.default/bootstraps/49/all.polydfe.txt",
        "postprocessing_source": "../resources/polydfe/postprocessing/script.R",
        "data": {
            "output_file": "/scratch/40841713/tmpd5q2ap6a",
            "model": "C",
            "likelihood": -192.3601,
            "criteria": 0.00028,
            "params_mle": {
                "eps": 4.50458e-06,
                "eps_cont": 0,
                "lambda": 0,
                "theta_bar": 0.0009375758,
                "a": -1,
                "S_d": -82.62475,
                "b": 0.1050597,
                "p_b": 0.009341612,
                "S_b": 0.1096223,
                "r": [
                    0.5536003,
                    0.5140195,
                    0.4530468,
                    0.4780764,
                    0.4838428,
                    0.4940838,
                    0.5535034,
                    0.5176929,
                    0.5116881,
                    0.4352394,
                    0.601085,
                    0.6384077,
                    0.4657643,
                    0.4767157,
                    0.3035928,
                    0.4405576,
                    0.4239899,
                    0.3172782,
                    0.4818259,
                    0.5329585,
                    0.5867452,
                    0.5958721,
                    0.7121468,
                    0.526542,
                    0.6670052,
                    0.7163464,
                    0.9303147,
                    1.592496
                ]
            },
            "n": 30,
            "expec": [
                {
                    "E[P_z(1)]": 0.0009375718,
                    "E[P_z(2)]": 0.0002595201,
                    "E[P_z(3)]": 0.0001606435,
                    "E[P_z(4)]": 0.0001061911,
                    "E[P_z(5)]": 8.96463e-05,
                    "E[P_z(6)]": 7.56063e-05,
                    "E[P_z(7)]": 6.61771e-05,
                    "E[P_z(8)]": 6.48687e-05,
                    "E[P_z(9)]": 5.39306e-05,
                    "E[P_z(10)]": 4.79745e-05,
                    "E[P_z(11)]": 3.70972e-05,
                    "E[P_z(12)]": 4.69635e-05,
                    "E[P_z(13)]": 4.60426e-05,
                    "E[P_z(14)]": 3.1192e-05,
                    "E[P_z(15)]": 2.97971e-05,
                    "E[P_z(16)]": 1.77901e-05,
                    "E[P_z(17)]": 2.42975e-05,
                    "E[P_z(18)]": 2.20847e-05,
                    "E[P_z(19)]": 1.56565e-05,
                    "E[P_z(20)]": 2.25875e-05,
                    "E[P_z(21)]": 2.37948e-05,
                    "E[P_z(22)]": 2.50055e-05,
                    "E[P_z(23)]": 2.42904e-05,
                    "E[P_z(24)]": 2.78207e-05,
                    "E[P_z(25)]": 1.97472e-05,