{
    "output_file": "/scratch/40685645/tmp6dms2v04",
    "model": "C",
    "likelihood": -128.9085,
    "criteria": 9e-05,
    "params_mle": {
        "eps": 4.49744e-06,
        "eps_cont": 0,
        "lambda": 0,
        "theta_bar": 0.0008503307,
        "a": -1,
        "S_d": -68.01433,
        "b": 0.1127644,
        "p_b": 0.003905648,
        "S_b": 0.03800569,
        "r": [
            0.5669393,
            0.5649833,
            0.5475162,
            0.4995644,
            0.5648594,
            0.6039999,
            0.4662727,
            0.5802472,
            0.5323765,
            0.5838853,
            0.5587549,
            0.5490204,
            0.5681745,
            0.5012596,
            0.6027202,
            0.6738647,
            0.7739941,
            1.427315
        ]
    },
    "n": 20,
    "expec": [
        {
            "E[P_z(1)]": 0.0008503272,
            "E[P_z(2)]": 0.000241042,
            "E[P_z(3)]": 0.0001601403,
            "E[P_z(4)]": 0.0001163921,
            "E[P_z(5)]": 8.49587e-05,
            "E[P_z(6)]": 8.00527e-05,
            "E[P_z(7)]": 7.33712e-05,
            "E[P_z(8)]": 4.95607e-05,
            "E[P_z(9)]": 5.48224e-05,
            "E[P_z(10)]": 4.52696e-05,
            "E[P_z(11)]": 4.5136e-05,
            "E[P_z(12)]": 3.95939e-05,
            "E[P_z(13)]": 3.59116e-05,
            "E[P_z(14)]": 3.45099e-05,
            "E[P_z(15)]": 2.8416e-05,
            "E[P_z(16)]": 3.20323e-05,
            "E[P_z(17)]": 3.37069e-05,
            "E[P_z(18)]": 3.65649e-05,
            "E[P_z(19)]": 6.38819e-05,
            "E[D_z]": null,
            "E[mis_z]": null
        },
        {
            "E[P_z(1)]": 0.0006222216,
            "E[P_z(2)]": 0.0001600634,
            "E[P_z(3)]": 0.000101174,
            "E[P_z(4)]": 7.11806e-05,
            "E[P_z(5)]": 5.07279e-05,
            "E[P_z(6)]": 4.69047e-05,
            "E[P_z(7)]": 4.23265e-05,
            "E[P_z(8)]": 2.82154e-05,
            "E[P_z(9)]": 3.08545e-05,
            "E[P_z(10)]": 2.52204e-05,
            "E[P_z(11)]": 2.4918e-05,
            "E[P_z(12)]": 2.16788e-05,
            "E[P_z(13)]": 1.95148e-05,
            "E[P_z(14)]": 1.86231e-05,
            "E[P_z(15)]": 1.52359e-05,
            "E[P_z(16)]": 1.70719e-05,
            "E[P_z(17)]": 1.78633e-05,
            "E[P_z(18)]": 1.92754e-05,
            "E[P_z(19)]": 3.35079e-05,
            "E[D_z]": null,
            "E[mis_z]": null
        }
    ],
    "alpha": 0.008748911937850434,
    "execution_time": 773.0945706367493
}