{
    "py/object": "fastdfe.polydfe.PolyDFE",
    "logger": {
        "py/reduce": [
            {
                "py/function": "logging.getLogger"
            },
            {
                "py/tuple": [
                    "fastdfe.PolyDFE"
                ]
            }
        ]
    },
    "bootstraps": null,
    "config": {
        "py/object": "fastdfe.config.Config",
        "data": {
            "model": "GammaExpParametrization",
            "intervals_del": {
                "py/tuple": [
                    -100000000.0,
                    -1e-05,
                    1000
                ]
            },
            "intervals_ben": {
                "py/tuple": [
                    1e-05,
                    10000.0,
                    1000
                ]
            },
            "integration_mode": "midpoint",
            "linearized": true,
            "seed": 0,
            "opts_mle": {},
            "n_runs": 10,
            "x0": {
                "all": {
                    "S_b": 0.03800569,
                    "S_d": -68.01433,
                    "a": -1,
                    "b": 0.1127644,
                    "eps": 4.49744e-06,
                    "eps_cont": 0,
                    "lambda": 0,
                    "p_b": 0.003905648,
                    "r": [
                        0.5669393,
                        0.5649833,
                        0.5475162,
                        0.4995644,
                        0.5648594,
                        0.6039999,
                        0.4662727,
                        0.5802472,
                        0.5323765,
                        0.5838853,
                        0.5587549,
                        0.5490204,
                        0.5681745,
                        0.5012596,
                        0.6027202,
                        0.6738647,
                        0.7739941,
                        1.427315
                    ],
                    "theta_bar": 0.0008503307
                }
            },
            "bounds": {},
            "scales": {},
            "fixed_params": {},
            "shared_params": [],
            "covariates": [],
            "sfs_neut": {
                "py/object": "fastdfe.spectrum.Spectra",
                "data": {
                    "all": [
                        1040495.81958835,
                        884.0,
                        228.0,
                        161.0,
                        92.0,
                        92.0,
                        73.0,
                        83.0,
                        46.0,
                        58.0,
                        41.0,
                        54.0,
                        50.0,
                        38.0,
                        30.0,
                        22.0,
                        43.0,
                        39.0,
                        28.0,
                        62.0,
                        0.0
                    ]
                }
            },
            "sfs_sel": {
                "py/object": "fastdfe.spectrum.Spectra",
                "data": {
                    "all": [
                        2843058.18041165,
                        1761.0,
                        475.0,
                        279.0,
                        214.0,
                        155.0,
                        141.0,
                        112.0,
                        89.0,
                        93.0,
                        51.0,
                        56.0,
                        71.0,
                        56.0,
                        55.0,
                        57.0,
                        39.0,
                        38.0,
                        57.0,
                        82.0,
                        0.0
                    ]
                }
            },
            "do_bootstrap": false,
            "n_bootstraps": 10,
            "parallelize": false,
            "loss_type": "likelihood"
        }
    },
    "output_file": null,
    "execution_time": 315.29041266441345,
    "summary": {
        "py/object": "fastdfe.polydfe.PolyDFEResult",
        "output_file": "results/polydfe/hgdp/inference/1/opts.n.20.config.default/bootstraps/68/all.polydfe.txt",
        "postprocessing_source": "../resources/polydfe/postprocessing/script.R",
        "data": {
            "output_file": "/scratch/40841142/tmpwfb2qaxd",
            "model": "C",
            "likelihood": -136.4235,
            "criteria": 7e-05,
            "params_mle": {
                "eps": 4.49627e-06,
                "eps_cont": 0,
                "lambda": 0,
                "theta_bar": 0.0008251008,
                "a": -1,
                "S_d": -39.72149,
                "b": 0.1231445,
                "p_b": 0.003877456,
                "S_b": 0.03790889,
                "r": [
                    0.5677027,
                    0.5515508,
                    0.5229735,
                    0.5363388,
                    0.5647824,
                    0.6067215,
                    0.4843089,
                    0.6140997,
                    0.4185349,
                    0.5537917,
                    0.6681646,
                    0.5651223,
                    0.5528327,
                    0.5528285,
                    0.6144791,
                    0.6153199,
                    0.7216716,
                    1.294658
                ]
            },
            "n": 20,
            "expec": [
                {
                    "E[P_z(1)]": 0.0008250974,
                    "E[P_z(2)]": 0.0002342051,
                    "E[P_z(3)]": 0.0001516945,
                    "E[P_z(4)]": 0.0001078761,
                    "E[P_z(5)]": 8.85065e-05,
                    "E[P_z(6)]": 7.76669e-05,
                    "E[P_z(7)]": 7.1515e-05,
                    "E[P_z(8)]": 4.99504e-05,
                    "E[P_z(9)]": 5.62993e-05,
                    "E[P_z(10)]": 3.45333e-05,
                    "E[P_z(11)]": 4.15395e-05,
                    "E[P_z(12)]": 4.5942e-05,
                    "E[P_z(13)]": 3.58681e-05,
                    "E[P_z(14)]": 3.25818e-05,
                    "E[P_z(15)]": 3.04095e-05,
                    "E[P_z(16)]": 3.16883e-05,
                    "E[P_z(17)]": 2.98653e-05,
                    "E[P_z(18)]": 3.30816e-05,
                    "E[P_z(19)]": 5.62257e-05,
                    "E[D_z]": null,
                    "E[mis_z]": null
                },
                {
                    "E[P_z(1)]": 0.0006268929,
                    "E[P_z(2)]": 0.0001611607,
                    "E[P_z(3)]": 9.89971e-05,
                    "E[P_z(4)]": 6.79779e-05,
                    "E[P_z(5)]": 5.43464e-05,
                    "E[P_z(6)]": 4.67247e-05,
                    "E[P_z(7)]": 4.23037e-05,
                    "E[P_z(8)]": 2.91264e-05,
                    "E[P_z(9)]": 3.24213e-05,
                    "E[P_z(10)]": 1.96683e-05,
                    "E[P_z(11)]": 2.34255e-05,
                    "E[P_z(12)]": 2.56766e-05,
                    "E[P_z(13)]": 1.98825e-05,
                    "E[P_z(14)]": 1.79246e-05,
                    "E[P_z(15)]": 1.66125e-05,
                    "E[P_z(16)]": 1.71981e-05,
                    "E[P_z(17)]": 1.61095e-05,
                    "E[P_z(18)]": 1.77416e-05,
                    "E[P_z(19)]": 2.99903e-05,
                    "E[D_z]": null,
                    "E[mis_z]": null
                }
            ],
            "alpha": 0.008509623276096577,
            "execution_time": 315.29041266441345
        }
    }
}