{
    "output_file": "/scratch/38996279/tmp1aj2i3kg",
    "model": "C",
    "likelihood": -154.6772,
    "criteria": 9e-05,
    "params_mle": {
        "eps": 0.01083164,
        "eps_cont": 0,
        "lambda": 0,
        "theta_bar": 0.000903715,
        "a": -1,
        "S_d": -330.4756,
        "b": 0.3500162,
        "p_b": 0,
        "S_b": 1,
        "r": [
            1.09637,
            1.05453,
            1.203187,
            1.130882,
            0.8391296,
            1.057963,
            0.7713749,
            1.190363,
            1.075791,
            0.6617388,
            0.9444929,
            1.106473,
            1.107274,
            1.112642,
            0.9444285,
            1.189912,
            0.9873919,
            0.794299
        ]
    },
    "n": 20,
    "expec": [
        {
            "E[P_z(1)]": 0.0008943355,
            "E[P_z(2)]": 0.0004905738,
            "E[P_z(3)]": 0.0003149091,
            "E[P_z(4)]": 0.0002694679,
            "E[P_z(5)]": 0.0002029111,
            "E[P_z(6)]": 0.0001257942,
            "E[P_z(7)]": 0.000135939,
            "E[P_z(8)]": 8.69645e-05,
            "E[P_z(9)]": 0.0001188219,
            "E[P_z(10)]": 9.72209e-05,
            "E[P_z(11)]": 5.50716e-05,
            "E[P_z(12)]": 7.13028e-05,
            "E[P_z(13)]": 7.75644e-05,
            "E[P_z(14)]": 7.20705e-05,
            "E[P_z(15)]": 6.8522e-05,
            "E[P_z(16)]": 5.571e-05,
            "E[P_z(17)]": 6.6011e-05,
            "E[P_z(18)]": 5.44025e-05,
            "E[P_z(19)]": 4.71595e-05,
            "E[D_z]": null,
            "E[mis_z]": null
        },
        {
            "E[P_z(1)]": 0.0003062501,
            "E[P_z(2)]": 0.0001187396,
            "E[P_z(3)]": 6.4346e-05,
            "E[P_z(4)]": 4.94625e-05,
            "E[P_z(5)]": 3.44489e-05,
            "E[P_z(6)]": 2.00924e-05,
            "E[P_z(7)]": 2.06704e-05,
            "E[P_z(8)]": 1.26822e-05,
            "E[P_z(9)]": 1.67249e-05,
            "E[P_z(10)]": 1.32595e-05,
            "E[P_z(11)]": 7.3112e-06,
            "E[P_z(12)]": 9.2285e-06,
            "E[P_z(13)]": 9.8283e-06,
            "E[P_z(14)]": 8.9526e-06,
            "E[P_z(15)]": 8.4057e-06,
            "E[P_z(16)]": 6.8131e-06,
            "E[P_z(17)]": 8.0136e-06,
            "E[P_z(18)]": 6.9357e-06,
            "E[P_z(19)]": 7.5829e-06,
            "E[D_z]": null,
            "E[mis_z]": null
        }
    ],
    "alpha": 0.0,
    "execution_time": 195.97582077980042
}