{
    "py/object": "fastdfe.polydfe.PolyDFE",
    "logger": {
        "py/reduce": [
            {
                "py/function": "logging.getLogger"
            },
            {
                "py/tuple": [
                    "fastdfe.PolyDFE"
                ]
            }
        ]
    },
    "bootstraps": null,
    "config": {
        "py/object": "fastdfe.config.Config",
        "data": {
            "model": "GammaExpParametrization",
            "intervals_del": {
                "py/tuple": [
                    -100000000.0,
                    -1e-05,
                    1000
                ]
            },
            "intervals_ben": {
                "py/tuple": [
                    1e-05,
                    10000.0,
                    1000
                ]
            },
            "integration_mode": "midpoint",
            "linearized": true,
            "seed": 0,
            "opts_mle": {},
            "n_runs": 10,
            "x0": {
                "all": {
                    "S_b": 0.09636954,
                    "S_d": -44.34681,
                    "a": -1,
                    "b": 0.1221405,
                    "eps": 4.50123e-06,
                    "eps_cont": 0,
                    "lambda": 0,
                    "p_b": 0.01060767,
                    "r": [
                        0.6268517,
                        0.6514728,
                        0.6820074,
                        0.5848618,
                        0.7565646,
                        0.6523473,
                        0.6349214,
                        0.7005902,
                        0.6139579,
                        0.6324166,
                        0.6421517,
                        0.7478784,
                        1.22486
                    ],
                    "theta_bar": 0.0008663822
                }
            },
            "bounds": {},
            "scales": {},
            "fixed_params": {},
            "shared_params": [],
            "covariates": [],
            "sfs_neut": {
                "py/object": "fastdfe.spectrum.Spectra",
                "data": {
                    "all": [
                        870431.438336528,
                        778.0,
                        236.0,
                        170.0,
                        139.0,
                        79.0,
                        81.0,
                        86.0,
                        58.0,
                        45.0,
                        43.0,
                        59.0,
                        44.0,
                        43.0,
                        53.0,
                        0.0
                    ]
                }
            },
            "sfs_sel": {
                "py/object": "fastdfe.spectrum.Spectra",
                "data": {
                    "all": [
                        2365774.56166347,
                        1524.0,
                        473.0,
                        272.0,
                        225.0,
                        150.0,
                        161.0,
                        99.0,
                        91.0,
                        70.0,
                        77.0,
                        62.0,
                        54.0,
                        63.0,
                        103.0,
                        0.0
                    ]
                }
            },
            "do_bootstrap": false,
            "n_bootstraps": 10,
            "parallelize": false,
            "loss_type": "likelihood"
        }
    },
    "output_file": null,
    "execution_time": 176.18265104293823,
    "summary": {
        "py/object": "fastdfe.polydfe.PolyDFEResult",
        "output_file": "results/polydfe/hgdp/inference/1/opts.n.15.config.default/bootstraps/78/all.polydfe.txt",
        "postprocessing_source": "../resources/polydfe/postprocessing/script.R",
        "data": {
            "output_file": "/scratch/40840720/tmpjt91sosg",
            "model": "C",
            "likelihood": -101.2129,
            "criteria": 8e-05,
            "params_mle": {
                "eps": 4.50301e-06,
                "eps_cont": 0,
                "lambda": 0,
                "theta_bar": 0.0008819284,
                "a": -1,
                "S_d": -54.26134,
                "b": 0.1110242,
                "p_b": 0.01059679,
                "S_b": 0.09638565,
                "r": [
                    0.6550999,
                    0.631594,
                    0.7072596,
                    0.5641824,
                    0.7234915,
                    0.6511996,
                    0.6040703,
                    0.5280278,
                    0.6158401,
                    0.6866984,
                    0.6096259,
                    0.7174515,
                    1.141624
                ]
            },
            "n": 15,
            "expec": [
                {
                    "E[P_z(1)]": 0.0008819247,
                    "E[P_z(2)]": 0.0002888745,
                    "E[P_z(3)]": 0.0001856729,
                    "E[P_z(4)]": 0.0001559376,
                    "E[P_z(5)]": 9.95135e-05,
                    "E[P_z(6)]": 0.0001063444,
                    "E[P_z(7)]": 8.20444e-05,
                    "E[P_z(8)]": 6.65934e-05,
                    "E[P_z(9)]": 5.17428e-05,
                    "E[P_z(10)]": 5.43129e-05,
                    "E[P_z(11)]": 5.50567e-05,
                    "E[P_z(12)]": 4.48045e-05,
                    "E[P_z(13)]": 4.86735e-05,
                    "E[P_z(14)]": 7.19201e-05,
                    "E[D_z]": null,
                    "E[mis_z]": null
                },
                {
                    "E[P_z(1)]": 0.0006469065,
                    "E[P_z(2)]": 0.000192895,
                    "E[P_z(3)]": 0.0001181952,
                    "E[P_z(4)]": 9.6223e-05,
                    "E[P_z(5)]": 6.00156e-05,
                    "E[P_z(6)]": 6.29876e-05,
                    "E[P_z(7)]": 4.78766e-05,
                    "E[P_z(8)]": 3.83708e-05,
                    "E[P_z(9)]": 2.94873e-05,
                    "E[P_z(10)]": 3.06516e-05,
                    "E[P_z(11)]": 3.08008e-05,
                    "E[P_z(12)]": 2.48673e-05,
                    "E[P_z(13)]": 2.68192e-05,
                    "E[P_z(14)]": 3.93642e-05,
                    "E[D_z]": null,
                    "E[mis_z]": null
                }
            ],
            "alpha": 0.021840645951427713,
            "execution_time": 176.18265104293823
        }
    }
}