{
    "output_file": "/scratch/40840338/tmp06_cxtz7",
    "model": "C",
    "likelihood": -65.26971,
    "criteria": 8e-05,
    "params_mle": {
        "eps": 4.49965e-06,
        "eps_cont": 0,
        "lambda": 0,
        "theta_bar": 0.0007443648,
        "a": -1,
        "S_d": -14.11194,
        "b": 0.2281081,
        "p_b": 0.0009285806,
        "S_b": 0.007920194,
        "r": [
            0.7363176,
            0.8073892,
            0.8119642,
            0.7383511,
            0.7087174,
            0.9756865,
            0.8510361,
            1.134947
        ]
    },
    "n": 10,
    "expec": [
        {
            "E[P_z(1)]": 0.0007443619,
            "E[P_z(2)]": 0.0002740436,
            "E[P_z(3)]": 0.0002003303,
            "E[P_z(4)]": 0.0001510991,
            "E[P_z(5)]": 0.0001099205,
            "E[P_z(6)]": 8.79243e-05,
            "E[P_z(7)]": 0.0001037528,
            "E[P_z(8)]": 7.9186e-05,
            "E[P_z(9)]": 9.38712e-05,
            "E[D_z]": null,
            "E[mis_z]": null
        },
        {
            "E[P_z(1)]": 0.0005385107,
            "E[P_z(2)]": 0.0001704596,
            "E[P_z(3)]": 0.0001141141,
            "E[P_z(4)]": 8.10671e-05,
            "E[P_z(5)]": 5.63837e-05,
            "E[P_z(6)]": 4.35141e-05,
            "E[P_z(7)]": 4.98419e-05,
            "E[P_z(8)]": 3.70835e-05,
            "E[P_z(9)]": 4.29927e-05,
            "E[D_z]": null,
            "E[mis_z]": null
        }
    ],
    "alpha": 0.0032426308109045417,
    "execution_time": 26.855051279067993
}