neutral,selected
572283.8867044064,1605983.1132955938
563.0,1252.0
160.0,233.0
111.0,155.0
61.0,111.0
48.0,79.0
45.0,62.0
40.0,55.0
30.0,63.0
30.0,54.0
35.0,51.0
41.0,39.0
39.0,44.0
27.0,39.0
35.0,26.0
30.0,34.0
23.0,33.0
15.0,29.0
18.0,21.0
20.0,33.0
17.0,27.0
12.0,22.0
21.0,18.0
8.0,22.0
14.0,14.0
22.0,28.0
9.0,18.0
15.0,22.0
16.0,23.0
26.0,42.0
167.0,234.0
