neutral,selected
509942.4887737478,1442526.5112262522
327.0,642.0
137.0,259.0
72.0,137.0
80.0,117.0
181.0,238.0
