{
    "output_file": "/scratch/38996446/tmp0tou31ec",
    "model": "C",
    "likelihood": -133.4604,
    "criteria": 0.00037,
    "params_mle": {
        "eps": 0.0003030572,
        "eps_cont": 0,
        "lambda": 0,
        "theta_bar": 0.007584415,
        "a": -1,
        "S_d": -5237.319,
        "b": 0.2598994,
        "p_b": 0.05963098,
        "S_b": 1.98079,
        "r": [
            0.8324339,
            0.7102052,
            0.6597702,
            0.5925617,
            0.579256,
            0.5399486,
            0.4816934,
            0.4870872,
            0.488763,
            0.4928392,
            0.513782,
            0.4952581,
            0.5341173,
            0.5234735,
            0.5954798,
            0.6406154,
            0.8085371,
            1.144386
        ]
    },
    "n": 20,
    "expec": [
        {
            "E[P_z(1)]": 0.007582255,
            "E[P_z(2)]": 0.003155909,
            "E[P_z(3)]": 0.001795039,
            "E[P_z(4)]": 0.001250699,
            "E[P_z(5)]": 0.0008986547,
            "E[P_z(6)]": 0.0007320854,
            "E[P_z(7)]": 0.000584938,
            "E[P_z(8)]": 0.0004566303,
            "E[P_z(9)]": 0.0004104532,
            "E[P_z(10)]": 0.0003706982,
            "E[P_z(11)]": 0.0003398302,
            "E[P_z(12)]": 0.000324768,
            "E[P_z(13)]": 0.0002890315,
            "E[P_z(14)]": 0.000289489,
            "E[P_z(15)]": 0.0002648749,
            "E[P_z(16)]": 0.0002825665,
            "E[P_z(17)]": 0.000286263,
            "E[P_z(18)]": 0.0003415357,
            "E[P_z(19)]": 0.0004589759,
            "E[D_z]": null,
            "E[mis_z]": null
        },
        {
            "E[P_z(1)]": 0.001951771,
            "E[P_z(2)]": 0.0006671853,
            "E[P_z(3)]": 0.0003512942,
            "E[P_z(4)]": 0.00023469,
            "E[P_z(5)]": 0.0001644102,
            "E[P_z(6)]": 0.0001318841,
            "E[P_z(7)]": 0.0001044614,
            "E[P_z(8)]": 8.12474e-05,
            "E[P_z(9)]": 7.30572e-05,
            "E[P_z(10)]": 6.62329e-05,
            "E[P_z(11)]": 6.11389e-05,
            "E[P_z(12)]": 5.90057e-05,
            "E[P_z(13)]": 5.31809e-05,
            "E[P_z(14)]": 5.40954e-05,
            "E[P_z(15)]": 5.04134e-05,
            "E[P_z(16)]": 5.49448e-05,
            "E[P_z(17)]": 5.70547e-05,
            "E[P_z(18)]": 7.00263e-05,
            "E[P_z(19)]": 9.72686e-05,
            "E[D_z]": null,
            "E[mis_z]": null
        }
    ],
    "alpha": 0.6399690156707036,
    "execution_time": 1690.8858470916748
}