{
    "output_file": "/scratch/38995995/tmprt_rcsdc",
    "model": "C",
    "likelihood": -255.8185,
    "criteria": 7e-05,
    "params_mle": {
        "eps": 0,
        "eps_cont": 0,
        "lambda": 0,
        "theta_bar": 0.003169919,
        "a": -1,
        "S_d": -95.05967,
        "b": 0.3492513,
        "p_b": 0,
        "S_b": 1,
        "r": [
            0.9619733,
            0.9177489,
            0.9674888,
            0.9652184,
            0.8350964,
            0.9827747,
            0.9240582,
            0.9394392,
            1.010401,
            0.8592952,
            1.057682,
            0.8739349,
            0.9569842,
            0.9963633,
            1.082822,
            1.303524,
            1.314013,
            1.425794
        ]
    },
    "n": 20,
    "expec": [
        {
            "E[P_z(1)]": 0.003169919,
            "E[P_z(2)]": 0.001524689,
            "E[P_z(3)]": 0.00096973,
            "E[P_z(4)]": 0.0007667154,
            "E[P_z(5)]": 0.0006119329,
            "E[P_z(6)]": 0.000441198,
            "E[P_z(7)]": 0.0004450452,
            "E[P_z(8)]": 0.0003661488,
            "E[P_z(9)]": 0.0003308829,
            "E[P_z(10)]": 0.0003202889,
            "E[P_z(11)]": 0.0002476269,
            "E[P_z(12)]": 0.0002793973,
            "E[P_z(13)]": 0.0002131002,
            "E[P_z(14)]": 0.0002166831,
            "E[P_z(15)]": 0.0002105594,
            "E[P_z(16)]": 0.0002145286,
            "E[P_z(17)]": 0.0002430627,
            "E[P_z(18)]": 0.0002314064,
            "E[P_z(19)]": 0.0002378764,
            "E[D_z]": null,
            "E[mis_z]": null
        },
        {
            "E[P_z(1)]": 0.001562028,
            "E[P_z(2)]": 0.0005601049,
            "E[P_z(3)]": 0.0003040896,
            "E[P_z(4)]": 0.0002167616,
            "E[P_z(5)]": 0.0001603558,
            "E[P_z(6)]": 0.0001089346,
            "E[P_z(7)]": 0.0001046512,
            "E[P_z(8)]": 8.26171e-05,
            "E[P_z(9)]": 7.20388e-05,
            "E[P_z(10)]": 6.75702e-05,
            "E[P_z(11)]": 5.0791e-05,
            "E[P_z(12)]": 5.58677e-05,
            "E[P_z(13)]": 4.16332e-05,
            "E[P_z(14)]": 4.14389e-05,
            "E[P_z(15)]": 3.94797e-05,
            "E[P_z(16)]": 3.94904e-05,
            "E[P_z(17)]": 4.3979e-05,
            "E[P_z(18)]": 4.11978e-05,
            "E[P_z(19)]": 4.17079e-05,
            "E[D_z]": null,
            "E[mis_z]": null
        }
    ],
    "alpha": 0.0,
    "execution_time": 110.61825776100159
}