{
    "py/object": "fastdfe.polydfe.PolyDFE",
    "logger": {
        "py/reduce": [
            {
                "py/function": "logging.getLogger"
            },
            {
                "py/tuple": [
                    "fastdfe.PolyDFE"
                ]
            }
        ]
    },
    "bootstraps": null,
    "config": {
        "py/object": "fastdfe.config.Config",
        "data": {
            "model": "GammaExpParametrization",
            "intervals_del": {
                "py/tuple": [
                    -100000000.0,
                    -1e-05,
                    1000
                ]
            },
            "intervals_ben": {
                "py/tuple": [
                    1e-05,
                    10000.0,
                    1000
                ]
            },
            "integration_mode": "midpoint",
            "linearized": true,
            "seed": 0,
            "opts_mle": {},
            "n_runs": 10,
            "x0": {
                "all": {
                    "S_b": 0.1083917,
                    "S_d": -45.46375,
                    "a": -1,
                    "b": 0.1287808,
                    "eps": 4.50268e-06,
                    "eps_cont": 0,
                    "lambda": 0,
                    "p_b": 0.009184894,
                    "r": [
                        0.5642878,
                        0.496756,
                        0.4953868,
                        0.4840476,
                        0.4906511,
                        0.4906073,
                        0.5437098,
                        0.5553355,
                        0.5124802,
                        0.5092361,
                        0.6175192,
                        0.5977393,
                        0.4504409,
                        0.522028,
                        0.3860458,
                        0.4756257,
                        0.5506624,
                        0.3834732,
                        0.531485,
                        0.4975372,
                        0.5880576,
                        0.5381713,
                        0.7063446,
                        0.5665509,
                        0.6574706,
                        0.6611074,
                        0.9643355,
                        1.73894
                    ],
                    "theta_bar": 0.0009259123
                }
            },
            "bounds": {},
            "scales": {},
            "fixed_params": {},
            "shared_params": [],
            "covariates": [],
            "sfs_neut": {
                "py/object": "fastdfe.spectrum.Spectra",
                "data": {
                    "all": [
                        1037556.3337252,
                        981.0,
                        257.0,
                        163.0,
                        109.0,
                        97.0,
                        82.0,
                        86.0,
                        54.0,
                        49.0,
                        41.0,
                        45.0,
                        48.0,
                        43.0,
                        34.0,
                        26.0,
                        33.0,
                        31.0,
                        30.0,
                        19.0,
                        25.0,
                        18.0,
                        29.0,
                        30.0,
                        20.0,
                        22.0,
                        24.0,
                        24.0,
                        17.0,
                        56.0,
                        0.0
                    ]
                }
            },
            "sfs_sel": {
                "py/object": "fastdfe.spectrum.Spectra",
                "data": {
                    "all": [
                        2844929.6662748,
                        2031.0,
                        516.0,
                        301.0,
                        188.0,
                        138.0,
                        129.0,
                        92.0,
                        119.0,
                        106.0,
                        92.0,
                        59.0,
                        81.0,
                        66.0,
                        50.0,
                        50.0,
                        22.0,
                        36.0,
                        43.0,
                        28.0,
                        29.0,
                        38.0,
                        49.0,
                        37.0,
                        40.0,
                        22.0,
                        43.0,
                        33.0,
                        50.0,
                        92.0,
                        0.0
                    ]
                }
            },
            "do_bootstrap": false,
            "n_bootstraps": 10,
            "parallelize": false,
            "loss_type": "likelihood"
        }
    },
    "output_file": null,
    "execution_time": 1895.885624408722,
    "summary": {
        "py/object": "fastdfe.polydfe.PolyDFEResult",
        "output_file": "results/polydfe/hgdp/inference/1/opts.n.30.config.default/bootstraps/67/all.polydfe.txt",
        "postprocessing_source": "../resources/polydfe/postprocessing/script.R",
        "data": {
            "output_file": "/scratch/40841742/tmpl4qwcl_3",
            "model": "C",
            "likelihood": -194.8368,
            "criteria": 0.00022,
            "params_mle": {
                "eps": 4.50695e-06,
                "eps_cont": 0,
                "lambda": 0,
                "theta_bar": 0.0009436137,
                "a": -1,
                "S_d": -93.72874,
                "b": 0.09951097,
                "p_b": 0.009514099,
                "S_b": 0.1113264,
                "r": [
                    0.5435701,
                    0.503764,
                    0.4380323,
                    0.4391936,
                    0.4782686,
                    0.4748141,
                    0.5312902,
                    0.5389315,
                    0.5167002,
                    0.446659,
                    0.6071149,
                    0.5580145,
                    0.4648482,
                    0.452183,
                    0.3501766,
                    0.4546037,
                    0.5259293,
                    0.3583693,
                    0.4345013,
                    0.4742463,
                    0.6935765,
                    0.6241807,
                    0.5844634,
                    0.4473358,
                    0.7097534,
                    0.6281637,
                    0.7670304,
                    1.757714
                ]
            },
            "n": 30,
            "expec": [
                {
                    "E[P_z(1)]": 0.0009436097,
                    "E[P_z(2)]": 0.000256459,
                    "E[P_z(3)]": 0.0001584522,
                    "E[P_z(4)]": 0.000103333,
                    "E[P_z(5)]": 8.28855e-05,
                    "E[P_z(6)]": 7.52166e-05,
                    "E[P_z(7)]": 6.40057e-05,
                    "E[P_z(8)]": 6.26664e-05,
                    "E[P_z(9)]": 5.65046e-05,
                    "E[P_z(10)]": 4.87564e-05,
                    "E[P_z(11)]": 3.83157e-05,
                    "E[P_z(12)]": 4.77401e-05,
                    "E[P_z(13)]": 4.05038e-05,
                    "E[P_z(14)]": 3.13312e-05,
                    "E[P_z(15)]": 2.84457e-05,
                    "E[P_z(16)]": 2.0652e-05,
                    "E[P_z(17)]": 2.52336e-05,
                    "E[P_z(18)]": 2.75709e-05,
                    "E[P_z(19)]": 1.77981e-05,
                    "E[P_z(20)]": 2.05002e-05,
                    "E[P_z(21)]": 2.13099e-05,
                    "E[P_z(22)]": 2.97487e-05,
                    "E[P_z(23)]": 2.56082e-05,
                    "E[P_z(24)]": 2.29797e-05,
                    "E[P_z(25)]": 1.68848e-05,