{
    "output_file": "/scratch/38995605/tmpw42mskil",
    "model": "C",
    "likelihood": -137.4648,
    "criteria": 7e-05,
    "params_mle": {
        "eps": 0,
        "eps_cont": 0,
        "lambda": 0,
        "theta_bar": 0.0008452833,
        "a": -1,
        "S_d": -167.7817,
        "b": 0.4348982,
        "p_b": 0,
        "S_b": 1,
        "r": [
            1.186556,
            1.197622,
            1.284856,
            1.376868,
            1.110356,
            1.180359,
            0.8298646,
            1.222211,
            1.122389,
            0.8819675,
            0.9912154,
            1.300397,
            1.110316,
            1.116109,
            0.995154,
            1.401533,
            1.212377,
            1.493752
        ]
    },
    "n": 20,
    "expec": [
        {
            "E[P_z(1)]": 0.0008452833,
            "E[P_z(2)]": 0.0005014881,
            "E[P_z(3)]": 0.0003374433,
            "E[P_z(4)]": 0.0002715168,
            "E[P_z(5)]": 0.0002327687,
            "E[P_z(6)]": 0.0001564276,
            "E[P_z(7)]": 0.000142534,
            "E[P_z(8)]": 8.76838e-05,
            "E[P_z(9)]": 0.0001147905,
            "E[P_z(10)]": 9.48736e-05,
            "E[P_z(11)]": 6.77739e-05,
            "E[P_z(12)]": 6.98215e-05,
            "E[P_z(13)]": 8.45541e-05,
            "E[P_z(14)]": 6.7038e-05,
            "E[P_z(15)]": 6.28952e-05,
            "E[P_z(16)]": 5.25742e-05,
            "E[P_z(17)]": 6.96878e-05,
            "E[P_z(18)]": 5.69334e-05,
            "E[P_z(19)]": 6.64549e-05,
            "E[D_z]": null,
            "E[mis_z]": null
        },
        {
            "E[P_z(1)]": 0.0003155683,
            "E[P_z(2)]": 0.0001258367,
            "E[P_z(3)]": 6.8852e-05,
            "E[P_z(4)]": 4.84946e-05,
            "E[P_z(5)]": 3.77439e-05,
            "E[P_z(6)]": 2.35241e-05,
            "E[P_z(7)]": 2.01557e-05,
            "E[P_z(8)]": 1.17724e-05,
            "E[P_z(9)]": 1.47365e-05,
            "E[P_z(10)]": 1.1709e-05,
            "E[P_z(11)]": 8.0755e-06,
            "E[P_z(12)]": 8.0597e-06,
            "E[P_z(13)]": 9.4822e-06,
            "E[P_z(14)]": 7.3209e-06,
            "E[P_z(15)]": 6.7018e-06,
            "E[P_z(16)]": 5.4755e-06,
            "E[P_z(17)]": 7.1046e-06,
            "E[P_z(18)]": 5.689e-06,
            "E[P_z(19)]": 6.5161e-06,
            "E[D_z]": null,
            "E[mis_z]": null
        }
    ],
    "alpha": 0.0,
    "execution_time": 84.64643859863281
}