{
    "output_file": "/scratch/40840264/tmpw9e7awdx",
    "model": "C",
    "likelihood": -67.81101,
    "criteria": 0.00024,
    "params_mle": {
        "eps": 4.5006e-06,
        "eps_cont": 0,
        "lambda": 0,
        "theta_bar": 0.0006932413,
        "a": -1,
        "S_d": -10.2593,
        "b": 0.2251201,
        "p_b": 0.0009288967,
        "S_b": 0.007920225,
        "r": [
            0.7392044,
            0.8771432,
            0.9092434,
            0.8183458,
            0.7769809,
            0.898121,
            0.8972641,
            0.8770733
        ]
    },
    "n": 10,
    "expec": [
        {
            "E[P_z(1)]": 0.0006932385,
            "E[P_z(2)]": 0.0002562227,
            "E[P_z(3)]": 0.0002026901,
            "E[P_z(4)]": 0.000157581,
            "E[P_z(5)]": 0.0001134622,
            "E[P_z(6)]": 8.97728e-05,
            "E[P_z(7)]": 8.89455e-05,
            "E[P_z(8)]": 7.77534e-05,
            "E[P_z(9)]": 6.7561e-05,
            "E[D_z]": null,
            "E[mis_z]": null
        },
        {
            "E[P_z(1)]": 0.0005271761,
            "E[P_z(2)]": 0.0001699179,
            "E[P_z(3)]": 0.0001237497,
            "E[P_z(4)]": 9.08539e-05,
            "E[P_z(5)]": 6.26427e-05,
            "E[P_z(6)]": 4.78721e-05,
            "E[P_z(7)]": 4.60771e-05,
            "E[P_z(8)]": 3.92911e-05,
            "E[P_z(9)]": 3.34064e-05,
            "E[D_z]": null,
            "E[mis_z]": null
        }
    ],
    "alpha": 0.0030019651749254614,
    "execution_time": 115.08157062530518
}