{
    "output_file": "/scratch/38996246/tmpuj33xrdv",
    "model": "C",
    "likelihood": -156.1387,
    "criteria": 0.00037,
    "params_mle": {
        "eps": 0.0286713,
        "eps_cont": 0,
        "lambda": 0,
        "theta_bar": 0.0008841232,
        "a": -1,
        "S_d": -184.1549,
        "b": 0.4199427,
        "p_b": 0,
        "S_b": 1,
        "r": [
            1.176235,
            1.094589,
            1.202958,
            1.172759,
            0.9146252,
            1.340906,
            0.9201219,
            1.195632,
            1.059228,
            0.9981325,
            0.9992726,
            1.375355,
            0.9920934,
            0.9807657,
            1.11961,
            1.325128,
            0.9534734,
            0.5544982
        ]
    },
    "n": 20,
    "expec": [
        {
            "E[P_z(1)]": 0.0008595141,
            "E[P_z(2)]": 0.0005064029,
            "E[P_z(3)]": 0.0003153109,
            "E[P_z(4)]": 0.0002600411,
            "E[P_z(5)]": 0.0002030845,
            "E[P_z(6)]": 0.0001327058,
            "E[P_z(7)]": 0.0001671869,
            "E[P_z(8)]": 0.000100883,
            "E[P_z(9)]": 0.0001163866,
            "E[P_z(10)]": 9.36488e-05,
            "E[P_z(11)]": 8.12922e-05,
            "E[P_z(12)]": 7.4428e-05,
            "E[P_z(13)]": 9.57112e-05,
            "E[P_z(14)]": 6.47202e-05,
            "E[P_z(15)]": 6.20961e-05,
            "E[P_z(16)]": 6.77167e-05,
            "E[P_z(17)]": 7.61893e-05,
            "E[P_z(18)]": 6.03981e-05,
            "E[P_z(19)]": 5.04115e-05,
            "E[D_z]": null,
            "E[mis_z]": null
        },
        {
            "E[P_z(1)]": 0.0003168363,
            "E[P_z(2)]": 0.0001263395,
            "E[P_z(3)]": 6.42792e-05,
            "E[P_z(4)]": 4.66245e-05,
            "E[P_z(5)]": 3.31685e-05,
            "E[P_z(6)]": 2.01349e-05,
            "E[P_z(7)]": 2.39122e-05,
            "E[P_z(8)]": 1.37288e-05,
            "E[P_z(9)]": 1.51899e-05,
            "E[P_z(10)]": 1.17819e-05,
            "E[P_z(11)]": 9.9163e-06,
            "E[P_z(12)]": 8.8317e-06,
            "E[P_z(13)]": 1.11164e-05,
            "E[P_z(14)]": 7.3907e-06,
            "E[P_z(15)]": 7.1028e-06,
            "E[P_z(16)]": 7.7868e-06,
            "E[P_z(17)]": 8.8924e-06,
            "E[P_z(18)]": 8.3914e-06,
            "E[P_z(19)]": 1.18743e-05,
            "E[D_z]": null,
            "E[mis_z]": null
        }
    ],
    "alpha": 0.0,
    "execution_time": 226.74569606781006
}