{
    "output_file": "/scratch/38995930/tmpwlg3hhm0",
    "model": "C",
    "likelihood": -158.8012,
    "criteria": 9e-05,
    "params_mle": {
        "eps": 0.01796554,
        "eps_cont": 0,
        "lambda": 0,
        "theta_bar": 0.0008813655,
        "a": -1,
        "S_d": -301.2341,
        "b": 0.3582039,
        "p_b": 0,
        "S_b": 1,
        "r": [
            1.117377,
            1.110826,
            1.320443,
            1.201775,
            0.9781385,
            1.098664,
            0.819479,
            1.076418,
            1.080679,
            0.9686136,
            0.9372403,
            1.326034,
            0.9001243,
            0.9409172,
            0.6236101,
            1.111536,
            0.9299191,
            0.858905
        ]
    },
    "n": 20,
    "expec": [
        {
            "E[P_z(1)]": 0.0008662471,
            "E[P_z(2)]": 0.0004843805,
            "E[P_z(3)]": 0.0003215202,
            "E[P_z(4)]": 0.0002863383,
            "E[P_z(5)]": 0.0002090281,
            "E[P_z(6)]": 0.0001421196,
            "E[P_z(7)]": 0.000137462,
            "E[P_z(8)]": 8.98973e-05,
            "E[P_z(9)]": 0.0001049135,
            "E[P_z(10)]": 9.52473e-05,
            "E[P_z(11)]": 7.81088e-05,
            "E[P_z(12)]": 6.92229e-05,
            "E[P_z(13)]": 9.07717e-05,
            "E[P_z(14)]": 5.82303e-05,
            "E[P_z(15)]": 5.80987e-05,
            "E[P_z(16)]": 3.89617e-05,
            "E[P_z(17)]": 6.24553e-05,
            "E[P_z(18)]": 5.35616e-05,
            "E[P_z(19)]": 5.4961e-05,
            "E[D_z]": null,
            "E[mis_z]": null
        },
        {
            "E[P_z(1)]": 0.0003003843,
            "E[P_z(2)]": 0.0001181017,
            "E[P_z(3)]": 6.59204e-05,
            "E[P_z(4)]": 5.26295e-05,
            "E[P_z(5)]": 3.54576e-05,
            "E[P_z(6)]": 2.26509e-05,
            "E[P_z(7)]": 2.08172e-05,
            "E[P_z(8)]": 1.30493e-05,
            "E[P_z(9)]": 1.4688e-05,
            "E[P_z(10)]": 1.29178e-05,
            "E[P_z(11)]": 1.03057e-05,
            "E[P_z(12)]": 8.9106e-06,
            "E[P_z(13)]": 1.14383e-05,
            "E[P_z(14)]": 7.2325e-06,
            "E[P_z(15)]": 7.1665e-06,
            "E[P_z(16)]": 4.9366e-06,
            "E[P_z(17)]": 7.7551e-06,
            "E[P_z(18)]": 7.2498e-06,
            "E[P_z(19)]": 9.8791e-06,
            "E[D_z]": null,
            "E[mis_z]": null
        }
    ],
    "alpha": 0.0,
    "execution_time": 210.9656903743744
}