{
    "output_file": "/scratch/40840280/tmpjvhnhc30",
    "model": "C",
    "likelihood": -68.22579,
    "criteria": 0.00028,
    "params_mle": {
        "eps": 4.49998e-06,
        "eps_cont": 0,
        "lambda": 0,
        "theta_bar": 0.0007041661,
        "a": -1,
        "S_d": -6.672104,
        "b": 0.2568944,
        "p_b": 0.0009287532,
        "S_b": 0.007920014,
        "r": [
            0.7469227,
            0.8296752,
            0.8458108,
            0.8081512,
            0.8378103,
            0.7435953,
            0.9222837,
            1.058292
        ]
    },
    "n": 10,
    "expec": [
        {
            "E[P_z(1)]": 0.0007041633,
            "E[P_z(2)]": 0.000262978,
            "E[P_z(3)]": 0.0001947425,
            "E[P_z(4)]": 0.0001488976,
            "E[P_z(5)]": 0.0001138145,
            "E[P_z(6)]": 9.83265e-05,
            "E[P_z(7)]": 7.48026e-05,
            "E[P_z(8)]": 8.11809e-05,
            "E[P_z(9)]": 8.28043e-05,
            "E[D_z]": null,
            "E[mis_z]": null
        },
        {
            "E[P_z(1)]": 0.0005613742,
            "E[P_z(2)]": 0.0001842285,
            "E[P_z(3)]": 0.0001254374,
            "E[P_z(4)]": 9.02893e-05,
            "E[P_z(5)]": 6.58731e-05,
            "E[P_z(6)]": 5.47989e-05,
            "E[P_z(7)]": 4.03863e-05,
            "E[P_z(8)]": 4.2647e-05,
            "E[P_z(9)]": 4.24666e-05,
            "E[D_z]": null,
            "E[mis_z]": null
        }
    ],
    "alpha": 0.002905821709386874,
    "execution_time": 100.24037194252014
}