{
    "output_file": "/scratch/40841771/tmp7r3h8y0d",
    "model": "C",
    "likelihood": -239.8366,
    "criteria": 9e-05,
    "params_mle": {
        "eps": 4.50177e-06,
        "eps_cont": 0,
        "lambda": 0,
        "theta_bar": 0.001023193,
        "a": -1,
        "S_d": -13.45402,
        "b": 0.214643,
        "p_b": 0.004423709,
        "S_b": 0.05627923,
        "r": [
            0.4797417,
            0.4610684,
            0.4253338,
            0.4190884,
            0.4054708,
            0.4426255,
            0.4937772,
            0.4540214,
            0.4707298,
            0.5869906,
            0.5847486,
            0.499532,
            0.5421253,
            0.5118728,
            0.3744692,
            0.2905634,
            0.4057187,
            0.5181648,
            0.4169713,
            0.4969814,
            0.4287358,
            0.3781569,
            0.5283355,
            0.4933451,
            0.5665571,
            0.3865106,
            0.6480532,
            0.4412375,
            0.3976897,
            0.5746345,
            0.4915034,
            0.49498,
            0.7187757,
            0.6706019,
            0.5591703,
            0.7884589,
            0.889859,
            1.975472
        ]
    },
    "n": 40,
    "expec": [
        {
            "E[P_z(1)]": 0.001023188,
            "E[P_z(2)]": 0.0002454331,
            "E[P_z(3)]": 0.0001572533,
            "E[P_z(4)]": 0.0001087992,
            "E[P_z(5)]": 8.57613e-05,
            "E[P_z(6)]": 6.91456e-05,
            "E[P_z(7)]": 6.46985e-05,
            "E[P_z(8)]": 6.31534e-05,
            "E[P_z(9)]": 5.16167e-05,
            "E[P_z(10)]": 4.81646e-05,
            "E[P_z(11)]": 5.46002e-05,
            "E[P_z(12)]": 4.98591e-05,
            "E[P_z(13)]": 3.93166e-05,
            "E[P_z(14)]": 3.96212e-05,
            "E[P_z(15)]": 3.49162e-05,
            "E[P_z(16)]": 2.39471e-05,
            "E[P_z(17)]": 1.74884e-05,
            "E[P_z(18)]": 2.30627e-05,
            "E[P_z(19)]": 2.79043e-05,
            "E[P_z(20)]": 2.13321e-05,
            "E[P_z(21)]": 2.42147e-05,
            "E[P_z(22)]": 1.994e-05,
            "E[P_z(23)]": 1.68229e-05,
            "E[P_z(24)]": 2.25245e-05,
            "E[P_z(25)]": 2.01915e-05,
            "E[P_z(26)]": 2.22961e-05,
            "E[P_z(27)]": 1.46473e-05,
            "E[P_z(28)]": 2.36817e-05,
            "E[P_z(29)]": 1.55681e-05,
            "E[P_z(30)]": 1.35639e-05,
            "E[P_z(31)]": 1.89667e-05,
            "E[P_z(32)]": 1.57159e-05,
            "E[P_z(33)]": 1.53475e-05,
            "E[P_z(34)]": 2.1631e-05,
            "E[P_z(35)]": 1.96047e-05,
            "E[P_z(36)]": 1.58932e-05,
            "E[P_z(37)]": 2.18045e-05,
            "E[P_z(38)]": 2.39614e-05,
            "E[P_z(39)]": 5.18323e-05,
            "E[D_z]": null,
            "E[mis_z]": null
        },
        {
            "E[P_z(1)]": 0.0008776027,
            "E[P_z(2)]": 0.0001911576,
            "E[P_z(3)]": 0.0001145517,
            "E[P_z(4)]": 7.53892e-05,
            "E[P_z(5)]": 5.71275e-05,
            "E[P_z(6)]": 4.45934e-05,
            "E[P_z(7)]": 4.06015e-05,
            "E[P_z(8)]": 3.87089e-05,
            "E[P_z(9)]": 3.09897e-05,
            "E[P_z(10)]": 2.83892e-05,
            "E[P_z(11)]": 3.16529e-05,
            "E[P_z(12)]": 2.84717e-05,
            "E[P_z(13)]": 2.21433e-05,
            "E[P_z(14)]": 2.20321e-05,
            "E[P_z(15)]": 1.91874e-05,
            "E[P_z(16)]": 1.30152e-05,
            "E[P_z(17)]": 9.4071e-06,
            "E[P_z(18)]": 1.22854e-05,
            "E[P_z(19)]": 1.47287e-05,
            "E[P_z(20)]": 1.11622e-05,
            "E[P_z(21)]": 1.25663e-05,
            "E[P_z(22)]": 1.02669e-05,
            "E[P_z(23)]": 8.5972e-06,
            "E[P_z(24)]": 1.14287e-05,
            "E[P_z(25)]": 1.01747e-05,
            "E[P_z(26)]": 1.11613e-05,
            "E[P_z(27)]": 7.286e-06,
            "E[P_z(28)]": 1.17081e-05,
            "E[P_z(29)]": 7.6516e-06,
            "E[P_z(30)]": 6.6287e-06,
            "E[P_z(31)]": 9.2181e-06,
            "E[P_z(32)]": 7.5976e-06,
            "E[P_z(33)]": 7.3813e-06,
            "E[P_z(34)]": 1.03513e-05,
            "E[P_z(35)]": 9.3361e-06,
            "E[P_z(36)]": 7.533e-06,
            "E[P_z(37)]": 1.02874e-05,
            "E[P_z(38)]": 1.12547e-05,
            "E[P_z(39)]": 2.42408e-05,
            "E[D_z]": null,
            "E[mis_z]": null
        }
    ],
    "alpha": 0.010875320224598238,
    "execution_time": 1346.2468678951263
}