{
    "output_file": "/scratch/38484168/tmpl55qg_vr",
    "model": "C",
    "likelihood": -39628.68,
    "criteria": 56.34676,
    "params_mle": {
        "eps": 4.5e-06,
        "eps_cont": 0,
        "lambda": 0,
        "theta_bar": 9e-06,
        "a": -1,
        "S_d": -10000,
        "b": 0.2,
        "p_b": 0.1,
        "S_b": 2,
        "r": [
            1,
            1,
            1,
            1,
            1,
            1,
            1,
            1
        ]
    },
    "n": 10,
    "expec": [
        {
            "E[P_z(1)]": 9e-06,
            "E[P_z(2)]": 4.5e-06,
            "E[P_z(3)]": 3e-06,
            "E[P_z(4)]": 2.25e-06,
            "E[P_z(5)]": 1.8e-06,
            "E[P_z(6)]": 1.5e-06,
            "E[P_z(7)]": 1.2857e-06,
            "E[P_z(8)]": 1.125e-06,
            "E[P_z(9)]": 1e-06,
            "E[D_z]": null,
            "E[mis_z]": null
        },
        {
            "E[P_z(1)]": 2.6953e-06,
            "E[P_z(2)]": 1.2245e-06,
            "E[P_z(3)]": 7.954e-07,
            "E[P_z(4)]": 5.96e-07,
            "E[P_z(5)]": 4.832e-07,
            "E[P_z(6)]": 4.124e-07,
            "E[P_z(7)]": 3.656e-07,
            "E[P_z(8)]": 3.341e-07,
            "E[P_z(9)]": 3.134e-07,
            "E[D_z]": null,
            "E[mis_z]": null
        }
    ],
    "alpha": 0.6817278682426714,
    "execution_time": 186.4068624973297
}