{
    "output_file": "/scratch/38995607/tmpy254dkih",
    "model": "C",
    "likelihood": -163.4307,
    "criteria": 8e-05,
    "params_mle": {
        "eps": 0,
        "eps_cont": 0,
        "lambda": 0,
        "theta_bar": 0.0008599372,
        "a": -1,
        "S_d": -164.985,
        "b": 0.4297702,
        "p_b": 0,
        "S_b": 1,
        "r": [
            1.111259,
            1.146453,
            1.25904,
            1.269141,
            0.8778898,
            1.123067,
            0.8490866,
            1.372466,
            1.162551,
            1.000945,
            0.9158536,
            1.358966,
            1.278487,
            1.010636,
            1.069924,
            1.217775,
            1.295501,
            1.186933
        ]
    },
    "n": 20,
    "expec": [
        {
            "E[P_z(1)]": 0.0008599372,
            "E[P_z(2)]": 0.0004778066,
            "E[P_z(3)]": 0.000328626,
            "E[P_z(4)]": 0.0002706739,
            "E[P_z(5)]": 0.0002182764,
            "E[P_z(6)]": 0.0001258217,
            "E[P_z(7)]": 0.0001379668,
            "E[P_z(8)]": 9.12701e-05,
            "E[P_z(9)]": 0.0001311372,
            "E[P_z(10)]": 9.99721e-05,
            "E[P_z(11)]": 7.825e-05,
            "E[P_z(12)]": 6.56314e-05,
            "E[P_z(13)]": 8.98943e-05,
            "E[P_z(14)]": 7.85299e-05,
            "E[P_z(15)]": 5.79389e-05,
            "E[P_z(16)]": 5.75042e-05,
            "E[P_z(17)]": 6.16006e-05,
            "E[P_z(18)]": 6.18916e-05,
            "E[P_z(19)]": 5.37204e-05,
            "E[D_z]": null,
            "E[mis_z]": null
        },
        {
            "E[P_z(1)]": 0.0003250223,
            "E[P_z(2)]": 0.0001220631,
            "E[P_z(3)]": 6.84571e-05,
            "E[P_z(4)]": 4.94421e-05,
            "E[P_z(5)]": 3.62423e-05,
            "E[P_z(6)]": 1.93932e-05,
            "E[P_z(7)]": 2.00114e-05,
            "E[P_z(8)]": 1.25768e-05,
            "E[P_z(9)]": 1.7288e-05,
            "E[P_z(10)]": 1.26762e-05,
            "E[P_z(11)]": 9.5831e-06,
            "E[P_z(12)]": 7.7896e-06,
            "E[P_z(13)]": 1.03688e-05,
            "E[P_z(14)]": 8.8234e-06,
            "E[P_z(15)]": 6.3537e-06,
            "E[P_z(16)]": 6.1652e-06,
            "E[P_z(17)]": 6.4665e-06,
            "E[P_z(18)]": 6.3695e-06,
            "E[P_z(19)]": 5.4262e-06,
            "E[D_z]": null,
            "E[mis_z]": null
        }
    ],
    "alpha": 0.0,
    "execution_time": 106.3088207244873
}