{
    "likelihood": -137.69786543797807,
    "L2_residual": null,
    "params_mle": {
        "pendula": {
            "b": 0.592313418526856,
            "p_b": 0.17812739837569813,
            "S_b": 0.00017132783520706744,
            "eps": 0.002226420551058443,
            "S_d": -1627.8526706713735
        },
        "pubescens": {
            "b": 0.9067462094623722,
            "p_b": 0.2281876995600877,
            "S_b": 0.0001719702744729824,
            "eps": 0.00022932165120783415,
            "S_d": -1627.8526706713735
        }
    },
    "alpha": null,
    "result": {
        "fun": 137.69786543797807,
        "jac": [
            -0.01826094831864633,
            0.04760920549192914,
            -0.000366640053880456,
            -0.07488267783673015,
            -0.012866507856988323,
            0.12361169871977686,
            0.00028137492507104763,
            -0.09987957128037749,
            0.01260502820899087
        ],
        "nfev": 750,
        "njev": 75,
        "nit": 62,
        "status": 0,
        "message": "CONVERGENCE: REL_REDUCTION_OF_F_<=_FACTR*EPSMCH",
        "x": [
            -0.22744842855075334,
            0.17812739837569813,
            -3.766172072558306,
            0.002226420551058443,
            -0.042514251256782126,
            0.2281876995600877,
            -3.76454661558096,
            0.00022932165120783415,
            -3.2116150963702474
        ],
        "success": true,
        "hess_inv": "<9x9 LbfgsInvHessProduct with dtype=float64>"
    },
    "execution_time": 0.3970627784729004,
    "sfs_mle": null,
    "fixed_params": {},
    "bounds": {
        "S_d": [
            -100000.0,
            -0.01
        ],
        "b": [
            0.01,
            10
        ],
        "p_b": [
            0,
            0.5
        ],
        "S_b": [
            0.0001,
            100
        ],
        "eps": [
            0,
            0.15
        ]
    },
    "config": {
        "model": "GammaExpParametrization",
        "intervals_del": [
            -100000000.0,
            -1e-05,
            1000
        ],
        "intervals_ben": [
            1e-05,
            10000.0,
            1000
        ],
        "integration_mode": "midpoint",
        "linearized": true,
        "seed": 0,
        "opts_mle": {},
        "n_runs": 10,
        "x0": {
            "all": {
                "S_d": -1000,
                "b": 0.4,
                "p_b": 0.05,
                "S_b": 1,
                "eps": 0.0
            }
        },
        "bounds": {
            "S_d": [
                -100000.0,
                -0.01
            ],
            "b": [
                0.01,
                10
            ],
            "p_b": [
                0,
                0.5
            ],
            "S_b": [
                0.0001,
                100
            ],
            "eps": [
                0,
                0.15
            ]
        },
        "fixed_params": {},
        "shared_params": [],
        "covariates": [],
        "sfs_neut": {
            "all": [
                506516.1999515622,
                8040.321214389656,
                2932.2509852179196,
                1656.8234582118105,
                1097.6459021809728,
                784.120955353522,
                588.2322209918015,
                462.42301831130646,
                382.7334540462856,
                333.200331313693,
                302.1399171018503,
                281.5369381108932,
                266.58327021838676,
                254.46484820631736,
                242.7621059363509,
                228.66110719430992,
                209.84633915042522,
                186.9055275867696,
                166.5814905189958,
                166.23363106304876,
                0.0
            ]
        },
        "sfs_sel": {
            "all": [
                1905385.547398884,
                7913.189611493079,
                2493.5569435165644,
                1386.780357270881,
                917.0536462101405,
                651.2367330237898,
                482.8239378664829,
                372.9503138340501,
                302.4547971172847,
                258.8987700138397,
                232.85790701607323,
                217.28428573521404,
                207.50551272425773,
                200.61465466269874,
                194.1801635844993,
                185.33019376618495,
                171.4219712065517,
                152.33664610383232,
                133.06099941091702,
                127.24848989282376,
                0.0
            ]
        },
        "do_bootstrap": false,
        "n_bootstraps": 100,
        "parallelize": false,
        "loss_type": "likelihood"
    }
}