{
    "output_file": "/scratch/40841109/tmp4e38f_h9",
    "model": "C",
    "likelihood": -99.31027,
    "criteria": 0.00014,
    "params_mle": {
        "eps": 4.50147e-06,
        "eps_cont": 0,
        "lambda": 0,
        "theta_bar": 0.0008861912,
        "a": -1,
        "S_d": -38.68418,
        "b": 0.1433799,
        "p_b": 0.01060877,
        "S_b": 0.0964342,
        "r": [
            0.5996821,
            0.6528231,
            0.7697984,
            0.5765438,
            0.7947009,
            0.6190973,
            0.6129485,
            0.5802559,
            0.6279949,
            0.7369134,
            0.6326443,
            0.6962018,
            1.237689
        ]
    },
    "n": 15,
    "expec": [
        {
            "E[P_z(1)]": 0.0008861876,
            "E[P_z(2)]": 0.0002657155,
            "E[P_z(3)]": 0.0001928414,
            "E[P_z(4)]": 0.0001705466,
            "E[P_z(5)]": 0.0001021854,
            "E[P_z(6)]": 0.0001173759,
            "E[P_z(7)]": 7.83769e-05,
            "E[P_z(8)]": 6.78987e-05,
            "E[P_z(9)]": 5.71356e-05,
            "E[P_z(10)]": 5.56526e-05,
            "E[P_z(11)]": 5.93683e-05,
            "E[P_z(12)]": 4.6721e-05,
            "E[P_z(13)]": 4.746e-05,
            "E[P_z(14)]": 7.83486e-05,
            "E[D_z]": null,
            "E[mis_z]": null
        },
        {
            "E[P_z(1)]": 0.000639854,
            "E[P_z(2)]": 0.0001710277,
            "E[P_z(3)]": 0.0001168233,
            "E[P_z(4)]": 9.92843e-05,
            "E[P_z(5)]": 5.77665e-05,
            "E[P_z(6)]": 6.48341e-05,
            "E[P_z(7)]": 4.24731e-05,
            "E[P_z(8)]": 3.62012e-05,
            "E[P_z(9)]": 3.0035e-05,
            "E[P_z(10)]": 2.88916e-05,
            "E[P_z(11)]": 3.04765e-05,
            "E[P_z(12)]": 2.37411e-05,
            "E[P_z(13)]": 2.3893e-05,
            "E[P_z(14)]": 3.91065e-05,
            "E[D_z]": null,
            "E[mis_z]": null
        }
    ],
    "alpha": 0.023760039882122927,
    "execution_time": 203.6448700428009
}