{
    "py/object": "fastdfe.polydfe.PolyDFE",
    "logger": {
        "py/reduce": [
            {
                "py/function": "logging.getLogger"
            },
            {
                "py/tuple": [
                    "fastdfe.PolyDFE"
                ]
            }
        ]
    },
    "bootstraps": null,
    "config": {
        "py/object": "fastdfe.config.Config",
        "data": {
            "model": "GammaExpParametrization",
            "intervals_del": {
                "py/tuple": [
                    -100000000.0,
                    -1e-05,
                    1000
                ]
            },
            "intervals_ben": {
                "py/tuple": [
                    1e-05,
                    10000.0,
                    1000
                ]
            },
            "integration_mode": "midpoint",
            "linearized": true,
            "seed": 0,
            "opts_mle": {},
            "n_runs": 10,
            "x0": {
                "all": {
                    "S_b": 0.09636954,
                    "S_d": -44.34681,
                    "a": -1,
                    "b": 0.1221405,
                    "eps": 4.50123e-06,
                    "eps_cont": 0,
                    "lambda": 0,
                    "p_b": 0.01060767,
                    "r": [
                        0.6268517,
                        0.6514728,
                        0.6820074,
                        0.5848618,
                        0.7565646,
                        0.6523473,
                        0.6349214,
                        0.7005902,
                        0.6139579,
                        0.6324166,
                        0.6421517,
                        0.7478784,
                        1.22486
                    ],
                    "theta_bar": 0.0008663822
                }
            },
            "bounds": {},
            "scales": {},
            "fixed_params": {},
            "shared_params": [],
            "covariates": [],
            "sfs_neut": {
                "py/object": "fastdfe.spectrum.Spectra",
                "data": {
                    "all": [
                        870404.438336528,
                        766.0,
                        235.0,
                        186.0,
                        143.0,
                        82.0,
                        87.0,
                        85.0,
                        57.0,
                        50.0,
                        48.0,
                        53.0,
                        41.0,
                        41.0,
                        67.0,
                        0.0
                    ]
                }
            },
            "sfs_sel": {
                "py/object": "fastdfe.spectrum.Spectra",
                "data": {
                    "all": [
                        2365870.56166347,
                        1523.0,
                        402.0,
                        259.0,
                        241.0,
                        144.0,
                        169.0,
                        84.0,
                        88.0,
                        71.0,
                        69.0,
                        71.0,
                        56.0,
                        57.0,
                        94.0,
                        0.0
                    ]
                }
            },
            "do_bootstrap": false,
            "n_bootstraps": 10,
            "parallelize": false,
            "loss_type": "likelihood"
        }
    },
    "output_file": null,
    "execution_time": 203.6448700428009,
    "summary": {
        "py/object": "fastdfe.polydfe.PolyDFEResult",
        "output_file": "results/polydfe/hgdp/inference/1/opts.n.15.config.default/bootstraps/43/all.polydfe.txt",
        "postprocessing_source": "../resources/polydfe/postprocessing/script.R",
        "data": {
            "output_file": "/scratch/40841109/tmp4e38f_h9",
            "model": "C",
            "likelihood": -99.31027,
            "criteria": 0.00014,
            "params_mle": {
                "eps": 4.50147e-06,
                "eps_cont": 0,
                "lambda": 0,
                "theta_bar": 0.0008861912,
                "a": -1,
                "S_d": -38.68418,
                "b": 0.1433799,
                "p_b": 0.01060877,
                "S_b": 0.0964342,
                "r": [
                    0.5996821,
                    0.6528231,
                    0.7697984,
                    0.5765438,
                    0.7947009,
                    0.6190973,
                    0.6129485,
                    0.5802559,
                    0.6279949,
                    0.7369134,
                    0.6326443,
                    0.6962018,
                    1.237689
                ]
            },
            "n": 15,
            "expec": [
                {
                    "E[P_z(1)]": 0.0008861876,
                    "E[P_z(2)]": 0.0002657155,
                    "E[P_z(3)]": 0.0001928414,
                    "E[P_z(4)]": 0.0001705466,
                    "E[P_z(5)]": 0.0001021854,
                    "E[P_z(6)]": 0.0001173759,
                    "E[P_z(7)]": 7.83769e-05,
                    "E[P_z(8)]": 6.78987e-05,
                    "E[P_z(9)]": 5.71356e-05,
                    "E[P_z(10)]": 5.56526e-05,
                    "E[P_z(11)]": 5.93683e-05,
                    "E[P_z(12)]": 4.6721e-05,
                    "E[P_z(13)]": 4.746e-05,
                    "E[P_z(14)]": 7.83486e-05,
                    "E[D_z]": null,
                    "E[mis_z]": null
                },
                {
                    "E[P_z(1)]": 0.000639854,
                    "E[P_z(2)]": 0.0001710277,
                    "E[P_z(3)]": 0.0001168233,
                    "E[P_z(4)]": 9.92843e-05,
                    "E[P_z(5)]": 5.77665e-05,
                    "E[P_z(6)]": 6.48341e-05,
                    "E[P_z(7)]": 4.24731e-05,
                    "E[P_z(8)]": 3.62012e-05,
                    "E[P_z(9)]": 3.0035e-05,
                    "E[P_z(10)]": 2.88916e-05,
                    "E[P_z(11)]": 3.04765e-05,
                    "E[P_z(12)]": 2.37411e-05,
                    "E[P_z(13)]": 2.3893e-05,
                    "E[P_z(14)]": 3.91065e-05,
                    "E[D_z]": null,
                    "E[mis_z]": null
                }
            ],
            "alpha": 0.023760039882122927,
            "execution_time": 203.6448700428009
        }
    }
}