{
    "likelihood": -69.80833477884448,
    "L2_residual": 24.942281597893775,
    "params_mle": {
        "S_d": -100000.0,
        "b": 0.13737106620422881,
        "p_b": 0.0,
        "S_b": 1.0,
        "eps": 0.00574807054667179
    },
    "alpha": 0.0,
    "result": {
        "fun": 66.4693821565487,
        "jac": [
            1.429864946253215,
            8.242295693401611e-05,
            NaN,
            NaN,
            0.00020747847884318142
        ],
        "nfev": 104,
        "njev": 26,
        "nit": 20,
        "status": 0,
        "message": "CONVERGENCE: REL_REDUCTION_OF_F_<=_FACTR*EPSMCH",
        "x": [
            -5.0,
            -0.8621047309670525,
            0.0,
            0.0,
            0.00574807054667179
        ],
        "success": true,
        "hess_inv": null
    },
    "execution_time": 10.427201747894287,
    "sfs_mle": [
        0.0,
        1910.5794785727362,
        687.5684711444114,
        375.25316528245975,
        245.30628725466366,
        176.43495922692088,
        134.17344375021065,
        106.48878448765878,
        87.85186759213448,
        74.88848701497488,
        65.42566662635441,
        58.246162943771324,
        52.85304730788217,
        49.14718773134979,
        47.112691588586664,
        46.70988632265456,
        48.112065680249295,
        52.42769328958185,
        63.641626852929704,
        97.93284399928463,
        0.0
    ],
    "fixed_params": {
        "all.S_b": 1.0,
        "all.p_b": 0.0
    },
    "bounds": {
        "S_d": [
            -100000.0,
            -0.01
        ],
        "b": [
            0.01,
            10
        ],
        "p_b": [
            0,
            0.5
        ],
        "S_b": [
            0.0001,
            100
        ],
        "eps": [
            0,
            0.15
        ]
    },
    "config": {
        "model": "GammaExpParametrization",
        "intervals_del": [
            -100000000.0,
            -1e-05,
            1000
        ],
        "intervals_ben": [
            1e-05,
            10000.0,
            1000
        ],
        "integration_mode": "midpoint",
        "linearized": true,
        "seed": 0,
        "opts_mle": {},
        "n_runs": 10,
        "x0": {
            "all": {
                "S_d": -20000.0,
                "b": 0.2,
                "p_b": 0.0,
                "S_b": 1.0,
                "eps": 0.05,
                "a": 2.0,
                "lambda": 0.005,
                "theta_bar": 0.001
            }
        },
        "bounds": {
            "S_d": [
                -100000.0,
                -0.01
            ],
            "b": [
                0.01,
                10
            ],
            "p_b": [
                0,
                0.5
            ],
            "S_b": [
                0.0001,
                100
            ],
            "eps": [
                0,
                0.15
            ]
        },
        "scales": {
            "S_d": "log",
            "b": "log",
            "p_b": "lin",
            "S_b": "log",
            "eps": "lin"
        },
        "fixed_params": {
            "all": {
                "S_b": 1.0,
                "p_b": 0.0
            }
        },
        "shared_params": [],
        "covariates": [],
        "sfs_neut": {
            "all": [
                257295.95887484375,
                2000.1532413865073,
                826.0970926561987,
                480.29110910425806,
                326.83153071248887,
                241.98540865027036,
                188.18955952326948,
                152.0699379067612,
                127.32345351475948,
                109.87620081185781,
                96.97453362878585,
                87.05020583991518,
                79.49505096370693,
                74.24008184647263,
                71.29944892451947,
                70.59557264138506,
                72.26419598154095,
                77.54913188100555,
                90.73692959252591,
                123.68510625663559,
                0.0
            ]
        },
        "sfs_sel": {
            "all": [
                956767.703680349,
                1904.9158198510809,
                677.461053427459,
                374.721656116885,
                245.5184077521536,
                174.65462268370726,
                129.93163691441003,
                100.3909906314733,
                81.36380964493112,
                69.8089283380138,
                63.23702819434492,
                59.69399506895183,
                57.82371936745221,
                56.75599857284956,
                55.92813464513683,
                55.09976944929164,
                54.76975113169998,
                56.96085527627331,
                65.96989285631294,
                90.6235830618061,
                0.0
            ]
        },
        "do_bootstrap": true,
        "n_bootstraps": 100,
        "parallelize": true,
        "loss_type": "likelihood"
    }
}