{
    "output_file": "/scratch/38996276/tmpsp93zwiy",
    "model": "C",
    "likelihood": -149.7417,
    "criteria": 0.0001,
    "params_mle": {
        "eps": 0.003709345,
        "eps_cont": 0,
        "lambda": 0,
        "theta_bar": 0.0008568638,
        "a": -1,
        "S_d": -175.1918,
        "b": 0.4181708,
        "p_b": 0,
        "S_b": 1,
        "r": [
            1.242845,
            1.08431,
            1.196423,
            1.295374,
            0.9937749,
            1.157264,
            0.9670828,
            1.12385,
            1.092998,
            1.072381,
            1.066133,
            1.285069,
            0.8926192,
            1.165553,
            0.7559126,
            1.581424,
            1.049365,
            1.125141
        ]
    },
    "n": 20,
    "expec": [
        {
            "E[P_z(1)]": 0.0008538736,
            "E[P_z(2)]": 0.0005306847,
            "E[P_z(3)]": 0.0003088488,
            "E[P_z(4)]": 0.0002554925,
            "E[P_z(5)]": 0.0002214153,
            "E[P_z(6)]": 0.0001415978,
            "E[P_z(7)]": 0.0001414484,
            "E[P_z(8)]": 0.0001034804,
            "E[P_z(9)]": 0.0001069115,
            "E[P_z(10)]": 9.3655e-05,
            "E[P_z(11)]": 8.3622e-05,
            "E[P_z(12)]": 7.62294e-05,
            "E[P_z(13)]": 8.49135e-05,
            "E[P_z(14)]": 5.49561e-05,
            "E[P_z(15)]": 6.71578e-05,
            "E[P_z(16)]": 4.12826e-05,
            "E[P_z(17)]": 8.05628e-05,
            "E[P_z(18)]": 5.17433e-05,
            "E[P_z(19)]": 5.37319e-05,
            "E[D_z]": null,
            "E[mis_z]": null
        },
        {
            "E[P_z(1)]": 0.0003210305,
            "E[P_z(2)]": 0.0001357651,
            "E[P_z(3)]": 6.47395e-05,
            "E[P_z(4)]": 4.71358e-05,
            "E[P_z(5)]": 3.72218e-05,
            "E[P_z(6)]": 2.2141e-05,
            "E[P_z(7)]": 2.08463e-05,
            "E[P_z(8)]": 1.45097e-05,
            "E[P_z(9)]": 1.4361e-05,
            "E[P_z(10)]": 1.21149e-05,
            "E[P_z(11)]": 1.0461e-05,
            "E[P_z(12)]": 9.2535e-06,
            "E[P_z(13)]": 1.00324e-05,
            "E[P_z(14)]": 6.3412e-06,
            "E[P_z(15)]": 7.588e-06,
            "E[P_z(16)]": 4.6063e-06,
            "E[P_z(17)]": 8.7877e-06,
            "E[P_z(18)]": 5.7591e-06,
            "E[P_z(19)]": 6.4355e-06,
            "E[D_z]": null,
            "E[mis_z]": null
        }
    ],
    "alpha": 0.0,
    "execution_time": 468.55966448783875
}