{
    "output_file": "/scratch/40841861/tmpxpp_32jg",
    "model": "C",
    "likelihood": -246.1188,
    "criteria": 9e-05,
    "params_mle": {
        "eps": 4.50184e-06,
        "eps_cont": 0,
        "lambda": 0,
        "theta_bar": 0.001113586,
        "a": -1,
        "S_d": -37.49184,
        "b": 0.1401579,
        "p_b": 0.004394059,
        "S_b": 0.05617762,
        "r": [
            0.4644942,
            0.4399679,
            0.3885358,
            0.3708767,
            0.4135076,
            0.3730933,
            0.3734141,
            0.4120369,
            0.4614599,
            0.5737292,
            0.4683634,
            0.5367445,
            0.5763463,
            0.4410388,
            0.3132238,
            0.3987044,
            0.4300654,
            0.4160311,
            0.3557623,
            0.3747941,
            0.4170518,
            0.5426005,
            0.4576432,
            0.531129,
            0.3692155,
            0.5093066,
            0.609362,
            0.3422351,
            0.4730952,
            0.4119721,
            0.5413363,
            0.6664954,
            0.5283142,
            0.5575576,
            0.5353616,
            0.739433,
            0.8713703,
            1.734615
        ]
    },
    "n": 40,
    "expec": [
        {
            "E[P_z(1)]": 0.001113582,
            "E[P_z(2)]": 0.0002586262,
            "E[P_z(3)]": 0.0001633135,
            "E[P_z(4)]": 0.0001081666,
            "E[P_z(5)]": 8.26004e-05,
            "E[P_z(6)]": 7.67458e-05,
            "E[P_z(7)]": 5.93529e-05,
            "E[P_z(8)]": 5.19785e-05,
            "E[P_z(9)]": 5.09819e-05,
            "E[P_z(10)]": 5.13874e-05,
            "E[P_z(11)]": 5.80814e-05,
            "E[P_z(12)]": 4.34635e-05,
            "E[P_z(13)]": 4.59777e-05,
            "E[P_z(14)]": 4.58435e-05,
            "E[P_z(15)]": 3.27423e-05,
            "E[P_z(16)]": 2.18001e-05,
            "E[P_z(17)]": 2.61172e-05,
            "E[P_z(18)]": 2.66064e-05,
            "E[P_z(19)]": 2.43835e-05,
            "E[P_z(20)]": 1.98086e-05,
            "E[P_z(21)]": 1.98746e-05,
            "E[P_z(22)]": 2.11102e-05,
            "E[P_z(23)]": 2.6271e-05,
            "E[P_z(24)]": 2.12344e-05,
            "E[P_z(25)]": 2.36584e-05,
            "E[P_z(26)]": 1.58137e-05,
            "E[P_z(27)]": 2.10059e-05,
            "E[P_z(28)]": 2.4235e-05,
            "E[P_z(29)]": 1.31419e-05,
            "E[P_z(30)]": 1.75612e-05,
            "E[P_z(31)]": 1.47991e-05,
            "E[P_z(32)]": 1.88384e-05,
            "E[P_z(33)]": 2.24911e-05,
            "E[P_z(34)]": 1.73039e-05,
            "E[P_z(35)]": 1.774e-05,
            "E[P_z(36)]": 1.65607e-05,
            "E[P_z(37)]": 2.22553e-05,
            "E[P_z(38)]": 2.55365e-05,
            "E[P_z(39)]": 4.95341e-05,
            "E[D_z]": null,
            "E[mis_z]": null
        },
        {
            "E[P_z(1)]": 0.0008916113,
            "E[P_z(2)]": 0.0001873904,
            "E[P_z(3)]": 0.0001116378,
            "E[P_z(4)]": 7.10564e-05,
            "E[P_z(5)]": 5.26657e-05,
            "E[P_z(6)]": 4.77846e-05,
            "E[P_z(7)]": 3.62361e-05,
            "E[P_z(8)]": 3.12075e-05,
            "E[P_z(9)]": 3.01675e-05,
            "E[P_z(10)]": 3.00193e-05,
            "E[P_z(11)]": 3.35418e-05,
            "E[P_z(12)]": 2.48403e-05,
            "E[P_z(13)]": 2.60288e-05,
            "E[P_z(14)]": 2.57272e-05,
            "E[P_z(15)]": 1.82269e-05,
            "E[P_z(16)]": 1.20447e-05,
            "E[P_z(17)]": 1.43287e-05,
            "E[P_z(18)]": 1.4501e-05,
            "E[P_z(19)]": 1.3207e-05,
            "E[P_z(20)]": 1.0666e-05,
            "E[P_z(21)]": 1.06419e-05,
            "E[P_z(22)]": 1.12435e-05,
            "E[P_z(23)]": 1.39215e-05,
            "E[P_z(24)]": 1.11982e-05,
            "E[P_z(25)]": 1.24188e-05,
            "E[P_z(26)]": 8.2641e-06,
            "E[P_z(27)]": 1.09306e-05,
            "E[P_z(28)]": 1.25591e-05,
            "E[P_z(29)]": 6.7835e-06,
            "E[P_z(30)]": 9.0299e-06,
            "E[P_z(31)]": 7.5815e-06,
            "E[P_z(32)]": 9.6164e-06,
            "E[P_z(33)]": 1.14412e-05,
            "E[P_z(34)]": 8.7729e-06,
            "E[P_z(35)]": 8.9647e-06,
            "E[P_z(36)]": 8.3423e-06,
            "E[P_z(37)]": 1.11763e-05,
            "E[P_z(38)]": 1.27857e-05,
            "E[P_z(39)]": 2.47295e-05,
            "E[D_z]": null,
            "E[mis_z]": null
        }
    ],
    "alpha": 0.01016192483688234,
    "execution_time": 1249.7229137420654
}