{
    "likelihood": -85.14584904900988,
    "L2_residual": 25.912526990552593,
    "params_mle": {
        "S_d": -661.1622790867705,
        "b": 0.3423685829195833,
        "p_b": 0.026561077684952902,
        "S_b": 0.015715599562184726,
        "eps": 0.0,
        "h": 0.5
    },
    "alpha": 0.23308207591916152,
    "result": {
        "fun": 76.43723747143179,
        "jac": [
            -0.007366907129132883,
            0.026966517921761305,
            -0.04220055415519386,
            0.0006252776112689947,
            NaN,
            NaN
        ],
        "nfev": 155,
        "njev": 31,
        "nit": 24,
        "status": 0,
        "message": "CONVERGENCE: REL_REDUCTION_OF_F_<=_FACTR*EPSMCH",
        "x": [
            -2.8203080680515953,
            -0.4655060947269781,
            0.026561077684952902,
            -1.803669045662542,
            0.0,
            0.5
        ],
        "success": true,
        "hess_inv": null
    },
    "execution_time": 34.05343699455261,
    "sfs_mle": [
        0.0,
        8840.653443876306,
        2789.608480017595,
        1455.784916322625,
        931.97843553426,
        672.1893060104998,
        525.719855685008,
        435.67386283559637,
        376.1839615356212,
        334.17600856723647,
        302.77143517000945,
        278.23797590585565,
        258.36625903804025,
        241.7265571163064,
        227.47555025978423,
        215.33491259192877,
        205.41696553277944,
        197.78688804926657,
        192.01338835278,
        187.18463962150713,
        0.0
    ],
    "fixed_params": {
        "all.eps": 0,
        "all.h": 0.5
    },
    "bounds": {
        "S_d": [
            -100000.0,
            -0.01
        ],
        "b": [
            0.01,
            10
        ],
        "p_b": [
            0,
            0.5
        ],
        "S_b": [
            0.0001,
            100
        ],
        "eps": [
            0,
            0.15
        ],
        "h": [
            0,
            0.5
        ]
    },
    "config": {
        "model": "GammaExpParametrization",
        "intervals_del": [
            -100000000.0,
            -1e-05,
            1000
        ],
        "intervals_ben": [
            1e-05,
            10000.0,
            1000
        ],
        "intervals_h": [
            0.0,
            1.0,
            21
        ],
        "h_callback": null,
        "integration_mode": "midpoint",
        "linearized": true,
        "seed": 0,
        "opts_mle": {},
        "method_mle": "L-BFGS-B",
        "n_runs": 100,
        "x0": {
            "all": {
                "S_d": -1000,
                "b": 0.4,
                "p_b": 0.05,
                "S_b": 1,
                "eps": 0.0,
                "h": 0.5
            }
        },
        "bounds": {
            "S_d": [
                -100000.0,
                -0.01
            ],
            "b": [
                0.01,
                10
            ],
            "p_b": [
                0,
                0.5
            ],
            "S_b": [
                0.0001,
                100
            ],
            "eps": [
                0,
                0.15
            ],
            "h": [
                0,
                0.5
            ]
        },
        "scales": {
            "S_d": "log",
            "b": "log",
            "p_b": "lin",
            "S_b": "log",
            "eps": "lin",
            "h": "lin"
        },
        "fixed_params": {
            "all": {
                "eps": 0,
                "h": 0.5
            }
        },
        "shared_params": [],
        "covariates": [],
        "sfs_neut": {
            "all": [
                999670431.0,
                29488.82618618288,
                12811.063457678973,
                7731.927075487293,
                5415.922389821478,
                4164.816031970498,
                3422.1027669621844,
                2951.4552211351506,
                2634.9969956253453,
                2408.7772336232165,
                2237.750563534122,
                2102.627408833345,
                1991.803073366952,
                1897.548983981556,
                1815.4698613461387,
                1744.961796557507,
                1688.255573044842,
                1647.0567531686318,
                1618.7649830167393,
                1596.3922560915742,
                76913.99446955105
            ]
        },
        "sfs_sel": {
            "all": [
                999882239.0,
                8835.675030597627,
                2801.556561541414,
                1458.4227696224002,
                929.916618912016,
                668.1573653336011,
                520.1840164798977,
                429.0768444620096,
                369.848188015296,
                330.0182825948859,
                302.41132283151694,
                282.23019474745945,
                265.9472282934112,
                251.02919213644964,
                236.0072673601232,
                220.5914660888494,
                205.70247105993,
                193.3403311645282,
                185.63869030847928,
                182.2991807018336,
                8174.682340484841
            ]
        },
        "do_bootstrap": true,
        "n_bootstraps": 100,
        "n_bootstrap_retries": 2,
        "parallelize": true,
        "loss_type": "likelihood"
    }
}