{
    "py/object": "fastdfe.polydfe.PolyDFE",
    "logger": {
        "py/reduce": [
            {
                "py/function": "logging.getLogger"
            },
            {
                "py/tuple": [
                    "fastdfe.PolyDFE"
                ]
            }
        ]
    },
    "bootstraps": null,
    "config": {
        "py/object": "fastdfe.config.Config",
        "data": {
            "model": "GammaExpParametrization",
            "intervals_del": {
                "py/tuple": [
                    -100000000.0,
                    -1e-05,
                    1000
                ]
            },
            "intervals_ben": {
                "py/tuple": [
                    1e-05,
                    10000.0,
                    1000
                ]
            },
            "integration_mode": "midpoint",
            "linearized": true,
            "seed": 0,
            "opts_mle": {},
            "n_runs": 10,
            "x0": {
                "all": {
                    "S_b": 0.03800569,
                    "S_d": -68.01433,
                    "a": -1,
                    "b": 0.1127644,
                    "eps": 4.49744e-06,
                    "eps_cont": 0,
                    "lambda": 0,
                    "p_b": 0.003905648,
                    "r": [
                        0.5669393,
                        0.5649833,
                        0.5475162,
                        0.4995644,
                        0.5648594,
                        0.6039999,
                        0.4662727,
                        0.5802472,
                        0.5323765,
                        0.5838853,
                        0.5587549,
                        0.5490204,
                        0.5681745,
                        0.5012596,
                        0.6027202,
                        0.6738647,
                        0.7739941,
                        1.427315
                    ],
                    "theta_bar": 0.0008503307
                }
            },
            "bounds": {},
            "scales": {},
            "fixed_params": {},
            "shared_params": [],
            "covariates": [],
            "sfs_neut": {
                "py/object": "fastdfe.spectrum.Spectra",
                "data": {
                    "all": [
                        1040464.81958835,
                        892.0,
                        264.0,
                        158.0,
                        99.0,
                        75.0,
                        70.0,
                        80.0,
                        44.0,
                        59.0,
                        52.0,
                        37.0,
                        45.0,
                        46.0,
                        34.0,
                        19.0,
                        37.0,
                        42.0,
                        31.0,
                        71.0,
                        0.0
                    ]
                }
            },
            "sfs_sel": {
                "py/object": "fastdfe.spectrum.Spectra",
                "data": {
                    "all": [
                        2843069.18041165,
                        1697.0,
                        491.0,
                        293.0,
                        220.0,
                        166.0,
                        121.0,
                        117.0,
                        79.0,
                        91.0,
                        72.0,
                        75.0,
                        66.0,
                        47.0,
                        55.0,
                        48.0,
                        43.0,
                        28.0,
                        63.0,
                        98.0,
                        0.0
                    ]
                }
            },
            "do_bootstrap": false,
            "n_bootstraps": 10,
            "parallelize": false,
            "loss_type": "likelihood"
        }
    },
    "output_file": null,
    "execution_time": 1305.6947214603424,
    "summary": {
        "py/object": "fastdfe.polydfe.PolyDFEResult",
        "output_file": "results/polydfe/hgdp/inference/1/opts.n.20.config.default/bootstraps/61/all.polydfe.txt",
        "postprocessing_source": "../resources/polydfe/postprocessing/script.R",
        "data": {
            "output_file": "/scratch/40841547/tmpngflolzz",
            "model": "C",
            "likelihood": -137.3622,
            "criteria": 0.00026,
            "params_mle": {
                "eps": 4.49496e-06,
                "eps_cont": 0,
                "lambda": 0,
                "theta_bar": 0.0008376482,
                "a": -1,
                "S_d": -196.8658,
                "b": 0.08079609,
                "p_b": 0.003844919,
                "S_b": 0.0377486,
                "r": [
                    0.612363,
                    0.5616544,
                    0.5376242,
                    0.5132891,
                    0.4923353,
                    0.5965864,
                    0.4282473,
                    0.590517,
                    0.5448482,
                    0.5435323,
                    0.5898037,
                    0.5371299,
                    0.5552646,
                    0.4491497,
                    0.5735495,
                    0.5345481,
                    0.7617861,
                    1.448729
                ]
            },
            "n": 20,
            "expec": [
                {
                    "E[P_z(1)]": 0.0008376447,
                    "E[P_z(2)]": 0.0002564714,
                    "E[P_z(3)]": 0.0001568223,
                    "E[P_z(4)]": 0.0001125846,
                    "E[P_z(5)]": 8.59909e-05,
                    "E[P_z(6)]": 6.87338e-05,
                    "E[P_z(7)]": 7.13898e-05,
                    "E[P_z(8)]": 4.48401e-05,
                    "E[P_z(9)]": 5.49605e-05,
                    "E[P_z(10)]": 4.56391e-05,
                    "E[P_z(11)]": 4.139e-05,
                    "E[P_z(12)]": 4.11707e-05,
                    "E[P_z(13)]": 3.46098e-05,
                    "E[P_z(14)]": 3.32228e-05,
                    "E[P_z(15)]": 2.50822e-05,
                    "E[P_z(16)]": 3.00274e-05,
                    "E[P_z(17)]": 2.63396e-05,
                    "E[P_z(18)]": 3.54515e-05,
                    "E[P_z(19)]": 6.38732e-05,
                    "E[D_z]": null,
                    "E[mis_z]": null
                },
                {
                    "E[P_z(1)]": 0.0006026221,
                    "E[P_z(2)]": 0.0001712673,
                    "E[P_z(3)]": 0.0001009846,
                    "E[P_z(4)]": 7.08128e-05,
                    "E[P_z(5)]": 5.31604e-05,
                    "E[P_z(6)]": 4.19182e-05,
                    "E[P_z(7)]": 4.30533e-05,
                    "E[P_z(8)]": 2.67859e-05,
                    "E[P_z(9)]": 3.25612e-05,
                    "E[P_z(10)]": 2.68414e-05,
                    "E[P_z(11)]": 2.41833e-05,
                    "E[P_z(12)]": 2.39127e-05,
                    "E[P_z(13)]": 1.99931e-05,
                    "E[P_z(14)]": 1.90959e-05,
                    "E[P_z(15)]": 1.435e-05,
                    "E[P_z(16)]": 1.71049e-05,
                    "E[P_z(17)]": 1.49434e-05,
                    "E[P_z(18)]": 2.00361e-05,
                    "E[P_z(19)]": 3.59694e-05,
                    "E[D_z]": null,
                    "E[mis_z]": null
                }
            ],
            "alpha": 0.008316596473390713,
            "execution_time": 1305.6947214603424
        }
    }
}