{
    "output_file": "/scratch/38996112/tmpa1mll5bd",
    "model": "C",
    "likelihood": -150.4541,
    "criteria": 0.00034,
    "params_mle": {
        "eps": 0.005637401,
        "eps_cont": 0,
        "lambda": 0,
        "theta_bar": 0.0009125606,
        "a": -1,
        "S_d": -286.5861,
        "b": 0.3612234,
        "p_b": 0,
        "S_b": 1,
        "r": [
            1.027763,
            1.100452,
            1.123903,
            1.281234,
            0.8282874,
            1.02847,
            0.8722148,
            1.069565,
            0.8869153,
            0.9818715,
            1.213255,
            1.226584,
            0.8558832,
            0.9572914,
            0.9600545,
            1.320044,
            1.12722,
            0.9972222
        ]
    },
    "n": 20,
    "expec": [
        {
            "E[P_z(1)]": 0.0009076862,
            "E[P_z(2)]": 0.0004666264,
            "E[P_z(3)]": 0.0003332554,
            "E[P_z(4)]": 0.0002552706,
            "E[P_z(5)]": 0.0002328508,
            "E[P_z(6)]": 0.0001255814,
            "E[P_z(7)]": 0.0001338069,
            "E[P_z(8)]": 9.94529e-05,
            "E[P_z(9)]": 0.000108297,
            "E[P_z(10)]": 8.09364e-05,
            "E[P_z(11)]": 8.16083e-05,
            "E[P_z(12)]": 9.23048e-05,
            "E[P_z(13)]": 8.63729e-05,
            "E[P_z(14)]": 5.61846e-05,
            "E[P_z(15)]": 5.9229e-05,
            "E[P_z(16)]": 5.58935e-05,
            "E[P_z(17)]": 7.23476e-05,
            "E[P_z(18)]": 5.94691e-05,
            "E[P_z(19)]": 5.27705e-05,
            "E[D_z]": null,
            "E[mis_z]": null
        },
        {
            "E[P_z(1)]": 0.0003180341,
            "E[P_z(2)]": 0.0001148278,
            "E[P_z(3)]": 6.88958e-05,
            "E[P_z(4)]": 4.72423e-05,
            "E[P_z(5)]": 3.97699e-05,
            "E[P_z(6)]": 2.01441e-05,
            "E[P_z(7)]": 2.03926e-05,
            "E[P_z(8)]": 1.4517e-05,
            "E[P_z(9)]": 1.52348e-05,
            "E[P_z(10)]": 1.10209e-05,
            "E[P_z(11)]": 1.07966e-05,
            "E[P_z(12)]": 1.18966e-05,
            "E[P_z(13)]": 1.0878e-05,
            "E[P_z(14)]": 6.9345e-06,
            "E[P_z(15)]": 7.2007e-06,
            "E[P_z(16)]": 6.7018e-06,
            "E[P_z(17)]": 8.5693e-06,
            "E[P_z(18)]": 7.1372e-06,
            "E[P_z(19)]": 7.1538e-06,
            "E[D_z]": null,
            "E[mis_z]": null
        }
    ],
    "alpha": 0.0,
    "execution_time": 353.14845752716064
}