{
    "output_file": "/scratch/40841111/tmpkx9496j9",
    "model": "C",
    "likelihood": -102.2749,
    "criteria": 8e-05,
    "params_mle": {
        "eps": 4.50473e-06,
        "eps_cont": 0,
        "lambda": 0,
        "theta_bar": 0.0008669493,
        "a": -1,
        "S_d": -13.82239,
        "b": 0.2237642,
        "p_b": 0.01028862,
        "S_b": 0.09523657,
        "r": [
            0.6336494,
            0.6108719,
            0.7109638,
            0.6763524,
            0.8028472,
            0.6973306,
            0.6759073,
            0.8151451,
            0.649979,
            0.6214977,
            0.5595994,
            0.9354838,
            1.252124
        ]
    },
    "n": 15,
    "expec": [
        {
            "E[P_z(1)]": 0.0008669457,
            "E[P_z(2)]": 0.00027467,
            "E[P_z(3)]": 0.000176531,
            "E[P_z(4)]": 0.0001540919,
            "E[P_z(5)]": 0.0001172724,
            "E[P_z(6)]": 0.0001160045,
            "E[P_z(7)]": 8.63643e-05,
            "E[P_z(8)]": 7.32472e-05,
            "E[P_z(9)]": 7.85212e-05,
            "E[P_z(10)]": 5.63502e-05,
            "E[P_z(11)]": 4.89829e-05,
            "E[P_z(12)]": 4.04293e-05,
            "E[P_z(13)]": 6.23869e-05,
            "E[P_z(14)]": 7.75413e-05,
            "E[D_z]": null,
            "E[mis_z]": null
        },
        {
            "E[P_z(1)]": 0.0006663544,
            "E[P_z(2)]": 0.0001846155,
            "E[P_z(3)]": 0.0001093235,
            "E[P_z(4)]": 9.01476e-05,
            "E[P_z(5)]": 6.57172e-05,
            "E[P_z(6)]": 6.28077e-05,
            "E[P_z(7)]": 4.54414e-05,
            "E[P_z(8)]": 3.76088e-05,
            "E[P_z(9)]": 3.94657e-05,
            "E[P_z(10)]": 2.77912e-05,
            "E[P_z(11)]": 2.37503e-05,
            "E[P_z(12)]": 1.93024e-05,
            "E[P_z(13)]": 2.93671e-05,
            "E[P_z(14)]": 3.60277e-05,
            "E[D_z]": null,
            "E[mis_z]": null
        }
    ],
    "alpha": 0.024850327684939773,
    "execution_time": 217.1201183795929
}