{
    "py/object": "fastdfe.polydfe.PolyDFE",
    "logger": {
        "py/reduce": [
            {
                "py/function": "logging.getLogger"
            },
            {
                "py/tuple": [
                    "fastdfe.PolyDFE"
                ]
            }
        ]
    },
    "bootstraps": null,
    "config": {
        "py/object": "fastdfe.config.Config",
        "data": {
            "model": "GammaExpParametrization",
            "intervals_del": {
                "py/tuple": [
                    -100000000.0,
                    -1e-05,
                    1000
                ]
            },
            "intervals_ben": {
                "py/tuple": [
                    1e-05,
                    10000.0,
                    1000
                ]
            },
            "integration_mode": "midpoint",
            "linearized": true,
            "seed": 0,
            "opts_mle": {},
            "n_runs": 10,
            "x0": {
                "all": {
                    "S_b": 0.05328228,
                    "S_d": -33.44406,
                    "a": -1,
                    "b": 0.1398527,
                    "eps": 4.50451e-06,
                    "eps_cont": 0,
                    "lambda": 0,
                    "p_b": 0.005009714,
                    "r": [
                        0.5834314,
                        0.499803,
                        0.5581096,
                        0.5076067,
                        0.557493,
                        0.6522272,
                        0.6050956,
                        0.5227928,
                        0.5765882,
                        0.4982845,
                        0.5150672,
                        0.5206269,
                        0.482151,
                        0.5460091,
                        0.5199818,
                        0.523935,
                        0.5814646,
                        0.6159988,
                        0.7697745,
                        0.7047025,
                        0.6593795,
                        0.914738,
                        1.558127
                    ],
                    "theta_bar": 0.0008647194
                }
            },
            "bounds": {},
            "scales": {},
            "fixed_params": {},
            "shared_params": [],
            "covariates": [],
            "sfs_neut": {
                "py/object": "fastdfe.spectrum.Spectra",
                "data": {
                    "all": [
                        1039356.17546773,
                        916.0,
                        244.0,
                        140.0,
                        126.0,
                        86.0,
                        109.0,
                        76.0,
                        65.0,
                        63.0,
                        59.0,
                        42.0,
                        43.0,
                        31.0,
                        37.0,
                        37.0,
                        32.0,
                        25.0,
                        30.0,
                        39.0,
                        40.0,
                        31.0,
                        21.0,
                        38.0,
                        40.0,
                        0.0
                    ]
                }
            },
            "sfs_sel": {
                "py/object": "fastdfe.spectrum.Spectra",
                "data": {
                    "all": [
                        2843579.82453227,
                        1902.0,
                        514.0,
                        299.0,
                        196.0,
                        140.0,
                        109.0,
                        152.0,
                        122.0,
                        86.0,
                        73.0,
                        54.0,
                        57.0,
                        49.0,
                        43.0,
                        46.0,
                        42.0,
                        26.0,
                        37.0,
                        39.0,
                        44.0,
                        45.0,
                        34.0,
                        53.0,
                        91.0,
                        0.0
                    ]
                }
            },
            "do_bootstrap": false,
            "n_bootstraps": 10,
            "parallelize": false,
            "loss_type": "likelihood"
        }
    },
    "output_file": null,
    "execution_time": 270.0551288127899,
    "summary": {
        "py/object": "fastdfe.polydfe.PolyDFEResult",
        "output_file": "results/polydfe/hgdp/inference/1/opts.n.25.config.default/bootstraps/99/all.polydfe.txt",
        "postprocessing_source": "../resources/polydfe/postprocessing/script.R",
        "data": {
            "output_file": "/scratch/40841215/tmpmli7skt5",
            "model": "C",
            "likelihood": -165.8202,
            "criteria": 9e-05,
            "params_mle": {
                "eps": 4.50861e-06,
                "eps_cont": 0,
                "lambda": 0,
                "theta_bar": 0.0008628229,
                "a": -1,
                "S_d": -24.44974,
                "b": 0.1714829,
                "p_b": 0.005014681,
                "S_b": 0.05334506,
                "r": [
                    0.5812741,
                    0.5278255,
                    0.531782,
                    0.4769212,
                    0.5616791,
                    0.6951325,
                    0.6594314,
                    0.5972576,
                    0.5932755,
                    0.4784889,
                    0.547727,
                    0.4778543,
                    0.5177768,
                    0.5788127,
                    0.5533356,
                    0.4071573,
                    0.5689889,
                    0.7021926,
                    0.7992494,
                    0.762208,
                    0.579969,
                    1.006702,
                    1.517145
                ]
            },
            "n": 25,
            "expec": [
                {
                    "E[P_z(1)]": 0.0008628193,
                    "E[P_z(2)]": 0.0002507673,
                    "E[P_z(3)]": 0.0001518061,
                    "E[P_z(4)]": 0.0001147081,
                    "E[P_z(5)]": 8.22995e-05,
                    "E[P_z(6)]": 8.07714e-05,
                    "E[P_z(7)]": 8.56821e-05,
                    "E[P_z(8)]": 7.11213e-05,
                    "E[P_z(9)]": 5.72585e-05,
                    "E[P_z(10)]": 5.11891e-05,
                    "E[P_z(11)]": 3.75319e-05,
                    "E[P_z(12)]": 3.93826e-05,
                    "E[P_z(13)]": 3.17157e-05,
                    "E[P_z(14)]": 3.19107e-05,
                    "E[P_z(15)]": 3.32943e-05,
                    "E[P_z(16)]": 2.98395e-05,
                    "E[P_z(17)]": 2.06652e-05,
                    "E[P_z(18)]": 2.72745e-05,
                    "E[P_z(19)]": 3.1888e-05,
                    "E[P_z(20)]": 3.44807e-05,
                    "E[P_z(21)]": 3.13171e-05,
                    "E[P_z(22)]": 2.27465e-05,
                    "E[P_z(23)]": 3.77664e-05,
                    "E[P_z(24)]": 5.45465e-05,
                    "E[D_z]": null,
                    "E[mis_z]": null
                },
                {
                    "E[P_z(1)]": 0.0006739061,
                    "E[P_z(2)]": 0.0001744388,
                    "E[P_z(3)]": 9.86218e-05,
                    "E[P_z(4)]": 7.11091e-05,
                    "E[P_z(5)]": 4.92542e-05,
                    "E[P_z(6)]": 4.70043e-05,
                    "E[P_z(7)]": 4.87185e-05,
                    "E[P_z(8)]": 3.96479e-05,
                    "E[P_z(9)]": 3.13754e-05,
                    "E[P_z(10)]": 2.76259e-05,
                    "E[P_z(11)]": 1.99808e-05,
                    "E[P_z(12)]": 2.07084e-05,
                    "E[P_z(13)]": 1.64893e-05,