{
    "output_file": "/scratch/40841215/tmpmli7skt5",
    "model": "C",
    "likelihood": -165.8202,
    "criteria": 9e-05,
    "params_mle": {
        "eps": 4.50861e-06,
        "eps_cont": 0,
        "lambda": 0,
        "theta_bar": 0.0008628229,
        "a": -1,
        "S_d": -24.44974,
        "b": 0.1714829,
        "p_b": 0.005014681,
        "S_b": 0.05334506,
        "r": [
            0.5812741,
            0.5278255,
            0.531782,
            0.4769212,
            0.5616791,
            0.6951325,
            0.6594314,
            0.5972576,
            0.5932755,
            0.4784889,
            0.547727,
            0.4778543,
            0.5177768,
            0.5788127,
            0.5533356,
            0.4071573,
            0.5689889,
            0.7021926,
            0.7992494,
            0.762208,
            0.579969,
            1.006702,
            1.517145
        ]
    },
    "n": 25,
    "expec": [
        {
            "E[P_z(1)]": 0.0008628193,
            "E[P_z(2)]": 0.0002507673,
            "E[P_z(3)]": 0.0001518061,
            "E[P_z(4)]": 0.0001147081,
            "E[P_z(5)]": 8.22995e-05,
            "E[P_z(6)]": 8.07714e-05,
            "E[P_z(7)]": 8.56821e-05,
            "E[P_z(8)]": 7.11213e-05,
            "E[P_z(9)]": 5.72585e-05,
            "E[P_z(10)]": 5.11891e-05,
            "E[P_z(11)]": 3.75319e-05,
            "E[P_z(12)]": 3.93826e-05,
            "E[P_z(13)]": 3.17157e-05,
            "E[P_z(14)]": 3.19107e-05,
            "E[P_z(15)]": 3.32943e-05,
            "E[P_z(16)]": 2.98395e-05,
            "E[P_z(17)]": 2.06652e-05,
            "E[P_z(18)]": 2.72745e-05,
            "E[P_z(19)]": 3.1888e-05,
            "E[P_z(20)]": 3.44807e-05,
            "E[P_z(21)]": 3.13171e-05,
            "E[P_z(22)]": 2.27465e-05,
            "E[P_z(23)]": 3.77664e-05,
            "E[P_z(24)]": 5.45465e-05,
            "E[D_z]": null,
            "E[mis_z]": null
        },
        {
            "E[P_z(1)]": 0.0006739061,
            "E[P_z(2)]": 0.0001744388,
            "E[P_z(3)]": 9.86218e-05,
            "E[P_z(4)]": 7.11091e-05,
            "E[P_z(5)]": 4.92542e-05,
            "E[P_z(6)]": 4.70043e-05,
            "E[P_z(7)]": 4.87185e-05,
            "E[P_z(8)]": 3.96479e-05,
            "E[P_z(9)]": 3.13754e-05,
            "E[P_z(10)]": 2.76259e-05,
            "E[P_z(11)]": 1.99808e-05,
            "E[P_z(12)]": 2.07084e-05,
            "E[P_z(13)]": 1.64893e-05,
            "E[P_z(14)]": 1.64188e-05,
            "E[P_z(15)]": 1.69661e-05,
            "E[P_z(16)]": 1.50695e-05,
            "E[P_z(17)]": 1.03487e-05,
            "E[P_z(18)]": 1.35507e-05,
            "E[P_z(19)]": 1.57247e-05,
            "E[P_z(20)]": 1.68832e-05,
            "E[P_z(21)]": 1.52313e-05,
            "E[P_z(22)]": 1.09923e-05,
            "E[P_z(23)]": 1.81394e-05,
            "E[P_z(24)]": 2.60467e-05,
            "E[D_z]": null,
            "E[mis_z]": null
        }
    ],
    "alpha": 0.011965297631090738,
    "execution_time": 270.0551288127899
}