{
    "output_file": "/scratch/40841697/tmpemtlte4c",
    "model": "C",
    "likelihood": -199.3212,
    "criteria": 9e-05,
    "params_mle": {
        "eps": 4.50467e-06,
        "eps_cont": 0,
        "lambda": 0,
        "theta_bar": 0.0009306645,
        "a": -1,
        "S_d": -54.10514,
        "b": 0.1101419,
        "p_b": 0.009179044,
        "S_b": 0.1083138,
        "r": [
            0.5835635,
            0.4798241,
            0.4967907,
            0.5312635,
            0.4497407,
            0.5110599,
            0.511779,
            0.5763322,
            0.4608008,
            0.4449067,
            0.6014411,
            0.5102134,
            0.5015941,
            0.5514817,
            0.3593413,
            0.4241234,
            0.4868126,
            0.4922759,
            0.5845788,
            0.4188302,
            0.5296463,
            0.460961,
            0.7477464,
            0.5032717,
            0.7920798,
            0.8019137,
            0.9142435,
            1.536921
        ]
    },
    "n": 30,
    "expec": [
        {
            "E[P_z(1)]": 0.0009306606,
            "E[P_z(2)]": 0.0002715498,
            "E[P_z(3)]": 0.0001488512,
            "E[P_z(4)]": 0.000115586,
            "E[P_z(5)]": 9.88853e-05,
            "E[P_z(6)]": 6.97594e-05,
            "E[P_z(7)]": 6.79462e-05,
            "E[P_z(8)]": 5.95367e-05,
            "E[P_z(9)]": 5.95967e-05,
            "E[P_z(10)]": 4.2885e-05,
            "E[P_z(11)]": 3.76417e-05,
            "E[P_z(12)]": 4.66449e-05,
            "E[P_z(13)]": 3.65259e-05,
            "E[P_z(14)]": 3.33439e-05,
            "E[P_z(15)]": 3.42163e-05,
            "E[P_z(16)]": 2.09017e-05,
            "E[P_z(17)]": 2.32187e-05,
            "E[P_z(18)]": 2.51701e-05,
            "E[P_z(19)]": 2.41129e-05,
            "E[P_z(20)]": 2.72024e-05,
            "E[P_z(21)]": 1.85616e-05,
            "E[P_z(22)]": 2.24058e-05,
            "E[P_z(23)]": 1.86524e-05,
            "E[P_z(24)]": 2.89961e-05,
            "E[P_z(25)]": 1.87354e-05,
            "E[P_z(26)]": 2.83527e-05,
            "E[P_z(27)]": 2.76418e-05,
            "E[P_z(28)]": 3.03887e-05,
            "E[P_z(29)]": 4.93267e-05,
            "E[D_z]": null,
            "E[mis_z]": null
        },
        {
            "E[P_z(1)]": 0.0007254131,
            "E[P_z(2)]": 0.0001935664,
            "E[P_z(3)]": 0.0001011359,
            "E[P_z(4)]": 7.60782e-05,
            "E[P_z(5)]": 6.35739e-05,
            "E[P_z(6)]": 4.40241e-05,
            "E[P_z(7)]": 4.22291e-05,
            "E[P_z(8)]": 3.65252e-05,
            "E[P_z(9)]": 3.61524e-05,
            "E[P_z(10)]": 2.57573e-05,
            "E[P_z(11)]": 2.24077e-05,
            "E[P_z(12)]": 2.75446e-05,
            "E[P_z(13)]": 2.14112e-05,
            "E[P_z(14)]": 1.94142e-05,
            "E[P_z(15)]": 1.97977e-05,
            "E[P_z(16)]": 1.20235e-05,
            "E[P_z(17)]": 1.32837e-05,
            "E[P_z(18)]": 1.43266e-05,
            "E[P_z(19)]": 1.36587e-05,
            "E[P_z(20)]": 1.53385e-05,
            "E[P_z(21)]": 1.0421e-05,
            "E[P_z(22)]": 1.25274e-05,
            "E[P_z(23)]": 1.03879e-05,
            "E[P_z(24)]": 1.60878e-05,
            "E[P_z(25)]": 1.03576e-05,
            "E[P_z(26)]": 1.56202e-05,
            "E[P_z(27)]": 1.5178e-05,
            "E[P_z(28)]": 1.66331e-05,
            "E[P_z(29)]": 2.69161e-05,
            "E[D_z]": null,
            "E[mis_z]": null
        }
    ],
    "alpha": 0.0191032522161754,
    "execution_time": 543.4924387931824
}