{
    "py/object": "fastdfe.polydfe.PolyDFE",
    "logger": {
        "py/reduce": [
            {
                "py/function": "logging.getLogger"
            },
            {
                "py/tuple": [
                    "fastdfe.PolyDFE"
                ]
            }
        ]
    },
    "bootstraps": null,
    "config": {
        "py/object": "fastdfe.config.Config",
        "data": {
            "model": "GammaExpParametrization",
            "intervals_del": {
                "py/tuple": [
                    -100000000.0,
                    -1e-05,
                    1000
                ]
            },
            "intervals_ben": {
                "py/tuple": [
                    1e-05,
                    10000.0,
                    1000
                ]
            },
            "integration_mode": "midpoint",
            "linearized": true,
            "seed": 0,
            "opts_mle": {},
            "n_runs": 10,
            "x0": {
                "all": {
                    "S_b": 0.1083917,
                    "S_d": -45.46375,
                    "a": -1,
                    "b": 0.1287808,
                    "eps": 4.50268e-06,
                    "eps_cont": 0,
                    "lambda": 0,
                    "p_b": 0.009184894,
                    "r": [
                        0.5642878,
                        0.496756,
                        0.4953868,
                        0.4840476,
                        0.4906511,
                        0.4906073,
                        0.5437098,
                        0.5553355,
                        0.5124802,
                        0.5092361,
                        0.6175192,
                        0.5977393,
                        0.4504409,
                        0.522028,
                        0.3860458,
                        0.4756257,
                        0.5506624,
                        0.3834732,
                        0.531485,
                        0.4975372,
                        0.5880576,
                        0.5381713,
                        0.7063446,
                        0.5665509,
                        0.6574706,
                        0.6611074,
                        0.9643355,
                        1.73894
                    ],
                    "theta_bar": 0.0009259123
                }
            },
            "bounds": {},
            "scales": {},
            "fixed_params": {},
            "shared_params": [],
            "covariates": [],
            "sfs_neut": {
                "py/object": "fastdfe.spectrum.Spectra",
                "data": {
                    "all": [
                        1037535.3337252,
                        961.0,
                        309.0,
                        153.0,
                        103.0,
                        107.0,
                        67.0,
                        76.0,
                        46.0,
                        52.0,
                        33.0,
                        42.0,
                        51.0,
                        48.0,
                        37.0,
                        37.0,
                        29.0,
                        32.0,
                        29.0,
                        28.0,
                        34.0,
                        13.0,
                        17.0,
                        21.0,
                        30.0,
                        25.0,
                        32.0,
                        33.0,
                        29.0,
                        40.0,
                        0.0
                    ]
                }
            },
            "sfs_sel": {
                "py/object": "fastdfe.spectrum.Spectra",
                "data": {
                    "all": [
                        2844785.6662748,
                        2074.0,
                        525.0,
                        290.0,
                        234.0,
                        177.0,
                        131.0,
                        115.0,
                        120.0,
                        113.0,
                        85.0,
                        61.0,
                        76.0,
                        51.0,
                        53.0,
                        55.0,
                        27.0,
                        30.0,
                        38.0,
                        36.0,
                        38.0,
                        36.0,
                        42.0,
                        28.0,
                        46.0,
                        24.0,
                        42.0,
                        39.0,
                        50.0,
                        88.0,
                        0.0
                    ]
                }
            },
            "do_bootstrap": false,
            "n_bootstraps": 10,
            "parallelize": false,
            "loss_type": "likelihood"
        }
    },
    "output_file": null,
    "execution_time": 543.4924387931824,
    "summary": {
        "py/object": "fastdfe.polydfe.PolyDFEResult",
        "output_file": "results/polydfe/hgdp/inference/1/opts.n.30.config.default/bootstraps/31/all.polydfe.txt",
        "postprocessing_source": "../resources/polydfe/postprocessing/script.R",
        "data": {
            "output_file": "/scratch/40841697/tmpemtlte4c",
            "model": "C",
            "likelihood": -199.3212,
            "criteria": 9e-05,
            "params_mle": {
                "eps": 4.50467e-06,
                "eps_cont": 0,
                "lambda": 0,
                "theta_bar": 0.0009306645,
                "a": -1,
                "S_d": -54.10514,
                "b": 0.1101419,
                "p_b": 0.009179044,
                "S_b": 0.1083138,
                "r": [
                    0.5835635,
                    0.4798241,
                    0.4967907,
                    0.5312635,
                    0.4497407,
                    0.5110599,
                    0.511779,
                    0.5763322,
                    0.4608008,
                    0.4449067,
                    0.6014411,
                    0.5102134,
                    0.5015941,
                    0.5514817,
                    0.3593413,
                    0.4241234,
                    0.4868126,
                    0.4922759,
                    0.5845788,
                    0.4188302,
                    0.5296463,
                    0.460961,
                    0.7477464,
                    0.5032717,
                    0.7920798,
                    0.8019137,
                    0.9142435,
                    1.536921
                ]
            },
            "n": 30,
            "expec": [
                {
                    "E[P_z(1)]": 0.0009306606,
                    "E[P_z(2)]": 0.0002715498,
                    "E[P_z(3)]": 0.0001488512,
                    "E[P_z(4)]": 0.000115586,
                    "E[P_z(5)]": 9.88853e-05,
                    "E[P_z(6)]": 6.97594e-05,
                    "E[P_z(7)]": 6.79462e-05,
                    "E[P_z(8)]": 5.95367e-05,
                    "E[P_z(9)]": 5.95967e-05,
                    "E[P_z(10)]": 4.2885e-05,
                    "E[P_z(11)]": 3.76417e-05,
                    "E[P_z(12)]": 4.66449e-05,
                    "E[P_z(13)]": 3.65259e-05,
                    "E[P_z(14)]": 3.33439e-05,
                    "E[P_z(15)]": 3.42163e-05,
                    "E[P_z(16)]": 2.09017e-05,
                    "E[P_z(17)]": 2.32187e-05,
                    "E[P_z(18)]": 2.51701e-05,
                    "E[P_z(19)]": 2.41129e-05,
                    "E[P_z(20)]": 2.72024e-05,
                    "E[P_z(21)]": 1.85616e-05,
                    "E[P_z(22)]": 2.24058e-05,
                    "E[P_z(23)]": 1.86524e-05,
                    "E[P_z(24)]": 2.89961e-05,
                    "E[P_z(25)]": 1.87354e-05,