{
    "output_file": "/scratch/38996031/tmpbxor60p5",
    "model": "C",
    "likelihood": -265.8917,
    "criteria": 7e-05,
    "params_mle": {
        "eps": 0,
        "eps_cont": 0,
        "lambda": 0,
        "theta_bar": 0.00316216,
        "a": -1,
        "S_d": -107.6266,
        "b": 0.3343871,
        "p_b": 0,
        "S_b": 1,
        "r": [
            0.9791063,
            0.9362864,
            0.9708353,
            0.938267,
            0.8484799,
            0.911215,
            0.8840473,
            0.9088745,
            1.06244,
            0.8637484,
            0.9935556,
            0.9693726,
            0.9623724,
            1.020178,
            1.179397,
            1.191289,
            1.330996,
            1.686001
        ]
    },
    "n": 20,
    "expec": [
        {
            "E[P_z(1)]": 0.00316216,
            "E[P_z(2)]": 0.001548045,
            "E[P_z(3)]": 0.0009868957,
            "E[P_z(4)]": 0.0007674841,
            "E[P_z(5)]": 0.00059339,
            "E[P_z(6)]": 0.0004471715,
            "E[P_z(7)]": 0.0004116296,
            "E[P_z(8)]": 0.0003494373,
            "E[P_z(9)]": 0.000319334,
            "E[P_z(10)]": 0.0003359604,
            "E[P_z(11)]": 0.000248301,
            "E[P_z(12)]": 0.0002618151,
            "E[P_z(13)]": 0.0002357931,
            "E[P_z(14)]": 0.0002173697,
            "E[P_z(15)]": 0.0002150644,
            "E[P_z(16)]": 0.0002330901,
            "E[P_z(17)]": 0.000221591,
            "E[P_z(18)]": 0.0002338235,
            "E[P_z(19)]": 0.0002806002,
            "E[D_z]": null,
            "E[mis_z]": null
        },
        {
            "E[P_z(1)]": 0.001533948,
            "E[P_z(2)]": 0.0005629843,
            "E[P_z(3)]": 0.0003080349,
            "E[P_z(4)]": 0.0002168382,
            "E[P_z(5)]": 0.0001558702,
            "E[P_z(6)]": 0.0001109432,
            "E[P_z(7)]": 9.74561e-05,
            "E[P_z(8)]": 7.95207e-05,
            "E[P_z(9)]": 7.02218e-05,
            "E[P_z(10)]": 7.16798e-05,
            "E[P_z(11)]": 5.1566e-05,
            "E[P_z(12)]": 5.30617e-05,
            "E[P_z(13)]": 4.67354e-05,
            "E[P_z(14)]": 4.22104e-05,
            "E[P_z(15)]": 4.09783e-05,
            "E[P_z(16)]": 4.36356e-05,
            "E[P_z(17)]": 4.08032e-05,
            "E[P_z(18)]": 4.23922e-05,
            "E[P_z(19)]": 5.01329e-05,
            "E[D_z]": null,
            "E[mis_z]": null
        }
    ],
    "alpha": 0.0,
    "execution_time": 124.03618931770325
}