{
    "output_file": "/scratch/40841283/tmpsj5phut3",
    "model": "C",
    "likelihood": -160.3338,
    "criteria": 0.00121,
    "params_mle": {
        "eps": 4.50634e-06,
        "eps_cont": 0,
        "lambda": 0,
        "theta_bar": 0.0008491876,
        "a": -1,
        "S_d": -17.34703,
        "b": 0.1889596,
        "p_b": 0.005012457,
        "S_b": 0.0532993,
        "r": [
            0.6035402,
            0.504463,
            0.5936898,
            0.5256104,
            0.5368589,
            0.6482733,
            0.5984296,
            0.5196624,
            0.5108832,
            0.476682,
            0.446933,
            0.5840226,
            0.5875097,
            0.3871611,
            0.65682,
            0.5484898,
            0.6693405,
            0.6190715,
            0.846849,
            0.5379059,
            0.7152198,
            1.086455,
            1.818298
        ]
    },
    "n": 25,
    "expec": [
        {
            "E[P_z(1)]": 0.000849184,
            "E[P_z(2)]": 0.0002562584,
            "E[P_z(3)]": 0.0001427941,
            "E[P_z(4)]": 0.000126038,
            "E[P_z(5)]": 8.92681e-05,
            "E[P_z(6)]": 7.59821e-05,
            "E[P_z(7)]": 7.86435e-05,
            "E[P_z(8)]": 6.35222e-05,
            "E[P_z(9)]": 4.90322e-05,
            "E[P_z(10)]": 4.33835e-05,
            "E[P_z(11)]": 3.67993e-05,
            "E[P_z(12)]": 3.16275e-05,
            "E[P_z(13)]": 3.81496e-05,
            "E[P_z(14)]": 3.56361e-05,
            "E[P_z(15)]": 2.19183e-05,
            "E[P_z(16)]": 3.48603e-05,
            "E[P_z(17)]": 2.73984e-05,
            "E[P_z(18)]": 3.15777e-05,
            "E[P_z(19)]": 2.7669e-05,
            "E[P_z(20)]": 3.59569e-05,
            "E[P_z(21)]": 2.1752e-05,
            "E[P_z(22)]": 2.76076e-05,
            "E[P_z(23)]": 4.01142e-05,
            "E[P_z(24)]": 6.434e-05,
            "E[D_z]": null,
            "E[mis_z]": null
        },
        {
            "E[P_z(1)]": 0.0006830655,
            "E[P_z(2)]": 0.0001840533,
            "E[P_z(3)]": 9.55927e-05,
            "E[P_z(4)]": 8.03094e-05,
            "E[P_z(5)]": 5.4784e-05,
            "E[P_z(6)]": 4.52477e-05,
            "E[P_z(7)]": 4.56746e-05,
            "E[P_z(8)]": 3.61115e-05,
            "E[P_z(9)]": 2.73589e-05,
            "E[P_z(10)]": 2.381e-05,
            "E[P_z(11)]": 1.98989e-05,
            "E[P_z(12)]": 1.68736e-05,
            "E[P_z(13)]": 2.01038e-05,
            "E[P_z(14)]": 1.85673e-05,
            "E[P_z(15)]": 1.13003e-05,
            "E[P_z(16)]": 1.77971e-05,
            "E[P_z(17)]": 1.38596e-05,
            "E[P_z(18)]": 1.5836e-05,
            "E[P_z(19)]": 1.37629e-05,
            "E[P_z(20)]": 1.77474e-05,
            "E[P_z(21)]": 1.06576e-05,
            "E[P_z(22)]": 1.34321e-05,
            "E[P_z(23)]": 1.9387e-05,
            "E[P_z(24)]": 3.08975e-05,
            "E[D_z]": null,
            "E[mis_z]": null
        }
    ],
    "alpha": 0.011900272720779082,
    "execution_time": 265.59940671920776
}