{
    "py/object": "fastdfe.polydfe.PolyDFE",
    "logger": {
        "py/reduce": [
            {
                "py/function": "logging.getLogger"
            },
            {
                "py/tuple": [
                    "fastdfe.PolyDFE"
                ]
            }
        ]
    },
    "bootstraps": null,
    "config": {
        "py/object": "fastdfe.config.Config",
        "data": {
            "model": "GammaExpParametrization",
            "intervals_del": {
                "py/tuple": [
                    -100000000.0,
                    -1e-05,
                    1000
                ]
            },
            "intervals_ben": {
                "py/tuple": [
                    1e-05,
                    10000.0,
                    1000
                ]
            },
            "integration_mode": "midpoint",
            "linearized": true,
            "seed": 0,
            "opts_mle": {},
            "n_runs": 10,
            "x0": {
                "all": {
                    "S_b": 0.05627203,
                    "S_d": -26.88451,
                    "a": -1,
                    "b": 0.1464485,
                    "eps": 4.50288e-06,
                    "eps_cont": 0,
                    "lambda": 0,
                    "p_b": 0.004419742,
                    "r": [
                        0.4932568,
                        0.4490162,
                        0.411058,
                        0.4293708,
                        0.4059378,
                        0.3950674,
                        0.4836194,
                        0.4412304,
                        0.4459431,
                        0.5171633,
                        0.4880109,
                        0.499798,
                        0.5114526,
                        0.4705895,
                        0.3840001,
                        0.3914661,
                        0.4942643,
                        0.4410675,
                        0.4295933,
                        0.3836019,
                        0.3386893,
                        0.4566943,
                        0.4425798,
                        0.4623484,
                        0.424307,
                        0.4116725,
                        0.4906384,
                        0.4335386,
                        0.4045893,
                        0.5819833,
                        0.4816641,
                        0.5724359,
                        0.5396078,
                        0.5300813,
                        0.62822,
                        0.8578236,
                        0.810246,
                        2.052769
                    ],
                    "theta_bar": 0.001050261
                }
            },
            "bounds": {},
            "scales": {},
            "fixed_params": {},
            "shared_params": [],
            "covariates": [],
            "sfs_neut": {
                "py/object": "fastdfe.spectrum.Spectra",
                "data": {
                    "all": [
                        1037910.33330917,
                        1102.0,
                        283.0,
                        162.0,
                        119.0,
                        86.0,
                        82.0,
                        60.0,
                        62.0,
                        43.0,
                        50.0,
                        57.0,
                        57.0,
                        42.0,
                        38.0,
                        25.0,
                        34.0,
                        27.0,
                        26.0,
                        34.0,
                        18.0,
                        19.0,
                        12.0,
                        24.0,
                        15.0,
                        20.0,
                        17.0,
                        12.0,
                        23.0,
                        14.0,
                        21.0,
                        22.0,
                        19.0,
                        22.0,
                        16.0,
                        12.0,
                        17.0,
                        26.0,
                        19.0,
                        58.0,
                        0.0
                    ]
                }
            },
            "sfs_sel": {
                "py/object": "fastdfe.spectrum.Spectra",
                "data": {
                    "all": [
                        2843486.66669083,
                        2507.0,
                        526.0,
                        306.0,
                        205.0,
                        170.0,
                        124.0,
                        97.0,
                        103.0,
                        98.0,
                        79.0,
                        86.0,
                        58.0,
                        65.0,
                        62.0,
                        60.0,
                        27.0,
                        30.0,
                        48.0,
                        51.0,
                        35.0,
                        31.0,
                        33.0,
                        35.0,
                        31.0,
                        22.0,
                        28.0,
                        26.0,
                        44.0,
                        24.0,
                        20.0,
                        37.0,
                        19.0,
                        25.0,
                        19.0,
                        39.0,
                        19.0,
                        46.0,
                        44.0,
                        88.0,
                        0.0
                    ]
                }
            },
            "do_bootstrap": false,
            "n_bootstraps": 10,
            "parallelize": false,
            "loss_type": "likelihood"
        }
    },
    "output_file": null,
    "execution_time": 1956.9969563484192,
    "summary": {
        "py/object": "fastdfe.polydfe.PolyDFEResult",
        "output_file": "results/polydfe/hgdp/inference/1/opts.n.40.config.default/bootstraps/3/all.polydfe.txt",
        "postprocessing_source": "../resources/polydfe/postprocessing/script.R",
        "data": {
            "output_file": "/scratch/40841767/tmp3foqcrms",
            "model": "C",
            "likelihood": -244.845,
            "criteria": 0.00013,
            "params_mle": {
                "eps": 4.50413e-06,
                "eps_cont": 0,
                "lambda": 0,
                "theta_bar": 0.001083386,
                "a": -1,
                "S_d": -44.563,
                "b": 0.1180867,
                "p_b": 0.004452898,
                "S_b": 0.05645012,
                "r": [
                    0.4764287,
                    0.4275064,
                    0.4035131,
                    0.405142,
                    0.3963113,
                    0.3561453,
                    0.4316218,
                    0.4181781,
                    0.4280055,
                    0.5250877,
                    0.4631981,
                    0.4692246,
                    0.4744182,
                    0.4338966,
                    0.3334457,
                    0.3322662,
                    0.4583145,
                    0.5574662,
                    0.36701,
                    0.3645943,
                    0.3447012,
                    0.4737179,
                    0.3863544,
                    0.3683278,
                    0.4113576,
                    0.3615141,
                    0.6624118,
                    0.3898934,
                    0.4360324,
                    0.6495988,
                    0.4326606,
                    0.5528323,
                    0.4248748,
                    0.6383703,
                    0.4642218,
                    0.955738,
                    0.8601447,
                    2.048717
                ]
            },