{
    "output_file": "/scratch/40841767/tmp3foqcrms",
    "model": "C",
    "likelihood": -244.845,
    "criteria": 0.00013,
    "params_mle": {
        "eps": 4.50413e-06,
        "eps_cont": 0,
        "lambda": 0,
        "theta_bar": 0.001083386,
        "a": -1,
        "S_d": -44.563,
        "b": 0.1180867,
        "p_b": 0.004452898,
        "S_b": 0.05645012,
        "r": [
            0.4764287,
            0.4275064,
            0.4035131,
            0.405142,
            0.3963113,
            0.3561453,
            0.4316218,
            0.4181781,
            0.4280055,
            0.5250877,
            0.4631981,
            0.4692246,
            0.4744182,
            0.4338966,
            0.3334457,
            0.3322662,
            0.4583145,
            0.5574662,
            0.36701,
            0.3645943,
            0.3447012,
            0.4737179,
            0.3863544,
            0.3683278,
            0.4113576,
            0.3615141,
            0.6624118,
            0.3898934,
            0.4360324,
            0.6495988,
            0.4326606,
            0.5528323,
            0.4248748,
            0.6383703,
            0.4642218,
            0.955738,
            0.8601447,
            2.048717
        ]
    },
    "n": 40,
    "expec": [
        {
            "E[P_z(1)]": 0.001083381,
            "E[P_z(2)]": 0.000258077,
            "E[P_z(3)]": 0.0001543842,
            "E[P_z(4)]": 0.0001092897,
            "E[P_z(5)]": 8.77847e-05,
            "E[P_z(6)]": 7.15594e-05,
            "E[P_z(7)]": 5.51202e-05,
            "E[P_z(8)]": 5.84514e-05,
            "E[P_z(9)]": 5.03386e-05,
            "E[P_z(10)]": 4.63694e-05,
            "E[P_z(11)]": 5.17155e-05,
            "E[P_z(12)]": 4.18184e-05,
            "E[P_z(13)]": 3.91038e-05,
            "E[P_z(14)]": 3.67126e-05,
            "E[P_z(15)]": 3.13384e-05,
            "E[P_z(16)]": 2.25781e-05,
            "E[P_z(17)]": 2.11749e-05,
            "E[P_z(18)]": 2.7585e-05,
            "E[P_z(19)]": 3.17868e-05,
            "E[P_z(20)]": 1.98807e-05,
            "E[P_z(21)]": 1.88094e-05,
            "E[P_z(22)]": 1.69748e-05,
            "E[P_z(23)]": 2.23139e-05,
            "E[P_z(24)]": 1.74405e-05,
            "E[P_z(25)]": 1.59617e-05,
            "E[P_z(26)]": 1.71408e-05,
            "E[P_z(27)]": 1.4506e-05,
            "E[P_z(28)]": 2.56303e-05,
            "E[P_z(29)]": 1.45659e-05,
            "E[P_z(30)]": 1.57465e-05,
            "E[P_z(31)]": 2.27023e-05,
            "E[P_z(32)]": 1.46483e-05,
            "E[P_z(33)]": 1.81496e-05,
            "E[P_z(34)]": 1.35386e-05,
            "E[P_z(35)]": 1.97603e-05,
            "E[P_z(36)]": 1.39707e-05,
            "E[P_z(37)]": 2.79852e-05,
            "E[P_z(38)]": 2.45239e-05,
            "E[P_z(39)]": 5.69162e-05,
            "E[D_z]": null,
            "E[mis_z]": null
        },
        {
            "E[P_z(1)]": 0.0008710667,
            "E[P_z(2)]": 0.0001896939,
            "E[P_z(3)]": 0.0001078794,
            "E[P_z(4)]": 7.38058e-05,
            "E[P_z(5)]": 5.77924e-05,
            "E[P_z(6)]": 4.61686e-05,
            "E[P_z(7)]": 3.4974e-05,
            "E[P_z(8)]": 3.65653e-05,
            "E[P_z(9)]": 3.11045e-05,
            "E[P_z(10)]": 2.83418e-05,
            "E[P_z(11)]": 3.13031e-05,
            "E[P_z(12)]": 2.50905e-05,
            "E[P_z(13)]": 2.32739e-05,
            "E[P_z(14)]": 2.16898e-05,
            "E[P_z(15)]": 1.83885e-05,
            "E[P_z(16)]": 1.31641e-05,
            "E[P_z(17)]": 1.22727e-05,
            "E[P_z(18)]": 1.58988e-05,
            "E[P_z(19)]": 1.82242e-05,
            "E[P_z(20)]": 1.13414e-05,
            "E[P_z(21)]": 1.06796e-05,
            "E[P_z(22)]": 9.5947e-06,
            "E[P_z(23)]": 1.25586e-05,
            "E[P_z(24)]": 9.7756e-06,
            "E[P_z(25)]": 8.9117e-06,
            "E[P_z(26)]": 9.5341e-06,
            "E[P_z(27)]": 8.0394e-06,
            "E[P_z(28)]": 1.41552e-05,
            "E[P_z(29)]": 8.0175e-06,
            "E[P_z(30)]": 8.6394e-06,
            "E[P_z(31)]": 1.24167e-05,
            "E[P_z(32)]": 7.9874e-06,
            "E[P_z(33)]": 9.8676e-06,
            "E[P_z(34)]": 7.3398e-06,
            "E[P_z(35)]": 1.06832e-05,
            "E[P_z(36)]": 7.5329e-06,
            "E[P_z(37)]": 1.505e-05,
            "E[P_z(38)]": 1.31552e-05,
            "E[P_z(39)]": 3.04565e-05,
            "E[D_z]": null,
            "E[mis_z]": null
        }
    ],
    "alpha": 0.009649370117579298,
    "execution_time": 1956.9969563484192
}