{
    "output_file": "/scratch/40841847/tmpvn950ipj",
    "model": "C",
    "likelihood": -250.4832,
    "criteria": 0.00107,
    "params_mle": {
        "eps": 4.50348e-06,
        "eps_cont": 0,
        "lambda": 0,
        "theta_bar": 0.001101317,
        "a": -1,
        "S_d": -21.756,
        "b": 0.1734031,
        "p_b": 0.004429352,
        "S_b": 0.05633273,
        "r": [
            0.4943292,
            0.4236534,
            0.4343373,
            0.4042686,
            0.3978017,
            0.3663351,
            0.5293536,
            0.4342797,
            0.467033,
            0.5517053,
            0.3605638,
            0.473868,
            0.4748411,
            0.4752406,
            0.3808905,
            0.3948115,
            0.5027917,
            0.4116436,
            0.4351605,
            0.3083487,
            0.2609896,
            0.5809309,
            0.3475788,
            0.4449935,
            0.3884644,
            0.3158036,
            0.4311152,
            0.4371011,
            0.2985535,
            0.469744,
            0.6283846,
            0.5760762,
            0.4050488,
            0.5615887,
            0.5789195,
            0.9845836,
            0.7991886,
            1.907786
        ]
    },
    "n": 40,
    "expec": [
        {
            "E[P_z(1)]": 0.001101312,
            "E[P_z(2)]": 0.0002722054,
            "E[P_z(3)]": 0.0001555249,
            "E[P_z(4)]": 0.0001195853,
            "E[P_z(5)]": 8.90452e-05,
            "E[P_z(6)]": 7.30173e-05,
            "E[P_z(7)]": 5.76357e-05,
            "E[P_z(8)]": 7.2873e-05,
            "E[P_z(9)]": 5.3142e-05,
            "E[P_z(10)]": 5.14349e-05,
            "E[P_z(11)]": 5.52364e-05,
            "E[P_z(12)]": 3.30912e-05,
            "E[P_z(13)]": 4.01444e-05,
            "E[P_z(14)]": 3.73535e-05,
            "E[P_z(15)]": 3.48926e-05,
            "E[P_z(16)]": 2.62175e-05,
            "E[P_z(17)]": 2.55772e-05,
            "E[P_z(18)]": 3.07629e-05,
            "E[P_z(19)]": 2.38605e-05,
            "E[P_z(20)]": 2.39625e-05,
            "E[P_z(21)]": 1.6171e-05,
            "E[P_z(22)]": 1.30652e-05,
            "E[P_z(23)]": 2.78169e-05,
            "E[P_z(24)]": 1.59498e-05,
            "E[P_z(25)]": 1.96032e-05,
            "E[P_z(26)]": 1.64548e-05,
            "E[P_z(27)]": 1.28816e-05,
            "E[P_z(28)]": 1.6957e-05,
            "E[P_z(29)]": 1.65997e-05,
            "E[P_z(30)]": 1.09602e-05,
            "E[P_z(31)]": 1.66885e-05,
            "E[P_z(32)]": 2.16268e-05,
            "E[P_z(33)]": 1.92257e-05,
            "E[P_z(34)]": 1.31205e-05,
            "E[P_z(35)]": 1.76714e-05,
            "E[P_z(36)]": 1.77108e-05,
            "E[P_z(37)]": 2.9307e-05,
            "E[P_z(38)]": 2.31632e-05,
            "E[P_z(39)]": 5.38785e-05,
            "E[D_z]": null,
            "E[mis_z]": null
        },
        {
            "E[P_z(1)]": 0.0009126273,
            "E[P_z(2)]": 0.0002038509,
            "E[P_z(3)]": 0.0001092188,
            "E[P_z(4)]": 8.02272e-05,
            "E[P_z(5)]": 5.76834e-05,
            "E[P_z(6)]": 4.59863e-05,
            "E[P_z(7)]": 3.54562e-05,
            "E[P_z(8)]": 4.39379e-05,
            "E[P_z(9)]": 3.14845e-05,
            "E[P_z(10)]": 3.00035e-05,
            "E[P_z(11)]": 3.17752e-05,
            "E[P_z(12)]": 1.87971e-05,
            "E[P_z(13)]": 2.2542e-05,
            "E[P_z(14)]": 2.07532e-05,
            "E[P_z(15)]": 1.91961e-05,
            "E[P_z(16)]": 1.42919e-05,
            "E[P_z(17)]": 1.38238e-05,
            "E[P_z(18)]": 1.6493e-05,
            "E[P_z(19)]": 1.26956e-05,
            "E[P_z(20)]": 1.26584e-05,
            "E[P_z(21)]": 8.4844e-06,
            "E[P_z(22)]": 6.8105e-06,
            "E[P_z(23)]": 1.44107e-05,
            "E[P_z(24)]": 8.2141e-06,
            "E[P_z(25)]": 1.00385e-05,
            "E[P_z(26)]": 8.3805e-06,
            "E[P_z(27)]": 6.5265e-06,
            "E[P_z(28)]": 8.5481e-06,
            "E[P_z(29)]": 8.3275e-06,
            "E[P_z(30)]": 5.4727e-06,
            "E[P_z(31)]": 8.2952e-06,
            "E[P_z(32)]": 1.07029e-05,
            "E[P_z(33)]": 9.4743e-06,
            "E[P_z(34)]": 6.4391e-06,
            "E[P_z(35)]": 8.638e-06,
            "E[P_z(36)]": 8.6237e-06,
            "E[P_z(37)]": 1.42163e-05,
            "E[P_z(38)]": 1.1195e-05,
            "E[P_z(39)]": 2.59478e-05,
            "E[D_z]": null,
            "E[mis_z]": null
        }
    ],
    "alpha": 0.010569300670501254,
    "execution_time": 1112.100516319275
}