neutral,selected
1753709.383163458,2130551.6168365423
1027.0,1460.0
409.0,497.0
265.0,298.0
188.0,220.0
171.0,168.0
167.0,125.0
165.0,138.0
0.0,0.0
