neutral,selected
1793754.40593835,2091392.59406165
779.0,1047.0
345.0,411.0
226.0,294.0
203.0,198.0
161.0,171.0
141.0,115.0
182.0,139.0
0.0,0.0
