{
    "output_file": "/scratch/40683693/tmpmarcyxum",
    "model": "C",
    "likelihood": -186.9378,
    "criteria": 7e-05,
    "params_mle": {
        "eps": 4.48496e-06,
        "eps_cont": 0,
        "lambda": 0,
        "theta_bar": 0.0005579995,
        "a": -1,
        "S_d": -61.05251,
        "b": 0.2120064,
        "p_b": 0.08775689,
        "S_b": 1.453859,
        "r": [
            0.5606661,
            0.4558942,
            0.5062037,
            0.3914183,
            0.439057,
            0.4735158,
            0.564273,
            0.475265,
            0.4949476,
            0.5968148,
            0.4841043,
            0.4584707,
            0.4112271,
            0.4873265,
            0.3999852,
            0.5678864,
            0.4654567,
            0.3617585,
            0.4269319,
            0.4325605,
            0.386157,
            0.4914902,
            0.5493372,
            0.4765733,
            0.435768,
            0.4725273,
            0.5105611,
            0.5498198,
            0.4086299,
            0.7955951,
            0.6984807,
            0.6684442,
            1.80439
        ]
    },
    "n": 35,
    "expec": [
        {
            "E[P_z(1)]": 0.0005579972,
            "E[P_z(2)]": 0.0001564251,
            "E[P_z(3)]": 8.47959e-05,
            "E[P_z(4)]": 7.06151e-05,
            "E[P_z(5)]": 4.36821e-05,
            "E[P_z(6)]": 4.08321e-05,
            "E[P_z(7)]": 3.77458e-05,
            "E[P_z(8)]": 3.93579e-05,
            "E[P_z(9)]": 2.94663e-05,
            "E[P_z(10)]": 2.7618e-05,
            "E[P_z(11)]": 3.02747e-05,
            "E[P_z(12)]": 2.25108e-05,
            "E[P_z(13)]": 1.96789e-05,
            "E[P_z(14)]": 1.63903e-05,
            "E[P_z(15)]": 1.81285e-05,
            "E[P_z(16)]": 1.39495e-05,
            "E[P_z(17)]": 1.864e-05,
            "E[P_z(18)]": 1.44292e-05,
            "E[P_z(19)]": 1.06243e-05,
            "E[P_z(20)]": 1.19114e-05,
            "E[P_z(21)]": 1.14938e-05,
            "E[P_z(22)]": 9.7944e-06,
            "E[P_z(23)]": 1.1924e-05,
            "E[P_z(24)]": 1.27722e-05,
            "E[P_z(25)]": 1.06372e-05,
            "E[P_z(26)]": 9.3523e-06,
            "E[P_z(27)]": 9.7657e-06,
            "E[P_z(28)]": 1.01749e-05,
            "E[P_z(29)]": 1.05794e-05,
            "E[P_z(30)]": 7.6007e-06,
            "E[P_z(31)]": 1.4321e-05,
            "E[P_z(32)]": 1.21801e-05,
            "E[P_z(33)]": 1.13034e-05,
            "E[P_z(34)]": 2.96156e-05,
            "E[D_z]": null,
            "E[mis_z]": null
        },
        {
            "E[P_z(1)]": 0.0004030902,
            "E[P_z(2)]": 9.84946e-05,
            "E[P_z(3)]": 4.94907e-05,
            "E[P_z(4)]": 3.92169e-05,
            "E[P_z(5)]": 2.34049e-05,
            "E[P_z(6)]": 2.12851e-05,
            "E[P_z(7)]": 1.92508e-05,
            "E[P_z(8)]": 1.97177e-05,
            "E[P_z(9)]": 1.45445e-05,
            "E[P_z(10)]": 1.34628e-05,
            "E[P_z(11)]": 1.4602e-05,
            "E[P_z(12)]": 1.07595e-05,
            "E[P_z(13)]": 9.3336e-06,
            "E[P_z(14)]": 7.7227e-06,
            "E[P_z(15)]": 8.4942e-06,
            "E[P_z(16)]": 6.5054e-06,
            "E[P_z(17)]": 8.6591e-06,
            "E[P_z(18)]": 6.6819e-06,
            "E[P_z(19)]": 4.9078e-06,
            "E[P_z(20)]": 5.4924e-06,
            "E[P_z(21)]": 5.2934e-06,
            "E[P_z(22)]": 4.5079e-06,
            "E[P_z(23)]": 5.4878e-06,
            "E[P_z(24)]": 5.8811e-06,
            "E[P_z(25)]": 4.9032e-06,
            "E[P_z(26)]": 4.3178e-06,
            "E[P_z(27)]": 4.5184e-06,
            "E[P_z(28)]": 4.7204e-06,
            "E[P_z(29)]": 4.9242e-06,
            "E[P_z(30)]": 3.5514e-06,
            "E[P_z(31)]": 6.7211e-06,
            "E[P_z(32)]": 5.7454e-06,
            "E[P_z(33)]": 5.3625e-06,
            "E[P_z(34)]": 1.41404e-05,
            "E[D_z]": null,
            "E[mis_z]": null
        }
    ],
    "alpha": 0.363948409865633,
    "execution_time": 3351.0117700099945
}