{
    "py/object": "fastdfe.polydfe.PolyDFE",
    "logger": {
        "py/reduce": [
            {
                "py/function": "logging.getLogger"
            },
            {
                "py/tuple": [
                    "fastdfe.PolyDFE"
                ]
            }
        ]
    },
    "bootstraps": null,
    "config": {
        "py/object": "fastdfe.config.Config",
        "data": {
            "model": "GammaExpParametrization",
            "intervals_del": {
                "py/tuple": [
                    -100000000.0,
                    -1e-05,
                    1000
                ]
            },
            "intervals_ben": {
                "py/tuple": [
                    1e-05,
                    10000.0,
                    1000
                ]
            },
            "integration_mode": "midpoint",
            "linearized": true,
            "seed": 0,
            "opts_mle": {},
            "n_runs": 10,
            "x0": {
                "all": {
                    "S_b": 0.09636954,
                    "S_d": -44.34681,
                    "a": -1,
                    "b": 0.1221405,
                    "eps": 4.50123e-06,
                    "eps_cont": 0,
                    "lambda": 0,
                    "p_b": 0.01060767,
                    "r": [
                        0.6268517,
                        0.6514728,
                        0.6820074,
                        0.5848618,
                        0.7565646,
                        0.6523473,
                        0.6349214,
                        0.7005902,
                        0.6139579,
                        0.6324166,
                        0.6421517,
                        0.7478784,
                        1.22486
                    ],
                    "theta_bar": 0.0008663822
                }
            },
            "bounds": {},
            "scales": {},
            "fixed_params": {},
            "shared_params": [],
            "covariates": [],
            "sfs_neut": {
                "py/object": "fastdfe.spectrum.Spectra",
                "data": {
                    "all": [
                        870428.438336528,
                        794.0,
                        185.0,
                        187.0,
                        131.0,
                        93.0,
                        74.0,
                        97.0,
                        51.0,
                        53.0,
                        47.0,
                        44.0,
                        43.0,
                        64.0,
                        54.0,
                        0.0
                    ]
                }
            },
            "sfs_sel": {
                "py/object": "fastdfe.spectrum.Spectra",
                "data": {
                    "all": [
                        2365770.56166347,
                        1520.0,
                        447.0,
                        277.0,
                        224.0,
                        159.0,
                        156.0,
                        98.0,
                        87.0,
                        80.0,
                        81.0,
                        73.0,
                        72.0,
                        59.0,
                        95.0,
                        0.0
                    ]
                }
            },
            "do_bootstrap": false,
            "n_bootstraps": 10,
            "parallelize": false,
            "loss_type": "likelihood"
        }
    },
    "output_file": null,
    "execution_time": 155.9045491218567,
    "summary": {
        "py/object": "fastdfe.polydfe.PolyDFEResult",
        "output_file": "results/polydfe/hgdp/inference/1/opts.n.15.config.default/bootstraps/54/all.polydfe.txt",
        "postprocessing_source": "../resources/polydfe/postprocessing/script.R",
        "data": {
            "output_file": "/scratch/40841082/tmpdfrqh8km",
            "model": "C",
            "likelihood": -110.8483,
            "criteria": 0.00028,
            "params_mle": {
                "eps": 4.50158e-06,
                "eps_cont": 0,
                "lambda": 0,
                "theta_bar": 0.0008847147,
                "a": -1,
                "S_d": -51.23752,
                "b": 0.112418,
                "p_b": 0.01056797,
                "S_b": 0.09616408,
                "r": [
                    0.5812171,
                    0.6601661,
                    0.686925,
                    0.6184026,
                    0.6850049,
                    0.6838917,
                    0.5574772,
                    0.6085641,
                    0.654655,
                    0.6617505,
                    0.7130477,
                    0.8298138,
                    1.08693
                ]
            },
            "n": 15,
            "expec": [
                {
                    "E[P_z(1)]": 0.000884711,
                    "E[P_z(2)]": 0.0002571047,
                    "E[P_z(3)]": 0.0001946856,
                    "E[P_z(4)]": 0.0001519327,
                    "E[P_z(5)]": 0.0001094217,
                    "E[P_z(6)]": 0.0001010055,
                    "E[P_z(7)]": 8.64355e-05,
                    "E[P_z(8)]": 6.16511e-05,
                    "E[P_z(9)]": 5.9823e-05,
                    "E[P_z(10)]": 5.79185e-05,
                    "E[P_z(11)]": 5.32241e-05,
                    "E[P_z(12)]": 5.2571e-05,
                    "E[P_z(13)]": 5.64739e-05,
                    "E[P_z(14)]": 6.8691e-05,
                    "E[D_z]": null,
                    "E[mis_z]": null
                },
                {
                    "E[P_z(1)]": 0.0006509314,
                    "E[P_z(2)]": 0.0001720953,
                    "E[P_z(3)]": 0.0001241687,
                    "E[P_z(4)]": 9.38966e-05,
                    "E[P_z(5)]": 6.60751e-05,
                    "E[P_z(6)]": 5.98884e-05,
                    "E[P_z(7)]": 5.0483e-05,
                    "E[P_z(8)]": 3.55485e-05,
                    "E[P_z(9)]": 3.41119e-05,
                    "E[P_z(10)]": 3.27016e-05,
                    "E[P_z(11)]": 2.97861e-05,
                    "E[P_z(12)]": 2.91852e-05,
                    "E[P_z(13)]": 3.11224e-05,
                    "E[P_z(14)]": 3.75999e-05,
                    "E[D_z]": null,
                    "E[mis_z]": null
                }
            ],
            "alpha": 0.02176308395491316,
            "execution_time": 155.9045491218567
        }
    }
}