{
    "output_file": "/scratch/40841082/tmpdfrqh8km",
    "model": "C",
    "likelihood": -110.8483,
    "criteria": 0.00028,
    "params_mle": {
        "eps": 4.50158e-06,
        "eps_cont": 0,
        "lambda": 0,
        "theta_bar": 0.0008847147,
        "a": -1,
        "S_d": -51.23752,
        "b": 0.112418,
        "p_b": 0.01056797,
        "S_b": 0.09616408,
        "r": [
            0.5812171,
            0.6601661,
            0.686925,
            0.6184026,
            0.6850049,
            0.6838917,
            0.5574772,
            0.6085641,
            0.654655,
            0.6617505,
            0.7130477,
            0.8298138,
            1.08693
        ]
    },
    "n": 15,
    "expec": [
        {
            "E[P_z(1)]": 0.000884711,
            "E[P_z(2)]": 0.0002571047,
            "E[P_z(3)]": 0.0001946856,
            "E[P_z(4)]": 0.0001519327,
            "E[P_z(5)]": 0.0001094217,
            "E[P_z(6)]": 0.0001010055,
            "E[P_z(7)]": 8.64355e-05,
            "E[P_z(8)]": 6.16511e-05,
            "E[P_z(9)]": 5.9823e-05,
            "E[P_z(10)]": 5.79185e-05,
            "E[P_z(11)]": 5.32241e-05,
            "E[P_z(12)]": 5.2571e-05,
            "E[P_z(13)]": 5.64739e-05,
            "E[P_z(14)]": 6.8691e-05,
            "E[D_z]": null,
            "E[mis_z]": null
        },
        {
            "E[P_z(1)]": 0.0006509314,
            "E[P_z(2)]": 0.0001720953,
            "E[P_z(3)]": 0.0001241687,
            "E[P_z(4)]": 9.38966e-05,
            "E[P_z(5)]": 6.60751e-05,
            "E[P_z(6)]": 5.98884e-05,
            "E[P_z(7)]": 5.0483e-05,
            "E[P_z(8)]": 3.55485e-05,
            "E[P_z(9)]": 3.41119e-05,
            "E[P_z(10)]": 3.27016e-05,
            "E[P_z(11)]": 2.97861e-05,
            "E[P_z(12)]": 2.91852e-05,
            "E[P_z(13)]": 3.11224e-05,
            "E[P_z(14)]": 3.75999e-05,
            "E[D_z]": null,
            "E[mis_z]": null
        }
    ],
    "alpha": 0.02176308395491316,
    "execution_time": 155.9045491218567
}