{
    "output_file": "/scratch/40841280/tmpt9ouh_ro",
    "model": "C",
    "likelihood": -131.8107,
    "criteria": 0.00013,
    "params_mle": {
        "eps": 4.49572e-06,
        "eps_cont": 0,
        "lambda": 0,
        "theta_bar": 0.000904154,
        "a": -1,
        "S_d": -668.2468,
        "b": 0.07088351,
        "p_b": 0.003899851,
        "S_b": 0.03797394,
        "r": [
            0.5585557,
            0.5079942,
            0.4814123,
            0.4883887,
            0.475739,
            0.5354877,
            0.4802582,
            0.4943709,
            0.5099969,
            0.5400768,
            0.4457881,
            0.5224289,
            0.5406092,
            0.454415,
            0.4993194,
            0.6466264,
            0.6707905,
            1.265622
        ]
    },
    "n": 20,
    "expec": [
        {
            "E[P_z(1)]": 0.0009041502,
            "E[P_z(2)]": 0.0002525092,
            "E[P_z(3)]": 0.0001531011,
            "E[P_z(4)]": 0.0001088174,
            "E[P_z(5)]": 8.83155e-05,
            "E[P_z(6)]": 7.16901e-05,
            "E[P_z(7)]": 6.9166e-05,
            "E[P_z(8)]": 5.42783e-05,
            "E[P_z(9)]": 4.96652e-05,
            "E[P_z(10)]": 4.61116e-05,
            "E[P_z(11)]": 4.43921e-05,
            "E[P_z(12)]": 3.35885e-05,
            "E[P_z(13)]": 3.63352e-05,
            "E[P_z(14)]": 3.4914e-05,
            "E[P_z(15)]": 2.7391e-05,
            "E[P_z(16)]": 2.82167e-05,
            "E[P_z(17)]": 3.43917e-05,
            "E[P_z(18)]": 3.36953e-05,
            "E[P_z(19)]": 6.0231e-05,
            "E[D_z]": null,
            "E[mis_z]": null
        },
        {
            "E[P_z(1)]": 0.0006169168,
            "E[P_z(2)]": 0.0001611318,
            "E[P_z(3)]": 9.46191e-05,
            "E[P_z(4)]": 6.58756e-05,
            "E[P_z(5)]": 5.266e-05,
            "E[P_z(6)]": 4.22397e-05,
            "E[P_z(7)]": 4.0354e-05,
            "E[P_z(8)]": 3.14047e-05,
            "E[P_z(9)]": 2.85279e-05,
            "E[P_z(10)]": 2.63168e-05,
            "E[P_z(11)]": 2.519e-05,
            "E[P_z(12)]": 1.89604e-05,
            "E[P_z(13)]": 2.04133e-05,
            "E[P_z(14)]": 1.95287e-05,
            "E[P_z(15)]": 1.52584e-05,
            "E[P_z(16)]": 1.56587e-05,
            "E[P_z(17)]": 1.90175e-05,
            "E[P_z(18)]": 1.857e-05,
            "E[P_z(19)]": 3.30894e-05,
            "E[D_z]": null,
            "E[mis_z]": null
        }
    ],
    "alpha": 0.008830847618092264,
    "execution_time": 1108.0049633979797
}