{
    "output_file": "/scratch/40841532/tmppooixqzu",
    "model": "C",
    "likelihood": -163.5513,
    "criteria": 0.00016,
    "params_mle": {
        "eps": 4.5073e-06,
        "eps_cont": 0,
        "lambda": 0,
        "theta_bar": 0.0008769881,
        "a": -1,
        "S_d": -49.3298,
        "b": 0.1267444,
        "p_b": 0.005032195,
        "S_b": 0.05339475,
        "r": [
            0.5993051,
            0.5108501,
            0.5430678,
            0.560561,
            0.5638408,
            0.6265519,
            0.5896917,
            0.4212998,
            0.5405537,
            0.4786357,
            0.4988119,
            0.5145426,
            0.4639203,
            0.5924062,
            0.4989796,
            0.6081723,
            0.4846517,
            0.6586924,
            0.7045554,
            0.5041587,
            0.5496348,
            1.110447,
            1.829946
        ]
    },
    "n": 25,
    "expec": [
        {
            "E[P_z(1)]": 0.0008769844,
            "E[P_z(2)]": 0.0002627907,
            "E[P_z(3)]": 0.0001493359,
            "E[P_z(4)]": 0.0001190656,
            "E[P_z(5)]": 9.83208e-05,
            "E[P_z(6)]": 8.24134e-05,
            "E[P_z(7)]": 7.84967e-05,
            "E[P_z(8)]": 6.46439e-05,
            "E[P_z(9)]": 4.10527e-05,
            "E[P_z(10)]": 4.74059e-05,
            "E[P_z(11)]": 3.81598e-05,
            "E[P_z(12)]": 3.64543e-05,
            "E[P_z(13)]": 3.47114e-05,
            "E[P_z(14)]": 2.90609e-05,
            "E[P_z(15)]": 3.46356e-05,
            "E[P_z(16)]": 2.735e-05,
            "E[P_z(17)]": 3.13743e-05,
            "E[P_z(18)]": 2.36132e-05,
            "E[P_z(19)]": 3.04037e-05,
            "E[P_z(20)]": 3.08946e-05,
            "E[P_z(21)]": 2.10548e-05,
            "E[P_z(22)]": 2.19107e-05,
            "E[P_z(23)]": 4.23423e-05,
            "E[P_z(24)]": 6.6872e-05,
            "E[D_z]": null,
            "E[mis_z]": null
        },
        {
            "E[P_z(1)]": 0.0006624093,
            "E[P_z(2)]": 0.0001791694,
            "E[P_z(3)]": 9.6363e-05,
            "E[P_z(4)]": 7.40803e-05,
            "E[P_z(5)]": 5.95463e-05,
            "E[P_z(6)]": 4.8861e-05,
            "E[P_z(7)]": 4.57294e-05,
            "E[P_z(8)]": 3.71021e-05,
            "E[P_z(9)]": 2.3259e-05,
            "E[P_z(10)]": 2.6553e-05,
            "E[P_z(11)]": 2.11562e-05,
            "E[P_z(12)]": 2.00241e-05,
            "E[P_z(13)]": 1.89056e-05,
            "E[P_z(14)]": 1.5705e-05,
            "E[P_z(15)]": 1.85828e-05,
            "E[P_z(16)]": 1.45754e-05,
            "E[P_z(17)]": 1.66148e-05,
            "E[P_z(18)]": 1.24309e-05,
            "E[P_z(19)]": 1.59162e-05,
            "E[P_z(20)]": 1.60877e-05,
            "E[P_z(21)]": 1.09088e-05,
            "E[P_z(22)]": 1.12979e-05,
            "E[P_z(23)]": 2.17335e-05,
            "E[P_z(24)]": 3.41747e-05,
            "E[D_z]": null,
            "E[mis_z]": null
        }
    ],
    "alpha": 0.011270321250444464,
    "execution_time": 811.9791758060455
}