{
    "py/object": "fastdfe.polydfe.PolyDFE",
    "logger": {
        "py/reduce": [
            {
                "py/function": "logging.getLogger"
            },
            {
                "py/tuple": [
                    "fastdfe.PolyDFE"
                ]
            }
        ]
    },
    "bootstraps": null,
    "config": {
        "py/object": "fastdfe.config.Config",
        "data": {
            "model": "GammaExpParametrization",
            "intervals_del": {
                "py/tuple": [
                    -100000000.0,
                    -1e-05,
                    1000
                ]
            },
            "intervals_ben": {
                "py/tuple": [
                    1e-05,
                    10000.0,
                    1000
                ]
            },
            "integration_mode": "midpoint",
            "linearized": true,
            "seed": 0,
            "opts_mle": {},
            "n_runs": 10,
            "x0": {
                "all": {
                    "S_b": 0.09636954,
                    "S_d": -44.34681,
                    "a": -1,
                    "b": 0.1221405,
                    "eps": 4.50123e-06,
                    "eps_cont": 0,
                    "lambda": 0,
                    "p_b": 0.01060767,
                    "r": [
                        0.6268517,
                        0.6514728,
                        0.6820074,
                        0.5848618,
                        0.7565646,
                        0.6523473,
                        0.6349214,
                        0.7005902,
                        0.6139579,
                        0.6324166,
                        0.6421517,
                        0.7478784,
                        1.22486
                    ],
                    "theta_bar": 0.0008663822
                }
            },
            "bounds": {},
            "scales": {},
            "fixed_params": {},
            "shared_params": [],
            "covariates": [],
            "sfs_neut": {
                "py/object": "fastdfe.spectrum.Spectra",
                "data": {
                    "all": [
                        870406.438336528,
                        787.0,
                        190.0,
                        167.0,
                        122.0,
                        82.0,
                        79.0,
                        104.0,
                        74.0,
                        68.0,
                        51.0,
                        46.0,
                        36.0,
                        65.0,
                        68.0,
                        0.0
                    ]
                }
            },
            "sfs_sel": {
                "py/object": "fastdfe.spectrum.Spectra",
                "data": {
                    "all": [
                        2365742.56166347,
                        1526.0,
                        484.0,
                        268.0,
                        197.0,
                        142.0,
                        158.0,
                        102.0,
                        113.0,
                        67.0,
                        78.0,
                        93.0,
                        50.0,
                        65.0,
                        113.0,
                        0.0
                    ]
                }
            },
            "do_bootstrap": false,
            "n_bootstraps": 10,
            "parallelize": false,
            "loss_type": "likelihood"
        }
    },
    "output_file": null,
    "execution_time": 234.77336478233337,
    "summary": {
        "py/object": "fastdfe.polydfe.PolyDFEResult",
        "output_file": "results/polydfe/hgdp/inference/1/opts.n.15.config.default/bootstraps/61/all.polydfe.txt",
        "postprocessing_source": "../resources/polydfe/postprocessing/script.R",
        "data": {
            "output_file": "/scratch/40841203/tmpooh307qp",
            "model": "C",
            "likelihood": -115.2166,
            "criteria": 0.0005,
            "params_mle": {
                "eps": 4.50195e-06,
                "eps_cont": 0,
                "lambda": 0,
                "theta_bar": 0.0008610271,
                "a": -1,
                "S_d": -18.71151,
                "b": 0.1699702,
                "p_b": 0.01041225,
                "S_b": 0.09549974,
                "r": [
                    0.6299499,
                    0.6366595,
                    0.640542,
                    0.5741088,
                    0.7410013,
                    0.7615996,
                    0.7992051,
                    0.6556191,
                    0.7021259,
                    0.8385713,
                    0.5700144,
                    0.9394499,
                    1.416742
                ]
            },
            "n": 15,
            "expec": [
                {
                    "E[P_z(1)]": 0.0008610236,
                    "E[P_z(2)]": 0.000271201,
                    "E[P_z(3)]": 0.0001827264,
                    "E[P_z(4)]": 0.0001378807,
                    "E[P_z(5)]": 9.88645e-05,
                    "E[P_z(6)]": 0.0001063368,
                    "E[P_z(7)]": 9.36797e-05,
                    "E[P_z(8)]": 8.60172e-05,
                    "E[P_z(9)]": 6.27231e-05,
                    "E[P_z(10)]": 6.04551e-05,
                    "E[P_z(11)]": 6.56397e-05,
                    "E[P_z(12)]": 4.09005e-05,
                    "E[P_z(13)]": 6.22234e-05,
                    "E[P_z(14)]": 8.71359e-05,
                    "E[D_z]": null,
                    "E[mis_z]": null
                },
                {
                    "E[P_z(1)]": 0.0006592143,
                    "E[P_z(2)]": 0.0001846356,
                    "E[P_z(3)]": 0.0001163271,
                    "E[P_z(4)]": 8.38848e-05,
                    "E[P_z(5)]": 5.81454e-05,
                    "E[P_z(6)]": 6.08809e-05,
                    "E[P_z(7)]": 5.24536e-05,
                    "E[P_z(8)]": 4.72572e-05,
                    "E[P_z(9)]": 3.38943e-05,
                    "E[P_z(10)]": 3.21934e-05,
                    "E[P_z(11)]": 3.44972e-05,
                    "E[P_z(12)]": 2.12402e-05,
                    "E[P_z(13)]": 3.19619e-05,
                    "E[P_z(14)]": 4.43097e-05,
                    "E[D_z]": null,
                    "E[mis_z]": null
                }
            ],
            "alpha": 0.022893436550325368,
            "execution_time": 234.77336478233337
        }
    }
}