{
    "output_file": "/scratch/40840065/tmpaf3g6fai",
    "model": "C",
    "likelihood": -31.26528,
    "criteria": 8e-05,
    "params_mle": {
        "eps": 4.49643e-06,
        "eps_cont": 0,
        "lambda": 0,
        "theta_bar": 0.0006222832,
        "a": -1,
        "S_d": -35.62677,
        "b": 0.1346245,
        "p_b": 0.01537569,
        "S_b": 0.1321524,
        "r": [
            0.8972147,
            0.8496361,
            0.9637919
        ]
    },
    "n": 5,
    "expec": [
        {
            "E[P_z(1)]": 0.0006222811,
            "E[P_z(2)]": 0.0002791604,
            "E[P_z(3)]": 0.0001762385,
            "E[P_z(4)]": 0.00014994,
            "E[D_z]": null,
            "E[mis_z]": null
        },
        {
            "E[P_z(1)]": 0.000412884,
            "E[P_z(2)]": 0.0001656733,
            "E[P_z(3)]": 9.90174e-05,
            "E[P_z(4)]": 8.13055e-05,
            "E[D_z]": null,
            "E[mis_z]": null
        }
    ],
    "alpha": 0.032918989807314024,
    "execution_time": 21.227147817611694
}