{
    "output_file": "/scratch/40841775/tmpvgmg2rtt",
    "model": "C",
    "likelihood": -251.6803,
    "criteria": 0.00034,
    "params_mle": {
        "eps": 4.50327e-06,
        "eps_cont": 0,
        "lambda": 0,
        "theta_bar": 0.001039134,
        "a": -1,
        "S_d": -35.73196,
        "b": 0.1291824,
        "p_b": 0.004417923,
        "S_b": 0.05625436,
        "r": [
            0.5176446,
            0.4588519,
            0.4125714,
            0.3763881,
            0.3957718,
            0.327192,
            0.4186375,
            0.2918023,
            0.4621541,
            0.5425194,
            0.4982565,
            0.5565061,
            0.5276341,
            0.4500559,
            0.3213919,
            0.4775275,
            0.6116058,
            0.4135158,
            0.4076054,
            0.5366659,
            0.3544393,
            0.4644986,
            0.4329829,
            0.4798709,
            0.3559776,
            0.4005891,
            0.5308771,
            0.4646011,
            0.4480334,
            0.4523156,
            0.5397985,
            0.5577287,
            0.5117189,
            0.5013229,
            0.7884221,
            0.8396547,
            1.079706,
            2.204824
        ]
    },
    "n": 40,
    "expec": [
        {
            "E[P_z(1)]": 0.001039129,
            "E[P_z(2)]": 0.0002689499,
            "E[P_z(3)]": 0.0001589356,
            "E[P_z(4)]": 0.0001071788,
            "E[P_z(5)]": 7.82232e-05,
            "E[P_z(6)]": 6.85431e-05,
            "E[P_z(7)]": 4.85708e-05,
            "E[P_z(8)]": 5.43774e-05,
            "E[P_z(9)]": 3.36912e-05,
            "E[P_z(10)]": 4.80238e-05,
            "E[P_z(11)]": 5.12499e-05,
            "E[P_z(12)]": 4.31462e-05,
            "E[P_z(13)]": 4.44833e-05,
            "E[P_z(14)]": 3.91629e-05,
            "E[P_z(15)]": 3.11778e-05,
            "E[P_z(16)]": 2.08731e-05,
            "E[P_z(17)]": 2.91891e-05,
            "E[P_z(18)]": 3.53077e-05,
            "E[P_z(19)]": 2.26157e-05,
            "E[P_z(20)]": 2.11778e-05,
            "E[P_z(21)]": 2.65556e-05,
            "E[P_z(22)]": 1.67414e-05,
            "E[P_z(23)]": 2.0986e-05,
            "E[P_z(24)]": 1.8747e-05,
            "E[P_z(25)]": 1.99461e-05,
            "E[P_z(26)]": 1.42274e-05,
            "E[P_z(27)]": 1.54174e-05,
            "E[P_z(28)]": 1.9702e-05,
            "E[P_z(29)]": 1.66478e-05,
            "E[P_z(30)]": 1.5519e-05,
            "E[P_z(31)]": 1.51619e-05,
            "E[P_z(32)]": 1.7529e-05,
            "E[P_z(33)]": 1.75624e-05,
            "E[P_z(34)]": 1.56398e-05,
            "E[P_z(35)]": 1.48843e-05,
            "E[P_z(36)]": 2.2758e-05,
            "E[P_z(37)]": 2.35821e-05,
            "E[P_z(38)]": 2.95263e-05,
            "E[P_z(39)]": 5.87508e-05,
            "E[D_z]": null,
            "E[mis_z]": null
        },
        {
            "E[P_z(1)]": 0.0008436874,
            "E[P_z(2)]": 0.0001990663,
            "E[P_z(3)]": 0.000111482,
            "E[P_z(4)]": 7.24699e-05,
            "E[P_z(5)]": 5.14556e-05,
            "E[P_z(6)]": 4.41116e-05,
            "E[P_z(7)]": 3.06971e-05,
            "E[P_z(8)]": 3.38412e-05,
            "E[P_z(9)]": 2.06882e-05,
            "E[P_z(10)]": 2.9142e-05,
            "E[P_z(11)]": 3.07716e-05,
            "E[P_z(12)]": 2.56586e-05,
            "E[P_z(13)]": 2.62231e-05,
            "E[P_z(14)]": 2.29015e-05,
            "E[P_z(15)]": 1.80966e-05,
            "E[P_z(16)]": 1.20316e-05,
            "E[P_z(17)]": 1.67162e-05,
            "E[P_z(18)]": 2.00974e-05,
            "E[P_z(19)]": 1.27993e-05,
            "E[P_z(20)]": 1.19205e-05,
            "E[P_z(21)]": 1.48706e-05,
            "E[P_z(22)]": 9.329e-06,
            "E[P_z(23)]": 1.16397e-05,
            "E[P_z(24)]": 1.03515e-05,
            "E[P_z(25)]": 1.09665e-05,
            "E[P_z(26)]": 7.7903e-06,
            "E[P_z(27)]": 8.4086e-06,
            "E[P_z(28)]": 1.07047e-05,
            "E[P_z(29)]": 9.0122e-06,
            "E[P_z(30)]": 8.3715e-06,
            "E[P_z(31)]": 8.1509e-06,
            "E[P_z(32)]": 9.3924e-06,
            "E[P_z(33)]": 9.3802e-06,
            "E[P_z(34)]": 8.3274e-06,
            "E[P_z(35)]": 7.9013e-06,
            "E[P_z(36)]": 1.20457e-05,
            "E[P_z(37)]": 1.24463e-05,
            "E[P_z(38)]": 1.55406e-05,
            "E[P_z(39)]": 3.08397e-05,
            "E[D_z]": null,
            "E[mis_z]": null
        }
    ],
    "alpha": 0.009734209484913214,
    "execution_time": 1150.761079788208
}