neutral,selected
770457.7912719892,2117119.2087280108
325.0,590.0
180.0,235.0
112.0,158.0
102.0,115.0
241.0,361.0
