{
    "py/object": "fastdfe.polydfe.PolyDFE",
    "logger": {
        "py/reduce": [
            {
                "py/function": "logging.getLogger"
            },
            {
                "py/tuple": [
                    "fastdfe.PolyDFE"
                ]
            }
        ]
    },
    "bootstraps": null,
    "config": {
        "py/object": "fastdfe.config.Config",
        "data": {
            "model": "GammaExpParametrization",
            "intervals_del": {
                "py/tuple": [
                    -100000000.0,
                    -1e-05,
                    1000
                ]
            },
            "intervals_ben": {
                "py/tuple": [
                    1e-05,
                    10000.0,
                    1000
                ]
            },
            "integration_mode": "midpoint",
            "linearized": true,
            "seed": 0,
            "opts_mle": {},
            "n_runs": 10,
            "x0": {
                "all": {
                    "S_b": 0.09636954,
                    "S_d": -44.34681,
                    "a": -1,
                    "b": 0.1221405,
                    "eps": 4.50123e-06,
                    "eps_cont": 0,
                    "lambda": 0,
                    "p_b": 0.01060767,
                    "r": [
                        0.6268517,
                        0.6514728,
                        0.6820074,
                        0.5848618,
                        0.7565646,
                        0.6523473,
                        0.6349214,
                        0.7005902,
                        0.6139579,
                        0.6324166,
                        0.6421517,
                        0.7478784,
                        1.22486
                    ],
                    "theta_bar": 0.0008663822
                }
            },
            "bounds": {},
            "scales": {},
            "fixed_params": {},
            "shared_params": [],
            "covariates": [],
            "sfs_neut": {
                "py/object": "fastdfe.spectrum.Spectra",
                "data": {
                    "all": [
                        870480.438336528,
                        779.0,
                        189.0,
                        169.0,
                        98.0,
                        89.0,
                        108.0,
                        83.0,
                        59.0,
                        62.0,
                        50.0,
                        49.0,
                        42.0,
                        39.0,
                        49.0,
                        0.0
                    ]
                }
            },
            "sfs_sel": {
                "py/object": "fastdfe.spectrum.Spectra",
                "data": {
                    "all": [
                        2365853.56166347,
                        1509.0,
                        421.0,
                        273.0,
                        223.0,
                        142.0,
                        170.0,
                        105.0,
                        81.0,
                        73.0,
                        72.0,
                        66.0,
                        65.0,
                        51.0,
                        94.0,
                        0.0
                    ]
                }
            },
            "do_bootstrap": false,
            "n_bootstraps": 10,
            "parallelize": false,
            "loss_type": "likelihood"
        }
    },
    "output_file": null,
    "execution_time": 290.6823318004608,
    "summary": {
        "py/object": "fastdfe.polydfe.PolyDFEResult",
        "output_file": "results/polydfe/hgdp/inference/1/opts.n.15.config.default/bootstraps/90/all.polydfe.txt",
        "postprocessing_source": "../resources/polydfe/postprocessing/script.R",
        "data": {
            "output_file": "/scratch/40841125/tmpfgqm21e2",
            "model": "C",
            "likelihood": -102.2336,
            "criteria": 0.0001,
            "params_mle": {
                "eps": 4.50331e-06,
                "eps_cont": 0,
                "lambda": 0,
                "theta_bar": 0.0008672323,
                "a": -1,
                "S_d": -35.7735,
                "b": 0.1270461,
                "p_b": 0.01046529,
                "S_b": 0.09579604,
                "r": [
                    0.5702008,
                    0.6414033,
                    0.6350506,
                    0.5805836,
                    0.8491581,
                    0.6769563,
                    0.5812275,
                    0.6353439,
                    0.6422232,
                    0.6699242,
                    0.6836805,
                    0.6260667,
                    1.076106
                ]
            },
            "n": 15,
            "expec": [
                {
                    "E[P_z(1)]": 0.0008672287,
                    "E[P_z(2)]": 0.0002472474,
                    "E[P_z(3)]": 0.0001854146,
                    "E[P_z(4)]": 0.0001376837,
                    "E[P_z(5)]": 0.0001007,
                    "E[P_z(6)]": 0.000122736,
                    "E[P_z(7)]": 8.38683e-05,
                    "E[P_z(8)]": 6.30075e-05,
                    "E[P_z(9)]": 6.12215e-05,
                    "E[P_z(10)]": 5.56959e-05,
                    "E[P_z(11)]": 5.28167e-05,
                    "E[P_z(12)]": 4.94098e-05,
                    "E[P_z(13)]": 4.17659e-05,
                    "E[P_z(14)]": 6.66632e-05,
                    "E[D_z]": null,
                    "E[mis_z]": null
                },
                {
                    "E[P_z(1)]": 0.000646412,
                    "E[P_z(2)]": 0.0001664321,
                    "E[P_z(3)]": 0.0001182887,
                    "E[P_z(4)]": 8.47937e-05,
                    "E[P_z(5)]": 6.04237e-05,
                    "E[P_z(6)]": 7.21482e-05,
                    "E[P_z(7)]": 4.84715e-05,
                    "E[P_z(8)]": 3.58929e-05,
                    "E[P_z(9)]": 3.44403e-05,
                    "E[P_z(10)]": 3.09855e-05,
                    "E[P_z(11)]": 2.90921e-05,
                    "E[P_z(12)]": 2.69703e-05,
                    "E[P_z(13)]": 2.26099e-05,
                    "E[P_z(14)]": 3.58139e-05,
                    "E[D_z]": null,
                    "E[mis_z]": null
                }
            ],
            "alpha": 0.021850908175353394,
            "execution_time": 290.6823318004608
        }
    }
}