{
    "py/object": "fastdfe.polydfe.PolyDFE",
    "logger": {
        "py/reduce": [
            {
                "py/function": "logging.getLogger"
            },
            {
                "py/tuple": [
                    "fastdfe.PolyDFE"
                ]
            }
        ]
    },
    "bootstraps": null,
    "config": {
        "py/object": "fastdfe.config.Config",
        "data": {
            "model": "GammaExpParametrization",
            "intervals_del": {
                "py/tuple": [
                    -100000000.0,
                    -1e-05,
                    1000
                ]
            },
            "intervals_ben": {
                "py/tuple": [
                    1e-05,
                    10000.0,
                    1000
                ]
            },
            "integration_mode": "midpoint",
            "linearized": true,
            "seed": 0,
            "opts_mle": {},
            "n_runs": 10,
            "x0": {
                "all": {
                    "S_b": 0.1083917,
                    "S_d": -45.46375,
                    "a": -1,
                    "b": 0.1287808,
                    "eps": 4.50268e-06,
                    "eps_cont": 0,
                    "lambda": 0,
                    "p_b": 0.009184894,
                    "r": [
                        0.5642878,
                        0.496756,
                        0.4953868,
                        0.4840476,
                        0.4906511,
                        0.4906073,
                        0.5437098,
                        0.5553355,
                        0.5124802,
                        0.5092361,
                        0.6175192,
                        0.5977393,
                        0.4504409,
                        0.522028,
                        0.3860458,
                        0.4756257,
                        0.5506624,
                        0.3834732,
                        0.531485,
                        0.4975372,
                        0.5880576,
                        0.5381713,
                        0.7063446,
                        0.5665509,
                        0.6574706,
                        0.6611074,
                        0.9643355,
                        1.73894
                    ],
                    "theta_bar": 0.0009259123
                }
            },
            "bounds": {},
            "scales": {},
            "fixed_params": {},
            "shared_params": [],
            "covariates": [],
            "sfs_neut": {
                "py/object": "fastdfe.spectrum.Spectra",
                "data": {
                    "all": [
                        1037561.3337252,
                        948.0,
                        284.0,
                        166.0,
                        127.0,
                        95.0,
                        75.0,
                        72.0,
                        48.0,
                        42.0,
                        45.0,
                        33.0,
                        62.0,
                        46.0,
                        37.0,
                        31.0,
                        26.0,
                        37.0,
                        25.0,
                        13.0,
                        32.0,
                        17.0,
                        20.0,
                        26.0,
                        32.0,
                        25.0,
                        24.0,
                        22.0,
                        33.0,
                        45.0,
                        0.0
                    ]
                }
            },
            "sfs_sel": {
                "py/object": "fastdfe.spectrum.Spectra",
                "data": {
                    "all": [
                        2844922.6662748,
                        2074.0,
                        512.0,
                        293.0,
                        224.0,
                        157.0,
                        130.0,
                        95.0,
                        100.0,
                        102.0,
                        53.0,
                        62.0,
                        63.0,
                        60.0,
                        37.0,
                        46.0,
                        30.0,
                        37.0,
                        33.0,
                        30.0,
                        23.0,
                        39.0,
                        43.0,
                        34.0,
                        53.0,
                        33.0,
                        37.0,
                        20.0,
                        65.0,
                        102.0,
                        0.0
                    ]
                }
            },
            "do_bootstrap": false,
            "n_bootstraps": 10,
            "parallelize": false,
            "loss_type": "likelihood"
        }
    },
    "output_file": null,
    "execution_time": 2122.9754905700684,
    "summary": {
        "py/object": "fastdfe.polydfe.PolyDFEResult",
        "output_file": "results/polydfe/hgdp/inference/1/opts.n.30.config.default/bootstraps/95/all.polydfe.txt",
        "postprocessing_source": "../resources/polydfe/postprocessing/script.R",
        "data": {
            "output_file": "/scratch/40841725/tmpr0oux8sw",
            "model": "C",
            "likelihood": -192.6786,
            "criteria": 0.01031,
            "params_mle": {
                "eps": 4.73601e-06,
                "eps_cont": 0,
                "lambda": 0,
                "theta_bar": 0.0009124755,
                "a": -1,
                "S_d": -19.56547,
                "b": 0.2533937,
                "p_b": 0.04904242,
                "S_b": 11.67389,
                "r": [
                    0.5732247,
                    0.5225248,
                    0.5524962,
                    0.5089775,
                    0.507235,
                    0.4892868,
                    0.5019972,
                    0.5550874,
                    0.4224514,
                    0.4540014,
                    0.6565456,
                    0.6036547,
                    0.4560198,
                    0.5092515,
                    0.3964246,
                    0.5546864,
                    0.4601878,
                    0.3557017,
                    0.4812347,
                    0.5106055,
                    0.5958157,
                    0.5864195,
                    0.8545056,
                    0.5946721,
                    0.6354885,
                    0.4399464,
                    1.02084,
                    1.477044
                ]
            },
            "n": 30,
            "expec": [
                {
                    "E[P_z(1)]": 0.0009124714,
                    "E[P_z(2)]": 0.0002615257,
                    "E[P_z(3)]": 0.0001589297,
                    "E[P_z(4)]": 0.0001260343,
                    "E[P_z(5)]": 9.28856e-05,
                    "E[P_z(6)]": 7.71397e-05,
                    "E[P_z(7)]": 6.37801e-05,
                    "E[P_z(8)]": 5.72574e-05,
                    "E[P_z(9)]": 5.6278e-05,
                    "E[P_z(10)]": 3.85476e-05,
                    "E[P_z(11)]": 3.76604e-05,
                    "E[P_z(12)]": 4.99234e-05,
                    "E[P_z(13)]": 4.23707e-05,
                    "E[P_z(14)]": 2.97219e-05,
                    "E[P_z(15)]": 3.09786e-05,
                    "E[P_z(16)]": 2.2608e-05,
                    "E[P_z(17)]": 2.97729e-05,
                    "E[P_z(18)]": 2.33285e-05,
                    "E[P_z(19)]": 1.70827e-05,
                    "E[P_z(20)]": 2.19558e-05,
                    "E[P_z(21)]": 2.21866e-05,
                    "E[P_z(22)]": 2.47123e-05,
                    "E[P_z(23)]": 2.32651e-05,
                    "E[P_z(24)]": 3.24884e-05,
                    "E[P_z(25)]": 2.17053e-05,