{
    "py/object": "fastdfe.polydfe.PolyDFE",
    "logger": {
        "py/reduce": [
            {
                "py/function": "logging.getLogger"
            },
            {
                "py/tuple": [
                    "fastdfe.PolyDFE"
                ]
            }
        ]
    },
    "bootstraps": null,
    "config": {
        "py/object": "fastdfe.config.Config",
        "data": {
            "model": "GammaExpParametrization",
            "intervals_del": {
                "py/tuple": [
                    -100000000.0,
                    -1e-05,
                    1000
                ]
            },
            "intervals_ben": {
                "py/tuple": [
                    1e-05,
                    10000.0,
                    1000
                ]
            },
            "integration_mode": "midpoint",
            "linearized": true,
            "seed": 0,
            "opts_mle": {},
            "n_runs": 10,
            "x0": {
                "all": {
                    "S_b": 0.05328228,
                    "S_d": -33.44406,
                    "a": -1,
                    "b": 0.1398527,
                    "eps": 4.50451e-06,
                    "eps_cont": 0,
                    "lambda": 0,
                    "p_b": 0.005009714,
                    "r": [
                        0.5834314,
                        0.499803,
                        0.5581096,
                        0.5076067,
                        0.557493,
                        0.6522272,
                        0.6050956,
                        0.5227928,
                        0.5765882,
                        0.4982845,
                        0.5150672,
                        0.5206269,
                        0.482151,
                        0.5460091,
                        0.5199818,
                        0.523935,
                        0.5814646,
                        0.6159988,
                        0.7697745,
                        0.7047025,
                        0.6593795,
                        0.914738,
                        1.558127
                    ],
                    "theta_bar": 0.0008647194
                }
            },
            "bounds": {},
            "scales": {},
            "fixed_params": {},
            "shared_params": [],
            "covariates": [],
            "sfs_neut": {
                "py/object": "fastdfe.spectrum.Spectra",
                "data": {
                    "all": [
                        1039339.17546773,
                        889.0,
                        265.0,
                        151.0,
                        135.0,
                        80.0,
                        106.0,
                        79.0,
                        61.0,
                        54.0,
                        57.0,
                        44.0,
                        50.0,
                        32.0,
                        48.0,
                        36.0,
                        33.0,
                        34.0,
                        22.0,
                        32.0,
                        42.0,
                        27.0,
                        32.0,
                        34.0,
                        44.0,
                        0.0
                    ]
                }
            },
            "sfs_sel": {
                "py/object": "fastdfe.spectrum.Spectra",
                "data": {
                    "all": [
                        2843526.82453227,
                        1931.0,
                        503.0,
                        305.0,
                        211.0,
                        142.0,
                        121.0,
                        160.0,
                        114.0,
                        82.0,
                        64.0,
                        58.0,
                        54.0,
                        53.0,
                        45.0,
                        39.0,
                        41.0,
                        45.0,
                        37.0,
                        35.0,
                        43.0,
                        30.0,
                        40.0,
                        64.0,
                        89.0,
                        0.0
                    ]
                }
            },
            "do_bootstrap": false,
            "n_bootstraps": 10,
            "parallelize": false,
            "loss_type": "likelihood"
        }
    },
    "output_file": null,
    "execution_time": 386.9388995170593,
    "summary": {
        "py/object": "fastdfe.polydfe.PolyDFEResult",
        "output_file": "results/polydfe/hgdp/inference/1/opts.n.25.config.default/bootstraps/94/all.polydfe.txt",
        "postprocessing_source": "../resources/polydfe/postprocessing/script.R",
        "data": {
            "output_file": "/scratch/40841540/tmpjhuknkn4",
            "model": "C",
            "likelihood": -164.7865,
            "criteria": 8e-05,
            "params_mle": {
                "eps": 4.50852e-06,
                "eps_cont": 0,
                "lambda": 0,
                "theta_bar": 0.0008551348,
                "a": -1,
                "S_d": -19.61351,
                "b": 0.190397,
                "p_b": 0.005019848,
                "S_b": 0.05335281,
                "r": [
                    0.5896407,
                    0.5504488,
                    0.5750498,
                    0.4723626,
                    0.5906455,
                    0.7368527,
                    0.6247533,
                    0.5524491,
                    0.5515911,
                    0.5160451,
                    0.5786135,
                    0.5160612,
                    0.6121404,
                    0.5321963,
                    0.5633218,
                    0.6423925,
                    0.5105201,
                    0.6148497,
                    0.824751,
                    0.5831657,
                    0.7747923,
                    1.106713,
                    1.572871
                ]
            },
            "n": 25,
            "expec": [
                {
                    "E[P_z(1)]": 0.0008551312,
                    "E[P_z(2)]": 0.0002521102,
                    "E[P_z(3)]": 0.0001569021,
                    "E[P_z(4)]": 0.0001229358,
                    "E[P_z(5)]": 8.07865e-05,
                    "E[P_z(6)]": 8.418e-05,
                    "E[P_z(7)]": 9.00152e-05,
                    "E[P_z(8)]": 6.67809e-05,
                    "E[P_z(9)]": 5.24908e-05,
                    "E[P_z(10)]": 4.71684e-05,
                    "E[P_z(11)]": 4.01171e-05,
                    "E[P_z(12)]": 4.12327e-05,
                    "E[P_z(13)]": 3.39463e-05,
                    "E[P_z(14)]": 3.73902e-05,
                    "E[P_z(15)]": 3.03401e-05,
                    "E[P_z(16)]": 3.01074e-05,
                    "E[P_z(17)]": 3.23138e-05,
                    "E[P_z(18)]": 2.42538e-05,
                    "E[P_z(19)]": 2.76729e-05,
                    "E[P_z(20)]": 3.52639e-05,
                    "E[P_z(21)]": 2.37474e-05,
                    "E[P_z(22)]": 3.01166e-05,
                    "E[P_z(23)]": 4.11483e-05,
                    "E[P_z(24)]": 5.6046e-05,
                    "E[D_z]": null,
                    "E[mis_z]": null
                },
                {
                    "E[P_z(1)]": 0.0006774276,
                    "E[P_z(2)]": 0.0001774566,
                    "E[P_z(3)]": 0.0001027275,
                    "E[P_z(4)]": 7.65267e-05,
                    "E[P_z(5)]": 4.84027e-05,
                    "E[P_z(6)]": 4.8917e-05,
                    "E[P_z(7)]": 5.09961e-05,
                    "E[P_z(8)]": 3.70219e-05,
                    "E[P_z(9)]": 2.85552e-05,
                    "E[P_z(10)]": 2.5234e-05,
                    "E[P_z(11)]": 2.11419e-05,
                    "E[P_z(12)]": 2.14361e-05,
                    "E[P_z(13)]": 1.74296e-05,