{
    "output_file": "/scratch/40840194/tmpp64qx8mg",
    "model": "C",
    "likelihood": -30.49865,
    "criteria": 8e-05,
    "params_mle": {
        "eps": 4.51926e-06,
        "eps_cont": 0,
        "lambda": 0,
        "theta_bar": 0.0006539256,
        "a": -1,
        "S_d": -12.90891,
        "b": 0.5300447,
        "p_b": 0.1086232,
        "S_b": 21.71633,
        "r": [
            0.9667823,
            0.9703325,
            0.770196
        ]
    },
    "n": 5,
    "expec": [
        {
            "E[P_z(1)]": 0.0006539233,
            "E[P_z(2)]": 0.0003161014,
            "E[P_z(3)]": 0.0002115089,
            "E[P_z(4)]": 0.0001259151,
            "E[D_z]": null,
            "E[mis_z]": null
        },
        {
            "E[P_z(1)]": 0.0004045994,
            "E[P_z(2)]": 0.000165095,
            "E[P_z(3)]": 0.0001118416,
            "E[P_z(4)]": 8.13366e-05,
            "E[D_z]": null,
            "E[mis_z]": null
        }
    ],
    "alpha": 0.9184722607567315,
    "execution_time": 92.83375573158264
}