{
    "py/object": "fastdfe.polydfe.PolyDFE",
    "logger": {
        "py/reduce": [
            {
                "py/function": "logging.getLogger"
            },
            {
                "py/tuple": [
                    "fastdfe.PolyDFE"
                ]
            }
        ]
    },
    "bootstraps": null,
    "config": {
        "py/object": "fastdfe.config.Config",
        "data": {
            "model": "GammaExpParametrization",
            "intervals_del": {
                "py/tuple": [
                    -100000000.0,
                    -1e-05,
                    1000
                ]
            },
            "intervals_ben": {
                "py/tuple": [
                    1e-05,
                    10000.0,
                    1000
                ]
            },
            "integration_mode": "midpoint",
            "linearized": true,
            "seed": 0,
            "opts_mle": {},
            "n_runs": 10,
            "x0": {
                "all": {
                    "S_b": 0.05328228,
                    "S_d": -33.44406,
                    "a": -1,
                    "b": 0.1398527,
                    "eps": 4.50451e-06,
                    "eps_cont": 0,
                    "lambda": 0,
                    "p_b": 0.005009714,
                    "r": [
                        0.5834314,
                        0.499803,
                        0.5581096,
                        0.5076067,
                        0.557493,
                        0.6522272,
                        0.6050956,
                        0.5227928,
                        0.5765882,
                        0.4982845,
                        0.5150672,
                        0.5206269,
                        0.482151,
                        0.5460091,
                        0.5199818,
                        0.523935,
                        0.5814646,
                        0.6159988,
                        0.7697745,
                        0.7047025,
                        0.6593795,
                        0.914738,
                        1.558127
                    ],
                    "theta_bar": 0.0008647194
                }
            },
            "bounds": {},
            "scales": {},
            "fixed_params": {},
            "shared_params": [],
            "covariates": [],
            "sfs_neut": {
                "py/object": "fastdfe.spectrum.Spectra",
                "data": {
                    "all": [
                        1039387.17546773,
                        913.0,
                        264.0,
                        123.0,
                        132.0,
                        72.0,
                        69.0,
                        64.0,
                        78.0,
                        56.0,
                        62.0,
                        44.0,
                        37.0,
                        39.0,
                        44.0,
                        36.0,
                        26.0,
                        28.0,
                        31.0,
                        35.0,
                        40.0,
                        33.0,
                        34.0,
                        30.0,
                        49.0,
                        0.0
                    ]
                }
            },
            "sfs_sel": {
                "py/object": "fastdfe.spectrum.Spectra",
                "data": {
                    "all": [
                        2843464.82453227,
                        1989.0,
                        503.0,
                        270.0,
                        233.0,
                        143.0,
                        124.0,
                        159.0,
                        128.0,
                        98.0,
                        65.0,
                        54.0,
                        51.0,
                        47.0,
                        43.0,
                        38.0,
                        40.0,
                        36.0,
                        45.0,
                        33.0,
                        58.0,
                        51.0,
                        24.0,
                        54.0,
                        82.0,
                        0.0
                    ]
                }
            },
            "do_bootstrap": false,
            "n_bootstraps": 10,
            "parallelize": false,
            "loss_type": "likelihood"
        }
    },
    "output_file": null,
    "execution_time": 335.27590441703796,
    "summary": {
        "py/object": "fastdfe.polydfe.PolyDFEResult",
        "output_file": "results/polydfe/hgdp/inference/1/opts.n.25.config.default/bootstraps/68/all.polydfe.txt",
        "postprocessing_source": "../resources/polydfe/postprocessing/script.R",
        "data": {
            "output_file": "/scratch/40841212/tmp0989m6fz",
            "model": "C",
            "likelihood": -165.037,
            "criteria": 9e-05,
            "params_mle": {
                "eps": 4.50618e-06,
                "eps_cont": 0,
                "lambda": 0,
                "theta_bar": 0.0008589039,
                "a": -1,
                "S_d": -13.73769,
                "b": 0.2040147,
                "p_b": 0.004980503,
                "S_b": 0.05319621,
                "r": [
                    0.569828,
                    0.4590555,
                    0.587527,
                    0.4435282,
                    0.487365,
                    0.6678437,
                    0.7149565,
                    0.6086112,
                    0.5636415,
                    0.4829975,
                    0.4772221,
                    0.5092056,
                    0.5587432,
                    0.5125791,
                    0.4906469,
                    0.5084232,
                    0.6427199,
                    0.6100927,
                    0.9299741,
                    0.8407598,
                    0.610779,
                    0.9285694,
                    1.516872
                ]
            },
            "n": 25,
            "expec": [
                {
                    "E[P_z(1)]": 0.0008589003,
                    "E[P_z(2)]": 0.0002447128,
                    "E[P_z(3)]": 0.0001314277,
                    "E[P_z(4)]": 0.0001261569,
                    "E[P_z(5)]": 7.61895e-05,
                    "E[P_z(6)]": 6.97664e-05,
                    "E[P_z(7)]": 8.19446e-05,
                    "E[P_z(8)]": 7.67596e-05,
                    "E[P_z(9)]": 5.80819e-05,
                    "E[P_z(10)]": 4.84113e-05,
                    "E[P_z(11)]": 3.77135e-05,
                    "E[P_z(12)]": 3.41573e-05,
                    "E[P_z(13)]": 3.3643e-05,
                    "E[P_z(14)]": 3.42791e-05,
                    "E[P_z(15)]": 2.93505e-05,
                    "E[P_z(16)]": 2.63388e-05,
                    "E[P_z(17)]": 2.56877e-05,
                    "E[P_z(18)]": 3.06688e-05,
                    "E[P_z(19)]": 2.75797e-05,
                    "E[P_z(20)]": 3.99381e-05,
                    "E[P_z(21)]": 3.43876e-05,
                    "E[P_z(22)]": 2.3846e-05,
                    "E[P_z(23)]": 3.46771e-05,
                    "E[P_z(24)]": 5.42889e-05,
                    "E[D_z]": null,
                    "E[mis_z]": null
                },
                {
                    "E[P_z(1)]": 0.0007048394,
                    "E[P_z(2)]": 0.0001798122,
                    "E[P_z(3)]": 8.99244e-05,
                    "E[P_z(4)]": 8.20194e-05,
                    "E[P_z(5)]": 4.76263e-05,
                    "E[P_z(6)]": 4.2251e-05,
                    "E[P_z(7)]": 4.83298e-05,
                    "E[P_z(8)]": 4.42563e-05,
                    "E[P_z(9)]": 3.283e-05,
                    "E[P_z(10)]": 2.68864e-05,
                    "E[P_z(11)]": 2.06164e-05,
                    "E[P_z(12)]": 1.84062e-05,
                    "E[P_z(13)]": 1.7892e-05,