{
    "py/object": "fastdfe.polydfe.PolyDFE",
    "logger": {
        "py/reduce": [
            {
                "py/function": "logging.getLogger"
            },
            {
                "py/tuple": [
                    "fastdfe.PolyDFE"
                ]
            }
        ]
    },
    "bootstraps": null,
    "config": {
        "py/object": "fastdfe.config.Config",
        "data": {
            "model": "GammaExpParametrization",
            "intervals_del": {
                "py/tuple": [
                    -100000000.0,
                    -1e-05,
                    1000
                ]
            },
            "intervals_ben": {
                "py/tuple": [
                    1e-05,
                    10000.0,
                    1000
                ]
            },
            "integration_mode": "midpoint",
            "linearized": true,
            "seed": 0,
            "opts_mle": {},
            "n_runs": 10,
            "x0": {
                "all": {
                    "S_b": 0.05328228,
                    "S_d": -33.44406,
                    "a": -1,
                    "b": 0.1398527,
                    "eps": 4.50451e-06,
                    "eps_cont": 0,
                    "lambda": 0,
                    "p_b": 0.005009714,
                    "r": [
                        0.5834314,
                        0.499803,
                        0.5581096,
                        0.5076067,
                        0.557493,
                        0.6522272,
                        0.6050956,
                        0.5227928,
                        0.5765882,
                        0.4982845,
                        0.5150672,
                        0.5206269,
                        0.482151,
                        0.5460091,
                        0.5199818,
                        0.523935,
                        0.5814646,
                        0.6159988,
                        0.7697745,
                        0.7047025,
                        0.6593795,
                        0.914738,
                        1.558127
                    ],
                    "theta_bar": 0.0008647194
                }
            },
            "bounds": {},
            "scales": {},
            "fixed_params": {},
            "shared_params": [],
            "covariates": [],
            "sfs_neut": {
                "py/object": "fastdfe.spectrum.Spectra",
                "data": {
                    "all": [
                        1039424.17546773,
                        887.0,
                        263.0,
                        145.0,
                        142.0,
                        99.0,
                        86.0,
                        72.0,
                        49.0,
                        42.0,
                        55.0,
                        29.0,
                        43.0,
                        35.0,
                        37.0,
                        48.0,
                        27.0,
                        30.0,
                        22.0,
                        38.0,
                        29.0,
                        30.0,
                        22.0,
                        27.0,
                        45.0,
                        0.0
                    ]
                }
            },
            "sfs_sel": {
                "py/object": "fastdfe.spectrum.Spectra",
                "data": {
                    "all": [
                        2843477.82453227,
                        1942.0,
                        488.0,
                        276.0,
                        223.0,
                        158.0,
                        144.0,
                        143.0,
                        117.0,
                        91.0,
                        81.0,
                        67.0,
                        54.0,
                        53.0,
                        39.0,
                        41.0,
                        42.0,
                        42.0,
                        37.0,
                        39.0,
                        49.0,
                        45.0,
                        33.0,
                        60.0,
                        91.0,
                        0.0
                    ]
                }
            },
            "do_bootstrap": false,
            "n_bootstraps": 10,
            "parallelize": false,
            "loss_type": "likelihood"
        }
    },
    "output_file": null,
    "execution_time": 713.6469757556915,
    "summary": {
        "py/object": "fastdfe.polydfe.PolyDFEResult",
        "output_file": "results/polydfe/hgdp/inference/1/opts.n.25.config.default/bootstraps/0/all.polydfe.txt",
        "postprocessing_source": "../resources/polydfe/postprocessing/script.R",
        "data": {
            "output_file": "/scratch/40841249/tmptisj8cyz",
            "model": "C",
            "likelihood": -163.8807,
            "criteria": 0.0001,
            "params_mle": {
                "eps": 4.50807e-06,
                "eps_cont": 0,
                "lambda": 0,
                "theta_bar": 0.000862958,
                "a": -1,
                "S_d": -37.63227,
                "b": 0.1172607,
                "p_b": 0.005038171,
                "S_b": 0.05339937,
                "r": [
                    0.5647573,
                    0.4907963,
                    0.5797429,
                    0.5184077,
                    0.563719,
                    0.6210943,
                    0.5527886,
                    0.5019936,
                    0.5741101,
                    0.4484032,
                    0.4968853,
                    0.4907028,
                    0.4584161,
                    0.5775421,
                    0.4794174,
                    0.5334226,
                    0.4643656,
                    0.6417178,
                    0.6863082,
                    0.6948497,
                    0.5352456,
                    0.887404,
                    1.450911
                ]
            },
            "n": 25,
            "expec": [
                {
                    "E[P_z(1)]": 0.0008629544,
                    "E[P_z(2)]": 0.00024368,
                    "E[P_z(3)]": 0.0001411783,
                    "E[P_z(4)]": 0.000125073,
                    "E[P_z(5)]": 8.94725e-05,
                    "E[P_z(6)]": 8.10774e-05,
                    "E[P_z(7)]": 7.65681e-05,
                    "E[P_z(8)]": 5.9629e-05,
                    "E[P_z(9)]": 4.81332e-05,
                    "E[P_z(10)]": 4.95432e-05,
                    "E[P_z(11)]": 3.51775e-05,
                    "E[P_z(12)]": 3.57326e-05,
                    "E[P_z(13)]": 3.25735e-05,
                    "E[P_z(14)]": 2.82567e-05,
                    "E[P_z(15)]": 3.32264e-05,
                    "E[P_z(16)]": 2.58574e-05,
                    "E[P_z(17)]": 2.70779e-05,
                    "E[P_z(18)]": 2.22629e-05,
                    "E[P_z(19)]": 2.91463e-05,
                    "E[P_z(20)]": 2.9613e-05,
                    "E[P_z(21)]": 2.85541e-05,
                    "E[P_z(22)]": 2.09957e-05,
                    "E[P_z(23)]": 3.32963e-05,
                    "E[P_z(24)]": 5.21734e-05,
                    "E[D_z]": null,
                    "E[mis_z]": null
                },
                {
                    "E[P_z(1)]": 0.0006777243,
                    "E[P_z(2)]": 0.0001745724,
                    "E[P_z(3)]": 9.61903e-05,
                    "E[P_z(4)]": 8.2416e-05,
                    "E[P_z(5)]": 5.75139e-05,
                    "E[P_z(6)]": 5.11056e-05,
                    "E[P_z(7)]": 4.74888e-05,
                    "E[P_z(8)]": 3.64778e-05,
                    "E[P_z(9)]": 2.90954e-05,
                    "E[P_z(10)]": 2.9633e-05,
                    "E[P_z(11)]": 2.08423e-05,
                    "E[P_z(12)]": 2.09905e-05,
                    "E[P_z(13)]": 1.89852e-05,