{
    "output_file": "/scratch/40841072/tmptkt7we09",
    "model": "C",
    "likelihood": -98.95777,
    "criteria": 9e-05,
    "params_mle": {
        "eps": 4.50295e-06,
        "eps_cont": 0,
        "lambda": 0,
        "theta_bar": 0.0008619321,
        "a": -1,
        "S_d": -28.4476,
        "b": 0.1400308,
        "p_b": 0.01058909,
        "S_b": 0.09631804,
        "r": [
            0.6095672,
            0.6536405,
            0.6471833,
            0.6226506,
            0.7452317,
            0.6385476,
            0.5852389,
            0.7259737,
            0.5399355,
            0.5978106,
            0.5845716,
            0.7357331,
            1.293881
        ]
    },
    "n": 15,
    "expec": [
        {
            "E[P_z(1)]": 0.0008619286,
            "E[P_z(2)]": 0.0002627018,
            "E[P_z(3)]": 0.0001877973,
            "E[P_z(4)]": 0.0001394566,
            "E[P_z(5)]": 0.0001073362,
            "E[P_z(6)]": 0.0001070564,
            "E[P_z(7)]": 7.86263e-05,
            "E[P_z(8)]": 6.30546e-05,
            "E[P_z(9)]": 6.95268e-05,
            "E[P_z(10)]": 4.6539e-05,
            "E[P_z(11)]": 4.68433e-05,
            "E[P_z(12)]": 4.19891e-05,
            "E[P_z(13)]": 4.87819e-05,
            "E[P_z(14)]": 7.96634e-05,
            "E[D_z]": null,
            "E[mis_z]": null
        },
        {
            "E[P_z(1)]": 0.0006475162,
            "E[P_z(2)]": 0.0001772037,
            "E[P_z(3)]": 0.0001195239,
            "E[P_z(4)]": 8.54058e-05,
            "E[P_z(5)]": 6.38888e-05,
            "E[P_z(6)]": 6.23031e-05,
            "E[P_z(7)]": 4.49147e-05,
            "E[P_z(8)]": 3.54532e-05,
            "E[P_z(9)]": 3.85573e-05,
            "E[P_z(10)]": 2.5496e-05,
            "E[P_z(11)]": 2.53832e-05,
            "E[P_z(12)]": 2.25278e-05,
            "E[P_z(13)]": 2.59353e-05,
            "E[P_z(14)]": 4.20005e-05,
            "E[D_z]": null,
            "E[mis_z]": null
        }
    ],
    "alpha": 0.022463422482574935,
    "execution_time": 192.49187922477722
}