{
    "likelihood": -30.84562818031038,
    "L2_residual": 6.761671399496844,
    "params_mle": {
        "S_d": -6.564929776108129,
        "b": 10.0,
        "p_b": 0.21400338318616666,
        "S_b": 6.8364490493313745,
        "eps": 0.0
    },
    "alpha": 0.9865203354603636,
    "result": {
        "fun": 25.476202302128712,
        "jac": [
            -5.684341857518352e-06,
            -0.022299673107044494,
            3.4816594070570826e-05,
            1.2079226447226499e-05,
            3.3074876171212964
        ],
        "nfev": 714,
        "njev": 119,
        "nit": 77,
        "status": 0,
        "message": "CONVERGENCE: REL_REDUCTION_OF_F_<=_FACTR*EPSMCH",
        "x": [
            -0.8172300848791384,
            1.0,
            0.21400338318616666,
            0.8348305814392325,
            0.0
        ],
        "success": true,
        "hess_inv": "<5x5 LbfgsInvHessProduct with dtype=float64>"
    },
    "execution_time": 290.17248034477234,
    "sfs_mle": [
        0.0,
        205.04871297853023,
        66.6559099938091,
        46.443829074795225,
        39.21259337470604,
        25.27223068617806,
        24.987908122338446,
        28.491280833124993,
        19.999302494286436,
        27.158070145944734,
        0.0
    ],
    "fixed_params": {},
    "bounds": {
        "S_d": [
            -100000.0,
            -0.01
        ],
        "b": [
            0.01,
            10
        ],
        "p_b": [
            0,
            0.5
        ],
        "S_b": [
            0.0001,
            100
        ],
        "eps": [
            0,
            0.15
        ]
    },
    "config": {
        "model": "GammaExpParametrization",
        "intervals_del": [
            -100000000.0,
            -1e-05,
            1000
        ],
        "intervals_ben": [
            1e-05,
            10000.0,
            1000
        ],
        "integration_mode": "midpoint",
        "linearized": true,
        "seed": 0,
        "opts_mle": {},
        "n_runs": 100,
        "x0": {
            "all": {
                "S_d": -1000,
                "b": 0.4,
                "p_b": 0.05,
                "S_b": 1,
                "eps": 0.0
            }
        },
        "bounds": {
            "S_d": [
                -100000.0,
                -0.01
            ],
            "b": [
                0.01,
                10
            ],
            "p_b": [
                0,
                0.5
            ],
            "S_b": [
                0.0001,
                100
            ],
            "eps": [
                0,
                0.15
            ]
        },
        "scales": {
            "S_d": "log",
            "b": "log",
            "p_b": "lin",
            "S_b": "log",
            "eps": "lin"
        },
        "fixed_params": {},
        "shared_params": [],
        "covariates": [],
        "sfs_neut": {
            "all": [
                5771.0,
                183.0,
                74.0,
                60.0,
                55.0,
                36.0,
                34.0,
                35.0,
                21.0,
                23.0,
                123.0
            ]
        },
        "sfs_sel": {
            "all": [
                8872.0,
                203.0,
                70.0,
                46.0,
                37.0,
                27.0,
                22.0,
                32.0,
                19.0,
                27.0,
                128.0
            ]
        },
        "do_bootstrap": true,
        "n_bootstraps": 1000,
        "parallelize": false,
        "loss_type": "likelihood"
    }
}