{
    "py/object": "fastdfe.polydfe.PolyDFE",
    "logger": {
        "py/reduce": [
            {
                "py/function": "logging.getLogger"
            },
            {
                "py/tuple": [
                    "fastdfe.PolyDFE"
                ]
            }
        ]
    },
    "bootstraps": null,
    "config": {
        "py/object": "fastdfe.config.Config",
        "data": {
            "model": "GammaExpParametrization",
            "intervals_del": {
                "py/tuple": [
                    -100000000.0,
                    -1e-05,
                    1000
                ]
            },
            "intervals_ben": {
                "py/tuple": [
                    1e-05,
                    10000.0,
                    1000
                ]
            },
            "integration_mode": "midpoint",
            "linearized": true,
            "seed": 0,
            "opts_mle": {},
            "n_runs": 10,
            "x0": {
                "all": {
                    "S_b": 0.05627203,
                    "S_d": -26.88451,
                    "a": -1,
                    "b": 0.1464485,
                    "eps": 4.50288e-06,
                    "eps_cont": 0,
                    "lambda": 0,
                    "p_b": 0.004419742,
                    "r": [
                        0.4932568,
                        0.4490162,
                        0.411058,
                        0.4293708,
                        0.4059378,
                        0.3950674,
                        0.4836194,
                        0.4412304,
                        0.4459431,
                        0.5171633,
                        0.4880109,
                        0.499798,
                        0.5114526,
                        0.4705895,
                        0.3840001,
                        0.3914661,
                        0.4942643,
                        0.4410675,
                        0.4295933,
                        0.3836019,
                        0.3386893,
                        0.4566943,
                        0.4425798,
                        0.4623484,
                        0.424307,
                        0.4116725,
                        0.4906384,
                        0.4335386,
                        0.4045893,
                        0.5819833,
                        0.4816641,
                        0.5724359,
                        0.5396078,
                        0.5300813,
                        0.62822,
                        0.8578236,
                        0.810246,
                        2.052769
                    ],
                    "theta_bar": 0.001050261
                }
            },
            "bounds": {},
            "scales": {},
            "fixed_params": {},
            "shared_params": [],
            "covariates": [],
            "sfs_neut": {
                "py/object": "fastdfe.spectrum.Spectra",
                "data": {
                    "all": [
                        1038036.33330917,
                        1058.0,
                        285.0,
                        164.0,
                        123.0,
                        85.0,
                        72.0,
                        45.0,
                        56.0,
                        56.0,
                        43.0,
                        48.0,
                        45.0,
                        42.0,
                        37.0,
                        22.0,
                        28.0,
                        23.0,
                        35.0,
                        23.0,
                        13.0,
                        10.0,
                        13.0,
                        23.0,
                        23.0,
                        27.0,
                        19.0,
                        22.0,
                        19.0,
                        14.0,
                        24.0,
                        20.0,
                        20.0,
                        8.0,
                        15.0,
                        13.0,
                        21.0,
                        15.0,
                        15.0,
                        45.0,
                        0.0
                    ]
                }
            },
            "sfs_sel": {
                "py/object": "fastdfe.spectrum.Spectra",
                "data": {
                    "all": [
                        2843498.66669083,
                        2437.0,
                        537.0,
                        316.0,
                        207.0,
                        154.0,
                        128.0,
                        136.0,
                        106.0,
                        84.0,
                        94.0,
                        97.0,
                        60.0,
                        67.0,
                        72.0,
                        62.0,
                        42.0,
                        30.0,
                        46.0,
                        33.0,
                        27.0,
                        43.0,
                        33.0,
                        35.0,
                        29.0,
                        30.0,
                        29.0,
                        21.0,
                        44.0,
                        20.0,
                        11.0,
                        34.0,
                        27.0,
                        29.0,
                        20.0,
                        18.0,
                        26.0,
                        42.0,
                        39.0,
                        90.0,
                        0.0
                    ]
                }
            },
            "do_bootstrap": false,
            "n_bootstraps": 10,
            "parallelize": false,
            "loss_type": "likelihood"
        }
    },
    "output_file": null,
    "execution_time": 2396.7248244285583,
    "summary": {
        "py/object": "fastdfe.polydfe.PolyDFEResult",
        "output_file": "results/polydfe/hgdp/inference/1/opts.n.40.config.default/bootstraps/68/all.polydfe.txt",
        "postprocessing_source": "../resources/polydfe/postprocessing/script.R",
        "data": {
            "output_file": "/scratch/40841801/tmpv6mwwj31",
            "model": "C",
            "likelihood": -254.3155,
            "criteria": 0.0001,
            "params_mle": {
                "eps": 4.5065e-06,
                "eps_cont": 0,
                "lambda": 0,
                "theta_bar": 0.001037882,
                "a": -1,
                "S_d": -55.25364,
                "b": 0.09031118,
                "p_b": 0.004451846,
                "S_b": 0.05644115,
                "r": [
                    0.4945896,
                    0.4449472,
                    0.415105,
                    0.3807028,
                    0.38621,
                    0.411196,
                    0.4235962,
                    0.4143608,
                    0.4529658,
                    0.5298993,
                    0.4204122,
                    0.4746737,
                    0.5130456,
                    0.4250295,
                    0.3789816,
                    0.305757,
                    0.4961308,
                    0.3629838,
                    0.2735836,
                    0.3814956,
                    0.3476289,
                    0.4591941,
                    0.4304381,
                    0.4924196,
                    0.4320324,
                    0.4026151,
                    0.6127524,
                    0.3430495,
                    0.3658823,
                    0.5842095,
                    0.5256365,
                    0.4273303,
                    0.4170459,
                    0.380739,
                    0.5945188,
                    0.7419579,
                    0.7227568,
                    1.856547
                ]
            },