{
    "py/object": "fastdfe.polydfe.PolyDFE",
    "logger": {
        "py/reduce": [
            {
                "py/function": "logging.getLogger"
            },
            {
                "py/tuple": [
                    "fastdfe.PolyDFE"
                ]
            }
        ]
    },
    "bootstraps": null,
    "config": {
        "py/object": "fastdfe.config.Config",
        "data": {
            "model": "GammaExpParametrization",
            "intervals_del": {
                "py/tuple": [
                    -100000000.0,
                    -1e-05,
                    1000
                ]
            },
            "intervals_ben": {
                "py/tuple": [
                    1e-05,
                    10000.0,
                    1000
                ]
            },
            "integration_mode": "midpoint",
            "linearized": true,
            "seed": 0,
            "opts_mle": {},
            "n_runs": 10,
            "x0": {
                "all": {
                    "S_b": 0.05627203,
                    "S_d": -26.88451,
                    "a": -1,
                    "b": 0.1464485,
                    "eps": 4.50288e-06,
                    "eps_cont": 0,
                    "lambda": 0,
                    "p_b": 0.004419742,
                    "r": [
                        0.4932568,
                        0.4490162,
                        0.411058,
                        0.4293708,
                        0.4059378,
                        0.3950674,
                        0.4836194,
                        0.4412304,
                        0.4459431,
                        0.5171633,
                        0.4880109,
                        0.499798,
                        0.5114526,
                        0.4705895,
                        0.3840001,
                        0.3914661,
                        0.4942643,
                        0.4410675,
                        0.4295933,
                        0.3836019,
                        0.3386893,
                        0.4566943,
                        0.4425798,
                        0.4623484,
                        0.424307,
                        0.4116725,
                        0.4906384,
                        0.4335386,
                        0.4045893,
                        0.5819833,
                        0.4816641,
                        0.5724359,
                        0.5396078,
                        0.5300813,
                        0.62822,
                        0.8578236,
                        0.810246,
                        2.052769
                    ],
                    "theta_bar": 0.001050261
                }
            },
            "bounds": {},
            "scales": {},
            "fixed_params": {},
            "shared_params": [],
            "covariates": [],
            "sfs_neut": {
                "py/object": "fastdfe.spectrum.Spectra",
                "data": {
                    "all": [
                        1037882.33330917,
                        1119.0,
                        243.0,
                        164.0,
                        113.0,
                        91.0,
                        75.0,
                        64.0,
                        69.0,
                        52.0,
                        39.0,
                        45.0,
                        58.0,
                        47.0,
                        43.0,
                        27.0,
                        40.0,
                        40.0,
                        30.0,
                        28.0,
                        33.0,
                        18.0,
                        10.0,
                        23.0,
                        15.0,
                        24.0,
                        26.0,
                        18.0,
                        15.0,
                        18.0,
                        21.0,
                        19.0,
                        23.0,
                        22.0,
                        10.0,
                        12.0,
                        36.0,
                        17.0,
                        16.0,
                        60.0,
                        0.0
                    ]
                }
            },
            "sfs_sel": {
                "py/object": "fastdfe.spectrum.Spectra",
                "data": {
                    "all": [
                        2843535.66669083,
                        2432.0,
                        546.0,
                        316.0,
                        217.0,
                        145.0,
                        142.0,
                        132.0,
                        84.0,
                        86.0,
                        74.0,
                        81.0,
                        80.0,
                        67.0,
                        56.0,
                        46.0,
                        50.0,
                        35.0,
                        40.0,
                        52.0,
                        29.0,
                        24.0,
                        33.0,
                        42.0,
                        32.0,
                        27.0,
                        24.0,
                        25.0,
                        27.0,
                        21.0,
                        12.0,
                        31.0,
                        24.0,
                        31.0,
                        30.0,
                        34.0,
                        23.0,
                        45.0,
                        28.0,
                        95.0,
                        0.0
                    ]
                }
            },
            "do_bootstrap": false,
            "n_bootstraps": 10,
            "parallelize": false,
            "loss_type": "likelihood"
        }
    },
    "output_file": null,
    "execution_time": 1024.0537407398224,
    "summary": {
        "py/object": "fastdfe.polydfe.PolyDFEResult",
        "output_file": "results/polydfe/hgdp/inference/1/opts.n.40.config.default/bootstraps/22/all.polydfe.txt",
        "postprocessing_source": "../resources/polydfe/postprocessing/script.R",
        "data": {
            "output_file": "/scratch/40841791/tmpurcbti34",
            "model": "C",
            "likelihood": -254.9274,
            "criteria": 0.00037,
            "params_mle": {
                "eps": 4.50387e-06,
                "eps_cont": 0,
                "lambda": 0,
                "theta_bar": 0.001058492,
                "a": -1,
                "S_d": -31.02826,
                "b": 0.1460412,
                "p_b": 0.004422604,
                "S_b": 0.05630895,
                "r": [
                    0.4752038,
                    0.4509151,
                    0.4244009,
                    0.3869408,
                    0.4336764,
                    0.4628888,
                    0.4174719,
                    0.4275712,
                    0.3922337,
                    0.4846397,
                    0.5829021,
                    0.5248092,
                    0.4935305,
                    0.3919023,
                    0.5178183,
                    0.46051,
                    0.4569753,
                    0.5534141,
                    0.4531277,
                    0.323427,
                    0.3480394,
                    0.5517363,
                    0.4175421,
                    0.4733019,
                    0.4838996,
                    0.4332977,
                    0.4399992,
                    0.4241897,
                    0.372167,
                    0.584011,
                    0.5679133,
                    0.661811,
                    0.5156672,
                    0.6116692,
                    0.8084815,
                    0.8748112,
                    0.6387452,
                    2.313301
                ]
            },