{
    "output_file": "/scratch/40841769/tmprie_qhr3",
    "model": "C",
    "likelihood": -265.6318,
    "criteria": 0.00021,
    "params_mle": {
        "eps": 4.50448e-06,
        "eps_cont": 0,
        "lambda": 0,
        "theta_bar": 0.001008953,
        "a": -1,
        "S_d": -18.3676,
        "b": 0.1812392,
        "p_b": 0.004437911,
        "S_b": 0.0563586,
        "r": [
            0.5144392,
            0.4834831,
            0.4133391,
            0.4267479,
            0.3553895,
            0.4111714,
            0.5188303,
            0.4605763,
            0.5241512,
            0.6099921,
            0.4975506,
            0.5720488,
            0.536096,
            0.5156182,
            0.346481,
            0.4869763,
            0.5389544,
            0.4763227,
            0.426141,
            0.3839783,
            0.3866817,
            0.4779368,
            0.462751,
            0.4442166,
            0.4326138,
            0.4184928,
            0.5134479,
            0.3826563,
            0.4931486,
            0.6979323,
            0.4772846,
            0.6668036,
            0.7024777,
            0.4832927,
            0.7180006,
            0.9056274,
            1.025347,
            2.236785
        ]
    },
    "n": 40,
    "expec": [
        {
            "E[P_z(1)]": 0.001008948,
            "E[P_z(2)]": 0.0002595214,
            "E[P_z(3)]": 0.0001626032,
            "E[P_z(4)]": 0.0001042595,
            "E[P_z(5)]": 8.61134e-05,
            "E[P_z(6)]": 5.97617e-05,
            "E[P_z(7)]": 5.92645e-05,
            "E[P_z(8)]": 6.54342e-05,
            "E[P_z(9)]": 5.16332e-05,
            "E[P_z(10)]": 5.28842e-05,
            "E[P_z(11)]": 5.59501e-05,
            "E[P_z(12)]": 4.18336e-05,
            "E[P_z(13)]": 4.43976e-05,
            "E[P_z(14)]": 3.86353e-05,
            "E[P_z(15)]": 3.46822e-05,
            "E[P_z(16)]": 2.18489e-05,
            "E[P_z(17)]": 2.89021e-05,
            "E[P_z(18)]": 3.02099e-05,
            "E[P_z(19)]": 2.5294e-05,
            "E[P_z(20)]": 2.14978e-05,
            "E[P_z(21)]": 1.84484e-05,
            "E[P_z(22)]": 1.77339e-05,
            "E[P_z(23)]": 2.09659e-05,
            "E[P_z(24)]": 1.94539e-05,
            "E[P_z(25)]": 1.79278e-05,
            "E[P_z(26)]": 1.67881e-05,
            "E[P_z(27)]": 1.56386e-05,
            "E[P_z(28)]": 1.85017e-05,
            "E[P_z(29)]": 1.33134e-05,
            "E[P_z(30)]": 1.65856e-05,
            "E[P_z(31)]": 2.27156e-05,
            "E[P_z(32)]": 1.50489e-05,
            "E[P_z(33)]": 2.03872e-05,
            "E[P_z(34)]": 2.08463e-05,
            "E[P_z(35)]": 1.39323e-05,
            "E[P_z(36)]": 2.01234e-05,
            "E[P_z(37)]": 2.46962e-05,
            "E[P_z(38)]": 2.72254e-05,
            "E[P_z(39)]": 5.78712e-05,
            "E[D_z]": null,
            "E[mis_z]": null
        },
        {
            "E[P_z(1)]": 0.0008476834,
            "E[P_z(2)]": 0.0001975985,
            "E[P_z(3)]": 0.0001161084,
            "E[P_z(4)]": 7.10798e-05,
            "E[P_z(5)]": 5.66477e-05,
            "E[P_z(6)]": 3.81928e-05,
            "E[P_z(7)]": 3.69704e-05,
            "E[P_z(8)]": 3.99818e-05,
            "E[P_z(9)]": 3.09828e-05,
            "E[P_z(10)]": 3.12278e-05,
            "E[P_z(11)]": 3.25649e-05,
            "E[P_z(12)]": 2.40321e-05,
            "E[P_z(13)]": 2.52016e-05,
            "E[P_z(14)]": 2.16904e-05,
            "E[P_z(15)]": 1.92731e-05,
            "E[P_z(16)]": 1.20266e-05,
            "E[P_z(17)]": 1.57678e-05,
            "E[P_z(18)]": 1.63439e-05,
            "E[P_z(19)]": 1.35767e-05,
            "E[P_z(20)]": 1.14531e-05,
            "E[P_z(21)]": 9.759e-06,
            "E[P_z(22)]": 9.3179e-06,
            "E[P_z(23)]": 1.09454e-05,
            "E[P_z(24)]": 1.00937e-05,
            "E[P_z(25)]": 9.2472e-06,
            "E[P_z(26)]": 8.6104e-06,
            "E[P_z(27)]": 7.9774e-06,
            "E[P_z(28)]": 9.3885e-06,
            "E[P_z(29)]": 6.7217e-06,
            "E[P_z(30)]": 8.3331e-06,
            "E[P_z(31)]": 1.13593e-05,
            "E[P_z(32)]": 7.4912e-06,
            "E[P_z(33)]": 1.01038e-05,
            "E[P_z(34)]": 1.02871e-05,
            "E[P_z(35)]": 6.8467e-06,
            "E[P_z(36)]": 9.8492e-06,
            "E[P_z(37)]": 1.20399e-05,
            "E[P_z(38)]": 1.32224e-05,
            "E[P_z(39)]": 2.80023e-05,
            "E[D_z]": null,
            "E[mis_z]": null
        }
    ],
    "alpha": 0.010539930097918199,
    "execution_time": 1124.3245260715485
}