{
    "output_file": "/scratch/40840177/tmpp3b0xyx3",
    "model": "C",
    "likelihood": -30.5088,
    "criteria": 8e-05,
    "params_mle": {
        "eps": 4.49516e-06,
        "eps_cont": 0,
        "lambda": 0,
        "theta_bar": 0.0005992421,
        "a": -1,
        "S_d": -20.36043,
        "b": 0.1813137,
        "p_b": 0.01462024,
        "S_b": 0.1279112,
        "r": [
            0.9651183,
            0.93995,
            0.9508241
        ]
    },
    "n": 5,
    "expec": [
        {
            "E[P_z(1)]": 0.00059924,
            "E[P_z(2)]": 0.0002891693,
            "E[P_z(3)]": 0.000187753,
            "E[P_z(4)]": 0.0001424455,
            "E[D_z]": null,
            "E[mis_z]": null
        },
        {
            "E[P_z(1)]": 0.0003955085,
            "E[P_z(2)]": 0.0001658215,
            "E[P_z(3)]": 0.0001001532,
            "E[P_z(4)]": 7.24762e-05,
            "E[D_z]": null,
            "E[mis_z]": null
        }
    ],
    "alpha": 0.03367452190820325,
    "execution_time": 15.437283992767334
}