{
    "output_file": "/scratch/40841781/tmpixg7662x",
    "model": "C",
    "likelihood": -250.7341,
    "criteria": 7e-05,
    "params_mle": {
        "eps": 4.50342e-06,
        "eps_cont": 0,
        "lambda": 0,
        "theta_bar": 0.00103612,
        "a": -1,
        "S_d": -25.67603,
        "b": 0.1572775,
        "p_b": 0.004416008,
        "S_b": 0.05626589,
        "r": [
            0.5038552,
            0.4512461,
            0.4290224,
            0.4557874,
            0.4257205,
            0.3999079,
            0.5292062,
            0.4589204,
            0.397351,
            0.5545997,
            0.5488056,
            0.5371261,
            0.4951031,
            0.5113709,
            0.3949565,
            0.3838651,
            0.4417039,
            0.3972456,
            0.4722706,
            0.3002295,
            0.3156246,
            0.4181908,
            0.4651287,
            0.4859872,
            0.4572049,
            0.4864678,
            0.6350053,
            0.5029112,
            0.4404205,
            0.7803621,
            0.4844413,
            0.6290876,
            0.5302609,
            0.6427142,
            0.6765341,
            0.7837931,
            0.6720937,
            2.211373
        ]
    },
    "n": 40,
    "expec": [
        {
            "E[P_z(1)]": 0.001036115,
            "E[P_z(2)]": 0.0002610261,
            "E[P_z(3)]": 0.0001558477,
            "E[P_z(4)]": 0.0001111293,
            "E[P_z(5)]": 9.44497e-05,
            "E[P_z(6)]": 7.3516e-05,
            "E[P_z(7)]": 5.9193e-05,
            "E[P_z(8)]": 6.85399e-05,
            "E[P_z(9)]": 5.28328e-05,
            "E[P_z(10)]": 4.11702e-05,
            "E[P_z(11)]": 5.22391e-05,
            "E[P_z(12)]": 4.73856e-05,
            "E[P_z(13)]": 4.28097e-05,
            "E[P_z(14)]": 3.66418e-05,
            "E[P_z(15)]": 3.53227e-05,
            "E[P_z(16)]": 2.55764e-05,
            "E[P_z(17)]": 2.33959e-05,
            "E[P_z(18)]": 2.54254e-05,
            "E[P_z(19)]": 2.16628e-05,
            "E[P_z(20)]": 2.44664e-05,
            "E[P_z(21)]": 1.48131e-05,
            "E[P_z(22)]": 1.48648e-05,
            "E[P_z(23)]": 1.8839e-05,
            "E[P_z(24)]": 2.00804e-05,
            "E[P_z(25)]": 2.01417e-05,
            "E[P_z(26)]": 1.822e-05,
            "E[P_z(27)]": 1.86682e-05,
            "E[P_z(28)]": 2.3498e-05,
            "E[P_z(29)]": 1.79683e-05,
            "E[P_z(30)]": 1.52111e-05,
            "E[P_z(31)]": 2.60823e-05,
            "E[P_z(32)]": 1.56858e-05,
            "E[P_z(33)]": 1.9752e-05,
            "E[P_z(34)]": 1.61595e-05,
            "E[P_z(35)]": 1.90269e-05,
            "E[P_z(36)]": 1.94718e-05,
            "E[P_z(37)]": 2.19493e-05,
            "E[P_z(38)]": 1.83266e-05,
            "E[P_z(39)]": 5.87543e-05,
            "E[D_z]": null,
            "E[mis_z]": null
        },
        {
            "E[P_z(1)]": 0.0008514727,
            "E[P_z(2)]": 0.0001942356,
            "E[P_z(3)]": 0.0001090982,
            "E[P_z(4)]": 7.45371e-05,
            "E[P_z(5)]": 6.13252e-05,
            "E[P_z(6)]": 4.65073e-05,
            "E[P_z(7)]": 3.66455e-05,
            "E[P_z(8)]": 4.1656e-05,
            "E[P_z(9)]": 3.15977e-05,
            "E[P_z(10)]": 2.42748e-05,
            "E[P_z(11)]": 3.0411e-05,
            "E[P_z(12)]": 2.72688e-05,
            "E[P_z(13)]": 2.43769e-05,
            "E[P_z(14)]": 2.06632e-05,
            "E[P_z(15)]": 1.97411e-05,
            "E[P_z(16)]": 1.41749e-05,
            "E[P_z(17)]": 1.28653e-05,
            "E[P_z(18)]": 1.38789e-05,
            "E[P_z(19)]": 1.17433e-05,
            "E[P_z(20)]": 1.31763e-05,
            "E[P_z(21)]": 7.928e-06,
            "E[P_z(22)]": 7.9088e-06,
            "E[P_z(23)]": 9.9667e-06,
            "E[P_z(24)]": 1.05663e-05,
            "E[P_z(25)]": 1.05439e-05,
            "E[P_z(26)]": 9.4908e-06,
            "E[P_z(27)]": 9.678e-06,
            "E[P_z(28)]": 1.2126e-05,
            "E[P_z(29)]": 9.2315e-06,
            "E[P_z(30)]": 7.7816e-06,
            "E[P_z(31)]": 1.32881e-05,
            "E[P_z(32)]": 7.9596e-06,
            "E[P_z(33)]": 9.9842e-06,
            "E[P_z(34)]": 8.1376e-06,
            "E[P_z(35)]": 9.5468e-06,
            "E[P_z(36)]": 9.7355e-06,
            "E[P_z(37)]": 1.09365e-05,
            "E[P_z(38)]": 9.1011e-06,
            "E[P_z(39)]": 2.90832e-05,
            "E[D_z]": null,
            "E[mis_z]": null
        }
    ],
    "alpha": 0.010269239205263144,
    "execution_time": 865.8262329101562
}