neutral,selected
186768.85481903213,491613.14518096787
382.0,762.0
218.0,360.0
146.0,216.0
86.0,137.0
234.0,392.0
