{
    "py/object": "fastdfe.polydfe.PolyDFE",
    "logger": {
        "py/reduce": [
            {
                "py/function": "logging.getLogger"
            },
            {
                "py/tuple": [
                    "fastdfe.PolyDFE"
                ]
            }
        ]
    },
    "bootstraps": null,
    "config": {
        "py/object": "fastdfe.config.Config",
        "data": {
            "model": "GammaExpParametrization",
            "intervals_del": {
                "py/tuple": [
                    -100000000.0,
                    -1e-05,
                    1000
                ]
            },
            "intervals_ben": {
                "py/tuple": [
                    1e-05,
                    10000.0,
                    1000
                ]
            },
            "integration_mode": "midpoint",
            "linearized": true,
            "seed": 0,
            "opts_mle": {},
            "n_runs": 10,
            "x0": {
                "all": {
                    "S_b": 0.09636954,
                    "S_d": -44.34681,
                    "a": -1,
                    "b": 0.1221405,
                    "eps": 4.50123e-06,
                    "eps_cont": 0,
                    "lambda": 0,
                    "p_b": 0.01060767,
                    "r": [
                        0.6268517,
                        0.6514728,
                        0.6820074,
                        0.5848618,
                        0.7565646,
                        0.6523473,
                        0.6349214,
                        0.7005902,
                        0.6139579,
                        0.6324166,
                        0.6421517,
                        0.7478784,
                        1.22486
                    ],
                    "theta_bar": 0.0008663822
                }
            },
            "bounds": {},
            "scales": {},
            "fixed_params": {},
            "shared_params": [],
            "covariates": [],
            "sfs_neut": {
                "py/object": "fastdfe.spectrum.Spectra",
                "data": {
                    "all": [
                        870332.438336528,
                        804.0,
                        233.0,
                        189.0,
                        123.0,
                        90.0,
                        92.0,
                        84.0,
                        66.0,
                        85.0,
                        47.0,
                        51.0,
                        52.0,
                        49.0,
                        48.0,
                        0.0
                    ]
                }
            },
            "sfs_sel": {
                "py/object": "fastdfe.spectrum.Spectra",
                "data": {
                    "all": [
                        2365702.56166347,
                        1548.0,
                        470.0,
                        300.0,
                        228.0,
                        154.0,
                        177.0,
                        108.0,
                        101.0,
                        83.0,
                        69.0,
                        70.0,
                        49.0,
                        55.0,
                        84.0,
                        0.0
                    ]
                }
            },
            "do_bootstrap": false,
            "n_bootstraps": 10,
            "parallelize": false,
            "loss_type": "likelihood"
        }
    },
    "output_file": null,
    "execution_time": 312.6995418071747,
    "summary": {
        "py/object": "fastdfe.polydfe.PolyDFEResult",
        "output_file": "results/polydfe/hgdp/inference/1/opts.n.15.config.default/bootstraps/98/all.polydfe.txt",
        "postprocessing_source": "../resources/polydfe/postprocessing/script.R",
        "data": {
            "output_file": "/scratch/40841074/tmp7zzyn56x",
            "model": "C",
            "likelihood": -104.0668,
            "criteria": 0.00021,
            "params_mle": {
                "eps": 4.5027e-06,
                "eps_cont": 0,
                "lambda": 0,
                "theta_bar": 0.0008954457,
                "a": -1,
                "S_d": -26.79594,
                "b": 0.1587632,
                "p_b": 0.01028148,
                "S_b": 0.09493867,
                "r": [
                    0.6462107,
                    0.7026956,
                    0.6908882,
                    0.6122658,
                    0.8225612,
                    0.6936391,
                    0.6968882,
                    0.7959816,
                    0.6156243,
                    0.7115023,
                    0.6521199,
                    0.7317699,
                    1.005679
                ]
            },
            "n": 15,
            "expec": [
                {
                    "E[P_z(1)]": 0.000895442,
                    "E[P_z(2)]": 0.0002893222,
                    "E[P_z(3)]": 0.0002097412,
                    "E[P_z(4)]": 0.0001546628,
                    "E[P_z(5)]": 0.0001096499,
                    "E[P_z(6)]": 0.0001227596,
                    "E[P_z(7)]": 8.87308e-05,
                    "E[P_z(8)]": 7.80032e-05,
                    "E[P_z(9)]": 7.91956e-05,
                    "E[P_z(10)]": 5.51261e-05,
                    "E[P_z(11)]": 5.79197e-05,
                    "E[P_z(12)]": 4.86622e-05,
                    "E[P_z(13)]": 5.04057e-05,
                    "E[P_z(14)]": 6.43274e-05,
                    "E[D_z]": null,
                    "E[mis_z]": null
                },
                {
                    "E[P_z(1)]": 0.0006630569,
                    "E[P_z(2)]": 0.0001901951,
                    "E[P_z(3)]": 0.0001291707,
                    "E[P_z(4)]": 9.12044e-05,
                    "E[P_z(5)]": 6.26135e-05,
                    "E[P_z(6)]": 6.83381e-05,
                    "E[P_z(7)]": 4.83674e-05,
                    "E[P_z(8)]": 4.17652e-05,
                    "E[P_z(9)]": 4.17482e-05,
                    "E[P_z(10)]": 2.86618e-05,
                    "E[P_z(11)]": 2.97438e-05,
                    "E[P_z(12)]": 2.47107e-05,
                    "E[P_z(13)]": 2.53343e-05,
                    "E[P_z(14)]": 3.2027e-05,
                    "E[D_z]": null,
                    "E[mis_z]": null
                }
            ],
            "alpha": 0.02309613023089781,
            "execution_time": 312.6995418071747
        }
    }
}