{
    "output_file": "/scratch/38996484/tmp1nkey15y",
    "model": "C",
    "likelihood": -133.7935,
    "criteria": 0.0005,
    "params_mle": {
        "eps": 0.01000413,
        "eps_cont": 0,
        "lambda": 0,
        "theta_bar": 0.007490404,
        "a": -1,
        "S_d": -17629.42,
        "b": 0.1792304,
        "p_b": 0.01552341,
        "S_b": 9.240781,
        "r": [
            0.8276191,
            0.7492791,
            0.6971328,
            0.6376689,
            0.5698481,
            0.5596507,
            0.4506459,
            0.5054665,
            0.5551648,
            0.4919981,
            0.5137723,
            0.5039002,
            0.4779452,
            0.5078775,
            0.6674105,
            0.6197608,
            0.7772604,
            0.9169497
        ]
    },
    "n": 20,
    "expec": [
        {
            "E[P_z(1)]": 0.007419085,
            "E[P_z(2)]": 0.003071827,
            "E[P_z(3)]": 0.001854817,
            "E[P_z(4)]": 0.001295517,
            "E[P_z(5)]": 0.0009482599,
            "E[P_z(6)]": 0.00070684,
            "E[P_z(7)]": 0.000595772,
            "E[P_z(8)]": 0.0004209271,
            "E[P_z(9)]": 0.0004198261,
            "E[P_z(10)]": 0.0004158409,
            "E[P_z(11)]": 0.000335881,
            "E[P_z(12)]": 0.0003217097,
            "E[P_z(13)]": 0.0002934261,
            "E[P_z(14)]": 0.0002602732,
            "E[P_z(15)]": 0.0002606334,
            "E[P_z(16)]": 0.0003223825,
            "E[P_z(17)]": 0.0002890579,
            "E[P_z(18)]": 0.0003512172,
            "E[P_z(19)]": 0.0004328093,
            "E[D_z]": null,
            "E[mis_z]": null
        },
        {
            "E[P_z(1)]": 0.001967257,
            "E[P_z(2)]": 0.0006880998,
            "E[P_z(3)]": 0.0003859289,
            "E[P_z(4)]": 0.0002578245,
            "E[P_z(5)]": 0.0001831077,
            "E[P_z(6)]": 0.0001335849,
            "E[P_z(7)]": 0.0001108625,
            "E[P_z(8)]": 7.74794e-05,
            "E[P_z(9)]": 7.67395e-05,
            "E[P_z(10)]": 7.57484e-05,
            "E[P_z(11)]": 6.11827e-05,
            "E[P_z(12)]": 5.88112e-05,
            "E[P_z(13)]": 5.40503e-05,
            "E[P_z(14)]": 4.85354e-05,
            "E[P_z(15)]": 4.94873e-05,
            "E[P_z(16)]": 6.27812e-05,
            "E[P_z(17)]": 5.83546e-05,
            "E[P_z(18)]": 7.46775e-05,
            "E[P_z(19)]": 0.0001012872,
            "E[D_z]": null,
            "E[mis_z]": null
        }
    ],
    "alpha": 0.5139600891497712,
    "execution_time": 1168.761242389679
}