{
    "py/object": "fastdfe.polydfe.PolyDFE",
    "logger": {
        "py/reduce": [
            {
                "py/function": "logging.getLogger"
            },
            {
                "py/tuple": [
                    "fastdfe.PolyDFE"
                ]
            }
        ]
    },
    "bootstraps": null,
    "config": {
        "py/object": "fastdfe.config.Config",
        "data": {
            "model": "GammaExpParametrization",
            "intervals_del": {
                "py/tuple": [
                    -100000000.0,
                    -1e-05,
                    1000
                ]
            },
            "intervals_ben": {
                "py/tuple": [
                    1e-05,
                    10000.0,
                    1000
                ]
            },
            "integration_mode": "midpoint",
            "linearized": true,
            "seed": 0,
            "opts_mle": {},
            "n_runs": 10,
            "x0": {
                "all": {
                    "S_b": 0.1083917,
                    "S_d": -45.46375,
                    "a": -1,
                    "b": 0.1287808,
                    "eps": 4.50268e-06,
                    "eps_cont": 0,
                    "lambda": 0,
                    "p_b": 0.009184894,
                    "r": [
                        0.5642878,
                        0.496756,
                        0.4953868,
                        0.4840476,
                        0.4906511,
                        0.4906073,
                        0.5437098,
                        0.5553355,
                        0.5124802,
                        0.5092361,
                        0.6175192,
                        0.5977393,
                        0.4504409,
                        0.522028,
                        0.3860458,
                        0.4756257,
                        0.5506624,
                        0.3834732,
                        0.531485,
                        0.4975372,
                        0.5880576,
                        0.5381713,
                        0.7063446,
                        0.5665509,
                        0.6574706,
                        0.6611074,
                        0.9643355,
                        1.73894
                    ],
                    "theta_bar": 0.0009259123
                }
            },
            "bounds": {},
            "scales": {},
            "fixed_params": {},
            "shared_params": [],
            "covariates": [],
            "sfs_neut": {
                "py/object": "fastdfe.spectrum.Spectra",
                "data": {
                    "all": [
                        1037531.3337252,
                        1030.0,
                        253.0,
                        178.0,
                        116.0,
                        87.0,
                        74.0,
                        74.0,
                        45.0,
                        55.0,
                        51.0,
                        44.0,
                        37.0,
                        36.0,
                        40.0,
                        26.0,
                        28.0,
                        32.0,
                        27.0,
                        17.0,
                        34.0,
                        16.0,
                        18.0,
                        24.0,
                        23.0,
                        24.0,
                        24.0,
                        31.0,
                        22.0,
                        52.0,
                        0.0
                    ]
                }
            },
            "sfs_sel": {
                "py/object": "fastdfe.spectrum.Spectra",
                "data": {
                    "all": [
                        2844862.6662748,
                        2101.0,
                        528.0,
                        280.0,
                        225.0,
                        144.0,
                        131.0,
                        110.0,
                        131.0,
                        88.0,
                        72.0,
                        81.0,
                        70.0,
                        70.0,
                        33.0,
                        46.0,
                        27.0,
                        35.0,
                        37.0,
                        31.0,
                        29.0,
                        54.0,
                        30.0,
                        28.0,
                        48.0,
                        32.0,
                        30.0,
                        20.0,
                        62.0,
                        74.0,
                        0.0
                    ]
                }
            },
            "do_bootstrap": false,
            "n_bootstraps": 10,
            "parallelize": false,
            "loss_type": "likelihood"
        }
    },
    "output_file": null,
    "execution_time": 1345.0771267414093,
    "summary": {
        "py/object": "fastdfe.polydfe.PolyDFEResult",
        "output_file": "results/polydfe/hgdp/inference/1/opts.n.30.config.default/bootstraps/55/all.polydfe.txt",
        "postprocessing_source": "../resources/polydfe/postprocessing/script.R",
        "data": {
            "output_file": "/scratch/40841754/tmpg5ko_8si",
            "model": "C",
            "likelihood": -203.9079,
            "criteria": 0.00093,
            "params_mle": {
                "eps": 4.5022e-06,
                "eps_cont": 0,
                "lambda": 0,
                "theta_bar": 0.0009807334,
                "a": -1,
                "S_d": -96.39519,
                "b": 0.09802081,
                "p_b": 0.009128737,
                "S_b": 0.1080295,
                "r": [
                    0.5279878,
                    0.4778608,
                    0.4831863,
                    0.4147024,
                    0.4462807,
                    0.471371,
                    0.5190705,
                    0.4774452,
                    0.4587968,
                    0.5154528,
                    0.4834401,
                    0.5209333,
                    0.3877916,
                    0.4112374,
                    0.336097,
                    0.4363114,
                    0.4425191,
                    0.3512342,
                    0.4864786,
                    0.5688421,
                    0.4095591,
                    0.464853,
                    0.6636495,
                    0.5463065,
                    0.5488751,
                    0.5392671,
                    0.9226837,
                    1.435857
                ]
            },
            "n": 30,
            "expec": [
                {
                    "E[P_z(1)]": 0.0009807292,
                    "E[P_z(2)]": 0.0002589066,
                    "E[P_z(3)]": 0.0001562174,
                    "E[P_z(4)]": 0.0001184688,
                    "E[P_z(5)]": 8.13422e-05,
                    "E[P_z(6)]": 7.29469e-05,
                    "E[P_z(7)]": 6.60411e-05,
                    "E[P_z(8)]": 6.36335e-05,
                    "E[P_z(9)]": 5.20273e-05,
                    "E[P_z(10)]": 4.49956e-05,
                    "E[P_z(11)]": 4.59564e-05,
                    "E[P_z(12)]": 3.95104e-05,
                    "E[P_z(13)]": 3.92997e-05,
                    "E[P_z(14)]": 2.71657e-05,
                    "E[P_z(15)]": 2.68876e-05,
                    "E[P_z(16)]": 2.06014e-05,
                    "E[P_z(17)]": 2.5171e-05,
                    "E[P_z(18)]": 2.41108e-05,
                    "E[P_z(19)]": 1.813e-05,
                    "E[P_z(20)]": 2.38554e-05,
                    "E[P_z(21)]": 2.65659e-05,
                    "E[P_z(22)]": 1.82579e-05,
                    "E[P_z(23)]": 1.98218e-05,
                    "E[P_z(24)]": 2.71195e-05,
                    "E[P_z(25)]": 2.14315e-05,