{
    "py/object": "fastdfe.polydfe.PolyDFE",
    "logger": {
        "py/reduce": [
            {
                "py/function": "logging.getLogger"
            },
            {
                "py/tuple": [
                    "fastdfe.PolyDFE"
                ]
            }
        ]
    },
    "bootstraps": null,
    "config": {
        "py/object": "fastdfe.config.Config",
        "data": {
            "model": "GammaExpParametrization",
            "intervals_del": {
                "py/tuple": [
                    -100000000.0,
                    -1e-05,
                    1000
                ]
            },
            "intervals_ben": {
                "py/tuple": [
                    1e-05,
                    10000.0,
                    1000
                ]
            },
            "integration_mode": "midpoint",
            "linearized": true,
            "seed": 0,
            "opts_mle": {},
            "n_runs": 10,
            "x0": {
                "all": {
                    "S_b": 0.09636954,
                    "S_d": -44.34681,
                    "a": -1,
                    "b": 0.1221405,
                    "eps": 4.50123e-06,
                    "eps_cont": 0,
                    "lambda": 0,
                    "p_b": 0.01060767,
                    "r": [
                        0.6268517,
                        0.6514728,
                        0.6820074,
                        0.5848618,
                        0.7565646,
                        0.6523473,
                        0.6349214,
                        0.7005902,
                        0.6139579,
                        0.6324166,
                        0.6421517,
                        0.7478784,
                        1.22486
                    ],
                    "theta_bar": 0.0008663822
                }
            },
            "bounds": {},
            "scales": {},
            "fixed_params": {},
            "shared_params": [],
            "covariates": [],
            "sfs_neut": {
                "py/object": "fastdfe.spectrum.Spectra",
                "data": {
                    "all": [
                        870435.438336528,
                        763.0,
                        244.0,
                        173.0,
                        125.0,
                        87.0,
                        72.0,
                        74.0,
                        51.0,
                        66.0,
                        46.0,
                        41.0,
                        42.0,
                        57.0,
                        69.0,
                        0.0
                    ]
                }
            },
            "sfs_sel": {
                "py/object": "fastdfe.spectrum.Spectra",
                "data": {
                    "all": [
                        2365948.56166347,
                        1497.0,
                        425.0,
                        251.0,
                        202.0,
                        130.0,
                        152.0,
                        96.0,
                        82.0,
                        88.0,
                        59.0,
                        85.0,
                        49.0,
                        41.0,
                        93.0,
                        0.0
                    ]
                }
            },
            "do_bootstrap": false,
            "n_bootstraps": 10,
            "parallelize": false,
            "loss_type": "likelihood"
        }
    },
    "output_file": null,
    "execution_time": 179.58619141578674,
    "summary": {
        "py/object": "fastdfe.polydfe.PolyDFEResult",
        "output_file": "results/polydfe/hgdp/inference/1/opts.n.15.config.default/bootstraps/96/all.polydfe.txt",
        "postprocessing_source": "../resources/polydfe/postprocessing/script.R",
        "data": {
            "output_file": "/scratch/40840763/tmpj5z6c5pv",
            "model": "C",
            "likelihood": -103.2897,
            "criteria": 9e-05,
            "params_mle": {
                "eps": 4.50045e-06,
                "eps_cont": 0,
                "lambda": 0,
                "theta_bar": 0.0008746893,
                "a": -1,
                "S_d": -33.9523,
                "b": 0.1549659,
                "p_b": 0.010464,
                "S_b": 0.09568615,
                "r": [
                    0.640388,
                    0.6340789,
                    0.6693998,
                    0.5660073,
                    0.7116771,
                    0.6378955,
                    0.576277,
                    0.7573744,
                    0.5782989,
                    0.7687154,
                    0.6094814,
                    0.7151699,
                    1.279869
                ]
            },
            "n": 15,
            "expec": [
                {
                    "E[P_z(1)]": 0.0008746857,
                    "E[P_z(2)]": 0.0002800692,
                    "E[P_z(3)]": 0.0001848734,
                    "E[P_z(4)]": 0.0001463788,
                    "E[P_z(5)]": 9.90159e-05,
                    "E[P_z(6)]": 0.0001037493,
                    "E[P_z(7)]": 7.97085e-05,
                    "E[P_z(8)]": 6.3008e-05,
                    "E[P_z(9)]": 7.36076e-05,
                    "E[P_z(10)]": 5.05834e-05,
                    "E[P_z(11)]": 6.11265e-05,
                    "E[P_z(12)]": 4.44262e-05,
                    "E[P_z(13)]": 4.81204e-05,
                    "E[P_z(14)]": 7.9967e-05,
                    "E[D_z]": null,
                    "E[mis_z]": null
                },
                {
                    "E[P_z(1)]": 0.000631847,
                    "E[P_z(2)]": 0.0001792505,
                    "E[P_z(3)]": 0.000110893,
                    "E[P_z(4)]": 8.41239e-05,
                    "E[P_z(5)]": 5.51337e-05,
                    "E[P_z(6)]": 5.63449e-05,
                    "E[P_z(7)]": 4.24062e-05,
                    "E[P_z(8)]": 3.29386e-05,
                    "E[P_z(9)]": 3.78975e-05,
                    "E[P_z(10)]": 2.56942e-05,
                    "E[P_z(11)]": 3.0676e-05,
                    "E[P_z(12)]": 2.20516e-05,
                    "E[P_z(13)]": 2.36465e-05,
                    "E[P_z(14)]": 3.89342e-05,
                    "E[D_z]": null,
                    "E[mis_z]": null
                }
            ],
            "alpha": 0.024006708609170906,
            "execution_time": 179.58619141578674
        }
    }
}