{
    "output_file": "/scratch/40840763/tmpj5z6c5pv",
    "model": "C",
    "likelihood": -103.2897,
    "criteria": 9e-05,
    "params_mle": {
        "eps": 4.50045e-06,
        "eps_cont": 0,
        "lambda": 0,
        "theta_bar": 0.0008746893,
        "a": -1,
        "S_d": -33.9523,
        "b": 0.1549659,
        "p_b": 0.010464,
        "S_b": 0.09568615,
        "r": [
            0.640388,
            0.6340789,
            0.6693998,
            0.5660073,
            0.7116771,
            0.6378955,
            0.576277,
            0.7573744,
            0.5782989,
            0.7687154,
            0.6094814,
            0.7151699,
            1.279869
        ]
    },
    "n": 15,
    "expec": [
        {
            "E[P_z(1)]": 0.0008746857,
            "E[P_z(2)]": 0.0002800692,
            "E[P_z(3)]": 0.0001848734,
            "E[P_z(4)]": 0.0001463788,
            "E[P_z(5)]": 9.90159e-05,
            "E[P_z(6)]": 0.0001037493,
            "E[P_z(7)]": 7.97085e-05,
            "E[P_z(8)]": 6.3008e-05,
            "E[P_z(9)]": 7.36076e-05,
            "E[P_z(10)]": 5.05834e-05,
            "E[P_z(11)]": 6.11265e-05,
            "E[P_z(12)]": 4.44262e-05,
            "E[P_z(13)]": 4.81204e-05,
            "E[P_z(14)]": 7.9967e-05,
            "E[D_z]": null,
            "E[mis_z]": null
        },
        {
            "E[P_z(1)]": 0.000631847,
            "E[P_z(2)]": 0.0001792505,
            "E[P_z(3)]": 0.000110893,
            "E[P_z(4)]": 8.41239e-05,
            "E[P_z(5)]": 5.51337e-05,
            "E[P_z(6)]": 5.63449e-05,
            "E[P_z(7)]": 4.24062e-05,
            "E[P_z(8)]": 3.29386e-05,
            "E[P_z(9)]": 3.78975e-05,
            "E[P_z(10)]": 2.56942e-05,
            "E[P_z(11)]": 3.0676e-05,
            "E[P_z(12)]": 2.20516e-05,
            "E[P_z(13)]": 2.36465e-05,
            "E[P_z(14)]": 3.89342e-05,
            "E[D_z]": null,
            "E[mis_z]": null
        }
    ],
    "alpha": 0.024006708609170906,
    "execution_time": 179.58619141578674
}