neutral,selected
4622468.645316987,12927250.354683012
2889.0,5056.0
1352.0,2097.0
884.0,1312.0
685.0,981.0
1873.0,2508.0
