{
    "output_file": "/scratch/40841207/tmp1sws4w2d",
    "model": "C",
    "likelihood": -159.1761,
    "criteria": 0.00129,
    "params_mle": {
        "eps": 5.40193e-06,
        "eps_cont": 0,
        "lambda": 0,
        "theta_bar": 0.000819196,
        "a": -1,
        "S_d": -8.033509,
        "b": 0.5255769,
        "p_b": 0.0372698,
        "S_b": 49.98136,
        "r": [
            0.5950906,
            0.5279377,
            0.6097283,
            0.5502426,
            0.6342553,
            0.6079893,
            0.6156355,
            0.5380705,
            0.7854556,
            0.7440266,
            0.6694153,
            0.6758272,
            0.6647704,
            0.6027041,
            0.6930329,
            0.5453939,
            0.5912644,
            0.6542818,
            0.8142326,
            0.673005,
            0.5257625,
            0.8830272,
            1.148662
        ]
    },
    "n": 25,
    "expec": [
        {
            "E[P_z(1)]": 0.0008191918,
            "E[P_z(2)]": 0.0002437468,
            "E[P_z(3)]": 0.0001441608,
            "E[P_z(4)]": 0.0001248712,
            "E[P_z(5)]": 9.0151e-05,
            "E[P_z(6)]": 8.65963e-05,
            "E[P_z(7)]": 7.11515e-05,
            "E[P_z(8)]": 6.30406e-05,
            "E[P_z(9)]": 4.89761e-05,
            "E[P_z(10)]": 6.4344e-05,
            "E[P_z(11)]": 5.54093e-05,
            "E[P_z(12)]": 4.56985e-05,
            "E[P_z(13)]": 4.25873e-05,
            "E[P_z(14)]": 3.88985e-05,
            "E[P_z(15)]": 3.29157e-05,
            "E[P_z(16)]": 3.54832e-05,
            "E[P_z(17)]": 2.62816e-05,
            "E[P_z(18)]": 2.69092e-05,
            "E[P_z(19)]": 2.82101e-05,
            "E[P_z(20)]": 3.33511e-05,
            "E[P_z(21)]": 2.6254e-05,
            "E[P_z(22)]": 1.95781e-05,
            "E[P_z(23)]": 3.14521e-05,
            "E[P_z(24)]": 3.92117e-05,
            "E[D_z]": null,
            "E[mis_z]": null
        },
        {
            "E[P_z(1)]": 0.0006884587,
            "E[P_z(2)]": 0.0001798145,
            "E[P_z(3)]": 9.61503e-05,
            "E[P_z(4)]": 7.68709e-05,
            "E[P_z(5)]": 5.19979e-05,
            "E[P_z(6)]": 4.73307e-05,
            "E[P_z(7)]": 3.71791e-05,
            "E[P_z(8)]": 3.17188e-05,
            "E[P_z(9)]": 2.38712e-05,
            "E[P_z(10)]": 3.05399e-05,
            "E[P_z(11)]": 2.57316e-05,
            "E[P_z(12)]": 2.08565e-05,
            "E[P_z(13)]": 1.91854e-05,
            "E[P_z(14)]": 1.73745e-05,
            "E[P_z(15)]": 1.46469e-05,
            "E[P_z(16)]": 1.58147e-05,
            "E[P_z(17)]": 1.18064e-05,
            "E[P_z(18)]": 1.22791e-05,
            "E[P_z(19)]": 1.32079e-05,
            "E[P_z(20)]": 1.62434e-05,
            "E[P_z(21)]": 1.35723e-05,
            "E[P_z(22)]": 1.1098e-05,
            "E[P_z(23)]": 2.08003e-05,
            "E[P_z(24)]": 3.58724e-05,
            "E[D_z]": null,
            "E[mis_z]": null
        }
    ],
    "alpha": 0.8661461515379304,
    "execution_time": 3204.3780992031097
}