{
    "py/object": "fastdfe.polydfe.PolyDFE",
    "logger": {
        "py/reduce": [
            {
                "py/function": "logging.getLogger"
            },
            {
                "py/tuple": [
                    "fastdfe.PolyDFE"
                ]
            }
        ]
    },
    "bootstraps": null,
    "config": {
        "py/object": "fastdfe.config.Config",
        "data": {
            "model": "GammaExpParametrization",
            "intervals_del": {
                "py/tuple": [
                    -100000000.0,
                    -1e-05,
                    1000
                ]
            },
            "intervals_ben": {
                "py/tuple": [
                    1e-05,
                    10000.0,
                    1000
                ]
            },
            "integration_mode": "midpoint",
            "linearized": true,
            "seed": 0,
            "opts_mle": {},
            "n_runs": 10,
            "x0": {
                "all": {
                    "S_b": 1.562568,
                    "S_d": -22188.79,
                    "a": -1,
                    "b": 0.1916524,
                    "eps": 0.007632547,
                    "eps_cont": 0,
                    "lambda": 0,
                    "p_b": 0.04617354,
                    "r": [
                        0.8275426,
                        0.7254075,
                        0.6568578,
                        0.602303,
                        0.5558673,
                        0.5172334,
                        0.4889478,
                        0.4709818,
                        0.4671859,
                        0.4710718,
                        0.4770928,
                        0.4916403,
                        0.5096436,
                        0.5365832,
                        0.5691288,
                        0.6256435,
                        0.7473002,
                        1.000285
                    ],
                    "theta_bar": 0.007669351
                }
            },
            "bounds": {},
            "scales": {},
            "fixed_params": {
                "all": {}
            },
            "shared_params": [],
            "covariates": [],
            "sfs_neut": {
                "py/object": "fastdfe.spectrum.Spectra",
                "data": {
                    "all": [
                        257208.66666666698,
                        2054.0,
                        861.0,
                        483.0,
                        332.0,
                        212.0,
                        198.0,
                        131.0,
                        156.0,
                        111.0,
                        92.0,
                        80.0,
                        73.0,
                        82.0,
                        72.0,
                        84.0,
                        76.0,
                        71.0,
                        100.0,
                        116.0,
                        0.0
                    ]
                }
            },
            "sfs_sel": {
                "py/object": "fastdfe.spectrum.Spectra",
                "data": {
                    "all": [
                        956835.333333333,
                        1954.0,
                        648.0,
                        370.0,
                        234.0,
                        183.0,
                        111.0,
                        111.0,
                        75.0,
                        78.0,
                        54.0,
                        43.0,
                        51.0,
                        55.0,
                        50.0,
                        50.0,
                        48.0,
                        49.0,
                        59.0,
                        85.0,
                        0.0
                    ]
                }
            },
            "do_bootstrap": null,
            "n_bootstraps": 10,
            "parallelize": true,
            "loss_type": "likelihood"
        }
    },
    "output_file": null,
    "execution_time": 3218.5249948501587,
    "summary": {
        "py/object": "fastdfe.polydfe.PolyDFEResult",
        "output_file": "results/polydfe/pendula_C_full_anc/bootstraps/14/out.txt",
        "postprocessing_source": "../resources/polydfe/postprocessing/script.R",
        "data": {
            "output_file": "/scratch/38996436/tmpte7ttilr",
            "model": "C",
            "likelihood": -137.1233,
            "criteria": 0.00094,
            "params_mle": {
                "eps": 0.01744171,
                "eps_cont": 0,
                "lambda": 0,
                "theta_bar": 0.007969246,
                "a": -1,
                "S_d": -3251.538,
                "b": 0.3786296,
                "p_b": 0.1329459,
                "S_b": 0.01272518,
                "r": [
                    0.8199732,
                    0.7156701,
                    0.6424559,
                    0.5651606,
                    0.5340644,
                    0.4893824,
                    0.5366256,
                    0.4948616,
                    0.4234856,
                    0.3897505,
                    0.4271557,
                    0.5132566,
                    0.4862818,
                    0.5688744,
                    0.545427,
                    0.5337278,
                    0.7147696,
                    0.7404789
                ]
            },
            "n": 20,
            "expec": [
                {
                    "E[P_z(1)]": 0.007835666,
                    "E[P_z(2)]": 0.003215816,
                    "E[P_z(3)]": 0.001872322,
                    "E[P_z(4)]": 0.001262386,
                    "E[P_z(5)]": 0.0008903412,
                    "E[P_z(6)]": 0.0007018042,
                    "E[P_z(7)]": 0.0005529144,
                    "E[P_z(8)]": 0.0005301868,
                    "E[P_z(9)]": 0.0004354682,
                    "E[P_z(10)]": 0.0003374861,
                    "E[P_z(11)]": 0.000285083,
                    "E[P_z(12)]": 0.0002880516,
                    "E[P_z(13)]": 0.0003188658,
                    "E[P_z(14)]": 0.0002843514,
                    "E[P_z(15)]": 0.000312673,
                    "E[P_z(16)]": 0.0002892518,
                    "E[P_z(17)]": 0.0002789953,
                    "E[P_z(18)]": 0.0003679217,
                    "E[P_z(19)]": 0.0004441622,
                    "E[D_z]": null,
                    "E[mis_z]": null
                },
                {
                    "E[P_z(1)]": 0.002029447,
                    "E[P_z(2)]": 0.0006912708,
                    "E[P_z(3)]": 0.0003760094,
                    "E[P_z(4)]": 0.0002439897,
                    "E[P_z(5)]": 0.0001677222,
                    "E[P_z(6)]": 0.0001297555,
                    "E[P_z(7)]": 0.0001007437,
                    "E[P_z(8)]": 9.54853e-05,
                    "E[P_z(9)]": 7.76672e-05,
                    "E[P_z(10)]": 5.96995e-05,
                    "E[P_z(11)]": 5.00856e-05,
                    "E[P_z(12)]": 5.03164e-05,
                    "E[P_z(13)]": 5.5411e-05,
                    "E[P_z(14)]": 4.92393e-05,
                    "E[P_z(15)]": 5.39891e-05,
                    "E[P_z(16)]": 4.99916e-05,
                    "E[P_z(17)]": 4.85662e-05,
                    "E[P_z(18)]": 6.50683e-05,
                    "E[P_z(19)]": 8.76736e-05,
                    "E[D_z]": null,
                    "E[mis_z]": null
                }
            ],
            "alpha": 0.795475677425594,
            "execution_time": 3218.5249948501587
        }
    }
}