{
    "output_file": "/scratch/38996436/tmpte7ttilr",
    "model": "C",
    "likelihood": -137.1233,
    "criteria": 0.00094,
    "params_mle": {
        "eps": 0.01744171,
        "eps_cont": 0,
        "lambda": 0,
        "theta_bar": 0.007969246,
        "a": -1,
        "S_d": -3251.538,
        "b": 0.3786296,
        "p_b": 0.1329459,
        "S_b": 0.01272518,
        "r": [
            0.8199732,
            0.7156701,
            0.6424559,
            0.5651606,
            0.5340644,
            0.4893824,
            0.5366256,
            0.4948616,
            0.4234856,
            0.3897505,
            0.4271557,
            0.5132566,
            0.4862818,
            0.5688744,
            0.545427,
            0.5337278,
            0.7147696,
            0.7404789
        ]
    },
    "n": 20,
    "expec": [
        {
            "E[P_z(1)]": 0.007835666,
            "E[P_z(2)]": 0.003215816,
            "E[P_z(3)]": 0.001872322,
            "E[P_z(4)]": 0.001262386,
            "E[P_z(5)]": 0.0008903412,
            "E[P_z(6)]": 0.0007018042,
            "E[P_z(7)]": 0.0005529144,
            "E[P_z(8)]": 0.0005301868,
            "E[P_z(9)]": 0.0004354682,
            "E[P_z(10)]": 0.0003374861,
            "E[P_z(11)]": 0.000285083,
            "E[P_z(12)]": 0.0002880516,
            "E[P_z(13)]": 0.0003188658,
            "E[P_z(14)]": 0.0002843514,
            "E[P_z(15)]": 0.000312673,
            "E[P_z(16)]": 0.0002892518,
            "E[P_z(17)]": 0.0002789953,
            "E[P_z(18)]": 0.0003679217,
            "E[P_z(19)]": 0.0004441622,
            "E[D_z]": null,
            "E[mis_z]": null
        },
        {
            "E[P_z(1)]": 0.002029447,
            "E[P_z(2)]": 0.0006912708,
            "E[P_z(3)]": 0.0003760094,
            "E[P_z(4)]": 0.0002439897,
            "E[P_z(5)]": 0.0001677222,
            "E[P_z(6)]": 0.0001297555,
            "E[P_z(7)]": 0.0001007437,
            "E[P_z(8)]": 9.54853e-05,
            "E[P_z(9)]": 7.76672e-05,
            "E[P_z(10)]": 5.96995e-05,
            "E[P_z(11)]": 5.00856e-05,
            "E[P_z(12)]": 5.03164e-05,
            "E[P_z(13)]": 5.5411e-05,
            "E[P_z(14)]": 4.92393e-05,
            "E[P_z(15)]": 5.39891e-05,
            "E[P_z(16)]": 4.99916e-05,
            "E[P_z(17)]": 4.85662e-05,
            "E[P_z(18)]": 6.50683e-05,
            "E[P_z(19)]": 8.76736e-05,
            "E[D_z]": null,
            "E[mis_z]": null
        }
    ],
    "alpha": 0.795475677425594,
    "execution_time": 3218.5249948501587
}