{
    "py/object": "fastdfe.polydfe.PolyDFE",
    "logger": {
        "py/reduce": [
            {
                "py/function": "logging.getLogger"
            },
            {
                "py/tuple": [
                    "fastdfe.PolyDFE"
                ]
            }
        ]
    },
    "bootstraps": null,
    "config": {
        "py/object": "fastdfe.config.Config",
        "data": {
            "model": "GammaExpParametrization",
            "intervals_del": {
                "py/tuple": [
                    -100000000.0,
                    -1e-05,
                    1000
                ]
            },
            "intervals_ben": {
                "py/tuple": [
                    1e-05,
                    10000.0,
                    1000
                ]
            },
            "integration_mode": "midpoint",
            "linearized": true,
            "seed": 0,
            "opts_mle": {},
            "n_runs": 10,
            "x0": {
                "all": {
                    "S_b": 0.03800569,
                    "S_d": -68.01433,
                    "a": -1,
                    "b": 0.1127644,
                    "eps": 4.49744e-06,
                    "eps_cont": 0,
                    "lambda": 0,
                    "p_b": 0.003905648,
                    "r": [
                        0.5669393,
                        0.5649833,
                        0.5475162,
                        0.4995644,
                        0.5648594,
                        0.6039999,
                        0.4662727,
                        0.5802472,
                        0.5323765,
                        0.5838853,
                        0.5587549,
                        0.5490204,
                        0.5681745,
                        0.5012596,
                        0.6027202,
                        0.6738647,
                        0.7739941,
                        1.427315
                    ],
                    "theta_bar": 0.0008503307
                }
            },
            "bounds": {},
            "scales": {},
            "fixed_params": {},
            "shared_params": [],
            "covariates": [],
            "sfs_neut": {
                "py/object": "fastdfe.spectrum.Spectra",
                "data": {
                    "all": [
                        1040393.81958835,
                        953.0,
                        263.0,
                        156.0,
                        97.0,
                        87.0,
                        85.0,
                        70.0,
                        50.0,
                        62.0,
                        53.0,
                        44.0,
                        28.0,
                        48.0,
                        40.0,
                        20.0,
                        44.0,
                        39.0,
                        28.0,
                        59.0,
                        0.0
                    ]
                }
            },
            "sfs_sel": {
                "py/object": "fastdfe.spectrum.Spectra",
                "data": {
                    "all": [
                        2842973.18041165,
                        1812.0,
                        479.0,
                        299.0,
                        206.0,
                        149.0,
                        149.0,
                        135.0,
                        65.0,
                        84.0,
                        72.0,
                        58.0,
                        46.0,
                        50.0,
                        64.0,
                        49.0,
                        33.0,
                        51.0,
                        68.0,
                        97.0,
                        0.0
                    ]
                }
            },
            "do_bootstrap": false,
            "n_bootstraps": 10,
            "parallelize": false,
            "loss_type": "likelihood"
        }
    },
    "output_file": null,
    "execution_time": 421.29829573631287,
    "summary": {
        "py/object": "fastdfe.polydfe.PolyDFEResult",
        "output_file": "results/polydfe/hgdp/inference/1/opts.n.20.config.default/bootstraps/70/all.polydfe.txt",
        "postprocessing_source": "../resources/polydfe/postprocessing/script.R",
        "data": {
            "output_file": "/scratch/40841164/tmpz094n748",
            "model": "C",
            "likelihood": -135.3589,
            "criteria": 9e-05,
            "params_mle": {
                "eps": 4.49975e-06,
                "eps_cont": 0,
                "lambda": 0,
                "theta_bar": 0.0009018809,
                "a": -1,
                "S_d": -248.0362,
                "b": 0.07908702,
                "p_b": 0.003881919,
                "S_b": 0.0379352,
                "r": [
                    0.5629932,
                    0.5297856,
                    0.4773092,
                    0.4696631,
                    0.56348,
                    0.5798472,
                    0.3738988,
                    0.5366994,
                    0.5128184,
                    0.4621094,
                    0.3670474,
                    0.5283064,
                    0.6055969,
                    0.4316786,
                    0.5151684,
                    0.6413155,
                    0.7259413,
                    1.247811
                ]
            },
            "n": 20,
            "expec": [
                {
                    "E[P_z(1)]": 0.0009018772,
                    "E[P_z(2)]": 0.0002538755,
                    "E[P_z(3)]": 0.0001592673,
                    "E[P_z(4)]": 0.0001076187,
                    "E[P_z(5)]": 8.47158e-05,
                    "E[P_z(6)]": 8.46984e-05,
                    "E[P_z(7)]": 7.47074e-05,
                    "E[P_z(8)]": 4.21515e-05,
                    "E[P_z(9)]": 5.3782e-05,
                    "E[P_z(10)]": 4.62501e-05,
                    "E[P_z(11)]": 3.7888e-05,
                    "E[P_z(12)]": 2.75862e-05,
                    "E[P_z(13)]": 3.66517e-05,
                    "E[P_z(14)]": 3.90128e-05,
                    "E[P_z(15)]": 2.59551e-05,
                    "E[P_z(16)]": 2.90391e-05,
                    "E[P_z(17)]": 3.40235e-05,
                    "E[P_z(18)]": 3.63739e-05,
                    "E[P_z(19)]": 5.92342e-05,
                    "E[D_z]": null,
                    "E[mis_z]": null
                },
                {
                    "E[P_z(1)]": 0.0006409265,
                    "E[P_z(2)]": 0.000167653,
                    "E[P_z(3)]": 0.000101494,
                    "E[P_z(4)]": 6.70188e-05,
                    "E[P_z(5)]": 5.18719e-05,
                    "E[P_z(6)]": 5.11756e-05,
                    "E[P_z(7)]": 4.46469e-05,
                    "E[P_z(8)]": 2.49572e-05,
                    "E[P_z(9)]": 3.15868e-05,
                    "E[P_z(10)]": 2.69691e-05,
                    "E[P_z(11)]": 2.19517e-05,
                    "E[P_z(12)]": 1.58903e-05,
                    "E[P_z(13)]": 2.10002e-05,
                    "E[P_z(14)]": 2.22437e-05,
                    "E[P_z(15)]": 1.47315e-05,
                    "E[P_z(16)]": 1.64121e-05,
                    "E[P_z(17)]": 1.91528e-05,
                    "E[P_z(18)]": 2.03994e-05,
                    "E[P_z(19)]": 3.31031e-05,
                    "E[D_z]": null,
                    "E[mis_z]": null
                }
            ],
            "alpha": 0.00847735229162925,
            "execution_time": 421.29829573631287
        }
    }
}