{
    "likelihood": -96.31527441216225,
    "L2_residual": 23.439941487044564,
    "params_mle": {
        "S_d": -101.73832356559792,
        "b": 0.31485417965525503,
        "p_b": 0.07275597022026384,
        "S_b": 2.415291426041597,
        "eps": 0.0,
        "h": 0.4
    },
    "alpha": 0.5360742521266961,
    "result": {
        "fun": 87.03513182845563,
        "jac": [
            -0.004365574595041708,
            0.00045474734860146814,
            -0.00532054400817213,
            -0.00022737367556291153,
            NaN,
            NaN
        ],
        "nfev": 315,
        "njev": 63,
        "nit": 47,
        "status": 0,
        "message": "CONVERGENCE: REL_REDUCTION_OF_F_<=_FACTR*EPSMCH",
        "x": [
            -2.007484577091202,
            -0.5018905371112746,
            0.07275597022026384,
            0.38296953967795366,
            0.0,
            0.4
        ],
        "success": true,
        "hess_inv": null
    },
    "execution_time": 252.33602333068848,
    "sfs_mle": [
        0.0,
        20461.27637744764,
        7929.047611173632,
        4626.123762881822,
        3188.1093155745,
        2404.022266661552,
        1918.1667484497962,
        1591.2696432935056,
        1357.973540215639,
        1184.0466952073405,
        1050.4157179520523,
        945.8876712335165,
        863.3195901444866,
        797.583780218508,
        744.8870158076181,
        703.0139750362962,
        671.4198626741598,
        650.0563462544869,
        637.3897274361734,
        629.8007717899883,
        0.0
    ],
    "fixed_params": {
        "all.eps": 0,
        "all.h": 0.4
    },
    "bounds": {
        "S_d": [
            -100000.0,
            -0.01
        ],
        "b": [
            0.01,
            10
        ],
        "p_b": [
            0,
            0.5
        ],
        "S_b": [
            0.0001,
            100
        ],
        "eps": [
            0,
            0.15
        ],
        "h": [
            0,
            0.4
        ]
    },
    "config": {
        "model": "GammaExpParametrization",
        "intervals_del": [
            -100000000.0,
            -1e-05,
            1000
        ],
        "intervals_ben": [
            1e-05,
            10000.0,
            1000
        ],
        "intervals_h": [
            0.0,
            1.0,
            21
        ],
        "h_callback": null,
        "integration_mode": "midpoint",
        "linearized": true,
        "seed": 0,
        "opts_mle": {},
        "method_mle": "L-BFGS-B",
        "n_runs": 100,
        "x0": {
            "all": {
                "S_d": -1000,
                "b": 0.4,
                "p_b": 0.05,
                "S_b": 1,
                "eps": 0.0,
                "h": 0.5
            }
        },
        "bounds": {
            "S_d": [
                -100000.0,
                -0.01
            ],
            "b": [
                0.01,
                10
            ],
            "p_b": [
                0,
                0.5
            ],
            "S_b": [
                0.0001,
                100
            ],
            "eps": [
                0,
                0.15
            ],
            "h": [
                0,
                0.4
            ]
        },
        "scales": {
            "S_d": "log",
            "b": "log",
            "p_b": "lin",
            "S_b": "log",
            "eps": "lin",
            "h": "lin"
        },
        "fixed_params": {
            "all": {
                "eps": 0,
                "h": 0.4
            }
        },
        "shared_params": [],
        "covariates": [],
        "sfs_neut": {
            "all": [
                999630681.0,
                36061.60187505476,
                17423.06427827243,
                11391.960018909043,
                8432.193801716827,
                6682.889622052762,
                5531.717155462754,
                4718.76681209666,
                4113.9265906396,
                3645.64434987532,
                3272.8317956757505,
                2970.903683099674,
                2723.651947805723,
                2518.6838951427326,
                2346.241513285173,
                2200.515035853632,
                2080.1497681033457,
                1984.540607627986,
                1907.7666179498976,
                1838.3157574038307,
                68175.86046824089
            ]
        },
        "sfs_sel": {
            "all": [
                999775337.0,
                20451.89725249519,
                7932.891591605503,
                4635.622250473274,
                3194.2086203547715,
                2406.5144677150074,
                1916.967941021099,
                1587.1514128730305,
                1352.4163068590767,
                1178.358145172764,
                1045.3810149845986,
                942.0445544872272,
                861.3854476736157,
                798.5963941644478,
                749.6875878554237,
                710.8688323765133,
                678.5314899339919,
                650.6001371102709,
                630.2941790877317,
                629.0475635985505,
                26165.39960661969
            ]
        },
        "do_bootstrap": true,
        "n_bootstraps": 100,
        "n_bootstrap_retries": 2,
        "parallelize": true,
        "loss_type": "likelihood"
    }
}