{
    "output_file": "/scratch/40841514/tmplqiunf6w",
    "model": "C",
    "likelihood": -164.8644,
    "criteria": 8e-05,
    "params_mle": {
        "eps": 4.50792e-06,
        "eps_cont": 0,
        "lambda": 0,
        "theta_bar": 0.0008650388,
        "a": -1,
        "S_d": -40.27106,
        "b": 0.1311636,
        "p_b": 0.005016731,
        "S_b": 0.05335293,
        "r": [
            0.5960946,
            0.5107698,
            0.5393835,
            0.4974795,
            0.5724187,
            0.5831231,
            0.5835153,
            0.5294657,
            0.4879646,
            0.4389336,
            0.5610052,
            0.4265083,
            0.5301647,
            0.4161783,
            0.5248611,
            0.5214814,
            0.4645199,
            0.6301188,
            0.8933151,
            0.7200432,
            0.7060891,
            0.9517261,
            1.626277
        ]
    },
    "n": 25,
    "expec": [
        {
            "E[P_z(1)]": 0.0008650352,
            "E[P_z(2)]": 0.0002578215,
            "E[P_z(3)]": 0.000147278,
            "E[P_z(4)]": 0.0001166465,
            "E[P_z(5)]": 8.60676e-05,
            "E[P_z(6)]": 8.25272e-05,
            "E[P_z(7)]": 7.20604e-05,
            "E[P_z(8)]": 6.30953e-05,
            "E[P_z(9)]": 5.08897e-05,
            "E[P_z(10)]": 4.22108e-05,
            "E[P_z(11)]": 3.45177e-05,
            "E[P_z(12)]": 4.04409e-05,
            "E[P_z(13)]": 2.83805e-05,
            "E[P_z(14)]": 3.27581e-05,
            "E[P_z(15)]": 2.40008e-05,
            "E[P_z(16)]": 2.83767e-05,
            "E[P_z(17)]": 2.65356e-05,
            "E[P_z(18)]": 2.2324e-05,
            "E[P_z(19)]": 2.86885e-05,
            "E[P_z(20)]": 3.86378e-05,
            "E[P_z(21)]": 2.96606e-05,
            "E[P_z(22)]": 2.77639e-05,
            "E[P_z(23)]": 3.57958e-05,
            "E[P_z(24)]": 5.862e-05,
            "E[D_z]": null,
            "E[mis_z]": null
        },
        {
            "E[P_z(1)]": 0.0006636184,
            "E[P_z(2)]": 0.0001785282,
            "E[P_z(3)]": 9.64163e-05,
            "E[P_z(4)]": 7.35601e-05,
            "E[P_z(5)]": 5.27917e-05,
            "E[P_z(6)]": 4.9522e-05,
            "E[P_z(7)]": 4.24659e-05,
            "E[P_z(8)]": 3.66153e-05,
            "E[P_z(9)]": 2.91403e-05,
            "E[P_z(10)]": 2.38868e-05,
            "E[P_z(11)]": 1.93278e-05,
            "E[P_z(12)]": 2.24286e-05,
            "E[P_z(13)]": 1.56026e-05,
            "E[P_z(14)]": 1.78646e-05,
            "E[P_z(15)]": 1.29914e-05,
            "E[P_z(16)]": 1.52535e-05,
            "E[P_z(17)]": 1.41711e-05,
            "E[P_z(18)]": 1.18491e-05,
            "E[P_z(19)]": 1.51394e-05,
            "E[P_z(20)]": 2.02784e-05,
            "E[P_z(21)]": 1.54861e-05,
            "E[P_z(22)]": 1.44242e-05,
            "E[P_z(23)]": 1.85092e-05,
            "E[P_z(24)]": 3.01749e-05,
            "E[D_z]": null,
            "E[mis_z]": null
        }
    ],
    "alpha": 0.011151270529057613,
    "execution_time": 587.8406791687012
}