{
    "output_file": "/scratch/40840327/tmpf56op8q1",
    "model": "C",
    "likelihood": -68.81306,
    "criteria": 8e-05,
    "params_mle": {
        "eps": 4.50059e-06,
        "eps_cont": 0,
        "lambda": 0,
        "theta_bar": 0.0007117575,
        "a": -1,
        "S_d": -11.8039,
        "b": 0.1783802,
        "p_b": 0.000929394,
        "S_b": 0.007920417,
        "r": [
            0.7582779,
            0.8018009,
            0.8063732,
            0.7494319,
            0.7642489,
            0.7795359,
            0.8655596,
            1.001487
        ]
    },
    "n": 10,
    "expec": [
        {
            "E[P_z(1)]": 0.0007117546,
            "E[P_z(2)]": 0.0002698541,
            "E[P_z(3)]": 0.0001902288,
            "E[P_z(4)]": 0.0001434853,
            "E[P_z(5)]": 0.0001066828,
            "E[P_z(6)]": 9.06602e-05,
            "E[P_z(7)]": 7.92634e-05,
            "E[P_z(8)]": 7.70094e-05,
            "E[P_z(9)]": 7.92046e-05,
            "E[D_z]": null,
            "E[mis_z]": null
        },
        {
            "E[P_z(1)]": 0.0005472186,
            "E[P_z(2)]": 0.0001842041,
            "E[P_z(3)]": 0.0001212174,
            "E[P_z(4)]": 8.72493e-05,
            "E[P_z(5)]": 6.26296e-05,
            "E[P_z(6)]": 5.17505e-05,
            "E[P_z(7)]": 4.42009e-05,
            "E[P_z(8)]": 4.20937e-05,
            "E[P_z(9)]": 4.25428e-05,
            "E[D_z]": null,
            "E[mis_z]": null
        }
    ],
    "alpha": 0.002746234165622382,
    "execution_time": 47.400967836380005
}