{
    "output_file": "/scratch/40840255/tmp4daw4yat",
    "model": "C",
    "likelihood": -31.45577,
    "criteria": 8e-05,
    "params_mle": {
        "eps": 4.49445e-06,
        "eps_cont": 0,
        "lambda": 0,
        "theta_bar": 0.0006025817,
        "a": -1,
        "S_d": -195.2972,
        "b": 0.08106134,
        "p_b": 0.01530168,
        "S_b": 0.1312477,
        "r": [
            0.9048333,
            0.9303087,
            0.8818945
        ]
    },
    "n": 5,
    "expec": [
        {
            "E[P_z(1)]": 0.0006025796,
            "E[P_z(2)]": 0.0002726176,
            "E[P_z(3)]": 0.0001868627,
            "E[P_z(4)]": 0.0001328555,
            "E[D_z]": null,
            "E[mis_z]": null
        },
        {
            "E[P_z(1)]": 0.0003969768,
            "E[P_z(2)]": 0.000167333,
            "E[P_z(3)]": 0.0001109425,
            "E[P_z(4)]": 7.72038e-05,
            "E[D_z]": null,
            "E[mis_z]": null
        }
    ],
    "alpha": 0.03134232831805366,
    "execution_time": 31.968586444854736
}