neutral,selected
959147.744402331,2579807.255597669
596.0,1034.0
258.0,427.0
172.0,262.0
134.0,184.0
384.0,565.0
