{
    "output_file": "/scratch/38996059/tmpziovhix2",
    "model": "C",
    "likelihood": -248.18,
    "criteria": 7e-05,
    "params_mle": {
        "eps": 0,
        "eps_cont": 0,
        "lambda": 0,
        "theta_bar": 0.003171706,
        "a": -1,
        "S_d": -86.40161,
        "b": 0.3557515,
        "p_b": 0,
        "S_b": 1,
        "r": [
            0.9602224,
            0.9342177,
            0.9348875,
            0.9479739,
            0.8146778,
            0.9178326,
            0.8666618,
            0.8680329,
            0.9478932,
            0.8746611,
            0.9447674,
            0.9321642,
            1.014747,
            0.911178,
            0.9039749,
            1.17432,
            1.35023,
            1.601326
        ]
    },
    "n": 20,
    "expec": [
        {
            "E[P_z(1)]": 0.003171706,
            "E[P_z(2)]": 0.001522771,
            "E[P_z(3)]": 0.000987688,
            "E[P_z(4)]": 0.0007412971,
            "E[P_z(5)]": 0.0006013389,
            "E[P_z(6)]": 0.0004306531,
            "E[P_z(7)]": 0.0004158707,
            "E[P_z(8)]": 0.0003435995,
            "E[P_z(9)]": 0.000305905,
            "E[P_z(10)]": 0.0003006439,
            "E[P_z(11)]": 0.0002521971,
            "E[P_z(12)]": 0.0002497104,
            "E[P_z(13)]": 0.000227427,
            "E[P_z(14)]": 0.0002298913,
            "E[P_z(15)]": 0.0001926659,
            "E[P_z(16)]": 0.0001791964,
            "E[P_z(17)]": 0.000219094,
            "E[P_z(18)]": 0.0002379185,
            "E[P_z(19)]": 0.0002673125,
            "E[D_z]": null,
            "E[mis_z]": null
        },
        {
            "E[P_z(1)]": 0.00159243,
            "E[P_z(2)]": 0.0005700768,
            "E[P_z(3)]": 0.0003151037,
            "E[P_z(4)]": 0.0002129001,
            "E[P_z(5)]": 0.0001598869,
            "E[P_z(6)]": 0.0001077817,
            "E[P_z(7)]": 9.90435e-05,
            "E[P_z(8)]": 7.84669e-05,
            "E[P_z(9)]": 6.73648e-05,
            "E[P_z(10)]": 6.41186e-05,
            "E[P_z(11)]": 5.2268e-05,
            "E[P_z(12)]": 5.04302e-05,
            "E[P_z(13)]": 4.48578e-05,
            "E[P_z(14)]": 4.43696e-05,
            "E[P_z(15)]": 3.64447e-05,
            "E[P_z(16)]": 3.32681e-05,
            "E[P_z(17)]": 3.99687e-05,
            "E[P_z(18)]": 4.2694e-05,
            "E[P_z(19)]": 4.72294e-05,
            "E[D_z]": null,
            "E[mis_z]": null
        }
    ],
    "alpha": 0.0,
    "execution_time": 66.3833601474762
}