{
    "py/object": "fastdfe.polydfe.PolyDFE",
    "logger": {
        "py/reduce": [
            {
                "py/function": "logging.getLogger"
            },
            {
                "py/tuple": [
                    "fastdfe.PolyDFE"
                ]
            }
        ]
    },
    "bootstraps": null,
    "config": {
        "py/object": "fastdfe.config.Config",
        "data": {
            "model": "GammaExpParametrization",
            "intervals_del": {
                "py/tuple": [
                    -100000000.0,
                    -1e-05,
                    1000
                ]
            },
            "intervals_ben": {
                "py/tuple": [
                    1e-05,
                    10000.0,
                    1000
                ]
            },
            "integration_mode": "midpoint",
            "linearized": true,
            "seed": 0,
            "opts_mle": {},
            "n_runs": 10,
            "x0": {
                "all": {
                    "S_b": 0.09636954,
                    "S_d": -44.34681,
                    "a": -1,
                    "b": 0.1221405,
                    "eps": 4.50123e-06,
                    "eps_cont": 0,
                    "lambda": 0,
                    "p_b": 0.01060767,
                    "r": [
                        0.6268517,
                        0.6514728,
                        0.6820074,
                        0.5848618,
                        0.7565646,
                        0.6523473,
                        0.6349214,
                        0.7005902,
                        0.6139579,
                        0.6324166,
                        0.6421517,
                        0.7478784,
                        1.22486
                    ],
                    "theta_bar": 0.0008663822
                }
            },
            "bounds": {},
            "scales": {},
            "fixed_params": {},
            "shared_params": [],
            "covariates": [],
            "sfs_neut": {
                "py/object": "fastdfe.spectrum.Spectra",
                "data": {
                    "all": [
                        870439.438336528,
                        764.0,
                        229.0,
                        147.0,
                        133.0,
                        115.0,
                        71.0,
                        78.0,
                        65.0,
                        49.0,
                        61.0,
                        39.0,
                        45.0,
                        51.0,
                        59.0,
                        0.0
                    ]
                }
            },
            "sfs_sel": {
                "py/object": "fastdfe.spectrum.Spectra",
                "data": {
                    "all": [
                        2365955.56166347,
                        1468.0,
                        424.0,
                        256.0,
                        196.0,
                        139.0,
                        150.0,
                        110.0,
                        93.0,
                        100.0,
                        51.0,
                        50.0,
                        56.0,
                        49.0,
                        101.0,
                        0.0
                    ]
                }
            },
            "do_bootstrap": false,
            "n_bootstraps": 10,
            "parallelize": false,
            "loss_type": "likelihood"
        }
    },
    "output_file": null,
    "execution_time": 150.22110056877136,
    "summary": {
        "py/object": "fastdfe.polydfe.PolyDFEResult",
        "output_file": "results/polydfe/hgdp/inference/1/opts.n.15.config.default/bootstraps/53/all.polydfe.txt",
        "postprocessing_source": "../resources/polydfe/postprocessing/script.R",
        "data": {
            "output_file": "/scratch/40841073/tmp3n99osog",
            "model": "C",
            "likelihood": -105.6154,
            "criteria": 6e-05,
            "params_mle": {
                "eps": 4.50259e-06,
                "eps_cont": 0,
                "lambda": 0,
                "theta_bar": 0.0008658776,
                "a": -1,
                "S_d": -38.19403,
                "b": 0.1466595,
                "p_b": 0.01048571,
                "S_b": 0.09593974,
                "r": [
                    0.6312838,
                    0.6075574,
                    0.6781099,
                    0.6664432,
                    0.7058075,
                    0.7086835,
                    0.6874051,
                    0.735502,
                    0.618887,
                    0.5445905,
                    0.678272,
                    0.7315274,
                    1.266823
                ]
            },
            "n": 15,
            "expec": [
                {
                    "E[P_z(1)]": 0.000865874,
                    "E[P_z(2)]": 0.0002733062,
                    "E[P_z(3)]": 0.0001753562,
                    "E[P_z(4)]": 0.0001467896,
                    "E[P_z(5)]": 0.0001154114,
                    "E[P_z(6)]": 0.000101857,
                    "E[P_z(7)]": 8.76618e-05,
                    "E[P_z(8)]": 7.44011e-05,
                    "E[P_z(9)]": 7.07618e-05,
                    "E[P_z(10)]": 5.35883e-05,
                    "E[P_z(11)]": 4.28685e-05,
                    "E[P_z(12)]": 4.89423e-05,
                    "E[P_z(13)]": 4.87251e-05,
                    "E[P_z(14)]": 7.83545e-05,
                    "E[D_z]": null,
                    "E[mis_z]": null
                },
                {
                    "E[P_z(1)]": 0.000623275,
                    "E[P_z(2)]": 0.0001749888,
                    "E[P_z(3)]": 0.0001055332,
                    "E[P_z(4)]": 8.48173e-05,
                    "E[P_z(5)]": 6.47143e-05,
                    "E[P_z(6)]": 5.57767e-05,
                    "E[P_z(7)]": 4.70745e-05,
                    "E[P_z(8)]": 3.92944e-05,
                    "E[P_z(9)]": 3.68358e-05,
                    "E[P_z(10)]": 2.75413e-05,
                    "E[P_z(11)]": 2.17804e-05,
                    "E[P_z(12)]": 2.46088e-05,
                    "E[P_z(13)]": 2.42673e-05,
                    "E[P_z(14)]": 3.86833e-05,
                    "E[D_z]": null,
                    "E[mis_z]": null
                }
            ],
            "alpha": 0.023743545437110585,
            "execution_time": 150.22110056877136
        }
    }
}