{
    "py/object": "fastdfe.polydfe.PolyDFE",
    "logger": {
        "py/reduce": [
            {
                "py/function": "logging.getLogger"
            },
            {
                "py/tuple": [
                    "fastdfe.PolyDFE"
                ]
            }
        ]
    },
    "bootstraps": null,
    "config": {
        "py/object": "fastdfe.config.Config",
        "data": {
            "model": "GammaExpParametrization",
            "intervals_del": {
                "py/tuple": [
                    -100000000.0,
                    -1e-05,
                    1000
                ]
            },
            "intervals_ben": {
                "py/tuple": [
                    1e-05,
                    10000.0,
                    1000
                ]
            },
            "integration_mode": "midpoint",
            "linearized": true,
            "seed": 0,
            "opts_mle": {},
            "n_runs": 10,
            "x0": {
                "all": {
                    "S_b": 0.09636954,
                    "S_d": -44.34681,
                    "a": -1,
                    "b": 0.1221405,
                    "eps": 4.50123e-06,
                    "eps_cont": 0,
                    "lambda": 0,
                    "p_b": 0.01060767,
                    "r": [
                        0.6268517,
                        0.6514728,
                        0.6820074,
                        0.5848618,
                        0.7565646,
                        0.6523473,
                        0.6349214,
                        0.7005902,
                        0.6139579,
                        0.6324166,
                        0.6421517,
                        0.7478784,
                        1.22486
                    ],
                    "theta_bar": 0.0008663822
                }
            },
            "bounds": {},
            "scales": {},
            "fixed_params": {},
            "shared_params": [],
            "covariates": [],
            "sfs_neut": {
                "py/object": "fastdfe.spectrum.Spectra",
                "data": {
                    "all": [
                        870372.438336528,
                        767.0,
                        235.0,
                        189.0,
                        139.0,
                        102.0,
                        119.0,
                        73.0,
                        57.0,
                        68.0,
                        41.0,
                        42.0,
                        38.0,
                        49.0,
                        54.0,
                        0.0
                    ]
                }
            },
            "sfs_sel": {
                "py/object": "fastdfe.spectrum.Spectra",
                "data": {
                    "all": [
                        2365828.56166347,
                        1487.0,
                        479.0,
                        261.0,
                        203.0,
                        152.0,
                        150.0,
                        105.0,
                        91.0,
                        90.0,
                        68.0,
                        74.0,
                        59.0,
                        52.0,
                        99.0,
                        0.0
                    ]
                }
            },
            "do_bootstrap": false,
            "n_bootstraps": 10,
            "parallelize": false,
            "loss_type": "likelihood"
        }
    },
    "output_file": null,
    "execution_time": 280.7860643863678,
    "summary": {
        "py/object": "fastdfe.polydfe.PolyDFEResult",
        "output_file": "results/polydfe/hgdp/inference/1/opts.n.15.config.default/bootstraps/38/all.polydfe.txt",
        "postprocessing_source": "../resources/polydfe/postprocessing/script.R",
        "data": {
            "output_file": "/scratch/40841076/tmpi86673zc",
            "model": "C",
            "likelihood": -100.777,
            "criteria": 0.00023,
            "params_mle": {
                "eps": 4.50914e-06,
                "eps_cont": 0,
                "lambda": 0,
                "theta_bar": 0.0008779656,
                "a": -1,
                "S_d": -47.72051,
                "b": 0.1334962,
                "p_b": 0.01142276,
                "S_b": 0.1012215,
                "r": [
                    0.6803996,
                    0.666714,
                    0.6913146,
                    0.6525991,
                    0.8402566,
                    0.6556289,
                    0.6286551,
                    0.7609244,
                    0.5872828,
                    0.6917136,
                    0.6344989,
                    0.7193298,
                    1.178893
                ]
            },
            "n": 15,
            "expec": [
                {
                    "E[P_z(1)]": 0.000877962,
                    "E[P_z(2)]": 0.0002986826,
                    "E[P_z(3)]": 0.0001951166,
                    "E[P_z(4)]": 0.0001517372,
                    "E[P_z(5)]": 0.0001145916,
                    "E[P_z(6)]": 0.0001229525,
                    "E[P_z(7)]": 8.22313e-05,
                    "E[P_z(8)]": 6.89923e-05,
                    "E[P_z(9)]": 7.42297e-05,
                    "E[P_z(10)]": 5.15617e-05,
                    "E[P_z(11)]": 5.52096e-05,
                    "E[P_z(12)]": 4.6423e-05,
                    "E[P_z(13)]": 4.85816e-05,
                    "E[P_z(14)]": 7.39342e-05,
                    "E[D_z]": null,
                    "E[mis_z]": null
                },
                {
                    "E[P_z(1)]": 0.0006281093,
                    "E[P_z(2)]": 0.000191387,
                    "E[P_z(3)]": 0.0001180978,
                    "E[P_z(4)]": 8.8484e-05,
                    "E[P_z(5)]": 6.50164e-05,
                    "E[P_z(6)]": 6.8269e-05,
                    "E[P_z(7)]": 4.48527e-05,
                    "E[P_z(8)]": 3.70655e-05,
                    "E[P_z(9)]": 3.93575e-05,
                    "E[P_z(10)]": 2.70219e-05,
                    "E[P_z(11)]": 2.86329e-05,
                    "E[P_z(12)]": 2.38489e-05,
                    "E[P_z(13)]": 2.47424e-05,
                    "E[P_z(14)]": 3.7355e-05,
                    "E[D_z]": null,
                    "E[mis_z]": null
                }
            ],
            "alpha": 0.025288164271092078,
            "execution_time": 280.7860643863678
        }
    }
}