{
    "likelihood": -99.52846171185567,
    "L2_residual": 120.68002615286194,
    "params_mle": {
        "S_d": -18700.650058912346,
        "b": 0.06718969199522658,
        "p_b": 0.02721408685559806,
        "S_b": 13.072529720750456,
        "eps": 0.0,
        "h": 0.5
    },
    "alpha": 0.4518342125321673,
    "result": {
        "fun": 88.97165347751798,
        "jac": [
            0.00682121030475267,
            0.0018189894146007119,
            0.008185452314585017,
            0.005729816655992243,
            NaN,
            NaN
        ],
        "nfev": 690,
        "njev": 138,
        "nit": 88,
        "status": 0,
        "message": "CONVERGENCE: REL_REDUCTION_OF_F_<=_FACTR*EPSMCH",
        "x": [
            -4.271856703439795,
            -1.1726973497583093,
            0.02721408685559806,
            1.1163596378830853,
            0.0,
            0.5
        ],
        "success": true,
        "hess_inv": null
    },
    "execution_time": 58.33875370025635,
    "sfs_mle": [
        0.0,
        36150.15720188068,
        10491.320020403558,
        5116.78239644465,
        3188.1478135204984,
        2283.3704497808367,
        1780.081143053793,
        1466.5172971228903,
        1256.596979265161,
        1109.5187733846192,
        1003.2341800804837,
        925.1396013476751,
        868.2616698966781,
        829.0445515961575,
        805.9067317150951,
        798.9308345287512,
        811.3192490797206,
        852.3565449421252,
        940.9228296210755,
        1115.4306843935626,
        0.0
    ],
    "fixed_params": {
        "all.eps": 0,
        "all.h": 0.5
    },
    "bounds": {
        "S_d": [
            -100000.0,
            -0.01
        ],
        "b": [
            0.01,
            10
        ],
        "p_b": [
            0,
            0.5
        ],
        "S_b": [
            0.0001,
            100
        ],
        "eps": [
            0,
            0.15
        ],
        "h": [
            0,
            0.5
        ]
    },
    "config": {
        "model": "GammaExpParametrization",
        "intervals_del": [
            -100000000.0,
            -1e-05,
            1000
        ],
        "intervals_ben": [
            1e-05,
            10000.0,
            1000
        ],
        "intervals_h": [
            0.0,
            1.0,
            21
        ],
        "h_callback": null,
        "integration_mode": "midpoint",
        "linearized": true,
        "seed": 0,
        "opts_mle": {},
        "method_mle": "L-BFGS-B",
        "n_runs": 100,
        "x0": {
            "all": {
                "S_d": -1000,
                "b": 0.4,
                "p_b": 0.05,
                "S_b": 1,
                "eps": 0.0,
                "h": 0.5
            }
        },
        "bounds": {
            "S_d": [
                -100000.0,
                -0.01
            ],
            "b": [
                0.01,
                10
            ],
            "p_b": [
                0,
                0.5
            ],
            "S_b": [
                0.0001,
                100
            ],
            "eps": [
                0,
                0.15
            ],
            "h": [
                0,
                0.5
            ]
        },
        "scales": {
            "S_d": "log",
            "b": "log",
            "p_b": "lin",
            "S_b": "log",
            "eps": "lin",
            "h": "lin"
        },
        "fixed_params": {
            "all": {
                "eps": 0,
                "h": 0.5
            }
        },
        "shared_params": [],
        "covariates": [],
        "sfs_neut": {
            "all": [
                999045112.0,
                63689.96075009607,
                19604.494786132575,
                9812.43714924214,
                6207.625516143235,
                4489.67678562334,
                3522.44392315608,
                2913.2081113491554,
                2500.7511867553103,
                2207.977592739236,
                1992.7618661721567,
                1830.6809605915992,
                1707.8788206360014,
                1616.7662442459027,
                1553.0535318075886,
                1514.8192007296875,
                1504.5467564331643,
                1532.7811668562922,
                1619.8426910419585,
                1801.552244181049,
                74818.15531825775
            ]
        },
        "sfs_sel": {
            "all": [
                999321721.0,
                36199.72396766117,
                10389.840054750615,
                5109.521461706179,
                3210.1113337287643,
                2307.171131092817,
                1795.5977715537824,
                1472.0710965551427,
                1254.887243626255,
                1104.722488370986,
                999.0390033398312,
                923.7841008719791,
                870.3145291662223,
                833.6153264180822,
                811.1675954149456,
                802.7472888153497,
                811.3521806125481,
                845.6051629909424,
                927.096430449584,
                1124.7019585877126,
                63416.84991857083
            ]
        },
        "do_bootstrap": true,
        "n_bootstraps": 100,
        "n_bootstrap_retries": 2,
        "parallelize": true,
        "loss_type": "likelihood"
    }
}