{
    "py/object": "fastdfe.polydfe.PolyDFE",
    "logger": {
        "py/reduce": [
            {
                "py/function": "logging.getLogger"
            },
            {
                "py/tuple": [
                    "fastdfe.PolyDFE"
                ]
            }
        ]
    },
    "bootstraps": null,
    "config": {
        "py/object": "fastdfe.config.Config",
        "data": {
            "model": "GammaExpParametrization",
            "intervals_del": {
                "py/tuple": [
                    -100000000.0,
                    -1e-05,
                    1000
                ]
            },
            "intervals_ben": {
                "py/tuple": [
                    1e-05,
                    10000.0,
                    1000
                ]
            },
            "integration_mode": "midpoint",
            "linearized": true,
            "seed": 0,
            "opts_mle": {},
            "n_runs": 10,
            "x0": {
                "all": {
                    "S_b": 0.03800569,
                    "S_d": -68.01433,
                    "a": -1,
                    "b": 0.1127644,
                    "eps": 4.49744e-06,
                    "eps_cont": 0,
                    "lambda": 0,
                    "p_b": 0.003905648,
                    "r": [
                        0.5669393,
                        0.5649833,
                        0.5475162,
                        0.4995644,
                        0.5648594,
                        0.6039999,
                        0.4662727,
                        0.5802472,
                        0.5323765,
                        0.5838853,
                        0.5587549,
                        0.5490204,
                        0.5681745,
                        0.5012596,
                        0.6027202,
                        0.6738647,
                        0.7739941,
                        1.427315
                    ],
                    "theta_bar": 0.0008503307
                }
            },
            "bounds": {},
            "scales": {},
            "fixed_params": {},
            "shared_params": [],
            "covariates": [],
            "sfs_neut": {
                "py/object": "fastdfe.spectrum.Spectra",
                "data": {
                    "all": [
                        1040352.81958835,
                        936.0,
                        224.0,
                        160.0,
                        105.0,
                        83.0,
                        92.0,
                        86.0,
                        58.0,
                        74.0,
                        55.0,
                        64.0,
                        45.0,
                        46.0,
                        32.0,
                        21.0,
                        42.0,
                        35.0,
                        32.0,
                        77.0,
                        0.0
                    ]
                }
            },
            "sfs_sel": {
                "py/object": "fastdfe.spectrum.Spectra",
                "data": {
                    "all": [
                        2843061.18041165,
                        1756.0,
                        457.0,
                        301.0,
                        227.0,
                        142.0,
                        127.0,
                        101.0,
                        89.0,
                        72.0,
                        76.0,
                        76.0,
                        72.0,
                        54.0,
                        62.0,
                        47.0,
                        31.0,
                        49.0,
                        55.0,
                        84.0,
                        0.0
                    ]
                }
            },
            "do_bootstrap": false,
            "n_bootstraps": 10,
            "parallelize": false,
            "loss_type": "likelihood"
        }
    },
    "output_file": null,
    "execution_time": 325.22828435897827,
    "summary": {
        "py/object": "fastdfe.polydfe.PolyDFEResult",
        "output_file": "results/polydfe/hgdp/inference/1/opts.n.20.config.default/bootstraps/18/all.polydfe.txt",
        "postprocessing_source": "../resources/polydfe/postprocessing/script.R",
        "data": {
            "output_file": "/scratch/40841272/tmpj40_wrif",
            "model": "C",
            "likelihood": -140.1855,
            "criteria": 8e-05,
            "params_mle": {
                "eps": 4.49551e-06,
                "eps_cont": 0,
                "lambda": 0,
                "theta_bar": 0.0008646301,
                "a": -1,
                "S_d": -47.06309,
                "b": 0.141426,
                "p_b": 0.003863506,
                "S_b": 0.03791581,
                "r": [
                    0.5453049,
                    0.5755585,
                    0.5666758,
                    0.4888954,
                    0.5792177,
                    0.5837749,
                    0.5296411,
                    0.596837,
                    0.599482,
                    0.7094429,
                    0.650689,
                    0.6057864,
                    0.6163206,
                    0.4799281,
                    0.5519424,
                    0.6775345,
                    0.7458209,
                    1.462003
                ]
            },
            "n": 20,
            "expec": [
                {
                    "E[P_z(1)]": 0.0008646265,
                    "E[P_z(2)]": 0.0002357426,
                    "E[P_z(3)]": 0.0001658811,
                    "E[P_z(4)]": 0.0001224908,
                    "E[P_z(5)]": 8.45425e-05,
                    "E[P_z(6)]": 8.3468e-05,
                    "E[P_z(7)]": 7.21069e-05,
                    "E[P_z(8)]": 5.72429e-05,
                    "E[P_z(9)]": 5.73381e-05,
                    "E[P_z(10)]": 5.1833e-05,
                    "E[P_z(11)]": 5.57642e-05,
                    "E[P_z(12)]": 4.68838e-05,
                    "E[P_z(13)]": 4.0291e-05,
                    "E[P_z(14)]": 3.80637e-05,
                    "E[P_z(15)]": 2.76643e-05,
                    "E[P_z(16)]": 2.9827e-05,
                    "E[P_z(17)]": 3.44604e-05,
                    "E[P_z(18)]": 3.58264e-05,
                    "E[P_z(19)]": 6.65347e-05,
                    "E[D_z]": null,
                    "E[mis_z]": null
                },
                {
                    "E[P_z(1)]": 0.000628933,
                    "E[P_z(2)]": 0.0001528702,
                    "E[P_z(3)]": 0.0001011796,
                    "E[P_z(4)]": 7.17565e-05,
                    "E[P_z(5)]": 4.8071e-05,
                    "E[P_z(6)]": 4.6356e-05,
                    "E[P_z(7)]": 3.92769e-05,
                    "E[P_z(8)]": 3.06704e-05,
                    "E[P_z(9)]": 3.02843e-05,
                    "E[P_z(10)]": 2.70316e-05,
                    "E[P_z(11)]": 2.87531e-05,
                    "E[P_z(12)]": 2.39266e-05,
                    "E[P_z(13)]": 2.03693e-05,
                    "E[P_z(14)]": 1.9077e-05,
                    "E[P_z(15)]": 1.37537e-05,
                    "E[P_z(16)]": 1.47181e-05,
                    "E[P_z(17)]": 1.68852e-05,
                    "E[P_z(18)]": 1.74388e-05,
                    "E[P_z(19)]": 3.2185e-05,
                    "E[D_z]": null,
                    "E[mis_z]": null
                }
            ],
            "alpha": 0.009317765266604333,
            "execution_time": 325.22828435897827
        }
    }
}