{
    "output_file": "/scratch/38995953/tmp5sszlw0i",
    "model": "C",
    "likelihood": -155.2488,
    "criteria": 0.0001,
    "params_mle": {
        "eps": 0.0257281,
        "eps_cont": 0,
        "lambda": 0,
        "theta_bar": 0.0008262619,
        "a": -1,
        "S_d": -212.5015,
        "b": 0.3853857,
        "p_b": 0,
        "S_b": 1,
        "r": [
            1.170207,
            1.132976,
            1.245168,
            1.414106,
            0.8728962,
            1.310858,
            0.9080045,
            1.376057,
            1.132509,
            0.9422429,
            0.9185517,
            1.491864,
            1.200861,
            1.028811,
            0.9337672,
            1.053062,
            0.8920617,
            0.4585392
        ]
    },
    "n": 20,
    "expec": [
        {
            "E[P_z(1)]": 0.0008055168,
            "E[P_z(2)]": 0.0004720641,
            "E[P_z(3)]": 0.0003053334,
            "E[P_z(4)]": 0.0002518319,
            "E[P_z(5)]": 0.0002291302,
            "E[P_z(6)]": 0.0001189376,
            "E[P_z(7)]": 0.0001531889,
            "E[P_z(8)]": 9.29956e-05,
            "E[P_z(9)]": 0.0001249021,
            "E[P_z(10)]": 9.35749e-05,
            "E[P_z(11)]": 7.22056e-05,
            "E[P_z(12)]": 6.40326e-05,
            "E[P_z(13)]": 9.63622e-05,
            "E[P_z(14)]": 7.21425e-05,
            "E[P_z(15)]": 6.12254e-05,
            "E[P_z(16)]": 5.35979e-05,
            "E[P_z(17)]": 5.78941e-05,
            "E[P_z(18)]": 5.23334e-05,
            "E[P_z(19)]": 4.06858e-05,
            "E[D_z]": null,
            "E[mis_z]": null
        },
        {
            "E[P_z(1)]": 0.000297905,
            "E[P_z(2)]": 0.000121144,
            "E[P_z(3)]": 6.51177e-05,
            "E[P_z(4)]": 4.77369e-05,
            "E[P_z(5)]": 3.98678e-05,
            "E[P_z(6)]": 1.93239e-05,
            "E[P_z(7)]": 2.3588e-05,
            "E[P_z(8)]": 1.36862e-05,
            "E[P_z(9)]": 1.7688e-05,
            "E[P_z(10)]": 1.28081e-05,
            "E[P_z(11)]": 9.6089e-06,
            "E[P_z(12)]": 8.3036e-06,
            "E[P_z(13)]": 1.22278e-05,
            "E[P_z(14)]": 8.9819e-06,
            "E[P_z(15)]": 7.6804e-06,
            "E[P_z(16)]": 6.7865e-06,
            "E[P_z(17)]": 7.4743e-06,
            "E[P_z(18)]": 7.7217e-06,
            "E[P_z(19)]": 1.00325e-05,
            "E[D_z]": null,
            "E[mis_z]": null
        }
    ],
    "alpha": 0.0,
    "execution_time": 221.88222527503967
}