{
    "output_file": "/scratch/40841113/tmpxwsnv5k0",
    "model": "C",
    "likelihood": -101.0287,
    "criteria": 0.00067,
    "params_mle": {
        "eps": 4.50063e-06,
        "eps_cont": 0,
        "lambda": 0,
        "theta_bar": 0.0008928851,
        "a": -1,
        "S_d": -210.5299,
        "b": 0.0770309,
        "p_b": 0.01040118,
        "S_b": 0.09522848,
        "r": [
            0.6566825,
            0.6106915,
            0.6527778,
            0.5534951,
            0.6926675,
            0.6090986,
            0.6100099,
            0.6055566,
            0.5967638,
            0.5989988,
            0.5603026,
            0.6542279,
            1.126221
        ]
    },
    "n": 15,
    "expec": [
        {
            "E[P_z(1)]": 0.0008928814,
            "E[P_z(2)]": 0.0002931699,
            "E[P_z(3)]": 0.0001817585,
            "E[P_z(4)]": 0.0001457135,
            "E[P_z(5)]": 9.88413e-05,
            "E[P_z(6)]": 0.0001030786,
            "E[P_z(7)]": 7.76935e-05,
            "E[P_z(8)]": 6.80836e-05,
            "E[P_z(9)]": 6.00771e-05,
            "E[P_z(10)]": 5.32844e-05,
            "E[P_z(11)]": 4.8622e-05,
            "E[P_z(12)]": 4.16911e-05,
            "E[P_z(13)]": 4.49358e-05,
            "E[P_z(14)]": 7.18313e-05,
            "E[D_z]": null,
            "E[mis_z]": null
        },
        {
            "E[P_z(1)]": 0.0006361016,
            "E[P_z(2)]": 0.000194701,
            "E[P_z(3)]": 0.0001166978,
            "E[P_z(4)]": 9.15372e-05,
            "E[P_z(5)]": 6.11069e-05,
            "E[P_z(6)]": 6.29288e-05,
            "E[P_z(7)]": 4.69415e-05,
            "E[P_z(8)]": 4.0773e-05,
            "E[P_z(9)]": 3.57029e-05,
            "E[P_z(10)]": 3.14516e-05,
            "E[P_z(11)]": 2.85251e-05,
            "E[P_z(12)]": 2.4324e-05,
            "E[P_z(13)]": 2.60848e-05,
            "E[P_z(14)]": 4.15035e-05,
            "E[D_z]": null,
            "E[mis_z]": null
        }
    ],
    "alpha": 0.02111318713582774,
    "execution_time": 315.66591572761536
}