{
    "output_file": "/scratch/40841709/tmpxzjtwd04",
    "model": "C",
    "likelihood": -203.2103,
    "criteria": 0.00123,
    "params_mle": {
        "eps": 4.50533e-06,
        "eps_cont": 0,
        "lambda": 0,
        "theta_bar": 0.0009595539,
        "a": -1,
        "S_d": -78.71431,
        "b": 0.114442,
        "p_b": 0.009370502,
        "S_b": 0.1099495,
        "r": [
            0.5459953,
            0.5181435,
            0.4985112,
            0.4657059,
            0.4401995,
            0.4702635,
            0.4459333,
            0.512312,
            0.5296793,
            0.5598994,
            0.5472576,
            0.6266791,
            0.3809727,
            0.5241689,
            0.4063643,
            0.3644028,
            0.5331862,
            0.4331143,
            0.489765,
            0.4812578,
            0.6497945,
            0.4631989,
            0.6628208,
            0.6197006,
            0.6134965,
            0.6159558,
            0.9657645,
            1.484979
        ]
    },
    "n": 30,
    "expec": [
        {
            "E[P_z(1)]": 0.0009595498,
            "E[P_z(2)]": 0.0002619549,
            "E[P_z(3)]": 0.0001657282,
            "E[P_z(4)]": 0.0001195867,
            "E[P_z(5)]": 8.93737e-05,
            "E[P_z(6)]": 7.0399e-05,
            "E[P_z(7)]": 6.44631e-05,
            "E[P_z(8)]": 5.3487e-05,
            "E[P_z(9)]": 5.46211e-05,
            "E[P_z(10)]": 5.08255e-05,
            "E[P_z(11)]": 4.88411e-05,
            "E[P_z(12)]": 4.37602e-05,
            "E[P_z(13)]": 4.62562e-05,
            "E[P_z(14)]": 2.61117e-05,
            "E[P_z(15)]": 3.35312e-05,
            "E[P_z(16)]": 2.43705e-05,
            "E[P_z(17)]": 2.05686e-05,
            "E[P_z(18)]": 2.84235e-05,
            "E[P_z(19)]": 2.18736e-05,
            "E[P_z(20)]": 2.34979e-05,
            "E[P_z(21)]": 2.19903e-05,
            "E[P_z(22)]": 2.83416e-05,
            "E[P_z(23)]": 1.93247e-05,
            "E[P_z(24)]": 2.65007e-05,
            "E[P_z(25)]": 2.37857e-05,
            "E[P_z(26)]": 2.26421e-05,
            "E[P_z(27)]": 2.18911e-05,
            "E[P_z(28)]": 3.30976e-05,
            "E[P_z(29)]": 4.91392e-05,
            "E[D_z]": null,
            "E[mis_z]": null
        },
        {
            "E[P_z(1)]": 0.000717315,
            "E[P_z(2)]": 0.0001777685,
            "E[P_z(3)]": 0.000106908,
            "E[P_z(4)]": 7.46146e-05,
            "E[P_z(5)]": 5.441e-05,
            "E[P_z(6)]": 4.20362e-05,
            "E[P_z(7)]": 3.78831e-05,
            "E[P_z(8)]": 3.10106e-05,
            "E[P_z(9)]": 3.12989e-05,
            "E[P_z(10)]": 2.8824e-05,
            "E[P_z(11)]": 2.74434e-05,
            "E[P_z(12)]": 2.43835e-05,
            "E[P_z(13)]": 2.55781e-05,
            "E[P_z(14)]": 1.43378e-05,
            "E[P_z(15)]": 1.82923e-05,
            "E[P_z(16)]": 1.32146e-05,
            "E[P_z(17)]": 1.10901e-05,
            "E[P_z(18)]": 1.5244e-05,
            "E[P_z(19)]": 1.16725e-05,
            "E[P_z(20)]": 1.24799e-05,
            "E[P_z(21)]": 1.16268e-05,
            "E[P_z(22)]": 1.49208e-05,
            "E[P_z(23)]": 1.01323e-05,
            "E[P_z(24)]": 1.38407e-05,
            "E[P_z(25)]": 1.23763e-05,
            "E[P_z(26)]": 1.17391e-05,
            "E[P_z(27)]": 1.13107e-05,
            "E[P_z(28)]": 1.70442e-05,
            "E[P_z(29)]": 2.5225e-05,
            "E[D_z]": null,
            "E[mis_z]": null
        }
    ],
    "alpha": 0.020664885650878352,
    "execution_time": 839.2015018463135
}