{
    "output_file": "/scratch/38995962/tmpecx493ek",
    "model": "C",
    "likelihood": -235.7578,
    "criteria": 7e-05,
    "params_mle": {
        "eps": 0,
        "eps_cont": 0,
        "lambda": 0,
        "theta_bar": 0.003214408,
        "a": -1,
        "S_d": -133.4433,
        "b": 0.3083372,
        "p_b": 0,
        "S_b": 1,
        "r": [
            0.9246117,
            0.9109972,
            0.9033249,
            0.9230037,
            0.8724097,
            0.8853889,
            0.8605563,
            0.8873185,
            1.047608,
            0.7994443,
            0.9233401,
            0.9106523,
            0.9470655,
            0.9570217,
            1.017606,
            1.104065,
            1.289442,
            1.519299
        ]
    },
    "n": 20,
    "expec": [
        {
            "E[P_z(1)]": 0.003214408,
            "E[P_z(2)]": 0.00148604,
            "E[P_z(3)]": 0.0009761057,
            "E[P_z(4)]": 0.0007259138,
            "E[P_z(5)]": 0.0005933822,
            "E[P_z(6)]": 0.0004673802,
            "E[P_z(7)]": 0.0004065716,
            "E[P_z(8)]": 0.0003457724,
            "E[P_z(9)]": 0.0003169116,
            "E[P_z(10)]": 0.0003367441,
            "E[P_z(11)]": 0.0002336128,
            "E[P_z(12)]": 0.0002473327,
            "E[P_z(13)]": 0.0002251699,
            "E[P_z(14)]": 0.0002174468,
            "E[P_z(15)]": 0.0002050839,
            "E[P_z(16)]": 0.0002044376,
            "E[P_z(17)]": 0.0002087597,
            "E[P_z(18)]": 0.0002302664,
            "E[P_z(19)]": 0.0002570341,
            "E[D_z]": null,
            "E[mis_z]": null
        },
        {
            "E[P_z(1)]": 0.001526864,
            "E[P_z(2)]": 0.0005359872,
            "E[P_z(3)]": 0.0003052976,
            "E[P_z(4)]": 0.0002070291,
            "E[P_z(5)]": 0.0001582053,
            "E[P_z(6)]": 0.0001182069,
            "E[P_z(7)]": 9.84762e-05,
            "E[P_z(8)]": 8.07421e-05,
            "E[P_z(9)]": 7.16959e-05,
            "E[P_z(10)]": 7.40853e-05,
            "E[P_z(11)]": 5.01293e-05,
            "E[P_z(12)]": 5.18893e-05,
            "E[P_z(13)]": 4.62769e-05,
            "E[P_z(14)]": 4.38511e-05,
            "E[P_z(15)]": 4.06389e-05,
            "E[P_z(16)]": 3.98546e-05,
            "E[P_z(17)]": 4.00798e-05,
            "E[P_z(18)]": 4.35781e-05,
            "E[P_z(19)]": 4.79888e-05,
            "E[D_z]": null,
            "E[mis_z]": null
        }
    ],
    "alpha": 0.0,
    "execution_time": 55.01632905006409
}