{
    "py/object": "fastdfe.polydfe.PolyDFE",
    "logger": {
        "py/reduce": [
            {
                "py/function": "logging.getLogger"
            },
            {
                "py/tuple": [
                    "fastdfe.PolyDFE"
                ]
            }
        ]
    },
    "bootstraps": null,
    "config": {
        "py/object": "fastdfe.config.Config",
        "data": {
            "model": "GammaExpParametrization",
            "intervals_del": {
                "py/tuple": [
                    -100000000.0,
                    -1e-05,
                    1000
                ]
            },
            "intervals_ben": {
                "py/tuple": [
                    1e-05,
                    10000.0,
                    1000
                ]
            },
            "integration_mode": "midpoint",
            "linearized": true,
            "seed": 0,
            "opts_mle": {},
            "n_runs": 10,
            "x0": {
                "all": {
                    "S_b": 0.05328228,
                    "S_d": -33.44406,
                    "a": -1,
                    "b": 0.1398527,
                    "eps": 4.50451e-06,
                    "eps_cont": 0,
                    "lambda": 0,
                    "p_b": 0.005009714,
                    "r": [
                        0.5834314,
                        0.499803,
                        0.5581096,
                        0.5076067,
                        0.557493,
                        0.6522272,
                        0.6050956,
                        0.5227928,
                        0.5765882,
                        0.4982845,
                        0.5150672,
                        0.5206269,
                        0.482151,
                        0.5460091,
                        0.5199818,
                        0.523935,
                        0.5814646,
                        0.6159988,
                        0.7697745,
                        0.7047025,
                        0.6593795,
                        0.914738,
                        1.558127
                    ],
                    "theta_bar": 0.0008647194
                }
            },
            "bounds": {},
            "scales": {},
            "fixed_params": {},
            "shared_params": [],
            "covariates": [],
            "sfs_neut": {
                "py/object": "fastdfe.spectrum.Spectra",
                "data": {
                    "all": [
                        1039440.17546773,
                        866.0,
                        251.0,
                        146.0,
                        110.0,
                        78.0,
                        91.0,
                        82.0,
                        60.0,
                        44.0,
                        68.0,
                        39.0,
                        43.0,
                        39.0,
                        30.0,
                        38.0,
                        30.0,
                        40.0,
                        36.0,
                        29.0,
                        38.0,
                        27.0,
                        31.0,
                        25.0,
                        45.0,
                        0.0
                    ]
                }
            },
            "sfs_sel": {
                "py/object": "fastdfe.spectrum.Spectra",
                "data": {
                    "all": [
                        2843611.82453227,
                        1958.0,
                        473.0,
                        252.0,
                        202.0,
                        159.0,
                        121.0,
                        145.0,
                        111.0,
                        80.0,
                        78.0,
                        52.0,
                        48.0,
                        55.0,
                        27.0,
                        53.0,
                        40.0,
                        37.0,
                        35.0,
                        40.0,
                        46.0,
                        45.0,
                        30.0,
                        62.0,
                        72.0,
                        0.0
                    ]
                }
            },
            "do_bootstrap": false,
            "n_bootstraps": 10,
            "parallelize": false,
            "loss_type": "likelihood"
        }
    },
    "output_file": null,
    "execution_time": 360.1878230571747,
    "summary": {
        "py/object": "fastdfe.polydfe.PolyDFEResult",
        "output_file": "results/polydfe/hgdp/inference/1/opts.n.25.config.default/bootstraps/54/all.polydfe.txt",
        "postprocessing_source": "../resources/polydfe/postprocessing/script.R",
        "data": {
            "output_file": "/scratch/40841216/tmpe_oc60jm",
            "model": "C",
            "likelihood": -161.5116,
            "criteria": 9e-05,
            "params_mle": {
                "eps": 4.50717e-06,
                "eps_cont": 0,
                "lambda": 0,
                "theta_bar": 0.0008409851,
                "a": -1,
                "S_d": -14.38513,
                "b": 0.2131501,
                "p_b": 0.005012786,
                "S_b": 0.05331188,
                "r": [
                    0.5545168,
                    0.4802003,
                    0.5194265,
                    0.5061481,
                    0.5546131,
                    0.7047322,
                    0.6155358,
                    0.5084598,
                    0.6725537,
                    0.4656649,
                    0.5125183,
                    0.5781782,
                    0.3803679,
                    0.6550892,
                    0.5409265,
                    0.6359552,
                    0.6243447,
                    0.6438135,
                    0.829097,
                    0.7496654,
                    0.6683214,
                    1.000687,
                    1.409832
                ]
            },
            "n": 25,
            "expec": [
                {
                    "E[P_z(1)]": 0.0008409815,
                    "E[P_z(2)]": 0.0002331693,
                    "E[P_z(3)]": 0.0001346133,
                    "E[P_z(4)]": 0.0001092071,
                    "E[P_z(5)]": 8.51324e-05,
                    "E[P_z(6)]": 7.77367e-05,
                    "E[P_z(7)]": 8.46668e-05,
                    "E[P_z(8)]": 6.47069e-05,
                    "E[P_z(9)]": 4.75118e-05,
                    "E[P_z(10)]": 5.65607e-05,
                    "E[P_z(11)]": 3.56015e-05,
                    "E[P_z(12)]": 3.59184e-05,
                    "E[P_z(13)]": 3.7403e-05,
                    "E[P_z(14)]": 2.28489e-05,
                    "E[P_z(15)]": 3.67281e-05,
                    "E[P_z(16)]": 2.8432e-05,
                    "E[P_z(17)]": 3.14607e-05,
                    "E[P_z(18)]": 2.91705e-05,
                    "E[P_z(19)]": 2.84969e-05,
                    "E[P_z(20)]": 3.48631e-05,
                    "E[P_z(21)]": 3.00221e-05,
                    "E[P_z(22)]": 2.55481e-05,
                    "E[P_z(23)]": 3.65906e-05,
                    "E[P_z(24)]": 4.94055e-05,
                    "E[D_z]": null,
                    "E[mis_z]": null
                },
                {
                    "E[P_z(1)]": 0.0006840072,
                    "E[P_z(2)]": 0.0001689353,
                    "E[P_z(3)]": 9.05145e-05,
                    "E[P_z(4)]": 6.96093e-05,
                    "E[P_z(5)]": 5.20802e-05,
                    "E[P_z(6)]": 4.60059e-05,
                    "E[P_z(7)]": 4.87396e-05,
                    "E[P_z(8)]": 3.63766e-05,
                    "E[P_z(9)]": 2.61622e-05,
                    "E[P_z(10)]": 3.05774e-05,
                    "E[P_z(11)]": 1.89312e-05,
                    "E[P_z(12)]": 1.88153e-05,
                    "E[P_z(13)]": 1.93257e-05,