{
    "py/object": "fastdfe.polydfe.PolyDFE",
    "logger": {
        "py/reduce": [
            {
                "py/function": "logging.getLogger"
            },
            {
                "py/tuple": [
                    "fastdfe.PolyDFE"
                ]
            }
        ]
    },
    "bootstraps": null,
    "config": {
        "py/object": "fastdfe.config.Config",
        "data": {
            "model": "GammaExpParametrization",
            "intervals_del": {
                "py/tuple": [
                    -100000000.0,
                    -1e-05,
                    1000
                ]
            },
            "intervals_ben": {
                "py/tuple": [
                    1e-05,
                    10000.0,
                    1000
                ]
            },
            "integration_mode": "midpoint",
            "linearized": true,
            "seed": 0,
            "opts_mle": {},
            "n_runs": 10,
            "x0": {
                "all": {
                    "S_b": 0.09636954,
                    "S_d": -44.34681,
                    "a": -1,
                    "b": 0.1221405,
                    "eps": 4.50123e-06,
                    "eps_cont": 0,
                    "lambda": 0,
                    "p_b": 0.01060767,
                    "r": [
                        0.6268517,
                        0.6514728,
                        0.6820074,
                        0.5848618,
                        0.7565646,
                        0.6523473,
                        0.6349214,
                        0.7005902,
                        0.6139579,
                        0.6324166,
                        0.6421517,
                        0.7478784,
                        1.22486
                    ],
                    "theta_bar": 0.0008663822
                }
            },
            "bounds": {},
            "scales": {},
            "fixed_params": {},
            "shared_params": [],
            "covariates": [],
            "sfs_neut": {
                "py/object": "fastdfe.spectrum.Spectra",
                "data": {
                    "all": [
                        870399.438336528,
                        777.0,
                        206.0,
                        203.0,
                        112.0,
                        92.0,
                        93.0,
                        79.0,
                        54.0,
                        68.0,
                        58.0,
                        33.0,
                        47.0,
                        57.0,
                        67.0,
                        0.0
                    ]
                }
            },
            "sfs_sel": {
                "py/object": "fastdfe.spectrum.Spectra",
                "data": {
                    "all": [
                        2365778.56166347,
                        1537.0,
                        468.0,
                        258.0,
                        214.0,
                        135.0,
                        190.0,
                        99.0,
                        82.0,
                        100.0,
                        57.0,
                        55.0,
                        54.0,
                        58.0,
                        113.0,
                        0.0
                    ]
                }
            },
            "do_bootstrap": false,
            "n_bootstraps": 10,
            "parallelize": false,
            "loss_type": "likelihood"
        }
    },
    "output_file": null,
    "execution_time": 320.3816921710968,
    "summary": {
        "py/object": "fastdfe.polydfe.PolyDFEResult",
        "output_file": "results/polydfe/hgdp/inference/1/opts.n.15.config.default/bootstraps/57/all.polydfe.txt",
        "postprocessing_source": "../resources/polydfe/postprocessing/script.R",
        "data": {
            "output_file": "/scratch/40841102/tmprdi4gqbj",
            "model": "C",
            "likelihood": -110.1026,
            "criteria": 0.00016,
            "params_mle": {
                "eps": 4.50183e-06,
                "eps_cont": 0,
                "lambda": 0,
                "theta_bar": 0.0008711112,
                "a": -1,
                "S_d": -21.42219,
                "b": 0.1699272,
                "p_b": 0.01047178,
                "S_b": 0.09576208,
                "r": [
                    0.6307526,
                    0.6758028,
                    0.6556202,
                    0.5827109,
                    0.8861626,
                    0.6590502,
                    0.5820441,
                    0.8168385,
                    0.6266559,
                    0.5316131,
                    0.6701871,
                    0.8319194,
                    1.41044
                ]
            },
            "n": 15,
            "expec": [
                {
                    "E[P_z(1)]": 0.0008711077,
                    "E[P_z(2)]": 0.0002747268,
                    "E[P_z(3)]": 0.0001962325,
                    "E[P_z(4)]": 0.0001427791,
                    "E[P_z(5)]": 0.000101521,
                    "E[P_z(6)]": 0.0001286575,
                    "E[P_z(7)]": 8.20151e-05,
                    "E[P_z(8)]": 6.33782e-05,
                    "E[P_z(9)]": 7.90621e-05,
                    "E[P_z(10)]": 5.45889e-05,
                    "E[P_z(11)]": 4.20999e-05,
                    "E[P_z(12)]": 4.86513e-05,
                    "E[P_z(13)]": 5.57467e-05,
                    "E[P_z(14)]": 8.77642e-05,
                    "E[D_z]": null,
                    "E[mis_z]": null
                },
                {
                    "E[P_z(1)]": 0.0006559482,
                    "E[P_z(2)]": 0.0001833301,
                    "E[P_z(3)]": 0.0001223298,
                    "E[P_z(4)]": 8.50264e-05,
                    "E[P_z(5)]": 5.84323e-05,
                    "E[P_z(6)]": 7.2078e-05,
                    "E[P_z(7)]": 4.49326e-05,
                    "E[P_z(8)]": 3.40673e-05,
                    "E[P_z(9)]": 4.17991e-05,
                    "E[P_z(10)]": 2.84398e-05,
                    "E[P_z(11)]": 2.1646e-05,
                    "E[P_z(12)]": 2.4717e-05,
                    "E[P_z(13)]": 2.80134e-05,
                    "E[P_z(14)]": 4.36599e-05,
                    "E[D_z]": null,
                    "E[mis_z]": null
                }
            ],
            "alpha": 0.023535405315812986,
            "execution_time": 320.3816921710968
        }
    }
}