{
    "py/object": "fastdfe.polydfe.PolyDFE",
    "logger": {
        "py/reduce": [
            {
                "py/function": "logging.getLogger"
            },
            {
                "py/tuple": [
                    "fastdfe.PolyDFE"
                ]
            }
        ]
    },
    "bootstraps": null,
    "config": {
        "py/object": "fastdfe.config.Config",
        "data": {
            "model": "GammaExpParametrization",
            "intervals_del": {
                "py/tuple": [
                    -100000000.0,
                    -1e-05,
                    1000
                ]
            },
            "intervals_ben": {
                "py/tuple": [
                    1e-05,
                    10000.0,
                    1000
                ]
            },
            "integration_mode": "midpoint",
            "linearized": true,
            "seed": 0,
            "opts_mle": {},
            "n_runs": 10,
            "x0": {
                "all": {
                    "S_b": 0.09636954,
                    "S_d": -44.34681,
                    "a": -1,
                    "b": 0.1221405,
                    "eps": 4.50123e-06,
                    "eps_cont": 0,
                    "lambda": 0,
                    "p_b": 0.01060767,
                    "r": [
                        0.6268517,
                        0.6514728,
                        0.6820074,
                        0.5848618,
                        0.7565646,
                        0.6523473,
                        0.6349214,
                        0.7005902,
                        0.6139579,
                        0.6324166,
                        0.6421517,
                        0.7478784,
                        1.22486
                    ],
                    "theta_bar": 0.0008663822
                }
            },
            "bounds": {},
            "scales": {},
            "fixed_params": {},
            "shared_params": [],
            "covariates": [],
            "sfs_neut": {
                "py/object": "fastdfe.spectrum.Spectra",
                "data": {
                    "all": [
                        870428.438336528,
                        731.0,
                        240.0,
                        180.0,
                        139.0,
                        84.0,
                        91.0,
                        84.0,
                        55.0,
                        66.0,
                        53.0,
                        42.0,
                        47.0,
                        45.0,
                        60.0,
                        0.0
                    ]
                }
            },
            "sfs_sel": {
                "py/object": "fastdfe.spectrum.Spectra",
                "data": {
                    "all": [
                        2365794.56166347,
                        1514.0,
                        436.0,
                        268.0,
                        220.0,
                        151.0,
                        159.0,
                        117.0,
                        107.0,
                        83.0,
                        74.0,
                        62.0,
                        63.0,
                        52.0,
                        98.0,
                        0.0
                    ]
                }
            },
            "do_bootstrap": false,
            "n_bootstraps": 10,
            "parallelize": false,
            "loss_type": "likelihood"
        }
    },
    "output_file": null,
    "execution_time": 150.84624886512756,
    "summary": {
        "py/object": "fastdfe.polydfe.PolyDFEResult",
        "output_file": "results/polydfe/hgdp/inference/1/opts.n.15.config.default/bootstraps/33/all.polydfe.txt",
        "postprocessing_source": "../resources/polydfe/postprocessing/script.R",
        "data": {
            "output_file": "/scratch/40840718/tmp7x8lus4u",
            "model": "C",
            "likelihood": -96.99589,
            "criteria": 9e-05,
            "params_mle": {
                "eps": 4.50181e-06,
                "eps_cont": 0,
                "lambda": 0,
                "theta_bar": 0.0008465807,
                "a": -1,
                "S_d": -25.43232,
                "b": 0.1514414,
                "p_b": 0.01060277,
                "S_b": 0.0962949,
                "r": [
                    0.648823,
                    0.6710737,
                    0.7358119,
                    0.6135855,
                    0.7950084,
                    0.7548244,
                    0.7024575,
                    0.7333268,
                    0.6999382,
                    0.6349143,
                    0.7372519,
                    0.7083569,
                    1.249098
                ]
            },
            "n": 15,
            "expec": [
                {
                    "E[P_z(1)]": 0.0008465772,
                    "E[P_z(2)]": 0.0002746395,
                    "E[P_z(3)]": 0.0001893721,
                    "E[P_z(4)]": 0.0001557306,
                    "E[P_z(5)]": 0.0001038897,
                    "E[P_z(6)]": 0.0001121729,
                    "E[P_z(7)]": 9.12885e-05,
                    "E[P_z(8)]": 7.43359e-05,
                    "E[P_z(9)]": 6.89802e-05,
                    "E[P_z(10)]": 5.92556e-05,
                    "E[P_z(11)]": 4.88647e-05,
                    "E[P_z(12)]": 5.20126e-05,
                    "E[P_z(13)]": 4.61304e-05,
                    "E[P_z(14)]": 7.55365e-05,
                    "E[D_z]": null,
                    "E[mis_z]": null
                },
                {
                    "E[P_z(1)]": 0.0006358686,
                    "E[P_z(2)]": 0.0001842057,
                    "E[P_z(3)]": 0.000119368,
                    "E[P_z(4)]": 9.41877e-05,
                    "E[P_z(5)]": 6.09372e-05,
                    "E[P_z(6)]": 6.42191e-05,
                    "E[P_z(7)]": 5.12258e-05,
                    "E[P_z(8)]": 4.10069e-05,
                    "E[P_z(9)]": 3.74913e-05,
                    "E[P_z(10)]": 3.17849e-05,
                    "E[P_z(11)]": 2.59035e-05,
                    "E[P_z(12)]": 2.72784e-05,
                    "E[P_z(13)]": 2.39574e-05,
                    "E[P_z(14)]": 3.88764e-05,
                    "E[D_z]": null,
                    "E[mis_z]": null
                }
            ],
            "alpha": 0.023028145742854125,
            "execution_time": 150.84624886512756
        }
    }
}