{
    "output_file": "/scratch/38996046/tmpaatej5eq",
    "model": "C",
    "likelihood": -235.2228,
    "criteria": 0.00325,
    "params_mle": {
        "eps": 0,
        "eps_cont": 0,
        "lambda": 0,
        "theta_bar": 0.00312244,
        "a": -1,
        "S_d": -90.81634,
        "b": 0.354935,
        "p_b": 0,
        "S_b": 1,
        "r": [
            0.9726473,
            0.9287584,
            0.9998474,
            0.9800961,
            0.9277901,
            0.9394277,
            1.023313,
            0.9270325,
            0.9938789,
            0.9982643,
            0.9986201,
            0.8783138,
            0.9391341,
            0.9272653,
            0.9956921,
            1.15288,
            1.340697,
            1.602628
        ]
    },
    "n": 20,
    "expec": [
        {
            "E[P_z(1)]": 0.00312244,
            "E[P_z(2)]": 0.001518517,
            "E[P_z(3)]": 0.0009666643,
            "E[P_z(4)]": 0.000780491,
            "E[P_z(5)]": 0.0006120583,
            "E[P_z(6)]": 0.0004828282,
            "E[P_z(7)]": 0.0004190438,
            "E[P_z(8)]": 0.0003994043,
            "E[P_z(9)]": 0.0003216226,
            "E[P_z(10)]": 0.0003103328,
            "E[P_z(11)]": 0.0002833655,
            "E[P_z(12)]": 0.0002598443,
            "E[P_z(13)]": 0.0002109602,
            "E[P_z(14)]": 0.0002094565,
            "E[P_z(15)]": 0.000193022,
            "E[P_z(16)]": 0.0001943118,
            "E[P_z(17)]": 0.0002117529,
            "E[P_z(18)]": 0.0002325692,
            "E[P_z(19)]": 0.0002633743,
            "E[D_z]": null,
            "E[mis_z]": null
        },
        {
            "E[P_z(1)]": 0.001548019,
            "E[P_z(2)]": 0.0005601645,
            "E[P_z(3)]": 0.0003037866,
            "E[P_z(4)]": 0.0002208036,
            "E[P_z(5)]": 0.0001603114,
            "E[P_z(6)]": 0.0001190465,
            "E[P_z(7)]": 9.83246e-05,
            "E[P_z(8)]": 8.98687e-05,
            "E[P_z(9)]": 6.97878e-05,
            "E[P_z(10)]": 6.52182e-05,
            "E[P_z(11)]": 5.78726e-05,
            "E[P_z(12)]": 5.17151e-05,
            "E[P_z(13)]": 4.10077e-05,
            "E[P_z(14)]": 3.98421e-05,
            "E[P_z(15)]": 3.59864e-05,
            "E[P_z(16)]": 3.55561e-05,
            "E[P_z(17)]": 3.80759e-05,
            "E[P_z(18)]": 4.11373e-05,
            "E[P_z(19)]": 4.58695e-05,
            "E[D_z]": null,
            "E[mis_z]": null
        }
    ],
    "alpha": 0.0,
    "execution_time": 94.342609167099
}