neutral,selected
999694155.3051703,999796480.5305827
38479.36636615687,22319.310465482013
19789.914327681796,9549.018371137174
13816.74236816033,6051.690732645608
10955.822472253116,4486.851994106877
9328.608114321705,3631.416823670543
8319.292844663432,3118.4433542026904
7670.5885756684675,2802.059369633751
7261.835895619166,2612.4002432882626
7034.469250089835,2511.744250463609
3480.67645851692,1240.1426753209405
0.0,0.0
0.0,0.0
0.0,0.0
0.0,0.0
0.0,0.0
0.0,0.0
0.0,0.0
0.0,0.0
0.0,0.0
0.0,0.0
