{
    "py/object": "fastdfe.polydfe.PolyDFE",
    "logger": {
        "py/reduce": [
            {
                "py/function": "logging.getLogger"
            },
            {
                "py/tuple": [
                    "fastdfe.PolyDFE"
                ]
            }
        ]
    },
    "bootstraps": null,
    "config": {
        "py/object": "fastdfe.config.Config",
        "data": {
            "model": "GammaExpParametrization",
            "intervals_del": {
                "py/tuple": [
                    -100000000.0,
                    -1e-05,
                    1000
                ]
            },
            "intervals_ben": {
                "py/tuple": [
                    1e-05,
                    10000.0,
                    1000
                ]
            },
            "integration_mode": "midpoint",
            "linearized": true,
            "seed": 0,
            "opts_mle": {},
            "n_runs": 10,
            "x0": {
                "all": {
                    "S_b": 0.05627203,
                    "S_d": -26.88451,
                    "a": -1,
                    "b": 0.1464485,
                    "eps": 4.50288e-06,
                    "eps_cont": 0,
                    "lambda": 0,
                    "p_b": 0.004419742,
                    "r": [
                        0.4932568,
                        0.4490162,
                        0.411058,
                        0.4293708,
                        0.4059378,
                        0.3950674,
                        0.4836194,
                        0.4412304,
                        0.4459431,
                        0.5171633,
                        0.4880109,
                        0.499798,
                        0.5114526,
                        0.4705895,
                        0.3840001,
                        0.3914661,
                        0.4942643,
                        0.4410675,
                        0.4295933,
                        0.3836019,
                        0.3386893,
                        0.4566943,
                        0.4425798,
                        0.4623484,
                        0.424307,
                        0.4116725,
                        0.4906384,
                        0.4335386,
                        0.4045893,
                        0.5819833,
                        0.4816641,
                        0.5724359,
                        0.5396078,
                        0.5300813,
                        0.62822,
                        0.8578236,
                        0.810246,
                        2.052769
                    ],
                    "theta_bar": 0.001050261
                }
            },
            "bounds": {},
            "scales": {},
            "fixed_params": {},
            "shared_params": [],
            "covariates": [],
            "sfs_neut": {
                "py/object": "fastdfe.spectrum.Spectra",
                "data": {
                    "all": [
                        1037860.33330917,
                        1110.0,
                        294.0,
                        195.0,
                        119.0,
                        89.0,
                        64.0,
                        53.0,
                        73.0,
                        45.0,
                        56.0,
                        51.0,
                        51.0,
                        49.0,
                        30.0,
                        30.0,
                        28.0,
                        36.0,
                        30.0,
                        23.0,
                        22.0,
                        19.0,
                        14.0,
                        20.0,
                        33.0,
                        30.0,
                        19.0,
                        13.0,
                        12.0,
                        13.0,
                        16.0,
                        23.0,
                        14.0,
                        21.0,
                        22.0,
                        12.0,
                        21.0,
                        25.0,
                        20.0,
                        50.0,
                        0.0
                    ]
                }
            },
            "sfs_sel": {
                "py/object": "fastdfe.spectrum.Spectra",
                "data": {
                    "all": [
                        2843498.66669083,
                        2479.0,
                        504.0,
                        356.0,
                        214.0,
                        190.0,
                        135.0,
                        108.0,
                        111.0,
                        73.0,
                        90.0,
                        76.0,
                        58.0,
                        74.0,
                        65.0,
                        61.0,
                        42.0,
                        38.0,
                        53.0,
                        41.0,
                        31.0,
                        26.0,
                        26.0,
                        37.0,
                        36.0,
                        33.0,
                        21.0,
                        25.0,
                        21.0,
                        25.0,
                        20.0,
                        32.0,
                        22.0,
                        30.0,
                        16.0,
                        20.0,
                        13.0,
                        42.0,
                        31.0,
                        80.0,
                        0.0
                    ]
                }
            },
            "do_bootstrap": false,
            "n_bootstraps": 10,
            "parallelize": false,
            "loss_type": "likelihood"
        }
    },
    "output_file": null,
    "execution_time": 1471.2714972496033,
    "summary": {
        "py/object": "fastdfe.polydfe.PolyDFEResult",
        "output_file": "results/polydfe/hgdp/inference/1/opts.n.40.config.default/bootstraps/76/all.polydfe.txt",
        "postprocessing_source": "../resources/polydfe/postprocessing/script.R",
        "data": {
            "output_file": "/scratch/40841846/tmpokrzqkpe",
            "model": "C",
            "likelihood": -238.5185,
            "criteria": 9e-05,
            "params_mle": {
                "eps": 4.50409e-06,
                "eps_cont": 0,
                "lambda": 0,
                "theta_bar": 0.001081732,
                "a": -1,
                "S_d": -40.99225,
                "b": 0.1320228,
                "p_b": 0.004414896,
                "S_b": 0.05625854,
                "r": [
                    0.4747892,
                    0.5101207,
                    0.4212536,
                    0.4492579,
                    0.3900499,
                    0.3724988,
                    0.4913644,
                    0.3575488,
                    0.4952523,
                    0.4770693,
                    0.4493802,
                    0.5523834,
                    0.4617685,
                    0.4761258,
                    0.3923543,
                    0.4424709,
                    0.5274603,
                    0.4308277,
                    0.3768132,
                    0.3369964,
                    0.3147587,
                    0.4702578,
                    0.5956514,
                    0.5679838,
                    0.3759775,
                    0.3718031,
                    0.3356046,
                    0.401149,
                    0.3939792,
                    0.6232578,
                    0.4219444,
                    0.6176266,
                    0.4750174,
                    0.4125132,
                    0.4516063,
                    0.9162219,
                    0.717436,
                    1.879798
                ]
            },