{
    "py/object": "fastdfe.polydfe.PolyDFE",
    "logger": {
        "py/reduce": [
            {
                "py/function": "logging.getLogger"
            },
            {
                "py/tuple": [
                    "fastdfe.PolyDFE"
                ]
            }
        ]
    },
    "bootstraps": null,
    "config": {
        "py/object": "fastdfe.config.Config",
        "data": {
            "model": "GammaExpParametrization",
            "intervals_del": {
                "py/tuple": [
                    -100000000.0,
                    -1e-05,
                    1000
                ]
            },
            "intervals_ben": {
                "py/tuple": [
                    1e-05,
                    10000.0,
                    1000
                ]
            },
            "integration_mode": "midpoint",
            "linearized": true,
            "seed": 0,
            "opts_mle": {},
            "n_runs": 10,
            "x0": {
                "all": {
                    "S_b": 0.05627203,
                    "S_d": -26.88451,
                    "a": -1,
                    "b": 0.1464485,
                    "eps": 4.50288e-06,
                    "eps_cont": 0,
                    "lambda": 0,
                    "p_b": 0.004419742,
                    "r": [
                        0.4932568,
                        0.4490162,
                        0.411058,
                        0.4293708,
                        0.4059378,
                        0.3950674,
                        0.4836194,
                        0.4412304,
                        0.4459431,
                        0.5171633,
                        0.4880109,
                        0.499798,
                        0.5114526,
                        0.4705895,
                        0.3840001,
                        0.3914661,
                        0.4942643,
                        0.4410675,
                        0.4295933,
                        0.3836019,
                        0.3386893,
                        0.4566943,
                        0.4425798,
                        0.4623484,
                        0.424307,
                        0.4116725,
                        0.4906384,
                        0.4335386,
                        0.4045893,
                        0.5819833,
                        0.4816641,
                        0.5724359,
                        0.5396078,
                        0.5300813,
                        0.62822,
                        0.8578236,
                        0.810246,
                        2.052769
                    ],
                    "theta_bar": 0.001050261
                }
            },
            "bounds": {},
            "scales": {},
            "fixed_params": {},
            "shared_params": [],
            "covariates": [],
            "sfs_neut": {
                "py/object": "fastdfe.spectrum.Spectra",
                "data": {
                    "all": [
                        1037874.33330917,
                        1118.0,
                        296.0,
                        157.0,
                        110.0,
                        89.0,
                        81.0,
                        56.0,
                        68.0,
                        52.0,
                        39.0,
                        49.0,
                        50.0,
                        36.0,
                        37.0,
                        43.0,
                        29.0,
                        33.0,
                        33.0,
                        28.0,
                        34.0,
                        20.0,
                        12.0,
                        14.0,
                        14.0,
                        24.0,
                        12.0,
                        14.0,
                        16.0,
                        14.0,
                        28.0,
                        31.0,
                        13.0,
                        26.0,
                        27.0,
                        16.0,
                        25.0,
                        17.0,
                        12.0,
                        58.0,
                        0.0
                    ]
                }
            },
            "sfs_sel": {
                "py/object": "fastdfe.spectrum.Spectra",
                "data": {
                    "all": [
                        2843578.66669083,
                        2508.0,
                        494.0,
                        318.0,
                        189.0,
                        183.0,
                        117.0,
                        117.0,
                        105.0,
                        97.0,
                        80.0,
                        72.0,
                        57.0,
                        71.0,
                        66.0,
                        54.0,
                        43.0,
                        20.0,
                        40.0,
                        41.0,
                        31.0,
                        30.0,
                        27.0,
                        30.0,
                        27.0,
                        20.0,
                        25.0,
                        26.0,
                        25.0,
                        31.0,
                        10.0,
                        27.0,
                        19.0,
                        33.0,
                        24.0,
                        26.0,
                        17.0,
                        52.0,
                        32.0,
                        91.0,
                        0.0
                    ]
                }
            },
            "do_bootstrap": false,
            "n_bootstraps": 10,
            "parallelize": false,
            "loss_type": "likelihood"
        }
    },
    "output_file": null,
    "execution_time": 1258.0410265922546,
    "summary": {
        "py/object": "fastdfe.polydfe.PolyDFEResult",
        "output_file": "results/polydfe/hgdp/inference/1/opts.n.40.config.default/bootstraps/85/all.polydfe.txt",
        "postprocessing_source": "../resources/polydfe/postprocessing/script.R",
        "data": {
            "output_file": "/scratch/40841810/tmpiid0ctos",
            "model": "C",
            "likelihood": -262.3832,
            "criteria": 0.00048,
            "params_mle": {
                "eps": 4.50484e-06,
                "eps_cont": 0,
                "lambda": 0,
                "theta_bar": 0.001092388,
                "a": -1,
                "S_d": -36.23028,
                "b": 0.1456832,
                "p_b": 0.004423741,
                "S_b": 0.05631888,
                "r": [
                    0.4668799,
                    0.438037,
                    0.3775252,
                    0.4378763,
                    0.3884592,
                    0.401114,
                    0.4633221,
                    0.4531821,
                    0.4054307,
                    0.4567801,
                    0.4435789,
                    0.4834162,
                    0.5038863,
                    0.5109963,
                    0.4064801,
                    0.3193066,
                    0.4675957,
                    0.468312,
                    0.4660742,
                    0.3777356,
                    0.3096709,
                    0.3663898,
                    0.3573064,
                    0.4005552,
                    0.3512531,
                    0.3953575,
                    0.4213027,
                    0.4800619,
                    0.4203338,
                    0.664434,
                    0.3792222,
                    0.7225455,
                    0.644792,
                    0.5476915,
                    0.5644155,
                    0.954775,
                    0.6263843,
                    2.18068
                ]
            },