{
    "py/object": "fastdfe.polydfe.PolyDFE",
    "logger": {
        "py/reduce": [
            {
                "py/function": "logging.getLogger"
            },
            {
                "py/tuple": [
                    "fastdfe.PolyDFE"
                ]
            }
        ]
    },
    "bootstraps": null,
    "config": {
        "py/object": "fastdfe.config.Config",
        "data": {
            "model": "GammaExpParametrization",
            "intervals_del": {
                "py/tuple": [
                    -100000000.0,
                    -1e-05,
                    1000
                ]
            },
            "intervals_ben": {
                "py/tuple": [
                    1e-05,
                    10000.0,
                    1000
                ]
            },
            "integration_mode": "midpoint",
            "linearized": true,
            "seed": 0,
            "opts_mle": {},
            "n_runs": 10,
            "x0": {
                "all": {
                    "S_b": 0.05328228,
                    "S_d": -33.44406,
                    "a": -1,
                    "b": 0.1398527,
                    "eps": 4.50451e-06,
                    "eps_cont": 0,
                    "lambda": 0,
                    "p_b": 0.005009714,
                    "r": [
                        0.5834314,
                        0.499803,
                        0.5581096,
                        0.5076067,
                        0.557493,
                        0.6522272,
                        0.6050956,
                        0.5227928,
                        0.5765882,
                        0.4982845,
                        0.5150672,
                        0.5206269,
                        0.482151,
                        0.5460091,
                        0.5199818,
                        0.523935,
                        0.5814646,
                        0.6159988,
                        0.7697745,
                        0.7047025,
                        0.6593795,
                        0.914738,
                        1.558127
                    ],
                    "theta_bar": 0.0008647194
                }
            },
            "bounds": {},
            "scales": {},
            "fixed_params": {},
            "shared_params": [],
            "covariates": [],
            "sfs_neut": {
                "py/object": "fastdfe.spectrum.Spectra",
                "data": {
                    "all": [
                        1039334.17546773,
                        904.0,
                        262.0,
                        133.0,
                        131.0,
                        102.0,
                        90.0,
                        76.0,
                        70.0,
                        50.0,
                        57.0,
                        36.0,
                        42.0,
                        44.0,
                        39.0,
                        42.0,
                        30.0,
                        38.0,
                        38.0,
                        27.0,
                        38.0,
                        23.0,
                        41.0,
                        35.0,
                        44.0,
                        0.0
                    ]
                }
            },
            "sfs_sel": {
                "py/object": "fastdfe.spectrum.Spectra",
                "data": {
                    "all": [
                        2843602.82453227,
                        1925.0,
                        482.0,
                        301.0,
                        210.0,
                        157.0,
                        123.0,
                        133.0,
                        96.0,
                        79.0,
                        60.0,
                        47.0,
                        44.0,
                        50.0,
                        38.0,
                        47.0,
                        41.0,
                        45.0,
                        37.0,
                        34.0,
                        57.0,
                        47.0,
                        20.0,
                        61.0,
                        96.0,
                        0.0
                    ]
                }
            },
            "do_bootstrap": false,
            "n_bootstraps": 10,
            "parallelize": false,
            "loss_type": "likelihood"
        }
    },
    "output_file": null,
    "execution_time": 521.8425691127777,
    "summary": {
        "py/object": "fastdfe.polydfe.PolyDFEResult",
        "output_file": "results/polydfe/hgdp/inference/1/opts.n.25.config.default/bootstraps/55/all.polydfe.txt",
        "postprocessing_source": "../resources/polydfe/postprocessing/script.R",
        "data": {
            "output_file": "/scratch/40841221/tmpqg8q8527",
            "model": "C",
            "likelihood": -170.4459,
            "criteria": 0.0001,
            "params_mle": {
                "eps": 4.52757e-06,
                "eps_cont": 0,
                "lambda": 0,
                "theta_bar": 0.0008642836,
                "a": -1,
                "S_d": -20.57183,
                "b": 0.1994416,
                "p_b": 0.005129678,
                "S_b": 0.05385812,
                "r": [
                    0.5714087,
                    0.5251134,
                    0.5687889,
                    0.5536146,
                    0.5571525,
                    0.6481513,
                    0.5963887,
                    0.5275493,
                    0.5371456,
                    0.423028,
                    0.4821356,
                    0.5752363,
                    0.5109569,
                    0.6368159,
                    0.545095,
                    0.6807904,
                    0.6547283,
                    0.5648453,
                    0.9302137,
                    0.7227964,
                    0.6625882,
                    1.094419,
                    1.67154
                ]
            },
            "n": 25,
            "expec": [
                {
                    "E[P_z(1)]": 0.00086428,
                    "E[P_z(2)]": 0.0002469286,
                    "E[P_z(3)]": 0.0001512817,
                    "E[P_z(4)]": 0.0001228983,
                    "E[P_z(5)]": 9.56958e-05,
                    "E[P_z(6)]": 8.02561e-05,
                    "E[P_z(7)]": 8.00264e-05,
                    "E[P_z(8)]": 6.4431e-05,
                    "E[P_z(9)]": 5.06613e-05,
                    "E[P_z(10)]": 4.64246e-05,
                    "E[P_z(11)]": 3.32378e-05,
                    "E[P_z(12)]": 3.47252e-05,
                    "E[P_z(13)]": 3.82436e-05,
                    "E[P_z(14)]": 3.15437e-05,
                    "E[P_z(15)]": 3.66927e-05,
                    "E[P_z(16)]": 2.94449e-05,
                    "E[P_z(17)]": 3.46117e-05,
                    "E[P_z(18)]": 3.14375e-05,
                    "E[P_z(19)]": 2.56943e-05,
                    "E[P_z(20)]": 4.01987e-05,
                    "E[P_z(21)]": 2.97481e-05,
                    "E[P_z(22)]": 2.60308e-05,
                    "E[P_z(23)]": 4.11265e-05,
                    "E[P_z(24)]": 6.01988e-05,
                    "E[D_z]": null,
                    "E[mis_z]": null
                },
                {
                    "E[P_z(1)]": 0.0006772385,
                    "E[P_z(2)]": 0.0001709258,
                    "E[P_z(3)]": 9.70581e-05,
                    "E[P_z(4)]": 7.4782e-05,
                    "E[P_z(5)]": 5.59416e-05,
                    "E[P_z(6)]": 4.54361e-05,
                    "E[P_z(7)]": 4.41164e-05,
                    "E[P_z(8)]": 3.47215e-05,
                    "E[P_z(9)]": 2.67661e-05,
                    "E[P_z(10)]": 2.41017e-05,
                    "E[P_z(11)]": 1.69866e-05,
                    "E[P_z(12)]": 1.74956e-05,
                    "E[P_z(13)]": 1.90187e-05,