{
    "py/object": "fastdfe.polydfe.PolyDFE",
    "logger": {
        "py/reduce": [
            {
                "py/function": "logging.getLogger"
            },
            {
                "py/tuple": [
                    "fastdfe.PolyDFE"
                ]
            }
        ]
    },
    "bootstraps": null,
    "config": {
        "py/object": "fastdfe.config.Config",
        "data": {
            "model": "GammaExpParametrization",
            "intervals_del": {
                "py/tuple": [
                    -100000000.0,
                    -1e-05,
                    1000
                ]
            },
            "intervals_ben": {
                "py/tuple": [
                    1e-05,
                    10000.0,
                    1000
                ]
            },
            "integration_mode": "midpoint",
            "linearized": true,
            "seed": 0,
            "opts_mle": {},
            "n_runs": 10,
            "x0": {
                "all": {
                    "S_b": 0.05328228,
                    "S_d": -33.44406,
                    "a": -1,
                    "b": 0.1398527,
                    "eps": 4.50451e-06,
                    "eps_cont": 0,
                    "lambda": 0,
                    "p_b": 0.005009714,
                    "r": [
                        0.5834314,
                        0.499803,
                        0.5581096,
                        0.5076067,
                        0.557493,
                        0.6522272,
                        0.6050956,
                        0.5227928,
                        0.5765882,
                        0.4982845,
                        0.5150672,
                        0.5206269,
                        0.482151,
                        0.5460091,
                        0.5199818,
                        0.523935,
                        0.5814646,
                        0.6159988,
                        0.7697745,
                        0.7047025,
                        0.6593795,
                        0.914738,
                        1.558127
                    ],
                    "theta_bar": 0.0008647194
                }
            },
            "bounds": {},
            "scales": {},
            "fixed_params": {},
            "shared_params": [],
            "covariates": [],
            "sfs_neut": {
                "py/object": "fastdfe.spectrum.Spectra",
                "data": {
                    "all": [
                        1039387.17546773,
                        923.0,
                        267.0,
                        139.0,
                        125.0,
                        93.0,
                        97.0,
                        56.0,
                        54.0,
                        43.0,
                        52.0,
                        39.0,
                        46.0,
                        37.0,
                        29.0,
                        32.0,
                        31.0,
                        36.0,
                        28.0,
                        31.0,
                        35.0,
                        33.0,
                        26.0,
                        42.0,
                        45.0,
                        0.0
                    ]
                }
            },
            "sfs_sel": {
                "py/object": "fastdfe.spectrum.Spectra",
                "data": {
                    "all": [
                        2843478.82453227,
                        1932.0,
                        508.0,
                        290.0,
                        215.0,
                        158.0,
                        126.0,
                        148.0,
                        109.0,
                        78.0,
                        81.0,
                        77.0,
                        63.0,
                        56.0,
                        38.0,
                        45.0,
                        41.0,
                        29.0,
                        35.0,
                        42.0,
                        37.0,
                        54.0,
                        26.0,
                        51.0,
                        115.0,
                        0.0
                    ]
                }
            },
            "do_bootstrap": false,
            "n_bootstraps": 10,
            "parallelize": false,
            "loss_type": "likelihood"
        }
    },
    "output_file": null,
    "execution_time": 726.2892050743103,
    "summary": {
        "py/object": "fastdfe.polydfe.PolyDFEResult",
        "output_file": "results/polydfe/hgdp/inference/1/opts.n.25.config.default/bootstraps/9/all.polydfe.txt",
        "postprocessing_source": "../resources/polydfe/postprocessing/script.R",
        "data": {
            "output_file": "/scratch/40841219/tmp1itl682q",
            "model": "C",
            "likelihood": -167.3481,
            "criteria": 0.00018,
            "params_mle": {
                "eps": 4.50728e-06,
                "eps_cont": 0,
                "lambda": 0,
                "theta_bar": 0.0008782758,
                "a": -1,
                "S_d": -42.47529,
                "b": 0.1179745,
                "p_b": 0.005005826,
                "S_b": 0.05326592,
                "r": [
                    0.5781879,
                    0.4963005,
                    0.5359738,
                    0.5025348,
                    0.5424988,
                    0.5849418,
                    0.5387806,
                    0.453325,
                    0.5573034,
                    0.5378188,
                    0.5542263,
                    0.5147823,
                    0.4011591,
                    0.4959872,
                    0.4965874,
                    0.4780238,
                    0.4922066,
                    0.6039131,
                    0.6288565,
                    0.8001143,
                    0.5023361,
                    0.9416443,
                    1.694477
                ]
            },
            "n": 25,
            "expec": [
                {
                    "E[P_z(1)]": 0.0008782721,
                    "E[P_z(2)]": 0.0002539032,
                    "E[P_z(3)]": 0.0001452957,
                    "E[P_z(4)]": 0.0001176828,
                    "E[P_z(5)]": 8.82726e-05,
                    "E[P_z(6)]": 7.94104e-05,
                    "E[P_z(7)]": 7.33912e-05,
                    "E[P_z(8)]": 5.91496e-05,
                    "E[P_z(9)]": 4.42382e-05,
                    "E[P_z(10)]": 4.89465e-05,
                    "E[P_z(11)]": 4.29411e-05,
                    "E[P_z(12)]": 4.05636e-05,
                    "E[P_z(13)]": 3.47786e-05,
                    "E[P_z(14)]": 2.51664e-05,
                    "E[P_z(15)]": 2.9041e-05,
                    "E[P_z(16)]": 2.72589e-05,
                    "E[P_z(17)]": 2.46964e-05,
                    "E[P_z(18)]": 2.40165e-05,
                    "E[P_z(19)]": 2.79161e-05,
                    "E[P_z(20)]": 2.76157e-05,
                    "E[P_z(21)]": 3.34633e-05,
                    "E[P_z(22)]": 2.00546e-05,
                    "E[P_z(23)]": 3.59585e-05,
                    "E[P_z(24)]": 6.20128e-05,
                    "E[D_z]": null,
                    "E[mis_z]": null
                },
                {
                    "E[P_z(1)]": 0.0006812429,
                    "E[P_z(2)]": 0.0001792618,
                    "E[P_z(3)]": 9.74924e-05,
                    "E[P_z(4)]": 7.63411e-05,
                    "E[P_z(5)]": 5.58477e-05,
                    "E[P_z(6)]": 4.92571e-05,
                    "E[P_z(7)]": 4.47871e-05,
                    "E[P_z(8)]": 3.55994e-05,
                    "E[P_z(9)]": 2.63062e-05,
                    "E[P_z(10)]": 2.87979e-05,
                    "E[P_z(11)]": 2.50249e-05,
                    "E[P_z(12)]": 2.34361e-05,
                    "E[P_z(13)]": 1.99356e-05,