{
    "output_file": "/scratch/40841115/tmpkpkyjyhs",
    "model": "C",
    "likelihood": -100.099,
    "criteria": 8e-05,
    "params_mle": {
        "eps": 4.50142e-06,
        "eps_cont": 0,
        "lambda": 0,
        "theta_bar": 0.0008493215,
        "a": -1,
        "S_d": -30.09666,
        "b": 0.1246284,
        "p_b": 0.01049757,
        "S_b": 0.09561625,
        "r": [
            0.6262584,
            0.6292854,
            0.6551314,
            0.5421448,
            0.747648,
            0.6031746,
            0.6662162,
            0.6938111,
            0.5965362,
            0.6133729,
            0.6663403,
            0.781221,
            1.260061
        ]
    },
    "n": 15,
    "expec": [
        {
            "E[P_z(1)]": 0.000849318,
            "E[P_z(2)]": 0.0002659464,
            "E[P_z(3)]": 0.0001781546,
            "E[P_z(4)]": 0.0001391039,
            "E[P_z(5)]": 9.20909e-05,
            "E[P_z(6)]": 0.0001058321,
            "E[P_z(7)]": 7.31842e-05,
            "E[P_z(8)]": 7.0729e-05,
            "E[P_z(9)]": 6.54745e-05,
            "E[P_z(10)]": 5.06653e-05,
            "E[P_z(11)]": 4.73596e-05,
            "E[P_z(12)]": 4.7162e-05,
            "E[P_z(13)]": 5.104e-05,
            "E[P_z(14)]": 7.64461e-05,
            "E[D_z]": null,
            "E[mis_z]": null
        },
        {
            "E[P_z(1)]": 0.0006466784,
            "E[P_z(2)]": 0.0001836058,
            "E[P_z(3)]": 0.0001167438,
            "E[P_z(4)]": 8.80695e-05,
            "E[P_z(5)]": 5.68398e-05,
            "E[P_z(6)]": 6.40206e-05,
            "E[P_z(7)]": 4.35419e-05,
            "E[P_z(8)]": 4.149e-05,
            "E[P_z(9)]": 3.7938e-05,
            "E[P_z(10)]": 2.90389e-05,
            "E[P_z(11)]": 2.688e-05,
            "E[P_z(12)]": 2.65314e-05,
            "E[P_z(13)]": 2.84808e-05,
            "E[P_z(14)]": 4.23397e-05,
            "E[D_z]": null,
            "E[mis_z]": null
        }
    ],
    "alpha": 0.02125777075300336,
    "execution_time": 272.61932468414307
}