{
    "py/object": "fastdfe.polydfe.PolyDFE",
    "logger": {
        "py/reduce": [
            {
                "py/function": "logging.getLogger"
            },
            {
                "py/tuple": [
                    "fastdfe.PolyDFE"
                ]
            }
        ]
    },
    "bootstraps": null,
    "config": {
        "py/object": "fastdfe.config.Config",
        "data": {
            "model": "GammaExpParametrization",
            "intervals_del": {
                "py/tuple": [
                    -100000000.0,
                    -1e-05,
                    1000
                ]
            },
            "intervals_ben": {
                "py/tuple": [
                    1e-05,
                    10000.0,
                    1000
                ]
            },
            "integration_mode": "midpoint",
            "linearized": true,
            "seed": 0,
            "opts_mle": {},
            "n_runs": 10,
            "x0": {
                "all": {
                    "S_b": 0.09636954,
                    "S_d": -44.34681,
                    "a": -1,
                    "b": 0.1221405,
                    "eps": 4.50123e-06,
                    "eps_cont": 0,
                    "lambda": 0,
                    "p_b": 0.01060767,
                    "r": [
                        0.6268517,
                        0.6514728,
                        0.6820074,
                        0.5848618,
                        0.7565646,
                        0.6523473,
                        0.6349214,
                        0.7005902,
                        0.6139579,
                        0.6324166,
                        0.6421517,
                        0.7478784,
                        1.22486
                    ],
                    "theta_bar": 0.0008663822
                }
            },
            "bounds": {},
            "scales": {},
            "fixed_params": {},
            "shared_params": [],
            "covariates": [],
            "sfs_neut": {
                "py/object": "fastdfe.spectrum.Spectra",
                "data": {
                    "all": [
                        870484.438336528,
                        751.0,
                        223.0,
                        165.0,
                        127.0,
                        77.0,
                        74.0,
                        76.0,
                        55.0,
                        54.0,
                        64.0,
                        41.0,
                        35.0,
                        63.0,
                        56.0,
                        0.0
                    ]
                }
            },
            "sfs_sel": {
                "py/object": "fastdfe.spectrum.Spectra",
                "data": {
                    "all": [
                        2365720.56166347,
                        1530.0,
                        470.0,
                        289.0,
                        229.0,
                        154.0,
                        169.0,
                        103.0,
                        94.0,
                        88.0,
                        67.0,
                        67.0,
                        70.0,
                        46.0,
                        102.0,
                        0.0
                    ]
                }
            },
            "do_bootstrap": false,
            "n_bootstraps": 10,
            "parallelize": false,
            "loss_type": "likelihood"
        }
    },
    "output_file": null,
    "execution_time": 535.462197303772,
    "summary": {
        "py/object": "fastdfe.polydfe.PolyDFEResult",
        "output_file": "results/polydfe/hgdp/inference/1/opts.n.15.config.default/bootstraps/9/all.polydfe.txt",
        "postprocessing_source": "../resources/polydfe/postprocessing/script.R",
        "data": {
            "output_file": "/scratch/40841080/tmp8a2hkuwy",
            "model": "C",
            "likelihood": -108.6329,
            "criteria": 0.00045,
            "params_mle": {
                "eps": 4.50249e-06,
                "eps_cont": 0,
                "lambda": 0,
                "theta_bar": 0.0008387751,
                "a": -1,
                "S_d": -20.90852,
                "b": 0.1363133,
                "p_b": 0.009710401,
                "S_b": 0.09119736,
                "r": [
                    0.6496372,
                    0.6617895,
                    0.7085418,
                    0.5847938,
                    0.7483711,
                    0.6504122,
                    0.6246649,
                    0.6752741,
                    0.6972299,
                    0.63635,
                    0.6789695,
                    0.7677517,
                    1.204223
                ]
            },
            "n": 15,
            "expec": [
                {
                    "E[P_z(1)]": 0.0008387717,
                    "E[P_z(2)]": 0.0002724488,
                    "E[P_z(3)]": 0.0001850302,
                    "E[P_z(4)]": 0.0001485764,
                    "E[P_z(5)]": 9.81019e-05,
                    "E[P_z(6)]": 0.000104619,
                    "E[P_z(7)]": 7.79356e-05,
                    "E[P_z(8)]": 6.54942e-05,
                    "E[P_z(9)]": 6.29339e-05,
                    "E[P_z(10)]": 5.84821e-05,
                    "E[P_z(11)]": 4.85236e-05,
                    "E[P_z(12)]": 4.74592e-05,
                    "E[P_z(13)]": 4.95372e-05,
                    "E[P_z(14)]": 7.21515e-05,
                    "E[D_z]": null,
                    "E[mis_z]": null
                },
                {
                    "E[P_z(1)]": 0.0006539262,
                    "E[P_z(2)]": 0.000192189,
                    "E[P_z(3)]": 0.0001234898,
                    "E[P_z(4)]": 9.55552e-05,
                    "E[P_z(5)]": 6.13801e-05,
                    "E[P_z(6)]": 6.40449e-05,
                    "E[P_z(7)]": 4.68568e-05,
                    "E[P_z(8)]": 3.87752e-05,
                    "E[P_z(9)]": 3.67634e-05,
                    "E[P_z(10)]": 3.37595e-05,
                    "E[P_z(11)]": 2.77137e-05,
                    "E[P_z(12)]": 2.68447e-05,
                    "E[P_z(13)]": 2.77729e-05,
                    "E[P_z(14)]": 4.01225e-05,
                    "E[D_z]": null,
                    "E[mis_z]": null
                }
            ],
            "alpha": 0.01957137574853922,
            "execution_time": 535.462197303772
        }
    }
}