{
    "output_file": "/scratch/40840192/tmpwgsdu6fp",
    "model": "C",
    "likelihood": -30.65919,
    "criteria": 7e-05,
    "params_mle": {
        "eps": 4.49483e-06,
        "eps_cont": 0,
        "lambda": 0,
        "theta_bar": 0.0005919716,
        "a": -1,
        "S_d": -10.35057,
        "b": 0.2268984,
        "p_b": 0.01448406,
        "S_b": 0.1268308,
        "r": [
            0.9235506,
            0.9506154,
            0.9267608
        ]
    },
    "n": 5,
    "expec": [
        {
            "E[P_z(1)]": 0.0005919695,
            "E[P_z(2)]": 0.0002733575,
            "E[P_z(3)]": 0.0001875795,
            "E[P_z(4)]": 0.000137156,
            "E[D_z]": null,
            "E[mis_z]": null
        },
        {
            "E[P_z(1)]": 0.0004137047,
            "E[P_z(2)]": 0.000163959,
            "E[P_z(3)]": 0.0001033161,
            "E[P_z(4)]": 7.13477e-05,
            "E[D_z]": null,
            "E[mis_z]": null
        }
    ],
    "alpha": 0.03304664592086089,
    "execution_time": 19.4244647026062
}