{
    "py/object": "fastdfe.polydfe.PolyDFE",
    "logger": {
        "py/reduce": [
            {
                "py/function": "logging.getLogger"
            },
            {
                "py/tuple": [
                    "fastdfe.PolyDFE"
                ]
            }
        ]
    },
    "bootstraps": null,
    "config": {
        "py/object": "fastdfe.config.Config",
        "data": {
            "model": "GammaExpParametrization",
            "intervals_del": {
                "py/tuple": [
                    -100000000.0,
                    -1e-05,
                    1000
                ]
            },
            "intervals_ben": {
                "py/tuple": [
                    1e-05,
                    10000.0,
                    1000
                ]
            },
            "integration_mode": "midpoint",
            "linearized": true,
            "seed": 0,
            "opts_mle": {},
            "n_runs": 10,
            "x0": {
                "all": {
                    "S_b": 0.1083917,
                    "S_d": -45.46375,
                    "a": -1,
                    "b": 0.1287808,
                    "eps": 4.50268e-06,
                    "eps_cont": 0,
                    "lambda": 0,
                    "p_b": 0.009184894,
                    "r": [
                        0.5642878,
                        0.496756,
                        0.4953868,
                        0.4840476,
                        0.4906511,
                        0.4906073,
                        0.5437098,
                        0.5553355,
                        0.5124802,
                        0.5092361,
                        0.6175192,
                        0.5977393,
                        0.4504409,
                        0.522028,
                        0.3860458,
                        0.4756257,
                        0.5506624,
                        0.3834732,
                        0.531485,
                        0.4975372,
                        0.5880576,
                        0.5381713,
                        0.7063446,
                        0.5665509,
                        0.6574706,
                        0.6611074,
                        0.9643355,
                        1.73894
                    ],
                    "theta_bar": 0.0009259123
                }
            },
            "bounds": {},
            "scales": {},
            "fixed_params": {},
            "shared_params": [],
            "covariates": [],
            "sfs_neut": {
                "py/object": "fastdfe.spectrum.Spectra",
                "data": {
                    "all": [
                        1037571.3337252,
                        949.0,
                        278.0,
                        158.0,
                        111.0,
                        89.0,
                        75.0,
                        74.0,
                        60.0,
                        67.0,
                        46.0,
                        43.0,
                        42.0,
                        62.0,
                        40.0,
                        24.0,
                        31.0,
                        37.0,
                        31.0,
                        11.0,
                        34.0,
                        16.0,
                        18.0,
                        16.0,
                        25.0,
                        26.0,
                        30.0,
                        25.0,
                        21.0,
                        39.0,
                        0.0
                    ]
                }
            },
            "sfs_sel": {
                "py/object": "fastdfe.spectrum.Spectra",
                "data": {
                    "all": [
                        2844794.6662748,
                        2107.0,
                        587.0,
                        263.0,
                        219.0,
                        153.0,
                        124.0,
                        122.0,
                        109.0,
                        88.0,
                        74.0,
                        72.0,
                        84.0,
                        72.0,
                        52.0,
                        50.0,
                        24.0,
                        27.0,
                        33.0,
                        32.0,
                        36.0,
                        33.0,
                        41.0,
                        36.0,
                        47.0,
                        25.0,
                        42.0,
                        31.0,
                        57.0,
                        75.0,
                        0.0
                    ]
                }
            },
            "do_bootstrap": false,
            "n_bootstraps": 10,
            "parallelize": false,
            "loss_type": "likelihood"
        }
    },
    "output_file": null,
    "execution_time": 4031.40283203125,
    "summary": {
        "py/object": "fastdfe.polydfe.PolyDFEResult",
        "output_file": "results/polydfe/hgdp/inference/1/opts.n.30.config.default/bootstraps/70/all.polydfe.txt",
        "postprocessing_source": "../resources/polydfe/postprocessing/script.R",
        "data": {
            "output_file": "/scratch/40841757/tmp_um2bl5a",
            "model": "C",
            "likelihood": -194.0023,
            "criteria": 0.00099,
            "params_mle": {
                "eps": 4.77086e-06,
                "eps_cont": 0,
                "lambda": 0,
                "theta_bar": 0.0009022688,
                "a": -1,
                "S_d": -14.89765,
                "b": 0.2462724,
                "p_b": 0.03573485,
                "S_b": 15.44893,
                "r": [
                    0.6120161,
                    0.4697224,
                    0.5084745,
                    0.478491,
                    0.4819366,
                    0.5629801,
                    0.5623248,
                    0.5867716,
                    0.5094993,
                    0.5413239,
                    0.6512432,
                    0.7543037,
                    0.5600747,
                    0.4842201,
                    0.3847925,
                    0.4761293,
                    0.5041079,
                    0.3570403,
                    0.6102137,
                    0.4464396,
                    0.5599205,
                    0.5115397,
                    0.7305621,
                    0.5308283,
                    0.7629809,
                    0.5983331,
                    0.8273455,
                    1.154964
                ]
            },
            "n": 30,
            "expec": [
                {
                    "E[P_z(1)]": 0.0009022647,
                    "E[P_z(2)]": 0.0002761003,
                    "E[P_z(3)]": 0.0001412714,
                    "E[P_z(4)]": 0.0001146948,
                    "E[P_z(5)]": 8.63452e-05,
                    "E[P_z(6)]": 7.24725e-05,
                    "E[P_z(7)]": 7.25654e-05,
                    "E[P_z(8)]": 6.34208e-05,
                    "E[P_z(9)]": 5.88249e-05,
                    "E[P_z(10)]": 4.59704e-05,
                    "E[P_z(11)]": 4.44017e-05,
                    "E[P_z(12)]": 4.89663e-05,
                    "E[P_z(13)]": 5.23525e-05,
                    "E[P_z(14)]": 3.60955e-05,
                    "E[P_z(15)]": 2.91265e-05,
                    "E[P_z(16)]": 2.16992e-05,
                    "E[P_z(17)]": 2.52705e-05,
                    "E[P_z(18)]": 2.5269e-05,
                    "E[P_z(19)]": 1.69552e-05,
                    "E[P_z(20)]": 2.75289e-05,
                    "E[P_z(21)]": 1.91815e-05,
                    "E[P_z(22)]": 2.29638e-05,
                    "E[P_z(23)]": 2.00675e-05,
                    "E[P_z(24)]": 2.74654e-05,
                    "E[P_z(25)]": 1.91583e-05,