{
    "output_file": "/scratch/38996475/tmpyx7zaarp",
    "model": "C",
    "likelihood": -145.833,
    "criteria": 0.00024,
    "params_mle": {
        "eps": 9.515705e-05,
        "eps_cont": 0,
        "lambda": 0,
        "theta_bar": 0.007370096,
        "a": -1,
        "S_d": -1611.925,
        "b": 0.3865979,
        "p_b": 0.1137787,
        "S_b": 1.055045,
        "r": [
            0.8721685,
            0.7256548,
            0.7130169,
            0.6457978,
            0.5514983,
            0.5300131,
            0.508747,
            0.4925478,
            0.5367977,
            0.413157,
            0.495378,
            0.5183626,
            0.5341643,
            0.5243365,
            0.5410456,
            0.6683678,
            0.7783508,
            1.157475
        ]
    },
    "n": 20,
    "expec": [
        {
            "E[P_z(1)]": 0.007369438,
            "E[P_z(2)]": 0.003213707,
            "E[P_z(3)]": 0.001782573,
            "E[P_z(4)]": 0.00131365,
            "E[P_z(5)]": 0.0009518524,
            "E[P_z(6)]": 0.0006773949,
            "E[P_z(7)]": 0.0005580102,
            "E[P_z(8)]": 0.0004686736,
            "E[P_z(9)]": 0.0004033351,
            "E[P_z(10)]": 0.000395625,
            "E[P_z(11)]": 0.0002768308,
            "E[P_z(12)]": 0.0003042643,
            "E[P_z(13)]": 0.0002939007,
            "E[P_z(14)]": 0.0002812407,
            "E[P_z(15)]": 0.0002576934,
            "E[P_z(16)]": 0.0002493237,
            "E[P_z(17)]": 0.0002899029,
            "E[P_z(18)]": 0.0003189711,
            "E[P_z(19)]": 0.0004496429,
            "E[D_z]": null,
            "E[mis_z]": null
        },
        {
            "E[P_z(1)]": 0.002047412,
            "E[P_z(2)]": 0.0007180099,
            "E[P_z(3)]": 0.0003692513,
            "E[P_z(4)]": 0.0002622436,
            "E[P_z(5)]": 0.0001862838,
            "E[P_z(6)]": 0.0001312168,
            "E[P_z(7)]": 0.0001076499,
            "E[P_z(8)]": 9.04415e-05,
            "E[P_z(9)]": 7.81158e-05,
            "E[P_z(10)]": 7.71082e-05,
            "E[P_z(11)]": 5.44204e-05,
            "E[P_z(12)]": 6.04501e-05,
            "E[P_z(13)]": 5.91197e-05,
            "E[P_z(14)]": 5.73761e-05,
            "E[P_z(15)]": 5.34046e-05,
            "E[P_z(16)]": 5.25712e-05,
            "E[P_z(17)]": 6.22922e-05,
            "E[P_z(18)]": 6.99568e-05,
            "E[P_z(19)]": 0.0001008514,
            "E[D_z]": null,
            "E[mis_z]": null
        }
    ],
    "alpha": 0.8155601933334897,
    "execution_time": 1739.5710906982422
}