{
    "output_file": "/scratch/40840066/tmpvdl3h3ex",
    "model": "C",
    "likelihood": -31.83114,
    "criteria": 8e-05,
    "params_mle": {
        "eps": 4.49295e-06,
        "eps_cont": 0,
        "lambda": 0,
        "theta_bar": 0.0005850312,
        "a": -1,
        "S_d": -19.39501,
        "b": 0.1522729,
        "p_b": 0.01392399,
        "S_b": 0.1227573,
        "r": [
            0.925285,
            0.879251,
            0.9213649
        ]
    },
    "n": 5,
    "expec": [
        {
            "E[P_z(1)]": 0.0005850291,
            "E[P_z(2)]": 0.0002706598,
            "E[P_z(3)]": 0.0001714635,
            "E[P_z(4)]": 0.0001347588,
            "E[D_z]": null,
            "E[mis_z]": null
        },
        {
            "E[P_z(1)]": 0.000405444,
            "E[P_z(2)]": 0.0001665119,
            "E[P_z(3)]": 9.92449e-05,
            "E[P_z(4)]": 7.49488e-05,
            "E[D_z]": null,
            "E[mis_z]": null
        }
    ],
    "alpha": 0.029108124966451727,
    "execution_time": 30.12426733970642
}