{
    "output_file": "/scratch/40841171/tmpnsqmzj8g",
    "model": "C",
    "likelihood": -138.5555,
    "criteria": 0.00031,
    "params_mle": {
        "eps": 4.49702e-06,
        "eps_cont": 0,
        "lambda": 0,
        "theta_bar": 0.0008185777,
        "a": -1,
        "S_d": -37.72078,
        "b": 0.1402275,
        "p_b": 0.00387717,
        "S_b": 0.03792722,
        "r": [
            0.6108934,
            0.6252413,
            0.5668559,
            0.5102916,
            0.5472628,
            0.7041034,
            0.4771597,
            0.5456248,
            0.5918717,
            0.5505605,
            0.552458,
            0.5140329,
            0.4953087,
            0.5185679,
            0.6494368,
            0.7929898,
            0.8605712,
            1.466072
        ]
    },
    "n": 20,
    "expec": [
        {
            "E[P_z(1)]": 0.0008185743,
            "E[P_z(2)]": 0.0002500309,
            "E[P_z(3)]": 0.0001706023,
            "E[P_z(4)]": 0.0001160035,
            "E[P_z(5)]": 8.35424e-05,
            "E[P_z(6)]": 7.46627e-05,
            "E[P_z(7)]": 8.23374e-05,
            "E[P_z(8)]": 4.8824e-05,
            "E[P_z(9)]": 4.96262e-05,
            "E[P_z(10)]": 4.84493e-05,
            "E[P_z(11)]": 4.09706e-05,
            "E[P_z(12)]": 3.76859e-05,
            "E[P_z(13)]": 3.23676e-05,
            "E[P_z(14)]": 2.89608e-05,
            "E[P_z(15)]": 2.82995e-05,
            "E[P_z(16)]": 3.32263e-05,
            "E[P_z(17)]": 3.81843e-05,
            "E[P_z(18)]": 3.91367e-05,
            "E[P_z(19)]": 6.31662e-05,
            "E[D_z]": null,
            "E[mis_z]": null
        },
        {
            "E[P_z(1)]": 0.0006117082,
            "E[P_z(2)]": 0.0001673124,
            "E[P_z(3)]": 0.0001075281,
            "E[P_z(4)]": 7.02682e-05,
            "E[P_z(5)]": 4.91389e-05,
            "E[P_z(6)]": 4.29071e-05,
            "E[P_z(7)]": 4.6419e-05,
            "E[P_z(8)]": 2.70801e-05,
            "E[P_z(9)]": 2.71376e-05,
            "E[P_z(10)]": 2.61635e-05,
            "E[P_z(11)]": 2.18774e-05,
            "E[P_z(12)]": 1.99193e-05,
            "E[P_z(13)]": 1.69495e-05,
            "E[P_z(14)]": 1.50357e-05,
            "E[P_z(15)]": 1.45757e-05,
            "E[P_z(16)]": 1.69865e-05,
            "E[P_z(17)]": 1.93857e-05,
            "E[P_z(18)]": 1.97394e-05,
            "E[P_z(19)]": 3.16629e-05,
            "E[D_z]": null,
            "E[mis_z]": null
        }
    ],
    "alpha": 0.009026990736078084,
    "execution_time": 369.3965950012207
}