{
    "output_file": "/scratch/40840260/tmpdz2kv2zu",
    "model": "C",
    "likelihood": -69.29087,
    "criteria": 0.00018,
    "params_mle": {
        "eps": 4.50082e-06,
        "eps_cont": 0,
        "lambda": 0,
        "theta_bar": 0.0007071914,
        "a": -1,
        "S_d": -4.496223,
        "b": 0.4346169,
        "p_b": 0.0009282148,
        "S_b": 0.007920034,
        "r": [
            0.707828,
            0.8246735,
            0.8217316,
            0.742789,
            0.7887301,
            0.8880457,
            0.915387,
            1.076814
        ]
    },
    "n": 10,
    "expec": [
        {
            "E[P_z(1)]": 0.0007071886,
            "E[P_z(2)]": 0.0002502842,
            "E[P_z(3)]": 0.0001944002,
            "E[P_z(4)]": 0.0001452801,
            "E[P_z(5)]": 0.0001050588,
            "E[P_z(6)]": 9.29641e-05,
            "E[P_z(7)]": 8.97174e-05,
            "E[P_z(8)]": 8.092e-05,
            "E[P_z(9)]": 8.46154e-05,
            "E[D_z]": null,
            "E[mis_z]": null
        },
        {
            "E[P_z(1)]": 0.0005770638,
            "E[P_z(2)]": 0.0001771602,
            "E[P_z(3)]": 0.0001238806,
            "E[P_z(4)]": 8.53271e-05,
            "E[P_z(5)]": 5.77647e-05,
            "E[P_z(6)]": 4.83746e-05,
            "E[P_z(7)]": 4.45332e-05,
            "E[P_z(8)]": 3.8544e-05,
            "E[P_z(9)]": 3.88564e-05,
            "E[D_z]": null,
            "E[mis_z]": null
        }
    ],
    "alpha": 0.0033155761884901547,
    "execution_time": 68.81970405578613
}