{
    "py/object": "fastdfe.polydfe.PolyDFE",
    "logger": {
        "py/reduce": [
            {
                "py/function": "logging.getLogger"
            },
            {
                "py/tuple": [
                    "fastdfe.PolyDFE"
                ]
            }
        ]
    },
    "bootstraps": null,
    "config": {
        "py/object": "fastdfe.config.Config",
        "data": {
            "model": "GammaExpParametrization",
            "intervals_del": {
                "py/tuple": [
                    -100000000.0,
                    -1e-05,
                    1000
                ]
            },
            "intervals_ben": {
                "py/tuple": [
                    1e-05,
                    10000.0,
                    1000
                ]
            },
            "integration_mode": "midpoint",
            "linearized": true,
            "seed": 0,
            "opts_mle": {},
            "n_runs": 10,
            "x0": {
                "all": {
                    "S_b": 0.05627203,
                    "S_d": -26.88451,
                    "a": -1,
                    "b": 0.1464485,
                    "eps": 4.50288e-06,
                    "eps_cont": 0,
                    "lambda": 0,
                    "p_b": 0.004419742,
                    "r": [
                        0.4932568,
                        0.4490162,
                        0.411058,
                        0.4293708,
                        0.4059378,
                        0.3950674,
                        0.4836194,
                        0.4412304,
                        0.4459431,
                        0.5171633,
                        0.4880109,
                        0.499798,
                        0.5114526,
                        0.4705895,
                        0.3840001,
                        0.3914661,
                        0.4942643,
                        0.4410675,
                        0.4295933,
                        0.3836019,
                        0.3386893,
                        0.4566943,
                        0.4425798,
                        0.4623484,
                        0.424307,
                        0.4116725,
                        0.4906384,
                        0.4335386,
                        0.4045893,
                        0.5819833,
                        0.4816641,
                        0.5724359,
                        0.5396078,
                        0.5300813,
                        0.62822,
                        0.8578236,
                        0.810246,
                        2.052769
                    ],
                    "theta_bar": 0.001050261
                }
            },
            "bounds": {},
            "scales": {},
            "fixed_params": {},
            "shared_params": [],
            "covariates": [],
            "sfs_neut": {
                "py/object": "fastdfe.spectrum.Spectra",
                "data": {
                    "all": [
                        1037908.33330917,
                        1102.0,
                        290.0,
                        162.0,
                        105.0,
                        90.0,
                        79.0,
                        41.0,
                        87.0,
                        56.0,
                        36.0,
                        58.0,
                        56.0,
                        34.0,
                        42.0,
                        27.0,
                        30.0,
                        30.0,
                        22.0,
                        20.0,
                        22.0,
                        19.0,
                        18.0,
                        29.0,
                        26.0,
                        23.0,
                        18.0,
                        18.0,
                        15.0,
                        19.0,
                        24.0,
                        23.0,
                        8.0,
                        22.0,
                        25.0,
                        11.0,
                        26.0,
                        9.0,
                        14.0,
                        61.0,
                        0.0
                    ]
                }
            },
            "sfs_sel": {
                "py/object": "fastdfe.spectrum.Spectra",
                "data": {
                    "all": [
                        2843509.66669083,
                        2453.0,
                        548.0,
                        324.0,
                        176.0,
                        182.0,
                        121.0,
                        124.0,
                        100.0,
                        76.0,
                        78.0,
                        86.0,
                        64.0,
                        67.0,
                        63.0,
                        56.0,
                        41.0,
                        37.0,
                        47.0,
                        42.0,
                        36.0,
                        27.0,
                        29.0,
                        34.0,
                        35.0,
                        26.0,
                        28.0,
                        21.0,
                        32.0,
                        24.0,
                        25.0,
                        35.0,
                        23.0,
                        44.0,
                        24.0,
                        30.0,
                        20.0,
                        42.0,
                        37.0,
                        87.0,
                        0.0
                    ]
                }
            },
            "do_bootstrap": false,
            "n_bootstraps": 10,
            "parallelize": false,
            "loss_type": "likelihood"
        }
    },
    "output_file": null,
    "execution_time": 1419.9673438072205,
    "summary": {
        "py/object": "fastdfe.polydfe.PolyDFEResult",
        "output_file": "results/polydfe/hgdp/inference/1/opts.n.40.config.default/bootstraps/89/all.polydfe.txt",
        "postprocessing_source": "../resources/polydfe/postprocessing/script.R",
        "data": {
            "output_file": "/scratch/40841842/tmpusrq51ma",
            "model": "C",
            "likelihood": -255.7788,
            "criteria": 0.00047,
            "params_mle": {
                "eps": 4.50393e-06,
                "eps_cont": 0,
                "lambda": 0,
                "theta_bar": 0.001071861,
                "a": -1,
                "S_d": -50.37168,
                "b": 0.1138149,
                "p_b": 0.004439134,
                "S_b": 0.05639001,
                "r": [
                    0.5006197,
                    0.4499333,
                    0.35447,
                    0.4357604,
                    0.3893308,
                    0.3786068,
                    0.4946558,
                    0.3957703,
                    0.3822935,
                    0.5343345,
                    0.4883207,
                    0.4474136,
                    0.5031155,
                    0.4278295,
                    0.3918752,
                    0.3942971,
                    0.4313936,
                    0.4104242,
                    0.4053353,
                    0.3384862,
                    0.3632636,
                    0.5103511,
                    0.5168729,
                    0.4334849,
                    0.4241481,
                    0.374196,
                    0.4686404,
                    0.4449311,
                    0.5254741,
                    0.6439151,
                    0.355905,
                    0.7826918,
                    0.5996767,
                    0.5173335,
                    0.5979521,
                    0.6823995,
                    0.7018378,
                    2.093185
                ]
            },