{
    "output_file": "/scratch/40841667/tmp5epzl2im",
    "model": "C",
    "likelihood": -199.8912,
    "criteria": 9e-05,
    "params_mle": {
        "eps": 4.50382e-06,
        "eps_cont": 0,
        "lambda": 0,
        "theta_bar": 0.0009394454,
        "a": -1,
        "S_d": -48.41232,
        "b": 0.1434024,
        "p_b": 0.009157427,
        "S_b": 0.1083837,
        "r": [
            0.5716492,
            0.487935,
            0.5558299,
            0.4817923,
            0.5297585,
            0.5357978,
            0.5117534,
            0.5844888,
            0.4445314,
            0.5106097,
            0.6455723,
            0.5179444,
            0.5311583,
            0.5908766,
            0.3403389,
            0.5664655,
            0.5712272,
            0.45796,
            0.5960029,
            0.5004334,
            0.717124,
            0.5112823,
            0.6923807,
            0.4821213,
            0.5597742,
            0.6778751,
            0.8900671,
            1.835001
        ]
    },
    "n": 30,
    "expec": [
        {
            "E[P_z(1)]": 0.0009394415,
            "E[P_z(2)]": 0.0002685156,
            "E[P_z(3)]": 0.0001527955,
            "E[P_z(4)]": 0.0001305425,
            "E[P_z(5)]": 9.05232e-05,
            "E[P_z(6)]": 8.29463e-05,
            "E[P_z(7)]": 7.19073e-05,
            "E[P_z(8)]": 6.00954e-05,
            "E[P_z(9)]": 6.10104e-05,
            "E[P_z(10)]": 4.17612e-05,
            "E[P_z(11)]": 4.36081e-05,
            "E[P_z(12)]": 5.05399e-05,
            "E[P_z(13)]": 3.74292e-05,
            "E[P_z(14)]": 3.56424e-05,
            "E[P_z(15)]": 3.70064e-05,
            "E[P_z(16)]": 1.99832e-05,
            "E[P_z(17)]": 3.13038e-05,
            "E[P_z(18)]": 2.98132e-05,
            "E[P_z(19)]": 2.26437e-05,
            "E[P_z(20)]": 2.79957e-05,
            "E[P_z(21)]": 2.23873e-05,
            "E[P_z(22)]": 3.06228e-05,
            "E[P_z(23)]": 2.08838e-05,
            "E[P_z(24)]": 2.71025e-05,
            "E[P_z(25)]": 1.81174e-05,
            "E[P_z(26)]": 2.02265e-05,
            "E[P_z(27)]": 2.35868e-05,
            "E[P_z(28)]": 2.98643e-05,
            "E[P_z(29)]": 5.94482e-05,
            "E[D_z]": null,
            "E[mis_z]": null
        },
        {
            "E[P_z(1)]": 0.0007102783,
            "E[P_z(2)]": 0.0001816912,
            "E[P_z(3)]": 9.72398e-05,
            "E[P_z(4)]": 7.97429e-05,
            "E[P_z(5)]": 5.3641e-05,
            "E[P_z(6)]": 4.79839e-05,
            "E[P_z(7)]": 4.07818e-05,
            "E[P_z(8)]": 3.3514e-05,
            "E[P_z(9)]": 3.3531e-05,
            "E[P_z(10)]": 2.26578e-05,
            "E[P_z(11)]": 2.33884e-05,
            "E[P_z(12)]": 2.68248e-05,
            "E[P_z(13)]": 1.96778e-05,
            "E[P_z(14)]": 1.8575e-05,
            "E[P_z(15)]": 1.913e-05,
            "E[P_z(16)]": 1.02524e-05,
            "E[P_z(17)]": 1.59474e-05,
            "E[P_z(18)]": 1.50877e-05,
            "E[P_z(19)]": 1.1388e-05,
            "E[P_z(20)]": 1.39965e-05,
            "E[P_z(21)]": 1.113e-05,
            "E[P_z(22)]": 1.51432e-05,
            "E[P_z(23)]": 1.02747e-05,
            "E[P_z(24)]": 1.32695e-05,
            "E[P_z(25)]": 8.8291e-06,
            "E[P_z(26)]": 9.813e-06,
            "E[P_z(27)]": 1.13941e-05,
            "E[P_z(28)]": 1.43671e-05,
            "E[P_z(29)]": 2.84861e-05,
            "E[D_z]": null,
            "E[mis_z]": null
        }
    ],
    "alpha": 0.021479274899196737,
    "execution_time": 772.0651590824127
}