{
    "likelihood": -86.6371410721285,
    "L2_residual": 15.998409610954347,
    "params_mle": {
        "S_d": -1400.6299863011457,
        "b": 0.3207611118183985,
        "p_b": 0.020548618467821626,
        "S_b": 0.35026180882051394,
        "eps": 0.0,
        "h": 0.5
    },
    "alpha": 0.23625451899530986,
    "result": {
        "fun": 78.24900989904552,
        "jac": [
            0.008833467344654707,
            -0.0603904482295093,
            0.13757244230387955,
            0.0006139089240198611,
            NaN,
            NaN
        ],
        "nfev": 345,
        "njev": 69,
        "nit": 57,
        "status": 0,
        "message": "CONVERGENCE: REL_REDUCTION_OF_F_<=_FACTR*EPSMCH",
        "x": [
            -3.1463234199883505,
            -0.49381828984679654,
            0.020548618467821626,
            -0.4556072138747813,
            0.0,
            0.5
        ],
        "success": true,
        "hess_inv": null
    },
    "execution_time": 36.534345865249634,
    "sfs_mle": [
        0.0,
        13780.339400109006,
        4230.061016225094,
        2183.9373395282305,
        1391.648730288432,
        996.6164862460752,
        768.3973691838377,
        623.0186236671638,
        523.5518733787377,
        451.5371134243754,
        396.9404382711977,
        353.95865655139374,
        319.0532434441411,
        290.0037516134633,
        265.37588352934296,
        244.1330820000992,
        225.48761426053952,
        209.04359378861747,
        194.80097327704405,
        182.8626451997634,
        0.0
    ],
    "fixed_params": {
        "all.eps": 0,
        "all.h": 0.5
    },
    "bounds": {
        "S_d": [
            -100000.0,
            -0.01
        ],
        "b": [
            0.01,
            10
        ],
        "p_b": [
            0,
            0.5
        ],
        "S_b": [
            0.0001,
            100
        ],
        "eps": [
            0,
            0.15
        ],
        "h": [
            0,
            0.5
        ]
    },
    "config": {
        "model": "GammaExpParametrization",
        "intervals_del": [
            -100000000.0,
            -1e-05,
            1000
        ],
        "intervals_ben": [
            1e-05,
            10000.0,
            1000
        ],
        "intervals_h": [
            0.0,
            1.0,
            21
        ],
        "h_callback": null,
        "integration_mode": "midpoint",
        "linearized": true,
        "seed": 0,
        "opts_mle": {},
        "method_mle": "L-BFGS-B",
        "n_runs": 100,
        "x0": {
            "all": {
                "S_d": -1000,
                "b": 0.4,
                "p_b": 0.05,
                "S_b": 1,
                "eps": 0.0,
                "h": 0.5
            }
        },
        "bounds": {
            "S_d": [
                -100000.0,
                -0.01
            ],
            "b": [
                0.01,
                10
            ],
            "p_b": [
                0,
                0.5
            ],
            "S_b": [
                0.0001,
                100
            ],
            "eps": [
                0,
                0.15
            ],
            "h": [
                0,
                0.5
            ]
        },
        "scales": {
            "S_d": "log",
            "b": "log",
            "p_b": "lin",
            "S_b": "log",
            "eps": "lin",
            "h": "lin"
        },
        "fixed_params": {
            "all": {
                "eps": 0,
                "h": 0.5
            }
        },
        "shared_params": [],
        "covariates": [],
        "sfs_neut": {
            "all": [
                999416396.0,
                54565.0545832179,
                22846.211718697577,
                13529.36774453524,
                9379.932402076094,
                7130.956540288513,
                5755.092837352768,
                4840.534069138284,
                4193.316282960996,
                3711.1146460813657,
                3336.0211763089846,
                3033.547397310077,
                2782.199007458447,
                2568.3626573209835,
                2383.2543901536,
                2220.336780044733,
                2074.449096068324,
                1943.4413770790063,
                1828.5090204791316,
                1731.651810184036,
                66029.16221044875
            ]
        },
        "sfs_sel": {
            "all": [
                999772819.0,
                13780.988340025368,
                4225.581910799738,
                2186.332449595013,
                1396.221417509821,
                1000.0880435899716,
                769.214606150274,
                621.1040577899778,
                519.7628719489319,
                447.12016748084704,
                393.00012933288986,
                351.23182868040703,
                318.0861061257011,
                291.32900528796245,
                269.23667733567754,
                249.8519522536268,
                231.0934462712121,
                211.70741078870347,
                192.33857901501173,
                176.4814739085965,
                6936.690800470001
            ]
        },
        "do_bootstrap": true,
        "n_bootstraps": 100,
        "n_bootstrap_retries": 2,
        "parallelize": true,
        "loss_type": "likelihood"
    }
}