{
    "output_file": "/scratch/40840281/tmpt1f4uoxl",
    "model": "C",
    "likelihood": -68.07205,
    "criteria": 9e-05,
    "params_mle": {
        "eps": 4.50069e-06,
        "eps_cont": 0,
        "lambda": 0,
        "theta_bar": 0.0006879768,
        "a": -1,
        "S_d": -5.538216,
        "b": 0.3190029,
        "p_b": 0.000928895,
        "S_b": 0.007920184,
        "r": [
            0.761657,
            0.8523496,
            0.8307013,
            0.8483161,
            0.7399041,
            0.9593551,
            0.966531,
            1.079845
        ]
    },
    "n": 10,
    "expec": [
        {
            "E[P_z(1)]": 0.0006879741,
            "E[P_z(2)]": 0.0002620004,
            "E[P_z(3)]": 0.0001954651,
            "E[P_z(4)]": 0.0001428756,
            "E[P_z(5)]": 0.0001167244,
            "E[P_z(6)]": 8.48397e-05,
            "E[P_z(7)]": 9.42882e-05,
            "E[P_z(8)]": 8.31197e-05,
            "E[P_z(9)]": 8.25481e-05,
            "E[D_z]": null,
            "E[mis_z]": null
        },
        {
            "E[P_z(1)]": 0.0005539329,
            "E[P_z(2)]": 0.0001841696,
            "E[P_z(3)]": 0.0001251631,
            "E[P_z(4)]": 8.53725e-05,
            "E[P_z(5)]": 6.60555e-05,
            "E[P_z(6)]": 4.59189e-05,
            "E[P_z(7)]": 4.91448e-05,
            "E[P_z(8)]": 4.19318e-05,
            "E[P_z(9)]": 4.04618e-05,
            "E[D_z]": null,
            "E[mis_z]": null
        }
    ],
    "alpha": 0.0030656488826508017,
    "execution_time": 54.45199775695801
}