{
    "output_file": "/scratch/38995971/tmps31iaw04",
    "model": "C",
    "likelihood": -242.2406,
    "criteria": 8e-05,
    "params_mle": {
        "eps": 0,
        "eps_cont": 0,
        "lambda": 0,
        "theta_bar": 0.003194151,
        "a": -1,
        "S_d": -96.49514,
        "b": 0.3447853,
        "p_b": 0,
        "S_b": 1,
        "r": [
            0.9331865,
            0.8817743,
            0.9814332,
            0.9493489,
            0.8633614,
            0.8589541,
            0.944689,
            0.9268664,
            0.9470722,
            0.8386128,
            0.9680678,
            0.88916,
            0.9068157,
            0.8737979,
            1.015297,
            1.253606,
            1.272686,
            1.60273
        ]
    },
    "n": 20,
    "expec": [
        {
            "E[P_z(1)]": 0.003194151,
            "E[P_z(2)]": 0.001490369,
            "E[P_z(3)]": 0.0009388401,
            "E[P_z(4)]": 0.0007837114,
            "E[P_z(5)]": 0.0006064727,
            "E[P_z(6)]": 0.0004596178,
            "E[P_z(7)]": 0.000391947,
            "E[P_z(8)]": 0.0003771849,
            "E[P_z(9)]": 0.0003289501,
            "E[P_z(10)]": 0.0003025092,
            "E[P_z(11)]": 0.0002435142,
            "E[P_z(12)]": 0.0002576796,
            "E[P_z(13)]": 0.0002184701,
            "E[P_z(14)]": 0.0002068933,
            "E[P_z(15)]": 0.0001860695,
            "E[P_z(16)]": 0.0002026883,
            "E[P_z(17)]": 0.0002355416,
            "E[P_z(18)]": 0.0002258418,
            "E[P_z(19)]": 0.0002694401,
            "E[D_z]": null,
            "E[mis_z]": null
        },
        {
            "E[P_z(1)]": 0.001575612,
            "E[P_z(2)]": 0.0005495432,
            "E[P_z(3)]": 0.0002960532,
            "E[P_z(4)]": 0.0002230957,
            "E[P_z(5)]": 0.000160175,
            "E[P_z(6)]": 0.0001144613,
            "E[P_z(7)]": 9.30175e-05,
            "E[P_z(8)]": 8.5939e-05,
            "E[P_z(9)]": 7.23503e-05,
            "E[P_z(10)]": 6.44973e-05,
            "E[P_z(11)]": 5.04958e-05,
            "E[P_z(12)]": 5.21072e-05,
            "E[P_z(13)]": 4.3177e-05,
            "E[P_z(14)]": 4.00359e-05,
            "E[P_z(15)]": 3.53102e-05,
            "E[P_z(16)]": 3.7771e-05,
            "E[P_z(17)]": 4.3153e-05,
            "E[P_z(18)]": 4.07197e-05,
            "E[P_z(19)]": 4.78534e-05,
            "E[D_z]": null,
            "E[mis_z]": null
        }
    ],
    "alpha": 0.0,
    "execution_time": 69.86460089683533
}