{
    "py/object": "fastdfe.polydfe.PolyDFE",
    "logger": {
        "py/reduce": [
            {
                "py/function": "logging.getLogger"
            },
            {
                "py/tuple": [
                    "fastdfe.PolyDFE"
                ]
            }
        ]
    },
    "bootstraps": null,
    "config": {
        "py/object": "fastdfe.config.Config",
        "data": {
            "model": "GammaExpParametrization",
            "intervals_del": {
                "py/tuple": [
                    -100000000.0,
                    -1e-05,
                    1000
                ]
            },
            "intervals_ben": {
                "py/tuple": [
                    1e-05,
                    10000.0,
                    1000
                ]
            },
            "integration_mode": "midpoint",
            "linearized": true,
            "seed": 0,
            "opts_mle": {},
            "n_runs": 10,
            "x0": {
                "all": {
                    "S_b": 0.05627203,
                    "S_d": -26.88451,
                    "a": -1,
                    "b": 0.1464485,
                    "eps": 4.50288e-06,
                    "eps_cont": 0,
                    "lambda": 0,
                    "p_b": 0.004419742,
                    "r": [
                        0.4932568,
                        0.4490162,
                        0.411058,
                        0.4293708,
                        0.4059378,
                        0.3950674,
                        0.4836194,
                        0.4412304,
                        0.4459431,
                        0.5171633,
                        0.4880109,
                        0.499798,
                        0.5114526,
                        0.4705895,
                        0.3840001,
                        0.3914661,
                        0.4942643,
                        0.4410675,
                        0.4295933,
                        0.3836019,
                        0.3386893,
                        0.4566943,
                        0.4425798,
                        0.4623484,
                        0.424307,
                        0.4116725,
                        0.4906384,
                        0.4335386,
                        0.4045893,
                        0.5819833,
                        0.4816641,
                        0.5724359,
                        0.5396078,
                        0.5300813,
                        0.62822,
                        0.8578236,
                        0.810246,
                        2.052769
                    ],
                    "theta_bar": 0.001050261
                }
            },
            "bounds": {},
            "scales": {},
            "fixed_params": {},
            "shared_params": [],
            "covariates": [],
            "sfs_neut": {
                "py/object": "fastdfe.spectrum.Spectra",
                "data": {
                    "all": [
                        1037920.33330917,
                        1088.0,
                        288.0,
                        142.0,
                        128.0,
                        97.0,
                        77.0,
                        49.0,
                        70.0,
                        55.0,
                        48.0,
                        46.0,
                        41.0,
                        43.0,
                        50.0,
                        38.0,
                        29.0,
                        35.0,
                        29.0,
                        26.0,
                        24.0,
                        23.0,
                        8.0,
                        13.0,
                        15.0,
                        22.0,
                        22.0,
                        18.0,
                        13.0,
                        18.0,
                        16.0,
                        23.0,
                        19.0,
                        18.0,
                        20.0,
                        16.0,
                        21.0,
                        21.0,
                        20.0,
                        56.0,
                        0.0
                    ]
                }
            },
            "sfs_sel": {
                "py/object": "fastdfe.spectrum.Spectra",
                "data": {
                    "all": [
                        2843425.66669083,
                        2514.0,
                        540.0,
                        318.0,
                        208.0,
                        188.0,
                        130.0,
                        127.0,
                        115.0,
                        93.0,
                        87.0,
                        74.0,
                        65.0,
                        66.0,
                        60.0,
                        67.0,
                        52.0,
                        39.0,
                        54.0,
                        34.0,
                        35.0,
                        30.0,
                        28.0,
                        46.0,
                        29.0,
                        25.0,
                        22.0,
                        18.0,
                        22.0,
                        22.0,
                        21.0,
                        29.0,
                        23.0,
                        26.0,
                        23.0,
                        18.0,
                        14.0,
                        43.0,
                        41.0,
                        82.0,
                        0.0
                    ]
                }
            },
            "do_bootstrap": false,
            "n_bootstraps": 10,
            "parallelize": false,
            "loss_type": "likelihood"
        }
    },
    "output_file": null,
    "execution_time": 595.4600229263306,
    "summary": {
        "py/object": "fastdfe.polydfe.PolyDFEResult",
        "output_file": "results/polydfe/hgdp/inference/1/opts.n.40.config.default/bootstraps/57/all.polydfe.txt",
        "postprocessing_source": "../resources/polydfe/postprocessing/script.R",
        "data": {
            "output_file": "/scratch/40841827/tmpw2e9powm",
            "model": "C",
            "likelihood": -243.092,
            "criteria": 0.0009,
            "params_mle": {
                "eps": 4.50302e-06,
                "eps_cont": 0,
                "lambda": 0,
                "theta_bar": 0.001054371,
                "a": -1,
                "S_d": -22.92159,
                "b": 0.1509132,
                "p_b": 0.004418847,
                "S_b": 0.05626067,
                "r": [
                    0.490046,
                    0.4244794,
                    0.4245679,
                    0.4592714,
                    0.4068097,
                    0.4088735,
                    0.4966895,
                    0.4513937,
                    0.4614247,
                    0.4545353,
                    0.4411033,
                    0.4944494,
                    0.5404465,
                    0.5556033,
                    0.4595471,
                    0.4480982,
                    0.5344087,
                    0.4093494,
                    0.4253313,
                    0.4026126,
                    0.2874972,
                    0.4941567,
                    0.3858113,
                    0.4305534,
                    0.4203661,
                    0.3581259,
                    0.3620332,
                    0.4296023,
                    0.4120635,
                    0.5998325,
                    0.5012592,
                    0.5427482,
                    0.54763,
                    0.446634,
                    0.4738764,
                    0.8922529,
                    0.874996,
                    2.035718
                ]
            },