{
    "output_file": "/scratch/40840266/tmpz11wgosz",
    "model": "C",
    "likelihood": -66.02709,
    "criteria": 9e-05,
    "params_mle": {
        "eps": 4.49942e-06,
        "eps_cont": 0,
        "lambda": 0,
        "theta_bar": 0.0006864933,
        "a": -1,
        "S_d": -7.969656,
        "b": 0.2496939,
        "p_b": 0.0009287221,
        "S_b": 0.007920106,
        "r": [
            0.7852949,
            0.8638635,
            0.8766003,
            0.8412486,
            0.8186334,
            0.7380817,
            0.8958393,
            0.989897
        ]
    },
    "n": 10,
    "expec": [
        {
            "E[P_z(1)]": 0.0006864906,
            "E[P_z(2)]": 0.000269549,
            "E[P_z(3)]": 0.0001976783,
            "E[P_z(4)]": 0.0001504448,
            "E[P_z(5)]": 0.0001155023,
            "E[P_z(6)]": 9.36646e-05,
            "E[P_z(7)]": 7.23846e-05,
            "E[P_z(8)]": 7.68743e-05,
            "E[P_z(9)]": 7.55092e-05,
            "E[D_z]": null,
            "E[mis_z]": null
        },
        {
            "E[P_z(1)]": 0.0005351463,
            "E[P_z(2)]": 0.0001834746,
            "E[P_z(3)]": 0.0001235005,
            "E[P_z(4)]": 8.84548e-05,
            "E[P_z(5)]": 6.48266e-05,
            "E[P_z(6)]": 5.06358e-05,
            "E[P_z(7)]": 3.79226e-05,
            "E[P_z(8)]": 3.92022e-05,
            "E[P_z(9)]": 3.7605e-05,
            "E[D_z]": null,
            "E[mis_z]": null
        }
    ],
    "alpha": 0.0029901874480962186,
    "execution_time": 60.21559691429138
}