neutral,selected
999684331.3170118,999745220.335378
40159.83258726964,31309.32675057732
20753.284272650613,13787.17623175697
14472.360840522684,8631.68114629638
11430.935733238197,6313.860396353658
9681.819474608357,5055.944266937824
8591.405194206454,4307.886850958433
7897.860093971398,3847.9262363472335
7472.592588092674,3570.671822939366
7243.871879772841,3421.995491107572
3586.008549166136,1687.5831142249026
0.0,0.0
0.0,0.0
0.0,0.0
0.0,0.0
0.0,0.0
0.0,0.0
0.0,0.0
0.0,0.0
0.0,0.0
0.0,0.0
