{
    "py/object": "fastdfe.polydfe.PolyDFE",
    "logger": {
        "py/reduce": [
            {
                "py/function": "logging.getLogger"
            },
            {
                "py/tuple": [
                    "fastdfe.PolyDFE"
                ]
            }
        ]
    },
    "bootstraps": null,
    "config": {
        "py/object": "fastdfe.config.Config",
        "data": {
            "model": "GammaExpParametrization",
            "intervals_del": {
                "py/tuple": [
                    -100000000.0,
                    -1e-05,
                    1000
                ]
            },
            "intervals_ben": {
                "py/tuple": [
                    1e-05,
                    10000.0,
                    1000
                ]
            },
            "integration_mode": "midpoint",
            "linearized": true,
            "seed": 0,
            "opts_mle": {},
            "n_runs": 10,
            "x0": {
                "all": {
                    "S_b": 0.03800569,
                    "S_d": -68.01433,
                    "a": -1,
                    "b": 0.1127644,
                    "eps": 4.49744e-06,
                    "eps_cont": 0,
                    "lambda": 0,
                    "p_b": 0.003905648,
                    "r": [
                        0.5669393,
                        0.5649833,
                        0.5475162,
                        0.4995644,
                        0.5648594,
                        0.6039999,
                        0.4662727,
                        0.5802472,
                        0.5323765,
                        0.5838853,
                        0.5587549,
                        0.5490204,
                        0.5681745,
                        0.5012596,
                        0.6027202,
                        0.6738647,
                        0.7739941,
                        1.427315
                    ],
                    "theta_bar": 0.0008503307
                }
            },
            "bounds": {},
            "scales": {},
            "fixed_params": {},
            "shared_params": [],
            "covariates": [],
            "sfs_neut": {
                "py/object": "fastdfe.spectrum.Spectra",
                "data": {
                    "all": [
                        1040416.81958835,
                        921.0,
                        240.0,
                        145.0,
                        97.0,
                        85.0,
                        69.0,
                        84.0,
                        50.0,
                        50.0,
                        53.0,
                        67.0,
                        36.0,
                        45.0,
                        39.0,
                        13.0,
                        53.0,
                        41.0,
                        29.0,
                        86.0,
                        0.0
                    ]
                }
            },
            "sfs_sel": {
                "py/object": "fastdfe.spectrum.Spectra",
                "data": {
                    "all": [
                        2842974.18041165,
                        1804.0,
                        460.0,
                        270.0,
                        218.0,
                        155.0,
                        142.0,
                        131.0,
                        79.0,
                        81.0,
                        56.0,
                        85.0,
                        68.0,
                        39.0,
                        59.0,
                        53.0,
                        43.0,
                        57.0,
                        66.0,
                        99.0,
                        0.0
                    ]
                }
            },
            "do_bootstrap": false,
            "n_bootstraps": 10,
            "parallelize": false,
            "loss_type": "likelihood"
        }
    },
    "output_file": null,
    "execution_time": 510.41632294654846,
    "summary": {
        "py/object": "fastdfe.polydfe.PolyDFEResult",
        "output_file": "results/polydfe/hgdp/inference/1/opts.n.20.config.default/bootstraps/31/all.polydfe.txt",
        "postprocessing_source": "../resources/polydfe/postprocessing/script.R",
        "data": {
            "output_file": "/scratch/40841258/tmp_ulygxci",
            "model": "C",
            "likelihood": -145.046,
            "criteria": 0.00021,
            "params_mle": {
                "eps": 4.49631e-06,
                "eps_cont": 0,
                "lambda": 0,
                "theta_bar": 0.0008618717,
                "a": -1,
                "S_d": -56.58247,
                "b": 0.1133828,
                "p_b": 0.003886118,
                "S_b": 0.03793529,
                "r": [
                    0.547282,
                    0.5025034,
                    0.5191666,
                    0.5019445,
                    0.5358233,
                    0.6431507,
                    0.4446343,
                    0.5115638,
                    0.4759044,
                    0.7340656,
                    0.550671,
                    0.4840408,
                    0.6106939,
                    0.4423825,
                    0.6888218,
                    0.7496531,
                    0.7719172,
                    1.59143
                ]
            },
            "n": 20,
            "expec": [
                {
                    "E[P_z(1)]": 0.0008618682,
                    "E[P_z(2)]": 0.0002358426,
                    "E[P_z(3)]": 0.000144364,
                    "E[P_z(4)]": 0.0001118634,
                    "E[P_z(5)]": 8.65221e-05,
                    "E[P_z(6)]": 7.69683e-05,
                    "E[P_z(7)]": 7.91874e-05,
                    "E[P_z(8)]": 4.79022e-05,
                    "E[P_z(9)]": 4.89892e-05,
                    "E[P_z(10)]": 4.10169e-05,
                    "E[P_z(11)]": 5.75155e-05,
                    "E[P_z(12)]": 3.95507e-05,
                    "E[P_z(13)]": 3.20911e-05,
                    "E[P_z(14)]": 3.75959e-05,
                    "E[P_z(15)]": 2.54187e-05,
                    "E[P_z(16)]": 3.71051e-05,
                    "E[P_z(17)]": 3.80066e-05,
                    "E[P_z(18)]": 3.69617e-05,
                    "E[P_z(19)]": 7.21935e-05,
                    "E[D_z]": null,
                    "E[mis_z]": null
                },
                {
                    "E[P_z(1)]": 0.0006415354,
                    "E[P_z(2)]": 0.0001595079,
                    "E[P_z(3)]": 9.29008e-05,
                    "E[P_z(4)]": 6.96777e-05,
                    "E[P_z(5)]": 5.26141e-05,
                    "E[P_z(6)]": 4.59261e-05,
                    "E[P_z(7)]": 4.65182e-05,
                    "E[P_z(8)]": 2.77689e-05,
                    "E[P_z(9)]": 2.80734e-05,
                    "E[P_z(10)]": 2.3266e-05,
                    "E[P_z(11)]": 3.23274e-05,
                    "E[P_z(12)]": 2.20465e-05,
                    "E[P_z(13)]": 1.77532e-05,
                    "E[P_z(14)]": 2.06536e-05,
                    "E[P_z(15)]": 1.38738e-05,
                    "E[P_z(16)]": 2.01302e-05,
                    "E[P_z(17)]": 2.05027e-05,
                    "E[P_z(18)]": 1.9833e-05,
                    "E[P_z(19)]": 3.85436e-05,
                    "E[D_z]": null,
                    "E[mis_z]": null
                }
            ],
            "alpha": 0.008556113953633333,
            "execution_time": 510.41632294654846
        }
    }
}