{
    "output_file": "/scratch/38996282/tmp5hm9j2k_",
    "model": "C",
    "likelihood": -162.5428,
    "criteria": 7e-05,
    "params_mle": {
        "eps": 0.01003312,
        "eps_cont": 0,
        "lambda": 0,
        "theta_bar": 0.0008606583,
        "a": -1,
        "S_d": -245.7447,
        "b": 0.3695993,
        "p_b": 0,
        "S_b": 1,
        "r": [
            1.197555,
            1.166219,
            1.146311,
            1.40675,
            1.057249,
            1.028437,
            0.7518554,
            1.314524,
            1.025601,
            0.9031379,
            1.150542,
            1.402664,
            1.084743,
            0.9660023,
            0.8726415,
            1.167033,
            1.056088,
            1.013157
        ]
    },
    "n": 20,
    "expec": [
        {
            "E[P_z(1)]": 0.0008524837,
            "E[P_z(2)]": 0.0005106792,
            "E[P_z(3)]": 0.0003318081,
            "E[P_z(4)]": 0.0002446418,
            "E[P_z(5)]": 0.0002402728,
            "E[P_z(6)]": 0.0001508026,
            "E[P_z(7)]": 0.0001261106,
            "E[P_z(8)]": 8.09027e-05,
            "E[P_z(9)]": 0.000125154,
            "E[P_z(10)]": 8.82692e-05,
            "E[P_z(11)]": 7.12153e-05,
            "E[P_z(12)]": 8.25022e-05,
            "E[P_z(13)]": 9.31996e-05,
            "E[P_z(14)]": 6.75377e-05,
            "E[P_z(15)]": 5.72999e-05,
            "E[P_z(16)]": 4.89441e-05,
            "E[P_z(17)]": 6.18473e-05,
            "E[P_z(18)]": 5.516e-05,
            "E[P_z(19)]": 5.40684e-05,
            "E[D_z]": null,
            "E[mis_z]": null
        },
        {
            "E[P_z(1)]": 0.000308843,
            "E[P_z(2)]": 0.0001296174,
            "E[P_z(3)]": 7.05098e-05,
            "E[P_z(4)]": 4.64263e-05,
            "E[P_z(5)]": 4.2005e-05,
            "E[P_z(6)]": 2.47203e-05,
            "E[P_z(7)]": 1.96142e-05,
            "E[P_z(8)]": 1.20408e-05,
            "E[P_z(9)]": 1.79456e-05,
            "E[P_z(10)]": 1.22432e-05,
            "E[P_z(11)]": 9.5973e-06,
            "E[P_z(12)]": 1.08236e-05,
            "E[P_z(13)]": 1.19482e-05,
            "E[P_z(14)]": 8.4987e-06,
            "E[P_z(15)]": 7.1389e-06,
            "E[P_z(16)]": 6.0459e-06,
            "E[P_z(17)]": 7.6053e-06,
            "E[P_z(18)]": 7.1026e-06,
            "E[P_z(19)]": 8.307e-06,
            "E[D_z]": null,
            "E[mis_z]": null
        }
    ],
    "alpha": 0.0,
    "execution_time": 351.05564856529236
}