{
    "output_file": "/scratch/40841698/tmp3heyqq9t",
    "model": "C",
    "likelihood": -196.6786,
    "criteria": 0.0007,
    "params_mle": {
        "eps": 4.50573e-06,
        "eps_cont": 0,
        "lambda": 0,
        "theta_bar": 0.0009309846,
        "a": -1,
        "S_d": -70.86755,
        "b": 0.1047477,
        "p_b": 0.009411232,
        "S_b": 0.1101674,
        "r": [
            0.5756794,
            0.4695562,
            0.5047956,
            0.4970974,
            0.4524496,
            0.4735024,
            0.5236624,
            0.4878066,
            0.5138275,
            0.494451,
            0.6322825,
            0.5068615,
            0.4418221,
            0.5351862,
            0.4119533,
            0.5488281,
            0.4882001,
            0.3624606,
            0.5697536,
            0.4626657,
            0.6387791,
            0.4807876,
            0.8379102,
            0.4424934,
            0.5254089,
            0.8032375,
            0.8810372,
            1.527026
        ]
    },
    "n": 30,
    "expec": [
        {
            "E[P_z(1)]": 0.0009309806,
            "E[P_z(2)]": 0.0002679732,
            "E[P_z(3)]": 0.000145716,
            "E[P_z(4)]": 0.0001174888,
            "E[P_z(5)]": 9.25577e-05,
            "E[P_z(6)]": 7.02038e-05,
            "E[P_z(7)]": 6.29746e-05,
            "E[P_z(8)]": 6.09401e-05,
            "E[P_z(9)]": 5.04599e-05,
            "E[P_z(10)]": 4.78365e-05,
            "E[P_z(11)]": 4.18477e-05,
            "E[P_z(12)]": 4.90537e-05,
            "E[P_z(13)]": 3.62985e-05,
            "E[P_z(14)]": 2.93807e-05,
            "E[P_z(15)]": 3.32167e-05,
            "E[P_z(16)]": 2.39702e-05,
            "E[P_z(17)]": 3.00559e-05,
            "E[P_z(18)]": 2.52505e-05,
            "E[P_z(19)]": 1.77604e-05,
            "E[P_z(20)]": 2.65217e-05,
            "E[P_z(21)]": 2.05113e-05,
            "E[P_z(22)]": 2.70317e-05,
            "E[P_z(23)]": 1.94613e-05,
            "E[P_z(24)]": 3.25036e-05,
            "E[P_z(25)]": 1.64785e-05,
            "E[P_z(26)]": 1.88138e-05,
            "E[P_z(27)]": 2.76969e-05,
            "E[P_z(28)]": 2.92951e-05,
            "E[P_z(29)]": 4.9026e-05,
            "E[D_z]": null,
            "E[mis_z]": null
        },
        {
            "E[P_z(1)]": 0.0007140697,
            "E[P_z(2)]": 0.0001881999,
            "E[P_z(3)]": 9.77112e-05,
            "E[P_z(4)]": 7.64207e-05,
            "E[P_z(5)]": 5.88669e-05,
            "E[P_z(6)]": 4.38658e-05,
            "E[P_z(7)]": 3.87791e-05,
            "E[P_z(8)]": 3.70647e-05,
            "E[P_z(9)]": 3.03628e-05,
            "E[P_z(10)]": 2.85127e-05,
            "E[P_z(11)]": 2.47326e-05,
            "E[P_z(12)]": 2.877e-05,
            "E[P_z(13)]": 2.11406e-05,
            "E[P_z(14)]": 1.70018e-05,
            "E[P_z(15)]": 1.91073e-05,
            "E[P_z(16)]": 1.37121e-05,
            "E[P_z(17)]": 1.71045e-05,
            "E[P_z(18)]": 1.42999e-05,
            "E[P_z(19)]": 1.0012e-05,
            "E[P_z(20)]": 1.48861e-05,
            "E[P_z(21)]": 1.14652e-05,
            "E[P_z(22)]": 1.50507e-05,
            "E[P_z(23)]": 1.07952e-05,
            "E[P_z(24)]": 1.79653e-05,
            "E[P_z(25)]": 9.0768e-06,
            "E[P_z(26)]": 1.03291e-05,
            "E[P_z(27)]": 1.51581e-05,
            "E[P_z(28)]": 1.59841e-05,
            "E[P_z(29)]": 2.6672e-05,
            "E[D_z]": null,
            "E[mis_z]": null
        }
    ],
    "alpha": 0.019709737369552515,
    "execution_time": 897.1152017116547
}