{
    "output_file": "/scratch/38996045/tmp3r9s3gtj",
    "model": "C",
    "likelihood": -245.7242,
    "criteria": 9e-05,
    "params_mle": {
        "eps": 0,
        "eps_cont": 0,
        "lambda": 0,
        "theta_bar": 0.003170544,
        "a": -1,
        "S_d": -117.9864,
        "b": 0.3165728,
        "p_b": 0,
        "S_b": 1,
        "r": [
            0.9485192,
            0.9309603,
            0.9117697,
            0.961663,
            0.8903829,
            0.9593271,
            0.9776444,
            0.8313084,
            0.8869977,
            0.8845449,
            0.9250175,
            0.8963475,
            0.9202596,
            1.0312,
            0.9414273,
            1.203188,
            1.396603,
            1.539184
        ]
    },
    "n": 20,
    "expec": [
        {
            "E[P_z(1)]": 0.003170544,
            "E[P_z(2)]": 0.001503661,
            "E[P_z(3)]": 0.0009838836,
            "E[P_z(4)]": 0.0007227016,
            "E[P_z(5)]": 0.000609799,
            "E[P_z(6)]": 0.0004704998,
            "E[P_z(7)]": 0.0004345127,
            "E[P_z(8)]": 0.0003874581,
            "E[P_z(9)]": 0.0002928556,
            "E[P_z(10)]": 0.0002812265,
            "E[P_z(11)]": 0.0002549535,
            "E[P_z(12)]": 0.0002444007,
            "E[P_z(13)]": 0.0002186084,
            "E[P_z(14)]": 0.0002084088,
            "E[P_z(15)]": 0.0002179643,
            "E[P_z(16)]": 0.0001865523,
            "E[P_z(17)]": 0.0002243977,
            "E[P_z(18)]": 0.0002459996,
            "E[P_z(19)]": 0.0002568449,
            "E[D_z]": null,
            "E[mis_z]": null
        },
        {
            "E[P_z(1)]": 0.001536482,
            "E[P_z(2)]": 0.0005521131,
            "E[P_z(3)]": 0.0003123722,
            "E[P_z(4)]": 0.0002087662,
            "E[P_z(5)]": 0.0001644005,
            "E[P_z(6)]": 0.0001201666,
            "E[P_z(7)]": 0.0001061625,
            "E[P_z(8)]": 9.11807e-05,
            "E[P_z(9)]": 6.67155e-05,
            "E[P_z(10)]": 6.2258e-05,
            "E[P_z(11)]": 5.50156e-05,
            "E[P_z(12)]": 5.15322e-05,
            "E[P_z(13)]": 4.51307e-05,
            "E[P_z(14)]": 4.21975e-05,
            "E[P_z(15)]": 4.33456e-05,
            "E[P_z(16)]": 3.64826e-05,
            "E[P_z(17)]": 4.32012e-05,
            "E[P_z(18)]": 4.66674e-05,
            "E[P_z(19)]": 4.80521e-05,
            "E[D_z]": null,
            "E[mis_z]": null
        }
    ],
    "alpha": 0.0,
    "execution_time": 82.03687143325806
}