{
    "likelihood": -64.39876352990052,
    "L2_residual": 19.504989954507153,
    "params_mle": {
        "S_d": -19059.054676908527,
        "b": 0.19620517382781708,
        "p_b": 0.04681729363123904,
        "S_b": 1.80219023139592,
        "eps": 0.0
    },
    "alpha": 0.4903650145621925,
    "result": {
        "fun": 64.39876352990052,
        "jac": [
            0.000608224585507113,
            -0.004945377416040966,
            0.009148948264114293,
            0.0003950617612905588,
            113.46218116159434
        ],
        "nfev": 408,
        "njev": 68,
        "nit": 58,
        "status": 0,
        "message": "CONVERGENCE: REL_REDUCTION_OF_F_<=_FACTR*EPSMCH",
        "x": [
            -4.2801013559673855,
            -0.7072895446867259,
            0.04681729363123904,
            0.25580063130734065,
            0.0
        ],
        "success": true,
        "hess_inv": "<5x5 LbfgsInvHessProduct with dtype=float64>"
    },
    "execution_time": 0.9198760986328125,
    "sfs_mle": [
        0.0,
        1909.3690641721269,
        673.4986502000776,
        366.87163054662955,
        240.50788979082864,
        173.86496092406563,
        133.07806071382828,
        106.41359238739163,
        88.52280897963725,
        76.14464387207829,
        67.16789443638737,
        60.40713934633086,
        55.391168828877376,
        52.053333816289445,
        50.41079279825034,
        50.43989744840671,
        52.293549163321224,
        56.971417014944514,
        67.8463074448683,
        94.39132035400381,
        0.0
    ],
    "fixed_params": {},
    "bounds": {
        "S_d": [
            -100000.0,
            -0.01
        ],
        "b": [
            0.01,
            10
        ],
        "p_b": [
            0,
            0.5
        ],
        "S_b": [
            0.0001,
            100
        ],
        "eps": [
            0,
            0.15
        ]
    },
    "config": {
        "model": "GammaExpParametrization",
        "intervals_del": [
            -100000000.0,
            -1e-05,
            1000
        ],
        "intervals_ben": [
            1e-05,
            10000.0,
            1000
        ],
        "integration_mode": "midpoint",
        "linearized": true,
        "seed": 0,
        "opts_mle": {},
        "n_runs": 10,
        "x0": {
            "all": {
                "S_d": -20000.0,
                "b": 0.2,
                "p_b": 0.05,
                "S_b": 2.0,
                "eps": 0.05,
                "lambda": 0.005,
                "theta_bar": 0.001,
                "a": 2.0
            }
        },
        "bounds": {
            "S_d": [
                -100000.0,
                -0.01
            ],
            "b": [
                0.01,
                10
            ],
            "p_b": [
                0,
                0.5
            ],
            "S_b": [
                0.0001,
                100
            ],
            "eps": [
                0,
                0.15
            ]
        },
        "scales": {
            "S_d": "log",
            "b": "log",
            "p_b": "lin",
            "S_b": "log",
            "eps": "lin"
        },
        "fixed_params": {
            "all": {}
        },
        "shared_params": [],
        "covariates": [],
        "sfs_neut": {
            "all": [
                257295.95887484375,
                2000.1532413865073,
                826.0970926561987,
                480.29110910425806,
                326.83153071248887,
                241.98540865027036,
                188.18955952326948,
                152.0699379067612,
                127.32345351475948,
                109.87620081185781,
                96.97453362878585,
                87.05020583991518,
                79.49505096370693,
                74.24008184647263,
                71.29944892451947,
                70.59557264138506,
                72.26419598154095,
                77.54913188100555,
                90.73692959252591,
                123.68510625663559,
                0.0
            ]
        },
        "sfs_sel": {
            "all": [
                956767.703680349,
                1904.9158198510809,
                677.461053427459,
                374.721656116885,
                245.5184077521536,
                174.65462268370726,
                129.93163691441003,
                100.3909906314733,
                81.36380964493112,
                69.8089283380138,
                63.23702819434492,
                59.69399506895183,
                57.82371936745221,
                56.75599857284956,
                55.92813464513683,
                55.09976944929164,
                54.76975113169998,
                56.96085527627331,
                65.96989285631294,
                90.6235830618061,
                0.0
            ]
        },
        "do_bootstrap": null,
        "n_bootstraps": 10,
        "parallelize": true,
        "loss_type": "likelihood"
    }
}