{
    "likelihood": -64.39876352909133,
    "L2_residual": 19.505548986143292,
    "params_mle": {
        "S_d": -19056.73138153841,
        "b": 0.1962110409810354,
        "p_b": 0.046821277142466144,
        "S_b": 1.802037013748398,
        "eps": 0.0
    },
    "alpha": 0.49038166976286035,
    "result": {
        "fun": 64.39876352909133,
        "jac": [
            -3.694822248407696e-05,
            0.0010544454145696542,
            -0.0029331204127262976,
            -0.0002302158465074479,
            113.45216250902013
        ],
        "nfev": 522,
        "njev": 87,
        "nit": 74,
        "status": 0,
        "message": "CONVERGENCE: REL_REDUCTION_OF_F_<=_FACTR*EPSMCH",
        "x": [
            -4.2800484123204265,
            -0.7072765581068078,
            0.046821277142466144,
            0.25576370712117635,
            0.0
        ],
        "success": true,
        "hess_inv": "<5x5 LbfgsInvHessProduct with dtype=float64>"
    },
    "execution_time": 2.7796847820281982,
    "sfs_mle": [
        0.0,
        1909.3698887324556,
        673.497767598089,
        366.8710598299929,
        240.50753284666933,
        173.86473468692313,
        133.07791783481707,
        106.4135038471445,
        88.52275633854373,
        76.1446153057861,
        67.16788195895872,
        60.40713699238169,
        55.39117167661984,
        52.05333742523828,
        50.410792578943756,
        50.43988772066976,
        52.293521727208415,
        56.97135805677195,
        67.84618755577678,
        94.39105837700762,
        0.0
    ],
    "fixed_params": {},
    "bounds": {
        "S_d": [
            -100000.0,
            -0.01
        ],
        "b": [
            0.01,
            10
        ],
        "p_b": [
            0,
            0.5
        ],
        "S_b": [
            0.0001,
            100
        ],
        "eps": [
            0,
            0.15
        ]
    },
    "config": {
        "model": "GammaExpParametrization",
        "intervals_del": [
            -100000000.0,
            -1e-05,
            1000
        ],
        "intervals_ben": [
            1e-05,
            10000.0,
            1000
        ],
        "integration_mode": "midpoint",
        "linearized": true,
        "seed": 0,
        "opts_mle": {},
        "n_runs": 10,
        "x0": {
            "all": {
                "S_d": -20000.0,
                "b": 0.2,
                "p_b": 0.05,
                "S_b": 2.0,
                "eps": 0.05,
                "a": 2.0,
                "lambda": 0.005,
                "theta_bar": 0.001
            }
        },
        "bounds": {
            "S_d": [
                -100000.0,
                -0.01
            ],
            "b": [
                0.01,
                10
            ],
            "p_b": [
                0,
                0.5
            ],
            "S_b": [
                0.0001,
                100
            ],
            "eps": [
                0,
                0.15
            ]
        },
        "fixed_params": {
            "all": {}
        },
        "shared_params": [],
        "covariates": [],
        "sfs_neut": {
            "all": [
                257295.95887484375,
                2000.1532413865073,
                826.0970926561987,
                480.29110910425806,
                326.83153071248887,
                241.98540865027036,
                188.18955952326948,
                152.0699379067612,
                127.32345351475948,
                109.87620081185781,
                96.97453362878585,
                87.05020583991518,
                79.49505096370693,
                74.24008184647263,
                71.29944892451947,
                70.59557264138506,
                72.26419598154095,
                77.54913188100555,
                90.73692959252591,
                123.68510625663559,
                0.0
            ]
        },
        "sfs_sel": {
            "all": [
                956767.703680349,
                1904.9158198510809,
                677.461053427459,
                374.721656116885,
                245.5184077521536,
                174.65462268370726,
                129.93163691441003,
                100.3909906314733,
                81.36380964493112,
                69.8089283380138,
                63.23702819434492,
                59.69399506895183,
                57.82371936745221,
                56.75599857284956,
                55.92813464513683,
                55.09976944929164,
                54.76975113169998,
                56.96085527627331,
                65.96989285631294,
                90.6235830618061,
                0.0
            ]
        },
        "do_bootstrap": null,
        "n_bootstraps": 100,
        "parallelize": true,
        "loss_type": "likelihood"
    }
}