{
    "likelihood": -105.63630356460737,
    "L2_residual": 128.79536694664552,
    "params_mle": {
        "S_d": -83.57298525041612,
        "b": 0.1132422151923951,
        "p_b": 0.011495023571111165,
        "S_b": 2.0565497456856687,
        "eps": 0.0,
        "h": 0.4
    },
    "alpha": 0.05481797726334264,
    "result": {
        "fun": 93.78049351910522,
        "jac": [
            -0.012005330136364699,
            0.049749359937000616,
            -0.06484697223679489,
            0.00027284841067549384,
            NaN,
            NaN
        ],
        "nfev": 295,
        "njev": 59,
        "nit": 43,
        "status": 0,
        "message": "CONVERGENCE: REL_REDUCTION_OF_F_<=_FACTR*EPSMCH",
        "x": [
            -1.9220659155646522,
            -0.9459916437539151,
            0.011495023571111165,
            0.3131392190800543,
            0.0,
            0.4
        ],
        "success": true,
        "hess_inv": null
    },
    "execution_time": 254.18560814857483,
    "sfs_mle": [
        0.0,
        27689.232628470425,
        12396.105893315847,
        7825.4442950655975,
        5674.593418420771,
        4435.481201178157,
        3628.727037010836,
        3059.2530886166633,
        2636.1045763832158,
        2311.29813750579,
        2055.663075600575,
        1849.2876857429676,
        1678.1645127178651,
        1532.9232971656772,
        1407.7541812356544,
        1299.538571146871,
        1207.7236618901236,
        1133.6488228444043,
        1076.8039482278507,
        1030.3048107382594,
        0.0
    ],
    "fixed_params": {
        "all.eps": 0,
        "all.h": 0.4
    },
    "bounds": {
        "S_d": [
            -100000.0,
            -0.01
        ],
        "b": [
            0.01,
            10
        ],
        "p_b": [
            0,
            0.5
        ],
        "S_b": [
            0.0001,
            100
        ],
        "eps": [
            0,
            0.15
        ],
        "h": [
            0,
            0.4
        ]
    },
    "config": {
        "model": "GammaExpParametrization",
        "intervals_del": [
            -100000000.0,
            -1e-05,
            1000
        ],
        "intervals_ben": [
            1e-05,
            10000.0,
            1000
        ],
        "intervals_h": [
            0.0,
            1.0,
            21
        ],
        "h_callback": null,
        "integration_mode": "midpoint",
        "linearized": true,
        "seed": 0,
        "opts_mle": {},
        "method_mle": "L-BFGS-B",
        "n_runs": 100,
        "x0": {
            "all": {
                "S_d": -1000,
                "b": 0.4,
                "p_b": 0.05,
                "S_b": 1,
                "eps": 0.0,
                "h": 0.5
            }
        },
        "bounds": {
            "S_d": [
                -100000.0,
                -0.01
            ],
            "b": [
                0.01,
                10
            ],
            "p_b": [
                0,
                0.5
            ],
            "S_b": [
                0.0001,
                100
            ],
            "eps": [
                0,
                0.15
            ],
            "h": [
                0,
                0.4
            ]
        },
        "scales": {
            "S_d": "log",
            "b": "log",
            "p_b": "lin",
            "S_b": "log",
            "eps": "lin",
            "h": "lin"
        },
        "fixed_params": {
            "all": {
                "eps": 0,
                "h": 0.4
            }
        },
        "shared_params": [],
        "covariates": [],
        "sfs_neut": {
            "all": [
                999621031.0,
                37715.69249397858,
                18596.69635194295,
                12338.007353771633,
                9242.88265017434,
                7400.1426358940125,
                6169.989704421522,
                5283.5972787372575,
                4613.549905953493,
                4091.8358777133553,
                3676.224093190072,
                3336.975698235915,
                3052.601619940691,
                2808.572543350071,
                2595.978928971114,
                2410.3253633248646,
                2251.550025742955,
                2122.9386079722995,
                2024.1810725665805,
                1943.7505834289857,
                65229.09144631721
            ]
        },
        "sfs_sel": {
            "all": [
                999723345.0,
                27619.380957865746,
                12464.146194646357,
                7881.637189474767,
                5694.860377057411,
                4425.214456393074,
                3603.70476438336,
                3032.9711807794056,
                2614.7436888108027,
                2295.0098894969365,
                2042.827933681742,
                1840.228846982734,
                1675.6812010263998,
                1539.6320391732468,
                1422.9498937988208,
                1318.4589325634752,
                1223.461902750568,
                1139.8026484915908,
                1070.3904617302162,
                1017.9071569494198,
                34507.169804406265
            ]
        },
        "do_bootstrap": true,
        "n_bootstraps": 100,
        "n_bootstrap_retries": 2,
        "parallelize": true,
        "loss_type": "likelihood"
    }
}