{
    "output_file": "/scratch/38995921/tmp4hddvtok",
    "model": "C",
    "likelihood": -142.1249,
    "criteria": 9e-05,
    "params_mle": {
        "eps": 0.02291011,
        "eps_cont": 0,
        "lambda": 0,
        "theta_bar": 0.0008940047,
        "a": -1,
        "S_d": -191.4314,
        "b": 0.3990074,
        "p_b": 0,
        "S_b": 1,
        "r": [
            1.172352,
            1.093923,
            1.191761,
            1.182172,
            0.9075409,
            1.100076,
            0.8981078,
            1.144451,
            1.115176,
            0.9079079,
            0.8928716,
            1.275178,
            0.9116321,
            0.9778918,
            1.217048,
            0.9521824,
            0.7801876,
            0.5796601
        ]
    },
    "n": 20,
    "expec": [
        {
            "E[P_z(1)]": 0.0008741478,
            "E[P_z(2)]": 0.0005129258,
            "E[P_z(3)]": 0.0003196695,
            "E[P_z(4)]": 0.0002618156,
            "E[P_z(5)]": 0.0002078661,
            "E[P_z(6)]": 0.00013346,
            "E[P_z(7)]": 0.0001392864,
            "E[P_z(8)]": 9.95887e-05,
            "E[P_z(9)]": 0.0001127687,
            "E[P_z(10)]": 9.96973e-05,
            "E[P_z(11)]": 7.47025e-05,
            "E[P_z(12)]": 6.72947e-05,
            "E[P_z(13)]": 8.89032e-05,
            "E[P_z(14)]": 5.99788e-05,
            "E[P_z(15)]": 6.179e-05,
            "E[P_z(16)]": 7.25473e-05,
            "E[P_z(17)]": 5.63951e-05,
            "E[P_z(18)]": 4.98677e-05,
            "E[P_z(19)]": 4.71316e-05,
            "E[D_z]": null,
            "E[mis_z]": null
        },
        {
            "E[P_z(1)]": 0.0003276545,
            "E[P_z(2)]": 0.0001324321,
            "E[P_z(3)]": 6.81864e-05,
            "E[P_z(4)]": 4.93985e-05,
            "E[P_z(5)]": 3.59051e-05,
            "E[P_z(6)]": 2.15038e-05,
            "E[P_z(7)]": 2.12067e-05,
            "E[P_z(8)]": 1.44691e-05,
            "E[P_z(9)]": 1.57394e-05,
            "E[P_z(10)]": 1.34338e-05,
            "E[P_z(11)]": 9.77e-06,
            "E[P_z(12)]": 8.5705e-06,
            "E[P_z(13)]": 1.1064e-05,
            "E[P_z(14)]": 7.3496e-06,
            "E[P_z(15)]": 7.5422e-06,
            "E[P_z(16)]": 8.8134e-06,
            "E[P_z(17)]": 7.1259e-06,
            "E[P_z(18)]": 7.3041e-06,
            "E[P_z(19)]": 1.05871e-05,
            "E[D_z]": null,
            "E[mis_z]": null
        }
    ],
    "alpha": 0.0,
    "execution_time": 202.3412606716156
}