{
    "likelihood": -67.91264534759623,
    "L2_residual": 19.504879285713475,
    "params_mle": {
        "S_d": -19059.43269933533,
        "b": 0.19620406602933882,
        "p_b": 0.04681628033159998,
        "S_b": 1.802221989428668,
        "eps": 0.0
    },
    "alpha": 0.490360513958402,
    "result": {
        "fun": 64.3987635303082,
        "jac": [
            -0.0002700062412297932,
            0.0013812950713769595,
            -0.00343050032767504,
            -0.00025579538500827544,
            NaN
        ],
        "nfev": 295,
        "njev": 59,
        "nit": 49,
        "status": 0,
        "message": "CONVERGENCE: REL_REDUCTION_OF_F_<=_FACTR*EPSMCH",
        "x": [
            -4.280109969795756,
            -0.7072919967735644,
            0.04681628033159998,
            0.2558082843378676,
            0.0
        ],
        "success": true,
        "hess_inv": null
    },
    "execution_time": 18.630059480667114,
    "sfs_mle": [
        0.0,
        1909.3683520442578,
        673.4984636566604,
        366.87149773514284,
        240.50777589909032,
        173.86485830872638,
        133.07796672136863,
        106.41350518269327,
        88.52272680534492,
        76.14456534330097,
        67.16781873547782,
        60.4070660342233,
        55.39109743968956,
        52.05326355622038,
        50.410722577969565,
        50.43982612722103,
        52.293475569181844,
        56.97133918657282,
        67.84622049003606,
        94.39121245189975,
        0.0
    ],
    "fixed_params": {
        "all.eps": 0.0
    },
    "bounds": {
        "S_d": [
            -100000.0,
            -0.01
        ],
        "b": [
            0.01,
            10
        ],
        "p_b": [
            0,
            0.5
        ],
        "S_b": [
            0.0001,
            100
        ],
        "eps": [
            0,
            0.15
        ]
    },
    "config": {
        "model": "GammaExpParametrization",
        "intervals_del": [
            -100000000.0,
            -1e-05,
            1000
        ],
        "intervals_ben": [
            1e-05,
            10000.0,
            1000
        ],
        "integration_mode": "midpoint",
        "linearized": true,
        "seed": 0,
        "opts_mle": {},
        "n_runs": 10,
        "x0": {
            "all": {
                "S_d": -20000.0,
                "b": 0.2,
                "p_b": 0.05,
                "S_b": 2.0,
                "eps": 0.0,
                "a": 2.0,
                "lambda": 0.005,
                "theta_bar": 0.001
            }
        },
        "bounds": {
            "S_d": [
                -100000.0,
                -0.01
            ],
            "b": [
                0.01,
                10
            ],
            "p_b": [
                0,
                0.5
            ],
            "S_b": [
                0.0001,
                100
            ],
            "eps": [
                0,
                0.15
            ]
        },
        "scales": {
            "S_d": "log",
            "b": "log",
            "p_b": "lin",
            "S_b": "log",
            "eps": "lin"
        },
        "fixed_params": {
            "all": {
                "eps": 0.0
            }
        },
        "shared_params": [],
        "covariates": [],
        "sfs_neut": {
            "all": [
                257295.95887484375,
                2000.1532413865073,
                826.0970926561987,
                480.29110910425806,
                326.83153071248887,
                241.98540865027036,
                188.18955952326948,
                152.0699379067612,
                127.32345351475948,
                109.87620081185781,
                96.97453362878585,
                87.05020583991518,
                79.49505096370693,
                74.24008184647263,
                71.29944892451947,
                70.59557264138506,
                72.26419598154095,
                77.54913188100555,
                90.73692959252591,
                123.68510625663559,
                0.0
            ]
        },
        "sfs_sel": {
            "all": [
                956767.703680349,
                1904.9158198510809,
                677.461053427459,
                374.721656116885,
                245.5184077521536,
                174.65462268370726,
                129.93163691441003,
                100.3909906314733,
                81.36380964493112,
                69.8089283380138,
                63.23702819434492,
                59.69399506895183,
                57.82371936745221,
                56.75599857284956,
                55.92813464513683,
                55.09976944929164,
                54.76975113169998,
                56.96085527627331,
                65.96989285631294,
                90.6235830618061,
                0.0
            ]
        },
        "do_bootstrap": true,
        "n_bootstraps": 100,
        "parallelize": true,
        "loss_type": "likelihood"
    }
}