{
    "likelihood": -57.779499998962436,
    "L2_residual": 175.8336990958936,
    "params_mle": {
        "S_d": -0.39524274711834156,
        "b": 10.0,
        "p_b": 0.0,
        "S_b": 0.00022215057148010237,
        "eps": 0.0
    },
    "alpha": 0.0,
    "result": {
        "fun": 49.718049012625954,
        "jac": [
            0.00011368683778145576,
            -0.06784262006948154,
            0.32144384931598324,
            0.0,
            481.3777536583075
        ],
        "nfev": 384,
        "njev": 64,
        "nit": 17,
        "status": 2,
        "message": "ABNORMAL_TERMINATION_IN_LNSRCH",
        "x": [
            0.403136090821137,
            1.0,
            0.0,
            -3.653352565203503,
            0.0
        ],
        "success": false,
        "hess_inv": "<5x5 LbfgsInvHessProduct with dtype=float64>"
    },
    "execution_time": 80.12701725959778,
    "sfs_mle": [
        0.0,
        1268.20687288353,
        441.9656818615846,
        325.0398629024831,
        235.19505531010716,
        184.91587011161204,
        136.4185071562786,
        122.61030163619306,
        113.31731235529293,
        126.19099609748253,
        0.0
    ],
    "fixed_params": {},
    "bounds": {
        "S_d": [
            -100000.0,
            -0.01
        ],
        "b": [
            0.01,
            10
        ],
        "p_b": [
            0,
            0.5
        ],
        "S_b": [
            0.0001,
            100
        ],
        "eps": [
            0,
            0.15
        ]
    },
    "config": {
        "model": "GammaExpParametrization",
        "intervals_del": [
            -100000000.0,
            -1e-05,
            1000
        ],
        "intervals_ben": [
            1e-05,
            10000.0,
            1000
        ],
        "integration_mode": "midpoint",
        "linearized": true,
        "seed": 0,
        "opts_mle": {},
        "n_runs": 100,
        "x0": {
            "all": {
                "S_d": -1000,
                "b": 0.4,
                "p_b": 0.05,
                "S_b": 1,
                "eps": 0.0
            }
        },
        "bounds": {
            "S_d": [
                -100000.0,
                -0.01
            ],
            "b": [
                0.01,
                10
            ],
            "p_b": [
                0,
                0.5
            ],
            "S_b": [
                0.0001,
                100
            ],
            "eps": [
                0,
                0.15
            ]
        },
        "scales": {
            "S_d": "log",
            "b": "log",
            "p_b": "lin",
            "S_b": "log",
            "eps": "lin"
        },
        "fixed_params": {},
        "shared_params": [],
        "covariates": [],
        "sfs_neut": {
            "all": [
                1786521.6975980648,
                1101.0,
                391.0,
                293.0,
                216.0,
                173.0,
                130.0,
                119.0,
                112.0,
                127.0,
                0.0
            ]
        },
        "sfs_sel": {
            "all": [
                2097250.302401935,
                1427.0,
                512.0,
                310.0,
                233.0,
                164.0,
                134.0,
                117.0,
                104.0,
                124.0,
                0.0
            ]
        },
        "do_bootstrap": true,
        "n_bootstraps": 1000,
        "parallelize": false,
        "loss_type": "likelihood"
    }
}