{
    "likelihood": -59.05222875490431,
    "L2_residual": 158.08674048199904,
    "params_mle": {
        "S_d": -0.33533639499680556,
        "b": 10.0,
        "p_b": 0.0,
        "S_b": 61.65305797972681,
        "eps": 0.0
    },
    "alpha": 0.0,
    "result": {
        "fun": 50.79561464624959,
        "jac": [
            6.821210266887346e-05,
            -0.03776676730135193,
            50.45698117100983,
            0.0,
            343.89248639854486
        ],
        "nfev": 300,
        "njev": 50,
        "nit": 30,
        "status": 0,
        "message": "CONVERGENCE: REL_REDUCTION_OF_F_<=_FACTR*EPSMCH",
        "x": [
            0.4745193088183977,
            1.0,
            0.0,
            1.7899546223881126,
            0.0
        ],
        "success": true,
        "hess_inv": "<5x5 LbfgsInvHessProduct with dtype=float64>"
    },
    "execution_time": 70.9918851852417,
    "sfs_mle": [
        0.0,
        828.7430587128578,
        392.15297541764,
        269.09832281199897,
        216.0442363827318,
        176.35051916623985,
        149.42355790793073,
        115.0075546264107,
        121.41091515475843,
        118.5590916265573,
        0.0
    ],
    "fixed_params": {},
    "bounds": {
        "S_d": [
            -100000.0,
            -0.01
        ],
        "b": [
            0.01,
            10
        ],
        "p_b": [
            0,
            0.5
        ],
        "S_b": [
            0.0001,
            100
        ],
        "eps": [
            0,
            0.15
        ]
    },
    "config": {
        "model": "GammaExpParametrization",
        "intervals_del": [
            -100000000.0,
            -1e-05,
            1000
        ],
        "intervals_ben": [
            1e-05,
            10000.0,
            1000
        ],
        "integration_mode": "midpoint",
        "linearized": true,
        "seed": 0,
        "opts_mle": {},
        "n_runs": 100,
        "x0": {
            "all": {
                "S_d": -1000,
                "b": 0.4,
                "p_b": 0.05,
                "S_b": 1,
                "eps": 0.0
            }
        },
        "bounds": {
            "S_d": [
                -100000.0,
                -0.01
            ],
            "b": [
                0.01,
                10
            ],
            "p_b": [
                0,
                0.5
            ],
            "S_b": [
                0.0001,
                100
            ],
            "eps": [
                0,
                0.15
            ]
        },
        "scales": {
            "S_d": "log",
            "b": "log",
            "p_b": "lin",
            "S_b": "log",
            "eps": "lin"
        },
        "fixed_params": {},
        "shared_params": [],
        "covariates": [],
        "sfs_neut": {
            "all": [
                1801293.0782015768,
                728.0,
                350.0,
                244.0,
                199.0,
                165.0,
                142.0,
                111.0,
                119.0,
                118.0,
                0.0
            ]
        },
        "sfs_sel": {
            "all": [
                2083572.9217984232,
                978.0,
                370.0,
                309.0,
                215.0,
                159.0,
                145.0,
                117.0,
                104.0,
                120.0,
                0.0
            ]
        },
        "do_bootstrap": true,
        "n_bootstraps": 1000,
        "parallelize": false,
        "loss_type": "likelihood"
    }
}