{
    "py/object": "fastdfe.polydfe.PolyDFE",
    "logger": {
        "py/reduce": [
            {
                "py/function": "logging.getLogger"
            },
            {
                "py/tuple": [
                    "fastdfe.PolyDFE"
                ]
            }
        ]
    },
    "bootstraps": null,
    "config": {
        "py/object": "fastdfe.config.Config",
        "data": {
            "model": "GammaExpParametrization",
            "intervals_del": {
                "py/tuple": [
                    -100000000.0,
                    -1e-05,
                    1000
                ]
            },
            "intervals_ben": {
                "py/tuple": [
                    1e-05,
                    10000.0,
                    1000
                ]
            },
            "integration_mode": "midpoint",
            "linearized": true,
            "seed": 0,
            "opts_mle": {},
            "n_runs": 10,
            "x0": {
                "all": {
                    "S_b": 0.1083917,
                    "S_d": -45.46375,
                    "a": -1,
                    "b": 0.1287808,
                    "eps": 4.50268e-06,
                    "eps_cont": 0,
                    "lambda": 0,
                    "p_b": 0.009184894,
                    "r": [
                        0.5642878,
                        0.496756,
                        0.4953868,
                        0.4840476,
                        0.4906511,
                        0.4906073,
                        0.5437098,
                        0.5553355,
                        0.5124802,
                        0.5092361,
                        0.6175192,
                        0.5977393,
                        0.4504409,
                        0.522028,
                        0.3860458,
                        0.4756257,
                        0.5506624,
                        0.3834732,
                        0.531485,
                        0.4975372,
                        0.5880576,
                        0.5381713,
                        0.7063446,
                        0.5665509,
                        0.6574706,
                        0.6611074,
                        0.9643355,
                        1.73894
                    ],
                    "theta_bar": 0.0009259123
                }
            },
            "bounds": {},
            "scales": {},
            "fixed_params": {},
            "shared_params": [],
            "covariates": [],
            "sfs_neut": {
                "py/object": "fastdfe.spectrum.Spectra",
                "data": {
                    "all": [
                        1037480.3337252,
                        994.0,
                        258.0,
                        161.0,
                        99.0,
                        92.0,
                        80.0,
                        94.0,
                        61.0,
                        50.0,
                        56.0,
                        54.0,
                        51.0,
                        53.0,
                        32.0,
                        29.0,
                        30.0,
                        32.0,
                        39.0,
                        20.0,
                        31.0,
                        20.0,
                        32.0,
                        22.0,
                        31.0,
                        21.0,
                        20.0,
                        24.0,
                        29.0,
                        54.0,
                        0.0
                    ]
                }
            },
            "sfs_sel": {
                "py/object": "fastdfe.spectrum.Spectra",
                "data": {
                    "all": [
                        2844901.6662748,
                        2056.0,
                        501.0,
                        282.0,
                        217.0,
                        163.0,
                        121.0,
                        101.0,
                        117.0,
                        104.0,
                        85.0,
                        63.0,
                        75.0,
                        60.0,
                        38.0,
                        51.0,
                        29.0,
                        37.0,
                        36.0,
                        21.0,
                        41.0,
                        38.0,
                        39.0,
                        29.0,
                        56.0,
                        27.0,
                        42.0,
                        36.0,
                        50.0,
                        93.0,
                        0.0
                    ]
                }
            },
            "do_bootstrap": false,
            "n_bootstraps": 10,
            "parallelize": false,
            "loss_type": "likelihood"
        }
    },
    "output_file": null,
    "execution_time": 695.0392665863037,
    "summary": {
        "py/object": "fastdfe.polydfe.PolyDFEResult",
        "output_file": "results/polydfe/hgdp/inference/1/opts.n.30.config.default/bootstraps/38/all.polydfe.txt",
        "postprocessing_source": "../resources/polydfe/postprocessing/script.R",
        "data": {
            "output_file": "/scratch/40841737/tmptlzo9cw_",
            "model": "C",
            "likelihood": -191.6644,
            "criteria": 0.0009,
            "params_mle": {
                "eps": 4.50365e-06,
                "eps_cont": 0,
                "lambda": 0,
                "theta_bar": 0.0009491581,
                "a": -1,
                "S_d": -50.64826,
                "b": 0.1318165,
                "p_b": 0.009215984,
                "S_b": 0.1087836,
                "r": [
                    0.533353,
                    0.48435,
                    0.4718739,
                    0.4844333,
                    0.4645738,
                    0.5317897,
                    0.5600734,
                    0.5496223,
                    0.5631839,
                    0.5173699,
                    0.6113432,
                    0.5970923,
                    0.4002757,
                    0.4923078,
                    0.3889,
                    0.4850981,
                    0.5603102,
                    0.3244847,
                    0.6016261,
                    0.5104392,
                    0.6564739,
                    0.4942549,
                    0.8822383,
                    0.5082011,
                    0.6844911,
                    0.6894708,
                    0.9434481,
                    1.821943
                ]
            },
            "n": 30,
            "expec": [
                {
                    "E[P_z(1)]": 0.0009491541,
                    "E[P_z(2)]": 0.0002531172,
                    "E[P_z(3)]": 0.000153241,
                    "E[P_z(4)]": 0.0001119703,
                    "E[P_z(5)]": 9.19604e-05,
                    "E[P_z(6)]": 7.34922e-05,
                    "E[P_z(7)]": 7.21073e-05,
                    "E[P_z(8)]": 6.64496e-05,
                    "E[P_z(9)]": 5.79641e-05,
                    "E[P_z(10)]": 5.34549e-05,
                    "E[P_z(11)]": 4.46422e-05,
                    "E[P_z(12)]": 4.8355e-05,
                    "E[P_z(13)]": 4.35949e-05,
                    "E[P_z(14)]": 2.71375e-05,
                    "E[P_z(15)]": 3.11519e-05,
                    "E[P_z(16)]": 2.30705e-05,
                    "E[P_z(17)]": 2.70845e-05,
                    "E[P_z(18)]": 2.95458e-05,
                    "E[P_z(19)]": 1.621e-05,
                    "E[P_z(20)]": 2.8552e-05,
                    "E[P_z(21)]": 2.3071e-05,
                    "E[P_z(22)]": 2.83228e-05,
                    "E[P_z(23)]": 2.0397e-05,
                    "E[P_z(24)]": 3.48912e-05,
                    "E[P_z(25)]": 1.92949e-05,
                    "E[P_z(26)]": 2.49885e-05,