{
    "output_file": "/scratch/38994875/tmpb4nzop94",
    "model": "C",
    "likelihood": -143.4874,
    "criteria": 0.00098,
    "params_mle": {
        "eps": 0.002289407,
        "eps_cont": 0,
        "lambda": 0,
        "theta_bar": 0.0231472,
        "a": -1,
        "S_d": -50276.53,
        "b": 0.2472839,
        "p_b": 0.1621049,
        "S_b": 0.285155,
        "r": [
            0.6809993,
            0.5788644,
            0.5124344,
            0.454628,
            0.4041371,
            0.3654972,
            0.3419106,
            0.3330139,
            0.3358213,
            0.3464742,
            0.3614378,
            0.3757976,
            0.3862358,
            0.3842886,
            0.3578311,
            0.3025422,
            0.2137639,
            0.08532758
        ]
    },
    "n": 20,
    "expec": [
        {
            "E[P_z(1)]": 0.02309445,
            "E[P_z(2)]": 0.0078642,
            "E[P_z(3)]": 0.004457082,
            "E[P_z(4)]": 0.002959752,
            "E[P_z(5)]": 0.002101213,
            "E[P_z(6)]": 0.001557,
            "E[P_z(7)]": 0.001207371,
            "E[P_z(8)]": 0.0009886156,
            "E[P_z(9)]": 0.0008561907,
            "E[P_z(10)]": 0.0007773324,
            "E[P_z(11)]": 0.0007293743,
            "E[P_z(12)]": 0.0006978583,
            "E[P_z(13)]": 0.000670363,
            "E[P_z(14)]": 0.0006406989,
            "E[P_z(15)]": 0.0005964746,
            "E[P_z(16)]": 0.0005232781,
            "E[P_z(17)]": 0.0004212238,
            "E[P_z(18)]": 0.0002923058,
            "E[P_z(19)]": 0.0001567077,
            "E[D_z]": null,
            "E[mis_z]": null
        },
        {
            "E[P_z(1)]": 0.006229441,
            "E[P_z(2)]": 0.001933267,
            "E[P_z(3)]": 0.001059481,
            "E[P_z(4)]": 0.0006911355,
            "E[P_z(5)]": 0.0004854171,
            "E[P_z(6)]": 0.0003572631,
            "E[P_z(7)]": 0.0002758569,
            "E[P_z(8)]": 0.0002253023,
            "E[P_z(9)]": 0.0001948737,
            "E[P_z(10)]": 0.0001768702,
            "E[P_z(11)]": 0.0001660346,
            "E[P_z(12)]": 0.0001590338,
            "E[P_z(13)]": 0.0001530161,
            "E[P_z(14)]": 0.00014655,
            "E[P_z(15)]": 0.0001367768,
            "E[P_z(16)]": 0.0001203469,
            "E[P_z(17)]": 9.72313e-05,
            "E[P_z(18)]": 6.79127e-05,
            "E[P_z(19)]": 3.83868e-05,
            "E[D_z]": null,
            "E[mis_z]": null
        }
    ],
    "alpha": 0.8006220840542333,
    "execution_time": 1177.6072928905487
}