{
    "py/object": "fastdfe.polydfe.PolyDFE",
    "logger": {
        "py/reduce": [
            {
                "py/function": "logging.getLogger"
            },
            {
                "py/tuple": [
                    "fastdfe.PolyDFE"
                ]
            }
        ]
    },
    "bootstraps": null,
    "config": {
        "py/object": "fastdfe.config.Config",
        "data": {
            "model": "GammaExpParametrization",
            "intervals_del": {
                "py/tuple": [
                    -100000000.0,
                    -1e-05,
                    1000
                ]
            },
            "intervals_ben": {
                "py/tuple": [
                    1e-05,
                    10000.0,
                    1000
                ]
            },
            "integration_mode": "midpoint",
            "linearized": true,
            "seed": 0,
            "opts_mle": {},
            "n_runs": 10,
            "x0": {
                "all": {
                    "S_b": 0.03800569,
                    "S_d": -68.01433,
                    "a": -1,
                    "b": 0.1127644,
                    "eps": 4.49744e-06,
                    "eps_cont": 0,
                    "lambda": 0,
                    "p_b": 0.003905648,
                    "r": [
                        0.5669393,
                        0.5649833,
                        0.5475162,
                        0.4995644,
                        0.5648594,
                        0.6039999,
                        0.4662727,
                        0.5802472,
                        0.5323765,
                        0.5838853,
                        0.5587549,
                        0.5490204,
                        0.5681745,
                        0.5012596,
                        0.6027202,
                        0.6738647,
                        0.7739941,
                        1.427315
                    ],
                    "theta_bar": 0.0008503307
                }
            },
            "bounds": {},
            "scales": {},
            "fixed_params": {},
            "shared_params": [],
            "covariates": [],
            "sfs_neut": {
                "py/object": "fastdfe.spectrum.Spectra",
                "data": {
                    "all": [
                        1040521.81958835,
                        835.0,
                        236.0,
                        155.0,
                        95.0,
                        96.0,
                        78.0,
                        79.0,
                        58.0,
                        65.0,
                        55.0,
                        38.0,
                        40.0,
                        42.0,
                        22.0,
                        20.0,
                        47.0,
                        40.0,
                        34.0,
                        63.0,
                        0.0
                    ]
                }
            },
            "sfs_sel": {
                "py/object": "fastdfe.spectrum.Spectra",
                "data": {
                    "all": [
                        2843103.18041165,
                        1689.0,
                        432.0,
                        307.0,
                        227.0,
                        145.0,
                        144.0,
                        123.0,
                        96.0,
                        87.0,
                        56.0,
                        59.0,
                        53.0,
                        58.0,
                        51.0,
                        49.0,
                        47.0,
                        59.0,
                        64.0,
                        90.0,
                        0.0
                    ]
                }
            },
            "do_bootstrap": false,
            "n_bootstraps": 10,
            "parallelize": false,
            "loss_type": "likelihood"
        }
    },
    "output_file": null,
    "execution_time": 355.3670585155487,
    "summary": {
        "py/object": "fastdfe.polydfe.PolyDFEResult",
        "output_file": "results/polydfe/hgdp/inference/1/opts.n.20.config.default/bootstraps/5/all.polydfe.txt",
        "postprocessing_source": "../resources/polydfe/postprocessing/script.R",
        "data": {
            "output_file": "/scratch/40841134/tmp4mqqrk_h",
            "model": "C",
            "likelihood": -133.7135,
            "criteria": 0.0001,
            "params_mle": {
                "eps": 4.49734e-06,
                "eps_cont": 0,
                "lambda": 0,
                "theta_bar": 0.0007904874,
                "a": -1,
                "S_d": -50.18801,
                "b": 0.1115489,
                "p_b": 0.003898107,
                "S_b": 0.0379735,
                "r": [
                    0.5630425,
                    0.6028141,
                    0.5717232,
                    0.5429134,
                    0.6071693,
                    0.6507307,
                    0.5715771,
                    0.6391204,
                    0.5217925,
                    0.5043397,
                    0.5301291,
                    0.6203409,
                    0.4897509,
                    0.4978802,
                    0.7260556,
                    0.8151994,
                    0.8571216,
                    1.416645
                ]
            },
            "n": 20,
            "expec": [
                {
                    "E[P_z(1)]": 0.0007904841,
                    "E[P_z(2)]": 0.0002225382,
                    "E[P_z(3)]": 0.0001588384,
                    "E[P_z(4)]": 0.0001129846,
                    "E[P_z(5)]": 8.5833e-05,
                    "E[P_z(6)]": 7.9993e-05,
                    "E[P_z(7)]": 7.34848e-05,
                    "E[P_z(8)]": 5.6478e-05,
                    "E[P_z(9)]": 5.61351e-05,
                    "E[P_z(10)]": 4.1247e-05,
                    "E[P_z(11)]": 3.62432e-05,
                    "E[P_z(12)]": 3.49218e-05,
                    "E[P_z(13)]": 3.77211e-05,
                    "E[P_z(14)]": 2.76532e-05,
                    "E[P_z(15)]": 2.62381e-05,
                    "E[P_z(16)]": 3.58715e-05,
                    "E[P_z(17)]": 3.79067e-05,
                    "E[P_z(18)]": 3.76422e-05,
                    "E[P_z(19)]": 5.89422e-05,
                    "E[D_z]": null,
                    "E[mis_z]": null
                },
                {
                    "E[P_z(1)]": 0.000597073,
                    "E[P_z(2)]": 0.0001531391,
                    "E[P_z(3)]": 0.0001041095,
                    "E[P_z(4)]": 7.17244e-05,
                    "E[P_z(5)]": 5.32181e-05,
                    "E[P_z(6)]": 4.86826e-05,
                    "E[P_z(7)]": 4.40408e-05,
                    "E[P_z(8)]": 3.34096e-05,
                    "E[P_z(9)]": 3.28324e-05,
                    "E[P_z(10)]": 2.38835e-05,
                    "E[P_z(11)]": 2.07982e-05,
                    "E[P_z(12)]": 1.98772e-05,
                    "E[P_z(13)]": 2.13109e-05,
                    "E[P_z(14)]": 1.5516e-05,
                    "E[P_z(15)]": 1.46284e-05,
                    "E[P_z(16)]": 1.98805e-05,
                    "E[P_z(17)]": 2.08917e-05,
                    "E[P_z(18)]": 2.06374e-05,
                    "E[P_z(19)]": 3.21559e-05,
                    "E[D_z]": null,
                    "E[mis_z]": null
                }
            ],
            "alpha": 0.0084033038571593,
            "execution_time": 355.3670585155487
        }
    }
}