{
    "output_file": "/scratch/40841823/tmp3j0_upxh",
    "model": "C",
    "likelihood": -260.2482,
    "criteria": 0.0001,
    "params_mle": {
        "eps": 4.50452e-06,
        "eps_cont": 0,
        "lambda": 0,
        "theta_bar": 0.001052734,
        "a": -1,
        "S_d": -20.97955,
        "b": 0.1682449,
        "p_b": 0.004434074,
        "S_b": 0.05631788,
        "r": [
            0.473436,
            0.4826626,
            0.3523132,
            0.4680973,
            0.4560971,
            0.3818992,
            0.4882014,
            0.4434512,
            0.5390845,
            0.459083,
            0.5088402,
            0.5180284,
            0.4761785,
            0.5671717,
            0.353359,
            0.3525893,
            0.4935338,
            0.3837251,
            0.4277279,
            0.3809207,
            0.3596756,
            0.4545637,
            0.4579778,
            0.4410731,
            0.3916398,
            0.4690544,
            0.4878333,
            0.4075687,
            0.3998686,
            0.5207743,
            0.5756003,
            0.6076844,
            0.6013871,
            0.7148979,
            0.6257022,
            1.002478,
            0.9874465,
            1.742802
        ]
    },
    "n": 40,
    "expec": [
        {
            "E[P_z(1)]": 0.001052729,
            "E[P_z(2)]": 0.0002492,
            "E[P_z(3)]": 0.0001693711,
            "E[P_z(4)]": 9.27227e-05,
            "E[P_z(5)]": 9.8556e-05,
            "E[P_z(6)]": 8.00245e-05,
            "E[P_z(7)]": 5.74339e-05,
            "E[P_z(8)]": 6.42431e-05,
            "E[P_z(9)]": 5.18705e-05,
            "E[P_z(10)]": 5.67511e-05,
            "E[P_z(11)]": 4.39355e-05,
            "E[P_z(12)]": 4.46393e-05,
            "E[P_z(13)]": 4.19496e-05,
            "E[P_z(14)]": 3.58063e-05,
            "E[P_z(15)]": 3.98053e-05,
            "E[P_z(16)]": 2.32495e-05,
            "E[P_z(17)]": 2.18343e-05,
            "E[P_z(18)]": 2.88644e-05,
            "E[P_z(19)]": 2.12611e-05,
            "E[P_z(20)]": 2.25142e-05,
            "E[P_z(21)]": 1.90956e-05,
            "E[P_z(22)]": 1.72111e-05,
            "E[P_z(23)]": 2.08059e-05,
            "E[P_z(24)]": 2.00887e-05,
            "E[P_z(25)]": 1.85734e-05,
            "E[P_z(26)]": 1.58575e-05,
            "E[P_z(27)]": 1.82886e-05,
            "E[P_z(28)]": 1.83415e-05,
            "E[P_z(29)]": 1.47954e-05,
            "E[P_z(30)]": 1.4032e-05,
            "E[P_z(31)]": 1.76852e-05,
            "E[P_z(32)]": 1.89363e-05,
            "E[P_z(33)]": 1.93859e-05,
            "E[P_z(34)]": 1.86209e-05,
            "E[P_z(35)]": 2.15031e-05,
            "E[P_z(36)]": 1.82975e-05,
            "E[P_z(37)]": 2.85234e-05,
            "E[P_z(38)]": 2.73567e-05,
            "E[P_z(39)]": 4.70483e-05,
            "E[D_z]": null,
            "E[mis_z]": null
        },
        {
            "E[P_z(1)]": 0.0008776912,
            "E[P_z(2)]": 0.0001883763,
            "E[P_z(3)]": 0.0001203057,
            "E[P_z(4)]": 6.30088e-05,
            "E[P_z(5)]": 6.47391e-05,
            "E[P_z(6)]": 5.115e-05,
            "E[P_z(7)]": 3.58839e-05,
            "E[P_z(8)]": 3.93637e-05,
            "E[P_z(9)]": 3.1247e-05,
            "E[P_z(10)]": 3.36759e-05,
            "E[P_z(11)]": 2.57213e-05,
            "E[P_z(12)]": 2.58152e-05,
            "E[P_z(13)]": 2.39896e-05,
            "E[P_z(14)]": 2.02665e-05,
            "E[P_z(15)]": 2.23158e-05,
            "E[P_z(16)]": 1.29188e-05,
            "E[P_z(17)]": 1.20319e-05,
            "E[P_z(18)]": 1.5782e-05,
            "E[P_z(19)]": 1.15393e-05,
            "E[P_z(20)]": 1.21344e-05,
            "E[P_z(21)]": 1.0224e-05,
            "E[P_z(22)]": 9.1571e-06,
            "E[P_z(23)]": 1.10034e-05,
            "E[P_z(24)]": 1.05632e-05,
            "E[P_z(25)]": 9.7128e-06,
            "E[P_z(26)]": 8.2489e-06,
            "E[P_z(27)]": 9.4654e-06,
            "E[P_z(28)]": 9.4465e-06,
            "E[P_z(29)]": 7.5843e-06,
            "E[P_z(30)]": 7.1603e-06,
            "E[P_z(31)]": 8.9849e-06,
            "E[P_z(32)]": 9.5797e-06,
            "E[P_z(33)]": 9.7668e-06,
            "E[P_z(34)]": 9.3439e-06,
            "E[P_z(35)]": 1.07484e-05,
            "E[P_z(36)]": 9.1117e-06,
            "E[P_z(37)]": 1.41519e-05,
            "E[P_z(38)]": 1.35249e-05,
            "E[P_z(39)]": 2.31805e-05,
            "E[D_z]": null,
            "E[mis_z]": null
        }
    ],
    "alpha": 0.010348192554676264,
    "execution_time": 1159.2207009792328
}